user_id,seed,sampled_q_ids,sampled_subject_ids,student_total_questions
4540,100,"452,137,677,160,368,379,789,638,474,332","146,39,156,39,3,39,156,154,3,154",251
3507,100,"683,923,417,184,193,368,438,342,677,485","127,195,165,36,21,3,3,163,156,189",531
4932,100,"683,452,811,383,539,405,710,731,406,867","127,146,3,189,148,154,127,219,127,155",471
5784,100,"683,452,184,539,190,383,710,405,406,314","127,146,36,148,163,164,189,127,154,127,155",490
5424,100,"683,923,811,907,184,731,383,37,190,209","127,195,3,219,36,219,189,151,163,164,155",535
5481,100,"683,923,705,781,130,193,368,789,178,438","127,195,44,39,63,21,3,156,155,3",553
4511,100,"683,452,811,383,867,884,441,363,349,406","127,146,3,189,155,44,117,128,127,127",612
5430,100,"683,923,203,677,417,193,638,368,497,438","127,195,125,156,165,21,154,3,128,3",546
2873,100,"452,638,923,184,677,417,438,332,130,513","146,154,195,36,156,165,3,154,63,148",477
1235,100,"452,923,312,533,383,363,714,190,379,614","146,195,148,39,189,128,163,163,164,39,3",494
4355,100,"683,923,705,781,789,379,417,193,368,547","127,195,44,39,156,39,165,21,3,155",586
3184,100,"683,923,811,907,248,383,410,37,190,731","127,195,3,219,148,189,148,151,163,164,219",535
2179,100,"452,638,923,184,677,547,342,438,417,332","146,154,195,36,156,155,163,3,165,154",352
3210,100,"683,923,417,193,368,474,130,246,379,769","127,195,165,21,3,3,63,54,39,155",544
3735,100,"683,923,193,368,677,638,738,497,379,105","127,195,21,3,156,154,155,128,39,284",289
4486,100,"683,923,417,184,193,485,368,290,342,379","127,195,165,36,21,189,3,3,163,39",519
574,100,"683,923,417,193,368,474,130,638,379,332","127,195,165,21,3,3,63,154,39,154",483
633,100,"683,452,184,539,190,383,629,770,314,923","127,146,36,148,163,164,189,148,129,155,195",508
1133,100,"452,638,923,383,614,533,527,312,59,742","146,154,195,189,3,39,155,148,164,164",361
5148,100,"683,452,811,383,539,405,59,312,731,742","127,146,3,189,148,154,164,148,219,164",556
64,100,"683,923,417,184,485,553,37,811,539,133","127,195,165,36,189,117,151,3,148,163",494
5501,100,"683,923,417,193,368,474,342,497,379,212","127,195,165,21,3,3,163,128,39,148",463
1584,100,"452,923,312,59,742,539,154,614,202,3","146,195,148,164,164,148,164,3,153,155",413
729,100,"452,923,312,533,383,3,714,811,527,190","146,195,148,39,189,155,163,3,155,163,164",346
3759,100,"683,923,417,193,368,474,789,379,332,638","127,195,165,21,3,3,156,39,154,154",437
3009,100,"452,137,677,160,923,105,368,184,342,658","146,39,156,39,195,284,3,36,163,195",516
4554,100,"683,923,705,781,789,379,354,640,417,638","127,195,44,39,156,39,202,148,165,154",569
2626,100,"683,923,203,677,417,130,193,379,368,342","127,195,125,156,165,63,21,39,3,163",628
2261,100,"683,452,811,539,570,163,867,312,772,248","127,146,3,148,117,163,155,148,126,148",641
3610,100,"683,923,203,184,383,731,705,553,674,37","127,195,125,36,189,219,44,117,146,151",600
5528,100,"683,923,705,781,789,379,354,640,212,638","127,195,44,39,156,39,202,148,148,154",553
5711,100,"683,923,705,781,789,379,417,130,368,513","127,195,44,39,156,39,165,63,3,148",553
2930,100,"452,137,184,368,105,658,332,517,193,551","146,39,36,3,284,195,154,155,21,195",293
145,100,"683,923,417,193,368,438,184,342,246,640","127,195,165,21,3,3,36,163,54,148",500
5860,100,"452,923,312,59,539,154,202,742,405,111","146,195,148,164,148,164,153,164,154,155",354
5493,100,"683,923,417,193,485,342,130,246,379,789","127,195,165,21,189,163,63,54,39,156",544
1509,100,"683,401,130,438,354,379,638,923,705,368","127,174,63,3,202,39,154,195,44,3",594
3202,100,"683,383,539,312,405,59,163,248,199,154","127,189,148,148,154,164,163,148,155,164",669
541,100,"683,452,184,363,551,417,349,547,130,40","127,146,36,128,195,165,127,155,63,3",528
1595,100,"452,705,379,781,923,368,513,677,160,465","146,44,39,39,195,3,148,156,39,114",500
4837,100,"683,452,184,539,154,629,312,59,248,383","127,146,36,148,164,148,148,164,148,189",464
5610,100,"683,452,884,363,417,923,184,640,866,438","127,146,44,128,165,195,36,148,284,3",653
66,100,"683,452,884,614,866,790,539,383,710,154","127,146,44,3,284,148,148,189,127,164",653
4215,100,"683,923,184,193,368,638,485,130,677,105","127,195,36,21,3,154,189,63,156,284",415
5436,100,"683,452,184,539,867,190,406,405,383,349","127,146,36,148,155,163,164,127,154,189,127",547
2737,100,"683,452,184,539,867,190,406,405,383,349","127,146,36,148,155,163,164,127,154,189,127",535
573,100,"452,638,417,184,383,629,37,438,354,290","146,154,165,36,189,148,151,3,202,3",547
1670,100,"683,923,203,247,638,184,866,677,417,485","127,195,125,63,154,36,284,156,165,189",644
5744,100,"683,923,705,781,789,379,417,130,342,640","127,195,44,39,156,39,165,63,163,148",586
1223,100,"452,638,417,332,789,438,342,368,212,474","146,154,165,154,156,3,163,3,148,3",400
2837,100,"683,923,417,193,368,547,474,130,638,640","127,195,165,21,3,155,3,63,154,148",538
5167,100,"683,923,811,907,248,383,410,37,190,731","127,195,3,219,148,189,148,151,163,164,219",557
1374,100,"683,923,705,781,130,789,379,677,368,547","127,195,44,39,63,156,39,156,3,155",553
2938,100,"683,923,811,731,248,383,312,539,154,420","127,195,3,219,148,189,148,148,164,153",535
4883,100,"683,923,705,781,789,130,379,638,417,474","127,195,44,39,156,63,39,154,165,3",531
1715,100,"452,137,677,379,160,368,37,789,474,332","146,39,156,39,39,3,151,156,3,154",378
1563,100,"683,923,417,193,368,474,130,246,379,789","127,195,165,21,3,3,63,54,39,156",519
3981,100,"683,452,184,539,154,629,312,383,710,59","127,146,36,148,164,148,148,189,127,164",520
1993,100,"683,452,811,383,539,405,363,786,3,614","127,146,3,189,148,154,128,154,155,3",540
4228,100,"683,923,417,193,368,547,474,212,379,513","127,195,165,21,3,155,3,148,39,148",549
3557,100,"683,923,811,383,638,379,193,789,368,677","127,195,3,189,154,39,21,156,3,156",304
449,100,"683,923,417,184,485,553,37,209,383,629","127,195,165,36,189,117,151,155,189,148",541
944,100,"452,638,417,332,474,789,379,212,640,342","146,154,165,154,3,156,39,148,148,163",447
3243,100,"683,923,705,781,789,379,354,640,212,130","127,195,44,39,156,39,202,148,148,63",553
889,100,"683,923,811,907,248,731,383,190,184,819","127,195,3,219,148,219,189,163,164,36,3",519
3540,100,"683,923,203,184,342,105,368,290,638,37","127,195,125,36,163,284,3,3,154,151",553
4748,100,"452,638,417,332,130,474,379,789,212,246","146,154,165,154,63,3,39,156,148,54",521
3532,100,"683,923,417,193,368,547,474,105,517,342","127,195,165,21,3,155,3,284,155,163",528
1764,100,"683,923,417,193,368,474,130,638,485,246","127,195,165,21,3,3,63,154,189,54",541
1614,100,"683,923,203,677,417,379,789,246,438,130","127,195,125,156,165,39,156,54,3,63",571
5452,100,"683,923,811,383,485,497,638,772,941,527","127,195,3,189,189,128,154,126,154,155",519
5139,100,"683,923,417,193,368,547,474,342,497,379","127,195,165,21,3,155,3,163,128,39",472
2840,100,"452,638,417,184,342,438,658,640,368,738","146,154,165,36,163,3,195,148,3,155",355
2905,100,"683,923,811,731,248,539,772,383,452,184","127,195,3,219,148,148,126,189,146,36",628
1294,100,"683,923,417,184,193,368,342,677,438,638","127,195,165,36,21,3,163,156,3,154",570
2101,100,"683,452,811,539,731,383,406,714,190,363","127,146,3,148,219,189,127,163,163,164,128",574
5250,100,"452,923,312,59,742,539,154,614,202,3","146,195,148,164,164,148,164,3,153,155",338
2710,100,"683,452,811,383,363,405,238,714,3,421","127,146,3,189,128,154,155,163,155,195",520
3446,100,"683,923,417,193,368,474,517,342,130,638","127,195,165,21,3,3,155,163,63,154",519
1057,100,"683,452,184,539,190,383,614,710,923,406","127,146,36,148,163,164,189,3,127,195,127",543
185,100,"683,383,539,312,405,59,163,406,742,321","127,189,148,148,154,164,163,127,164,127",720
622,100,"683,452,811,539,731,405,363,383,742,714","127,146,3,148,219,154,128,189,164,163",535
2367,100,"452,923,312,59,539,154,202,742,405,24","146,195,148,164,148,164,153,164,154,156",398
5110,100,"452,923,312,533,383,461,184,811,941,417","146,195,148,39,189,155,36,3,154,165",349
5210,100,"683,923,417,193,368,474,130,246,212,342","127,195,165,21,3,3,63,54,148,163",523
2654,100,"683,452,811,539,570,383,312,405,363,786","127,146,3,148,117,189,148,154,128,154",541
5074,100,"683,923,705,781,789,379,354,769,640,212","127,195,44,39,156,39,202,155,148,148",553
4457,100,"683,923,811,731,248,539,420,154,163,383","127,195,3,219,148,148,153,164,163,189",690
1462,100,"683,923,417,193,485,342,130,137,379,497","127,195,165,21,189,163,63,39,39,128",554
1213,100,"683,923,705,781,789,379,417,130,368,137","127,195,44,39,156,39,165,63,3,39",644
1506,100,"866,781,789,229,383,527,312,290,819,638","284,39,156,219,189,155,148,3,3,154",388
1010,100,"452,638,438,332,789,658,474,379,368,738","146,154,3,154,156,195,3,39,3,155",270
1760,100,"683,923,203,184,383,811,485,37,193,379","127,195,125,36,189,3,189,151,21,39",600
1298,100,"452,923,312,533,184,539,811,383,629,417","146,195,148,39,36,148,3,189,148,165",430
3549,100,"683,811,539,731,884,441,363,923,170,406","127,3,148,219,44,117,128,195,39,127",633
5694,100,"683,923,811,731,383,497,184,3,629,111","127,195,3,219,189,128,36,155,148,155",606
3791,100,"683,452,866,710,561,614,539,383,190,184","127,146,284,127,63,3,148,189,163,164,36",639
4216,100,"683,923,705,781,789,379,417,130,342,640","127,195,44,39,156,39,165,63,163,148",553
1837,100,"683,923,417,184,485,383,811,638,497,438","127,195,165,36,189,189,3,154,128,3",499
2380,100,"683,452,811,539,731,405,742,248,59,312","127,146,3,148,219,154,164,148,164,148",535
2786,100,"683,923,203,247,658,130,379,789,354,246","127,195,125,63,195,63,39,156,202,54",691
3513,100,"452,638,417,184,342,438,658,640,203,290","146,154,165,36,163,3,195,148,125,3",523
3166,100,"683,923,705,781,130,789,379,677,368,547","127,195,44,39,63,156,39,156,3,155",472
111,100,"683,923,203,247,658,130,379,342,497,547","127,195,125,63,195,63,39,163,128,155",598
4671,100,"683,923,705,781,789,379,354,640,417,638","127,195,44,39,156,39,202,148,165,154",553
1507,100,"683,452,184,539,154,629,312,383,710,59","127,146,36,148,164,148,148,189,127,164",634
3266,100,"683,452,811,539,731,238,406,405,363,742","127,146,3,148,219,155,127,154,128,164",579
3187,100,"452,137,677,160,368,923,417,184,485,342","146,39,156,39,3,195,165,36,189,163",374
5211,100,"683,923,417,184,485,383,731,638,629,497","127,195,165,36,189,189,219,154,148,128",541
2831,100,"452,638,923,383,190,184,379,417,290,770","146,154,195,189,163,164,36,39,165,3,129",513
2347,100,"683,923,705,553,184,638,342,438,517,417","127,195,44,117,36,154,163,3,155,165",555
5507,100,"683,923,417,193,368,438,184,130,246,342","127,195,165,21,3,3,36,63,54,163",519
5195,100,"683,923,193,368,731,638,677,497,379,105","127,195,21,3,219,154,156,128,39,284",304
5544,100,"683,923,203,184,342,705,37,710,209,638","127,195,125,36,163,44,151,127,155,154",720
2914,100,"683,452,811,539,570,383,405,406,190,154","127,146,3,148,117,189,154,127,163,164,164",559
5496,100,"683,452,811,539,731,405,742,248,59,312","127,146,3,148,219,154,164,148,164,148",530
1138,100,"683,452,811,539,731,383,405,710,312,923","127,146,3,148,219,189,154,127,148,195",535
4419,100,"683,923,203,247,638,674,517,705,789,379","127,195,125,63,154,146,155,44,156,39",627
3276,100,"683,923,417,184,193,368,105,342,497,130","127,195,165,36,21,3,284,163,128,63",569
2918,100,"683,923,203,184,383,811,37,485,705,789","127,195,125,36,189,3,151,189,44,156",634
50,100,"683,923,193,368,677,638,105,497,379,474","127,195,21,3,156,154,284,128,39,3",304
1378,100,"683,452,811,539,405,363,312,742,421,786","127,146,3,148,154,128,148,164,195,154",588
1389,100,"683,452,811,383,867,405,539,406,770,710","127,146,3,189,155,154,148,127,129,127",618
4400,100,"683,923,203,247,638,674,705,789,379,368","127,195,125,63,154,146,44,156,39,3",654
565,100,"683,923,705,553,184,638,290,37,193,342","127,195,44,117,36,154,3,151,21,163",640
5627,100,"683,452,811,539,163,321,406,59,405,421","127,146,3,148,163,127,127,164,154,195",669
5456,100,"683,452,811,383,539,405,884,867,786,3","127,146,3,189,148,154,44,155,154,155",611
1362,100,"683,452,811,383,867,884,731,539,570,3","127,146,3,189,155,44,219,148,117,155",574
123,100,"683,184,811,383,485,3,731,638,629,417","127,36,3,189,189,155,219,154,148,165",466
3482,100,"683,452,184,363,551,417,923,40,513,130","127,146,36,128,195,165,195,3,148,63",547
1626,100,"683,923,383,485,37,638,379,497,368,406","127,195,189,189,151,154,39,128,3,127",540
6033,100,"683,452,884,441,406,923,363,398,80,349","127,146,44,117,127,195,128,270,155,127",661
5560,100,"683,452,811,539,405,154,202,312,731,199","127,146,3,148,154,164,153,148,219,155",616
4723,100,"683,452,184,539,867,190,406,59,405,3","127,146,36,148,155,163,164,127,164,154,155",498
1525,100,"683,452,184,539,154,629,312,199,383,710","127,146,36,148,164,148,148,155,189,127",600
3854,100,"683,923,811,383,614,731,37,710,452,772","127,195,3,189,3,219,151,127,146,126",544
184,100,"683,923,203,184,342,705,37,710,160,438","127,195,125,36,163,44,151,127,39,3",645
1025,100,"683,923,811,907,184,731,248,312,539,383","127,195,3,219,36,219,148,148,148,189",535
2100,100,"452,383,312,533,811,539,614,59,867,405","146,189,148,39,3,148,3,164,155,154",371
2034,100,"452,923,312,533,184,539,811,190,410,383","146,195,148,39,36,148,3,163,164,148,189",485
1554,100,"683,923,203,184,342,638,438,247,658,246","127,195,125,36,163,154,3,63,195,54",612
3938,100,"683,401,130,417,438,781,638,923,485,789","127,174,63,165,3,39,154,195,189,156",688
481,100,"683,452,184,363,551,738,417,923,40,547","127,146,36,128,195,155,165,195,3,155",463
3315,100,"683,923,811,383,485,638,379,193,497,37","127,195,3,189,189,154,39,21,128,151",541
966,100,"683,452,184,539,190,383,629,770,465,314","127,146,36,148,163,164,189,148,129,114,155",510
4238,100,"683,452,811,383,539,405,363,786,731,710","127,146,3,189,148,154,128,154,219,127",521
3693,100,"683,452,811,383,539,405,710,731,312,3","127,146,3,189,148,154,127,219,148,155",463
1674,100,"683,452,884,441,349,638,866,561,184,461","127,146,44,117,127,154,284,63,36,155",640
4328,100,"452,137,677,379,789,332,638,474,193,551","146,39,156,39,156,154,154,3,21,195",278
4352,100,"683,452,811,383,363,405,539,406,199,3","127,146,3,189,128,154,148,127,155,155",535
5529,100,"683,923,184,342,497,130,368,638,137,379","127,195,36,163,128,63,3,154,39,39",506
2677,100,"683,401,14,782,772,37,497,383,710,614","127,174,137,117,126,151,128,189,127,3",796
3486,100,"683,923,705,781,789,379,354,417,638,130","127,195,44,39,156,39,202,165,154,63",702
796,100,"683,923,203,247,658,130,379,342,497,640","127,195,125,63,195,63,39,163,128,148",635
2917,100,"683,923,417,193,368,474,130,342,677,105","127,195,165,21,3,3,63,163,156,284",519
2572,100,"683,923,193,368,677,638,517,474,738,105","127,195,21,3,156,154,155,3,155,284",275
4,100,"452,638,368,923,658,332,105,677,474,193","146,154,3,195,195,154,284,156,3,21",226
4277,100,"683,923,705,781,789,130,379,342,417,474","127,195,44,39,156,63,39,163,165,3",563
444,100,"683,923,417,184,193,368,342,677,160,638","127,195,165,36,21,3,163,156,39,154",526
6036,100,"683,923,184,342,677,368,193,638,130,474","127,195,36,163,156,3,21,154,63,3",493
2078,100,"683,923,417,184,193,485,368,438,342,677","127,195,165,36,21,189,3,3,163,156",516
2781,100,"683,452,811,539,405,363,786,349,714,421","127,146,3,148,154,128,154,127,163,195",555
1503,100,"683,923,705,37,342,497,130,379,638,193","127,195,44,151,163,128,63,39,154,21",553
2961,100,"683,923,203,247,658,677,342,368,130,417","127,195,125,63,195,156,163,3,63,165",678
2627,100,"452,923,312,533,184,160,137,417,789,379","146,195,148,39,36,39,39,165,156,39",689
1930,100,"683,923,811,907,248,383,410,37,190,184","127,195,3,219,148,189,148,151,163,164,36",471
2436,100,"452,866,789,417,638,640,474,332,438,705","146,284,156,165,154,148,3,154,3,44",300
4492,100,"683,923,811,383,485,203,379,497,417,789","127,195,3,189,189,125,39,128,165,156",531
4858,100,"683,923,417,184,485,553,37,731,438,638","127,195,165,36,189,117,151,219,3,154",594
1041,100,"683,923,203,247,658,130,379,789,354,246","127,195,125,63,195,63,39,156,202,54",669
987,100,"683,452,811,539,570,163,406,321,861,59","127,146,3,148,117,163,127,127,135,164",690
432,100,"683,452,184,363,417,160,658,497,190,923","127,146,36,128,165,39,195,128,163,164,195",507
6147,100,"683,923,203,247,658,130,379,789,246,342","127,195,125,63,195,63,39,156,54,163",576
870,100,"683,452,184,363,438,547,738,658,638,789","127,146,36,128,3,155,155,195,154,156",427
4088,100,"452,923,772,539,363,312,154,199,714,24","146,195,126,148,128,148,164,155,163,156",479
5126,100,"683,452,811,539,405,154,202,312,199,248","127,146,3,148,154,164,153,148,155,148",498
464,100,"683,923,203,184,342,705,37,710,553,160","127,195,125,36,163,44,151,127,117,39",608
4325,100,"683,923,811,907,248,731,383,111,154,539","127,195,3,219,148,219,189,155,164,148",571
2618,100,"683,923,811,907,248,731,383,452,184,710","127,195,3,219,148,219,189,146,36,127",586
4940,100,"683,923,203,184,342,705,37,638,674,438","127,195,125,36,163,44,151,154,146,3",601
1823,100,"683,923,203,247,638,674,517,184,705,789","127,195,125,63,154,146,155,36,44,156",612
1373,100,"452,923,312,59,363,811,24,614,742,383","146,195,148,164,128,3,156,3,164,189",469
2795,100,"683,923,417,193,368,547,474,638,332,212","127,195,165,21,3,155,3,154,154,148",510
5933,100,"683,184,638,342,417,438,379,789,474,212","127,36,154,163,165,3,39,156,3,148",448
1778,100,"683,923,811,383,485,497,731,941,248,907","127,195,3,189,189,128,219,154,148,219",563
4793,100,"683,401,130,781,923,789,290,203,731,465","127,174,63,39,195,156,3,125,219,114",667
2949,100,"683,923,203,247,638,184,677,438,485,417","127,195,125,63,154,36,156,3,189,165",600
1077,100,"683,923,811,907,248,731,383,452,772,406","127,195,3,219,148,219,189,146,126,127",290
3462,100,"683,923,705,553,37,342,497,638,379,105","127,195,44,117,151,163,128,154,39,284",539
2322,100,"683,923,811,731,383,497,184,37,553,406","127,195,3,219,189,128,36,151,117,127",693
199,100,"683,923,203,247,638,674,705,47,184,342","127,195,125,63,154,146,44,127,36,163",604
248,100,"683,452,184,363,417,160,438,497,551,89","127,146,36,128,165,39,3,128,195,42",612
4142,100,"683,923,811,383,614,731,111,527,539,248","127,195,3,189,3,219,155,155,148,148",464
4017,100,"683,452,184,363,551,786,539,312,154,59","127,146,36,128,195,154,148,148,164,164",519
767,100,"683,923,417,193,368,547,474,130,638,332","127,195,165,21,3,155,3,63,154,154",582
4698,100,"683,923,705,37,342,638,184,193,368,417","127,195,44,151,163,154,36,21,3,165",553
35,100,"683,452,811,539,570,163,406,321,405,363","127,146,3,148,117,163,127,127,154,128",620
2148,100,"683,923,417,184,193,368,342,677,438,638","127,195,165,36,21,3,163,156,3,154",520
4875,100,"683,923,417,193,368,438,342,638,474,184","127,195,165,21,3,3,163,154,3,36",423
5579,100,"683,452,811,383,867,405,539,406,314,3","127,146,3,189,155,154,148,127,155,155",585
5580,100,"683,923,203,184,342,638,37,677,485,731","127,195,125,36,163,154,151,156,189,219",608
1109,100,"683,923,811,383,485,3,638,379,290,193","127,195,3,189,189,155,154,39,3,21",555
6018,100,"452,137,677,379,789,638,342,332,658,769","146,39,156,39,156,154,163,154,195,155",312
2923,100,"683,923,811,907,705,37,383,731,184,190","127,195,3,219,44,151,189,219,36,163,164",669
1172,100,"683,923,417,184,193,368,105,342,547,497","127,195,165,36,21,3,284,163,155,128",506
714,100,"452,923,312,533,383,190,184,629,811,638","146,195,148,39,189,163,164,36,148,3,154",380
425,100,"683,923,193,368,105,638,379,474,547,677","127,195,21,3,284,154,39,3,155,156",304
5558,100,"683,452,184,539,154,312,405,59,199,731","127,146,36,148,164,148,154,164,155,219",561
3945,100,"683,452,811,383,363,714,238,406,405,539","127,146,3,189,128,163,155,127,154,148",582
730,100,"683,923,705,781,789,130,438,379,638,193","127,195,44,39,156,63,3,39,154,21",572
3475,100,"683,452,811,383,539,405,363,786,710,714","127,146,3,189,148,154,128,154,127,163",547
2062,100,"452,923,312,533,383,199,539,154,714,405","146,195,148,39,189,155,148,164,163,154",380
3456,100,"683,923,417,193,368,474,130,638,212,379","127,195,165,21,3,3,63,154,148,39",545
2726,100,"683,923,203,677,417,379,789,246,438,130","127,195,125,156,165,39,156,54,3,63",546
3852,100,"452,638,417,184,383,629,438,290,160,485","146,154,165,36,189,148,3,3,39,189",531
4540,101,"452,137,677,160,368,379,789,638,474,332","146,39,156,39,3,39,156,154,3,154",251
3507,101,"683,923,417,184,193,368,438,342,677,485","127,195,165,36,21,3,3,163,156,189",531
4932,101,"683,452,811,383,539,405,710,731,314,406","127,146,3,189,148,154,127,219,155,127",471
5784,101,"683,452,184,539,867,190,406,405,629,59","127,146,36,148,155,163,164,127,154,148,164",490
5424,101,"683,923,811,907,184,731,383,37,190,209","127,195,3,219,36,219,189,151,163,164,155",535
5481,101,"683,923,705,781,130,193,368,789,438,379","127,195,44,39,63,21,3,156,3,39",553
4511,101,"683,452,811,383,363,714,238,866,354,349","127,146,3,189,128,163,155,284,202,127",612
5430,101,"683,923,203,677,417,193,638,368,497,438","127,195,125,156,165,21,154,3,128,3",546
2873,101,"452,638,923,184,677,417,438,332,130,513","146,154,195,36,156,165,3,154,63,148",477
1235,101,"452,923,312,533,383,363,3,714,190,787","146,195,148,39,189,128,155,163,163,164,148",494
4355,101,"683,923,705,781,789,379,417,193,368,130","127,195,44,39,156,39,165,21,3,63",586
3184,101,"683,923,811,907,248,111,457,406,410,184","127,195,3,219,148,155,156,127,148,36",535
2179,101,"452,638,923,184,677,417,438,332,738,342","146,154,195,36,156,165,3,154,155,163",352
3210,101,"683,923,417,193,368,547,474,130,246,789","127,195,165,21,3,155,3,63,54,156",544
3735,101,"683,923,193,368,677,638,105,497,379,474","127,195,21,3,156,154,284,128,39,3",289
4486,101,"683,923,417,184,193,485,368,290,342,379","127,195,165,36,21,189,3,3,163,39",519
574,101,"683,923,417,193,368,474,130,638,379,332","127,195,165,21,3,3,63,154,39,154",483
633,101,"683,452,184,539,190,199,383,629,770,811","127,146,36,148,163,164,155,189,148,129,3",508
1133,101,"452,638,923,383,614,3,199,312,742,59","146,154,195,189,3,155,155,148,164,164",361
5148,101,"683,452,811,383,539,405,59,312,731,742","127,146,3,189,148,154,164,148,219,164",556
64,101,"683,923,417,184,485,553,37,811,539,133","127,195,165,36,189,117,151,3,148,163",494
5501,101,"683,923,417,193,368,474,342,497,379,212","127,195,165,21,3,3,163,128,39,148",463
1584,101,"452,923,312,59,742,539,154,614,202,527","146,195,148,164,164,148,164,3,153,155",413
729,101,"452,923,312,533,383,714,614,539,154,811","146,195,148,39,189,163,3,148,164,3",346
3759,101,"683,923,417,193,368,474,789,379,332,638","127,195,165,21,3,3,156,39,154,154",437
3009,101,"452,137,677,160,923,105,368,184,342,658","146,39,156,39,195,284,3,36,163,195",516
4554,101,"683,923,705,781,789,379,354,640,417,638","127,195,44,39,156,39,202,148,165,154",569
2626,101,"683,923,203,677,417,130,193,379,368,342","127,195,125,156,165,63,21,39,3,163",628
2261,101,"683,452,811,539,570,163,312,3,383,731","127,146,3,148,117,163,148,155,189,219",641
3610,101,"683,923,203,184,383,731,705,553,674,37","127,195,125,36,189,219,44,117,146,151",600
5528,101,"683,923,705,781,789,379,354,640,212,638","127,195,44,39,156,39,202,148,148,154",553
5711,101,"683,923,705,781,789,379,417,130,368,513","127,195,44,39,156,39,165,63,3,148",553
2930,101,"452,137,184,368,105,658,332,193,789,474","146,39,36,3,284,195,154,21,156,3",293
145,101,"683,923,417,193,368,438,184,342,246,640","127,195,165,21,3,3,36,163,54,148",500
5860,101,"452,923,312,59,539,154,202,742,405,24","146,195,148,164,148,164,153,164,154,156",354
5493,101,"683,923,417,193,485,342,130,738,212,497","127,195,165,21,189,163,63,155,148,128",544
1509,101,"683,401,130,438,354,379,638,923,705,368","127,174,63,3,202,39,154,195,44,3",594
3202,101,"683,383,539,312,405,59,163,248,867,154","127,189,148,148,154,164,163,148,155,164",669
541,101,"683,452,184,363,551,738,421,89,417,130","127,146,36,128,195,155,195,42,165,63",528
1595,101,"452,705,379,781,923,368,513,677,160,465","146,44,39,39,195,3,148,156,39,114",500
4837,101,"683,452,184,539,154,629,312,59,248,383","127,146,36,148,164,148,148,164,148,189",464
5610,101,"683,452,884,363,417,923,184,640,866,438","127,146,44,128,165,195,36,148,284,3",653
66,101,"683,452,884,614,866,790,539,383,710,154","127,146,44,3,284,148,148,189,127,164",653
4215,101,"683,923,184,193,368,638,485,130,677,105","127,195,36,21,3,154,189,63,156,284",415
5436,101,"683,452,184,539,867,190,406,405,238,421","127,146,36,148,155,163,164,127,154,155,195",547
2737,101,"683,452,184,539,190,383,629,770,646,753","127,146,36,148,163,164,189,148,129,155,164",535
573,101,"452,638,417,184,383,629,37,438,354,290","146,154,165,36,189,148,151,3,202,3",547
1670,101,"683,923,203,247,638,184,866,677,417,485","127,195,125,63,154,36,284,156,165,189",644
5744,101,"683,923,705,781,789,379,417,130,342,640","127,195,44,39,156,39,165,63,163,148",586
1223,101,"452,638,417,332,789,438,342,368,212,474","146,154,165,154,156,3,163,3,148,3",400
2837,101,"683,923,417,193,368,474,130,638,212,379","127,195,165,21,3,3,63,154,148,39",538
5167,101,"683,923,811,907,248,383,410,37,190,731","127,195,3,219,148,189,148,151,163,164,219",557
1374,101,"683,923,705,781,130,789,379,677,368,547","127,195,44,39,63,156,39,156,3,155",553
2938,101,"683,923,811,731,248,383,312,539,154,420","127,195,3,219,148,189,148,148,164,153",535
4883,101,"683,923,705,781,789,130,379,638,417,474","127,195,44,39,156,63,39,154,165,3",531
1715,101,"452,137,677,379,160,368,37,789,474,332","146,39,156,39,39,3,151,156,3,154",378
1563,101,"683,923,417,193,368,474,130,246,379,789","127,195,165,21,3,3,63,54,39,156",519
3981,101,"683,452,184,539,154,629,312,383,710,59","127,146,36,148,164,148,148,189,127,164",520
1993,101,"683,452,811,383,539,405,363,786,867,312","127,146,3,189,148,154,128,154,155,148",540
4228,101,"683,923,417,193,368,474,212,379,342,497","127,195,165,21,3,3,148,39,163,128",549
3557,101,"683,923,811,383,638,379,193,789,368,677","127,195,3,189,154,39,21,156,3,156",304
449,101,"683,923,417,184,485,553,37,134,811,383","127,195,165,36,189,117,151,155,3,189",541
944,101,"452,638,417,332,474,789,379,212,640,342","146,154,165,154,3,156,39,148,148,163",447
3243,101,"683,923,705,781,789,379,354,640,212,130","127,195,44,39,156,39,202,148,148,63",553
889,101,"683,923,811,907,248,731,383,190,184,819","127,195,3,219,148,219,189,163,164,36,3",519
3540,101,"683,923,203,184,342,105,368,290,638,37","127,195,125,36,163,284,3,3,154,151",553
4748,101,"452,638,417,332,130,474,379,789,212,246","146,154,165,154,63,3,39,156,148,54",521
3532,101,"683,923,417,193,368,474,130,342,677,105","127,195,165,21,3,3,63,163,156,284",528
1764,101,"683,923,417,193,368,474,130,638,485,246","127,195,165,21,3,3,63,154,189,54",541
1614,101,"683,923,203,677,417,379,789,246,438,130","127,195,125,156,165,39,156,54,3,63",571
5452,101,"683,923,811,383,485,497,638,772,941,527","127,195,3,189,189,128,154,126,154,155",519
5139,101,"683,923,417,193,368,474,517,342,497,379","127,195,165,21,3,3,155,163,128,39",472
2840,101,"452,638,417,184,342,438,658,640,368,332","146,154,165,36,163,3,195,148,3,154",355
2905,101,"683,923,811,731,248,539,772,383,452,184","127,195,3,219,148,148,126,189,146,36",628
1294,101,"683,923,417,184,193,368,342,677,438,638","127,195,165,36,21,3,163,156,3,154",570
2101,101,"683,452,811,539,731,383,406,714,190,363","127,146,3,148,219,189,127,163,163,164,128",574
5250,101,"452,923,312,59,742,539,154,614,202,383","146,195,148,164,164,148,164,3,153,189",338
2710,101,"683,452,811,383,363,405,714,3,786,421","127,146,3,189,128,154,163,155,154,195",520
3446,101,"683,923,417,193,368,547,474,105,638,438","127,195,165,21,3,155,3,284,154,3",519
1057,101,"683,452,184,539,867,383,710,614,190,461","127,146,36,148,155,189,127,3,163,164,155",543
185,101,"683,383,539,312,405,59,163,406,742,321","127,189,148,148,154,164,163,127,164,127",720
622,101,"683,452,811,539,731,405,363,383,742,714","127,146,3,148,219,154,128,189,164,163",535
2367,101,"452,923,312,59,539,154,202,742,405,24","146,195,148,164,148,164,153,164,154,156",398
5110,101,"452,923,312,533,383,461,184,811,941,417","146,195,148,39,189,155,36,3,154,165",349
5210,101,"683,923,417,193,368,474,130,246,212,738","127,195,165,21,3,3,63,54,148,155",523
2654,101,"683,452,811,539,570,383,312,405,363,786","127,146,3,148,117,189,148,154,128,154",541
5074,101,"683,923,705,781,789,379,354,640,212,638","127,195,44,39,156,39,202,148,148,154",553
4457,101,"683,923,811,731,248,539,420,154,163,383","127,195,3,219,148,148,153,164,163,189",690
1462,101,"683,923,417,193,485,342,130,137,379,497","127,195,165,21,189,163,63,39,39,128",554
1213,101,"683,923,705,781,789,379,417,130,368,137","127,195,44,39,156,39,165,63,3,39",644
1506,101,"866,781,789,229,383,614,243,170,457,368","284,39,156,219,189,3,129,39,156,3",388
1010,101,"452,638,438,332,547,789,658,474,379,738","146,154,3,154,155,156,195,3,39,155",270
1760,101,"683,923,203,184,383,811,485,37,193,379","127,195,125,36,189,3,189,151,21,39",600
1298,101,"452,923,312,533,184,539,811,383,629,417","146,195,148,39,36,148,3,189,148,165",430
3549,101,"683,811,539,731,884,441,363,923,170,406","127,3,148,219,44,117,128,195,39,127",633
5694,101,"683,923,811,731,383,497,184,629,190,406","127,195,3,219,189,128,36,148,163,164,127",606
3791,101,"683,452,866,710,561,614,539,383,190,184","127,146,284,127,63,3,148,189,163,164,36",639
4216,101,"683,923,705,781,789,379,417,547,130,342","127,195,44,39,156,39,165,155,63,163",553
1837,101,"683,923,417,184,485,383,811,638,497,438","127,195,165,36,189,189,3,154,128,3",499
2380,101,"683,452,811,539,731,867,363,312,383,405","127,146,3,148,219,155,128,148,189,154",535
2786,101,"683,923,203,247,658,130,379,789,354,246","127,195,125,63,195,63,39,156,202,54",691
3513,101,"452,638,417,184,342,438,658,640,203,290","146,154,165,36,163,3,195,148,125,3",523
3166,101,"683,923,705,781,130,789,379,677,368,417","127,195,44,39,63,156,39,156,3,165",472
111,101,"683,923,203,247,658,130,379,342,497,368","127,195,125,63,195,63,39,163,128,3",598
4671,101,"683,923,705,781,789,379,354,640,417,638","127,195,44,39,156,39,202,148,165,154",553
1507,101,"683,452,184,539,154,629,312,383,710,59","127,146,36,148,164,148,148,189,127,164",634
3266,101,"683,452,811,539,731,3,405,786,363,383","127,146,3,148,219,155,154,154,128,189",579
3187,101,"452,137,677,160,368,923,417,184,485,342","146,39,156,39,3,195,165,36,189,163",374
5211,101,"683,923,417,184,485,383,731,638,629,497","127,195,165,36,189,189,219,154,148,128",541
2831,101,"452,638,923,383,190,184,379,417,290,770","146,154,195,189,163,164,36,39,165,3,129",513
2347,101,"683,923,705,553,184,638,342,438,290,417","127,195,44,117,36,154,163,3,3,165",555
5507,101,"683,923,417,193,368,438,184,130,246,342","127,195,165,21,3,3,36,63,54,163",519
5195,101,"683,923,193,368,731,638,677,497,379,105","127,195,21,3,219,154,156,128,39,284",304
5544,101,"683,923,203,184,342,705,37,710,553,638","127,195,125,36,163,44,151,127,117,154",720
2914,101,"683,452,811,539,570,383,405,406,190,154","127,146,3,148,117,189,154,127,163,164,164",559
5496,101,"683,452,811,539,731,405,742,248,59,312","127,146,3,148,219,154,164,148,164,148",530
1138,101,"683,452,811,539,731,383,405,710,312,923","127,146,3,148,219,189,154,127,148,195",535
4419,101,"683,923,203,247,638,674,705,789,379,640","127,195,125,63,154,146,44,156,39,148",627
3276,101,"683,923,417,184,193,368,105,342,497,130","127,195,165,36,21,3,284,163,128,63",569
2918,101,"683,923,203,184,383,811,37,485,705,789","127,195,125,36,189,3,151,189,44,156",634
50,101,"683,923,193,368,677,638,738,497,379,105","127,195,21,3,156,154,155,128,39,284",304
1378,101,"683,452,811,539,405,363,312,742,421,786","127,146,3,148,154,128,148,164,195,154",588
1389,101,"683,452,811,383,363,405,539,406,3,190","127,146,3,189,128,154,148,127,155,163,164",618
4400,101,"683,923,203,247,638,674,517,705,789,342","127,195,125,63,154,146,155,44,156,163",654
565,101,"683,923,705,553,184,638,290,37,193,342","127,195,44,117,36,154,3,151,21,163",640
5627,101,"683,452,811,539,163,321,406,59,405,421","127,146,3,148,163,127,127,164,154,195",669
5456,101,"683,452,811,383,539,405,884,786,199,614","127,146,3,189,148,154,44,154,155,3",611
1362,101,"683,452,811,383,867,884,731,539,570,614","127,146,3,189,155,44,219,148,117,3",574
123,101,"683,184,811,383,485,3,731,638,629,417","127,36,3,189,189,155,219,154,148,165",466
3482,101,"683,452,184,363,551,738,421,89,786,349","127,146,36,128,195,155,195,42,154,127",547
1626,101,"683,923,383,485,37,638,379,497,368,406","127,195,189,189,151,154,39,128,3,127",540
6033,101,"683,452,884,441,406,923,363,398,461,349","127,146,44,117,127,195,128,270,155,127",661
5560,101,"683,452,811,539,405,154,202,312,731,248","127,146,3,148,154,164,153,148,219,148",616
4723,101,"683,452,184,539,867,190,406,59,199,731","127,146,36,148,155,163,164,127,164,155,219",498
1525,101,"683,452,184,539,154,629,312,383,710,59","127,146,36,148,164,148,148,189,127,164",600
3854,101,"683,923,811,383,614,731,37,710,452,772","127,195,3,189,3,219,151,127,146,126",544
184,101,"683,923,203,184,342,705,37,710,160,438","127,195,125,36,163,44,151,127,39,3",645
1025,101,"683,923,811,907,184,731,248,312,539,383","127,195,3,219,36,219,148,148,148,189",535
2100,101,"452,383,312,533,811,539,614,59,742,405","146,189,148,39,3,148,3,164,164,154",371
2034,101,"452,923,312,533,184,539,811,190,410,383","146,195,148,39,36,148,3,163,164,148,189",485
1554,101,"683,923,203,184,342,638,438,247,658,246","127,195,125,36,163,154,3,63,195,54",612
3938,101,"683,401,130,417,438,781,638,923,485,789","127,174,63,165,3,39,154,195,189,156",688
481,101,"683,452,184,363,551,417,923,40,137,438","127,146,36,128,195,165,195,3,39,3",463
3315,101,"683,923,811,383,485,638,379,193,497,37","127,195,3,189,189,154,39,21,128,151",541
966,101,"683,452,184,539,190,383,629,770,461,646","127,146,36,148,163,164,189,148,129,155,155",510
4238,101,"683,452,811,383,539,405,363,786,731,710","127,146,3,189,148,154,128,154,219,127",521
3693,101,"683,452,811,383,539,405,710,731,199,312","127,146,3,189,148,154,127,219,155,148",463
1674,101,"683,452,884,441,349,638,866,561,184,231","127,146,44,117,127,154,284,63,36,128",640
4328,101,"452,137,677,379,789,332,638,474,193,551","146,39,156,39,156,154,154,3,21,195",278
4352,101,"683,452,811,383,363,405,539,406,59,116","127,146,3,189,128,154,148,127,164,128",535
5529,101,"683,923,184,342,497,130,368,638,137,379","127,195,36,163,128,63,3,154,39,39",506
2677,101,"683,401,14,782,772,37,497,383,710,614","127,174,137,117,126,151,128,189,127,3",796
3486,101,"683,923,705,781,789,379,354,417,638,130","127,195,44,39,156,39,202,165,154,63",702
796,101,"683,923,203,247,658,130,379,342,497,640","127,195,125,63,195,63,39,163,128,148",635
2917,101,"683,923,417,193,368,474,130,342,677,105","127,195,165,21,3,3,63,163,156,284",519
2572,101,"683,923,193,368,677,638,105,658,497,379","127,195,21,3,156,154,284,195,128,39",275
4,101,"452,638,547,332,379,789,474,368,923,658","146,154,155,154,39,156,3,3,195,195",226
4277,101,"683,923,705,781,789,130,379,342,417,474","127,195,44,39,156,63,39,163,165,3",563
444,101,"683,923,417,184,193,368,342,677,160,638","127,195,165,36,21,3,163,156,39,154",526
6036,101,"683,923,184,342,677,368,193,638,130,474","127,195,36,163,156,3,21,154,63,3",493
2078,101,"683,923,417,184,193,485,368,438,342,677","127,195,165,36,21,189,3,3,163,156",516
2781,101,"683,452,811,539,405,363,786,349,714,421","127,146,3,148,154,128,154,127,163,195",555
1503,101,"683,923,705,37,342,497,130,379,638,193","127,195,44,151,163,128,63,39,154,21",553
2961,101,"683,923,203,247,658,677,342,368,130,417","127,195,125,63,195,156,163,3,63,165",678
2627,101,"452,923,312,533,184,160,137,417,789,379","146,195,148,39,36,39,39,165,156,39",689
1930,101,"683,923,811,907,248,383,410,37,190,184","127,195,3,219,148,189,148,151,163,164,36",471
2436,101,"452,866,789,417,638,640,474,547,769,332","146,284,156,165,154,148,3,155,155,154",300
4492,101,"683,923,811,383,485,203,379,497,417,789","127,195,3,189,189,125,39,128,165,156",531
4858,101,"683,923,417,184,485,553,37,731,438,209","127,195,165,36,189,117,151,219,3,155",594
1041,101,"683,923,203,247,658,130,379,789,354,246","127,195,125,63,195,63,39,156,202,54",669
987,101,"683,452,811,539,570,163,406,321,861,867","127,146,3,148,117,163,127,127,135,155",690
432,101,"683,452,184,363,417,160,658,497,190,923","127,146,36,128,165,39,195,128,163,164,195",507
6147,101,"683,923,203,247,658,130,379,789,246,342","127,195,125,63,195,63,39,156,54,163",576
870,101,"683,452,184,363,438,658,638,551,789,332","127,146,36,128,3,195,154,195,156,154",427
4088,101,"452,923,772,539,363,312,154,405,714,349","146,195,126,148,128,148,164,154,163,127",479
5126,101,"683,452,811,539,405,154,202,312,59,248","127,146,3,148,154,164,153,148,164,148",498
464,101,"683,923,203,184,342,705,37,710,553,160","127,195,125,36,163,44,151,127,117,39",608
4325,101,"683,923,811,907,248,731,383,539,772,154","127,195,3,219,148,219,189,148,126,164",571
2618,101,"683,923,811,907,248,731,383,452,184,710","127,195,3,219,148,219,189,146,36,127",586
4940,101,"683,923,203,184,342,705,37,638,674,438","127,195,125,36,163,44,151,154,146,3",601
1823,101,"683,923,203,247,638,674,517,184,705,789","127,195,125,63,154,146,155,36,44,156",612
1373,101,"452,923,312,59,363,3,170,383,811,614","146,195,148,164,128,155,39,189,3,3",469
2795,101,"683,923,417,193,368,474,212,332,789,438","127,195,165,21,3,3,148,154,156,3",510
5933,101,"683,184,638,342,417,438,379,789,474,212","127,36,154,163,165,3,39,156,3,148",448
1778,101,"683,923,811,383,485,3,638,941,772,497","127,195,3,189,189,155,154,154,126,128",563
4793,101,"683,401,130,781,923,789,290,203,731,465","127,174,63,39,195,156,3,125,219,114",667
2949,101,"683,923,203,247,638,184,677,438,485,417","127,195,125,63,154,36,156,3,189,165",600
1077,101,"683,923,811,907,248,731,383,452,639,772","127,195,3,219,148,219,189,146,155,126",290
3462,101,"683,923,705,553,37,342,497,638,379,105","127,195,44,117,151,163,128,154,39,284",539
2322,101,"683,923,811,731,383,497,184,37,553,406","127,195,3,219,189,128,36,151,117,127",693
199,101,"683,923,203,247,638,674,705,47,184,342","127,195,125,63,154,146,44,127,36,163",604
248,101,"683,452,184,363,417,160,438,738,658,354","127,146,36,128,165,39,3,155,195,202",612
4142,101,"683,923,811,383,614,731,3,452,553,710","127,195,3,189,3,219,155,146,117,127",464
4017,101,"683,452,184,363,551,786,539,312,154,59","127,146,36,128,195,154,148,148,164,164",519
767,101,"683,923,417,193,368,547,474,130,638,332","127,195,165,21,3,155,3,63,154,154",582
4698,101,"683,923,705,37,342,638,184,193,368,417","127,195,44,151,163,154,36,21,3,165",553
35,101,"683,452,811,539,570,163,406,321,405,238","127,146,3,148,117,163,127,127,154,155",620
2148,101,"683,923,417,184,193,368,342,677,438,638","127,195,165,36,21,3,163,156,3,154",520
4875,101,"683,923,417,193,368,438,342,638,474,517","127,195,165,21,3,3,163,154,3,155",423
5579,101,"683,452,811,383,363,405,539,406,710,190","127,146,3,189,128,154,148,127,127,163,164",585
5580,101,"683,923,203,184,342,638,37,677,485,731","127,195,125,36,163,154,151,156,189,219",608
1109,101,"683,923,811,383,485,3,638,379,290,193","127,195,3,189,189,155,154,39,3,21",555
6018,101,"452,137,677,379,789,638,342,332,658,769","146,39,156,39,156,154,163,154,195,155",312
2923,101,"683,923,811,907,705,37,383,111,184,629","127,195,3,219,44,151,189,155,36,148",669
1172,101,"683,923,417,184,193,368,105,342,497,640","127,195,165,36,21,3,284,163,128,148",506
714,101,"452,923,312,533,383,190,184,629,811,638","146,195,148,39,189,163,164,36,148,3,154",380
425,101,"683,923,193,368,105,638,379,474,547,677","127,195,21,3,284,154,39,3,155,156",304
5558,101,"683,452,184,539,154,312,405,59,199,867","127,146,36,148,164,148,154,164,155,155",561
3945,101,"683,452,811,383,363,714,405,406,539,570","127,146,3,189,128,163,154,127,148,117",582
730,101,"683,923,705,781,789,130,438,379,638,193","127,195,44,39,156,63,3,39,154,21",572
3475,101,"683,452,811,383,539,405,363,786,710,714","127,146,3,189,148,154,128,154,127,163",547
2062,101,"452,923,312,533,383,714,614,539,154,811","146,195,148,39,189,163,3,148,164,3",380
3456,101,"683,923,417,193,368,474,130,638,212,379","127,195,165,21,3,3,63,154,148,39",545
2726,101,"683,923,203,677,417,379,789,246,438,130","127,195,125,156,165,39,156,54,3,63",546
3852,101,"452,638,417,184,383,629,438,290,160,485","146,154,165,36,189,148,3,3,39,189",531
4540,102,"452,137,677,160,368,379,789,638,474,332","146,39,156,39,3,39,156,154,3,154",251
3507,102,"683,923,417,184,193,368,438,342,677,485","127,195,165,36,21,3,3,163,156,189",531
4932,102,"683,452,811,383,539,405,710,731,406,163","127,146,3,189,148,154,127,219,127,163",471
5784,102,"683,452,184,539,190,383,710,405,406,59","127,146,36,148,163,164,189,127,154,127,164",490
5424,102,"683,923,811,907,184,731,383,37,190,209","127,195,3,219,36,219,189,151,163,164,155",535
5481,102,"683,923,705,781,130,193,368,789,438,379","127,195,44,39,63,21,3,156,3,39",553
4511,102,"683,452,811,383,363,714,238,866,354,349","127,146,3,189,128,163,155,284,202,127",612
5430,102,"683,923,203,677,417,193,638,368,497,438","127,195,125,156,165,21,154,3,128,3",546
2873,102,"452,638,923,184,677,417,438,332,130,513","146,154,195,36,156,165,3,154,63,148",477
1235,102,"452,923,312,533,383,363,714,190,379,614","146,195,148,39,189,128,163,163,164,39,3",494
4355,102,"683,923,705,781,789,379,417,193,368,547","127,195,44,39,156,39,165,21,3,155",586
3184,102,"683,923,811,907,248,383,410,37,190,731","127,195,3,219,148,189,148,151,163,164,219",535
2179,102,"452,638,923,184,677,417,438,332,738,342","146,154,195,36,156,165,3,154,155,163",352
3210,102,"683,923,417,193,368,474,130,246,379,789","127,195,165,21,3,3,63,54,39,156",544
3735,102,"683,923,193,368,677,638,105,497,379,547","127,195,21,3,156,154,284,128,39,155",289
4486,102,"683,923,417,184,193,485,368,290,342,379","127,195,165,36,21,189,3,3,163,39",519
574,102,"683,923,417,193,368,547,474,130,638,640","127,195,165,21,3,155,3,63,154,148",483
633,102,"683,452,184,539,190,199,383,629,770,461","127,146,36,148,163,164,155,189,148,129,155",508
1133,102,"452,638,923,383,614,533,80,312,59,527","146,154,195,189,3,39,155,148,164,155",361
5148,102,"683,452,811,383,539,405,59,312,731,742","127,146,3,189,148,154,164,148,219,164",556
64,102,"683,923,417,184,485,553,37,811,539,133","127,195,165,36,189,117,151,3,148,163",494
5501,102,"683,923,417,193,368,474,342,497,379,212","127,195,165,21,3,3,163,128,39,148",463
1584,102,"452,923,312,59,742,539,154,614,202,383","146,195,148,164,164,148,164,3,153,189",413
729,102,"452,923,312,533,383,199,539,154,714,405","146,195,148,39,189,155,148,164,163,154",346
3759,102,"683,923,417,193,368,474,789,379,332,638","127,195,165,21,3,3,156,39,154,154",437
3009,102,"452,137,677,160,923,105,368,184,342,658","146,39,156,39,195,284,3,36,163,195",516
4554,102,"683,923,705,781,789,379,354,640,417,638","127,195,44,39,156,39,202,148,165,154",569
2626,102,"683,923,203,677,417,130,193,379,368,342","127,195,125,156,165,63,21,39,3,163",628
2261,102,"683,452,811,539,570,163,312,614,383,731","127,146,3,148,117,163,148,3,189,219",641
3610,102,"683,923,203,184,383,731,705,553,674,37","127,195,125,36,189,219,44,117,146,151",600
5528,102,"683,923,705,781,789,379,354,769,640,212","127,195,44,39,156,39,202,155,148,148",553
5711,102,"683,923,705,781,789,379,417,130,368,513","127,195,44,39,156,39,165,63,3,148",553
2930,102,"452,137,184,368,105,658,332,193,789,474","146,39,36,3,284,195,154,21,156,3",293
145,102,"683,923,417,193,368,438,184,342,246,640","127,195,165,21,3,3,36,163,54,148",500
5860,102,"452,923,312,59,539,154,202,742,405,111","146,195,148,164,148,164,153,164,154,155",354
5493,102,"683,923,417,193,485,342,130,246,379,789","127,195,165,21,189,163,63,54,39,156",544
1509,102,"683,401,130,438,354,379,638,923,705,368","127,174,63,3,202,39,154,195,44,3",594
3202,102,"683,383,539,312,405,59,163,248,867,154","127,189,148,148,154,164,163,148,155,164",669
541,102,"683,452,184,363,551,417,349,130,40,438","127,146,36,128,195,165,127,63,3,3",528
1595,102,"452,705,379,781,923,368,513,517,438,677","146,44,39,39,195,3,148,155,3,156",500
4837,102,"683,452,184,539,154,629,312,59,248,383","127,146,36,148,164,148,148,164,148,189",464
5610,102,"683,452,884,363,417,923,184,640,866,438","127,146,44,128,165,195,36,148,284,3",653
66,102,"683,452,884,614,866,790,539,383,710,867","127,146,44,3,284,148,148,189,127,155",653
4215,102,"683,923,184,193,368,638,485,130,677,105","127,195,36,21,3,154,189,63,156,284",415
5436,102,"683,452,184,539,190,383,629,770,406,421","127,146,36,148,163,164,189,148,129,127,195",547
2737,102,"683,452,184,539,867,190,406,405,383,349","127,146,36,148,155,163,164,127,154,189,127",535
573,102,"452,638,417,184,383,629,461,811,485,790","146,154,165,36,189,148,155,3,189,148",547
1670,102,"683,923,203,247,638,184,866,677,417,485","127,195,125,63,154,36,284,156,165,189",644
5744,102,"683,923,705,781,789,379,417,130,342,640","127,195,44,39,156,39,165,63,163,148",586
1223,102,"452,638,417,332,789,738,342,368,193,438","146,154,165,154,156,155,163,3,21,3",400
2837,102,"683,923,417,193,368,474,130,638,212,379","127,195,165,21,3,3,63,154,148,39",538
5167,102,"683,923,811,907,248,111,731,539,772,3","127,195,3,219,148,155,219,148,126,155",557
1374,102,"683,923,705,781,130,789,379,677,368,547","127,195,44,39,63,156,39,156,3,155",553
2938,102,"683,923,811,731,248,383,312,539,154,420","127,195,3,219,148,189,148,148,164,153",535
4883,102,"683,923,705,781,789,130,379,638,417,474","127,195,44,39,156,63,39,154,165,3",531
1715,102,"452,137,677,379,160,368,547,37,789,474","146,39,156,39,39,3,155,151,156,3",378
1563,102,"683,923,417,193,368,547,474,130,246,789","127,195,165,21,3,155,3,63,54,156",519
3981,102,"683,452,184,539,154,629,312,383,710,59","127,146,36,148,164,148,148,189,127,164",520
1993,102,"683,452,811,383,539,405,363,786,614,742","127,146,3,189,148,154,128,154,3,164",540
4228,102,"683,923,417,193,368,474,212,379,342,497","127,195,165,21,3,3,148,39,163,128",549
3557,102,"683,923,811,383,638,379,193,789,368,677","127,195,3,189,154,39,21,156,3,156",304
449,102,"683,923,417,184,485,553,37,383,629,811","127,195,165,36,189,117,151,189,148,3",541
944,102,"452,638,417,332,474,789,379,212,640,342","146,154,165,154,3,156,39,148,148,163",447
3243,102,"683,923,705,781,789,379,354,640,212,130","127,195,44,39,156,39,202,148,148,63",553
889,102,"683,923,811,907,248,731,383,190,184,819","127,195,3,219,148,219,189,163,164,36,3",519
3540,102,"683,923,203,184,342,105,368,290,638,37","127,195,125,36,163,284,3,3,154,151",553
4748,102,"452,638,417,332,130,474,379,789,212,246","146,154,165,154,63,3,39,156,148,54",521
3532,102,"683,923,417,193,368,474,517,130,638,342","127,195,165,21,3,3,155,63,154,163",528
1764,102,"683,923,417,193,368,474,130,638,485,246","127,195,165,21,3,3,63,154,189,54",541
1614,102,"683,923,203,677,417,379,789,246,438,130","127,195,125,156,165,39,156,54,3,63",571
5452,102,"683,923,811,383,485,497,638,772,941,527","127,195,3,189,189,128,154,126,154,155",519
5139,102,"683,923,417,193,368,474,342,497,379,212","127,195,165,21,3,3,163,128,39,148",472
2840,102,"452,638,417,184,342,438,658,640,368,332","146,154,165,36,163,3,195,148,3,154",355
2905,102,"683,923,811,731,248,539,772,383,452,184","127,195,3,219,148,148,126,189,146,36",628
1294,102,"683,923,417,184,193,368,342,677,438,638","127,195,165,36,21,3,163,156,3,154",570
2101,102,"683,452,811,539,731,3,406,312,533,383","127,146,3,148,219,155,127,148,39,189",574
5250,102,"452,923,312,59,742,539,154,614,202,527","146,195,148,164,164,148,164,3,153,155",338
2710,102,"683,452,811,383,363,405,238,714,539,421","127,146,3,189,128,154,155,163,148,195",520
3446,102,"683,923,417,193,368,474,130,342,677,513","127,195,165,21,3,3,63,163,156,148",519
1057,102,"683,452,184,539,190,199,383,811,731,614","127,146,36,148,163,164,155,189,3,219,3",543
185,102,"683,383,539,312,405,59,163,406,742,321","127,189,148,148,154,164,163,127,164,127",720
622,102,"683,452,811,539,731,867,742,405,363,714","127,146,3,148,219,155,164,154,128,163",535
2367,102,"452,923,312,59,539,154,202,742,405,24","146,195,148,164,148,164,153,164,154,156",398
5110,102,"452,923,312,533,383,714,417,184,629,811","146,195,148,39,189,163,165,36,148,3",349
5210,102,"683,923,417,193,368,474,130,246,212,738","127,195,165,21,3,3,63,54,148,155",523
2654,102,"683,452,811,539,570,383,312,405,363,786","127,146,3,148,117,189,148,154,128,154",541
5074,102,"683,923,705,781,789,379,354,640,212,638","127,195,44,39,156,39,202,148,148,154",553
4457,102,"683,923,811,731,248,539,111,420,154,742","127,195,3,219,148,148,155,153,164,164",690
1462,102,"683,923,417,193,485,342,130,137,379,497","127,195,165,21,189,163,63,39,39,128",554
1213,102,"683,923,705,781,789,379,417,547,130,368","127,195,44,39,156,39,165,155,63,3",644
1506,102,"866,781,789,229,3,383,243,614,170,457","284,39,156,219,155,189,129,3,39,156",388
1010,102,"452,638,438,332,789,658,474,379,368,517","146,154,3,154,156,195,3,39,3,155",270
1760,102,"683,923,203,184,383,811,485,37,193,379","127,195,125,36,189,3,189,151,21,39",600
1298,102,"452,923,312,533,184,539,811,383,629,417","146,195,148,39,36,148,3,189,148,165",430
3549,102,"683,811,539,731,884,441,363,923,170,406","127,3,148,219,44,117,128,195,39,127",633
5694,102,"683,923,811,731,383,497,184,3,629,111","127,195,3,219,189,128,36,155,148,155",606
3791,102,"683,452,866,710,561,614,539,383,190,184","127,146,284,127,63,3,148,189,163,164,36",639
4216,102,"683,923,705,781,789,379,417,130,342,640","127,195,44,39,156,39,165,63,163,148",553
1837,102,"683,923,417,184,485,383,811,638,497,438","127,195,165,36,189,189,3,154,128,3",499
2380,102,"683,452,811,539,731,405,742,199,312,383","127,146,3,148,219,154,164,155,148,189",535
2786,102,"683,923,203,247,658,130,379,789,354,246","127,195,125,63,195,63,39,156,202,54",691
3513,102,"452,638,417,184,342,438,658,640,203,290","146,154,165,36,163,3,195,148,125,3",523
3166,102,"683,923,705,781,130,789,379,677,368,547","127,195,44,39,63,156,39,156,3,155",472
111,102,"683,923,203,247,658,130,379,342,497,547","127,195,125,63,195,63,39,163,128,155",598
4671,102,"683,923,705,781,789,379,354,640,417,638","127,195,44,39,156,39,202,148,165,154",553
1507,102,"683,452,184,539,154,629,312,199,383,710","127,146,36,148,164,148,148,155,189,127",634
3266,102,"683,452,811,539,731,238,406,405,363,742","127,146,3,148,219,155,127,154,128,164",579
3187,102,"452,137,677,160,368,923,417,184,485,342","146,39,156,39,3,195,165,36,189,163",374
5211,102,"683,923,417,184,485,383,731,638,629,497","127,195,165,36,189,189,219,154,148,128",541
2831,102,"452,638,923,383,190,184,379,417,290,770","146,154,195,189,163,164,36,39,165,3,129",513
2347,102,"683,923,705,553,184,638,342,438,290,417","127,195,44,117,36,154,163,3,3,165",555
5507,102,"683,923,417,193,368,438,184,130,246,342","127,195,165,21,3,3,36,63,54,163",519
5195,102,"683,923,193,368,731,638,677,497,379,105","127,195,21,3,219,154,156,128,39,284",304
5544,102,"683,923,203,184,342,705,37,710,553,638","127,195,125,36,163,44,151,127,117,154",720
2914,102,"683,452,811,539,570,383,405,406,190,154","127,146,3,148,117,189,154,127,163,164,164",559
5496,102,"683,452,811,539,731,405,742,248,59,312","127,146,3,148,219,154,164,148,164,148",530
1138,102,"683,452,811,539,731,383,405,710,312,923","127,146,3,148,219,189,154,127,148,195",535
4419,102,"683,923,203,247,638,674,705,789,379,640","127,195,125,63,154,146,44,156,39,148",627
3276,102,"683,923,417,184,193,368,105,342,497,130","127,195,165,36,21,3,284,163,128,63",569
2918,102,"683,923,203,184,383,811,37,485,705,789","127,195,125,36,189,3,151,189,44,156",634
50,102,"683,923,193,368,677,638,738,497,379,105","127,195,21,3,156,154,155,128,39,284",304
1378,102,"683,452,811,539,405,363,312,742,421,786","127,146,3,148,154,128,148,164,195,154",588
1389,102,"683,452,811,383,363,405,539,314,406,772","127,146,3,189,128,154,148,155,127,126",618
4400,102,"683,923,203,247,638,674,517,705,789,342","127,195,125,63,154,146,155,44,156,163",654
565,102,"683,923,705,553,184,638,290,37,193,342","127,195,44,117,36,154,3,151,21,163",640
5627,102,"683,452,811,539,163,321,406,59,405,421","127,146,3,148,163,127,127,164,154,195",669
5456,102,"683,452,811,383,539,405,884,786,614,363","127,146,3,189,148,154,44,154,3,128",611
1362,102,"683,452,811,383,363,405,714,3,884,570","127,146,3,189,128,154,163,155,44,117",574
123,102,"683,184,811,383,485,3,731,638,629,417","127,36,3,189,189,155,219,154,148,165",466
3482,102,"683,452,184,363,551,417,923,40,513,547","127,146,36,128,195,165,195,3,148,155",547
1626,102,"683,923,383,485,37,638,379,497,368,406","127,195,189,189,151,154,39,128,3,127",540
6033,102,"683,452,884,441,406,923,363,398,80,349","127,146,44,117,127,195,128,270,155,127",661
5560,102,"683,452,811,539,405,154,202,312,731,199","127,146,3,148,154,164,153,148,219,155",616
4723,102,"683,452,184,539,190,383,629,770,3,811","127,146,36,148,163,164,189,148,129,155,3",498
1525,102,"683,452,184,539,154,629,312,199,383,710","127,146,36,148,164,148,148,155,189,127",600
3854,102,"683,923,811,383,614,731,37,710,452,772","127,195,3,189,3,219,151,127,146,126",544
184,102,"683,923,203,184,342,705,37,710,160,438","127,195,125,36,163,44,151,127,39,3",645
1025,102,"683,923,811,907,184,731,248,312,539,383","127,195,3,219,36,219,148,148,148,189",535
2100,102,"452,383,312,533,811,539,614,59,867,405","146,189,148,39,3,148,3,164,155,154",371
2034,102,"452,923,312,533,184,539,811,190,410,383","146,195,148,39,36,148,3,163,164,148,189",485
1554,102,"683,923,203,184,342,638,438,247,658,246","127,195,125,36,163,154,3,63,195,54",612
3938,102,"683,401,130,417,438,781,638,923,485,789","127,174,63,165,3,39,154,195,189,156",688
481,102,"683,452,184,363,551,417,923,40,137,547","127,146,36,128,195,165,195,3,39,155",463
3315,102,"683,923,811,383,485,638,379,193,497,37","127,195,3,189,189,154,39,21,128,151",541
966,102,"683,452,184,539,190,383,629,770,465,710","127,146,36,148,163,164,189,148,129,114,127",510
4238,102,"683,452,811,383,539,405,363,786,731,710","127,146,3,189,148,154,128,154,219,127",521
3693,102,"683,452,811,383,539,405,710,731,312,3","127,146,3,189,148,154,127,219,148,155",463
1674,102,"683,452,884,441,349,638,866,561,184,461","127,146,44,117,127,154,284,63,36,155",640
4328,102,"452,137,677,379,789,332,638,474,738,193","146,39,156,39,156,154,154,3,155,21",278
4352,102,"683,452,811,383,867,405,539,406,314,59","127,146,3,189,155,154,148,127,155,164",535
5529,102,"683,923,184,342,497,130,368,638,137,379","127,195,36,163,128,63,3,154,39,39",506
2677,102,"683,401,14,782,772,37,497,383,710,614","127,174,137,117,126,151,128,189,127,3",796
3486,102,"683,923,705,781,789,379,354,417,638,130","127,195,44,39,156,39,202,165,154,63",702
796,102,"683,923,203,247,658,130,379,342,497,640","127,195,125,63,195,63,39,163,128,148",635
2917,102,"683,923,417,193,368,547,474,105,517,342","127,195,165,21,3,155,3,284,155,163",519
2572,102,"683,923,193,368,677,638,105,658,497,379","127,195,21,3,156,154,284,195,128,39",275
4,102,"452,638,368,923,658,332,105,677,474,193","146,154,3,195,195,154,284,156,3,21",226
4277,102,"683,923,705,781,789,130,379,342,417,474","127,195,44,39,156,63,39,163,165,3",563
444,102,"683,923,417,184,193,368,342,677,160,638","127,195,165,36,21,3,163,156,39,154",526
6036,102,"683,923,184,342,677,368,193,638,130,474","127,195,36,163,156,3,21,154,63,3",493
2078,102,"683,923,417,184,193,485,368,438,342,677","127,195,165,36,21,189,3,3,163,156",516
2781,102,"683,452,811,539,405,363,786,349,714,421","127,146,3,148,154,128,154,127,163,195",555
1503,102,"683,923,705,37,342,497,130,379,638,193","127,195,44,151,163,128,63,39,154,21",553
2961,102,"683,923,203,247,658,677,342,368,130,417","127,195,125,63,195,156,163,3,63,165",678
2627,102,"452,923,312,533,184,160,137,417,789,379","146,195,148,39,36,39,39,165,156,39",689
1930,102,"683,923,811,907,248,383,410,37,190,184","127,195,3,219,148,189,148,151,163,164,36",471
2436,102,"452,866,789,417,638,640,474,547,332,738","146,284,156,165,154,148,3,155,154,155",300
4492,102,"683,923,811,383,485,203,379,497,417,789","127,195,3,189,189,125,39,128,165,156",531
4858,102,"683,923,417,184,485,553,37,731,438,638","127,195,165,36,189,117,151,219,3,154",594
1041,102,"683,923,203,247,658,130,379,789,354,246","127,195,125,63,195,63,39,156,202,54",669
987,102,"683,452,811,539,570,163,406,321,861,59","127,146,3,148,117,163,127,127,135,164",690
432,102,"683,452,184,363,417,160,547,497,190,753","127,146,36,128,165,39,155,128,163,164,164",507
6147,102,"683,923,203,247,658,130,379,789,246,342","127,195,125,63,195,63,39,156,54,163",576
870,102,"683,452,184,363,438,658,738,638,789,332","127,146,36,128,3,195,155,154,156,154",427
4088,102,"452,923,772,539,363,312,154,199,714,24","146,195,126,148,128,148,164,155,163,156",479
5126,102,"683,452,811,539,405,154,202,312,59,248","127,146,3,148,154,164,153,148,164,148",498
464,102,"683,923,203,184,342,705,37,710,553,160","127,195,125,36,163,44,151,127,117,39",608
4325,102,"683,923,811,907,248,731,383,539,772,154","127,195,3,219,148,219,189,148,126,164",571
2618,102,"683,923,811,907,248,731,383,452,184,710","127,195,3,219,148,219,189,146,36,127",586
4940,102,"683,923,203,184,342,705,37,638,674,438","127,195,125,36,163,44,151,154,146,3",601
1823,102,"683,923,203,247,638,674,517,184,705,789","127,195,125,63,154,146,155,36,44,156",612
1373,102,"452,923,312,59,363,811,24,614,742,383","146,195,148,164,128,3,156,3,164,189",469
2795,102,"683,923,417,193,368,547,474,638,332,212","127,195,165,21,3,155,3,154,154,148",510
5933,102,"683,184,638,342,417,438,379,789,474,212","127,36,154,163,165,3,39,156,3,148",448
1778,102,"683,923,811,383,485,497,731,941,248,907","127,195,3,189,189,128,219,154,148,219",563
4793,102,"683,401,130,781,923,789,290,203,731,465","127,174,63,39,195,156,3,125,219,114",667
2949,102,"683,923,203,247,638,184,677,438,485,417","127,195,125,63,154,36,156,3,189,165",600
1077,102,"683,923,811,907,248,731,383,452,639,772","127,195,3,219,148,219,189,146,155,126",290
3462,102,"683,923,705,553,37,342,497,638,379,105","127,195,44,117,151,163,128,154,39,284",539
2322,102,"683,923,811,731,383,497,184,37,553,406","127,195,3,219,189,128,36,151,117,127",693
199,102,"683,923,203,247,638,674,705,47,184,342","127,195,125,63,154,146,44,127,36,163",604
248,102,"683,452,184,363,417,160,438,497,551,89","127,146,36,128,165,39,3,128,195,42",612
4142,102,"683,923,811,383,614,731,111,772,539,248","127,195,3,189,3,219,155,126,148,148",464
4017,102,"683,452,184,363,551,786,539,312,154,59","127,146,36,128,195,154,148,148,164,164",519
767,102,"683,923,417,193,368,547,474,130,638,332","127,195,165,21,3,155,3,63,154,154",582
4698,102,"683,923,705,37,342,638,184,193,368,417","127,195,44,151,163,154,36,21,3,165",553
35,102,"683,452,811,539,570,163,406,321,405,363","127,146,3,148,117,163,127,127,154,128",620
2148,102,"683,923,417,184,193,368,342,677,438,638","127,195,165,36,21,3,163,156,3,154",520
4875,102,"683,923,417,193,368,438,342,638,474,184","127,195,165,21,3,3,163,154,3,36",423
5579,102,"683,452,811,383,363,405,539,406,710,190","127,146,3,189,128,154,148,127,127,163,164",585
5580,102,"683,923,203,184,342,638,37,677,485,731","127,195,125,36,163,154,151,156,189,219",608
1109,102,"683,923,811,383,485,497,731,638,379,184","127,195,3,189,189,128,219,154,39,36",555
6018,102,"452,137,677,379,789,638,342,547,332,658","146,39,156,39,156,154,163,155,154,195",312
2923,102,"683,923,811,907,705,37,383,209,731,184","127,195,3,219,44,151,189,155,219,36",669
1172,102,"683,923,417,184,193,368,105,342,497,640","127,195,165,36,21,3,284,163,128,148",506
714,102,"452,923,312,533,383,190,238,199,405,714","146,195,148,39,189,163,164,155,155,154,163",380
425,102,"683,923,193,368,105,638,517,379,474,677","127,195,21,3,284,154,155,39,3,156",304
5558,102,"683,452,184,539,154,312,405,59,202,731","127,146,36,148,164,148,154,164,153,219",561
3945,102,"683,452,811,383,363,714,405,406,539,199","127,146,3,189,128,163,154,127,148,155",582
730,102,"683,923,705,781,789,130,438,379,638,193","127,195,44,39,156,63,3,39,154,21",572
3475,102,"683,452,811,383,539,405,363,786,710,714","127,146,3,189,148,154,128,154,127,163",547
2062,102,"452,923,312,533,383,3,714,811,614,539","146,195,148,39,189,155,163,3,3,148",380
3456,102,"683,923,417,193,368,474,130,638,212,379","127,195,165,21,3,3,63,154,148,39",545
2726,102,"683,923,203,677,417,379,789,246,438,130","127,195,125,156,165,39,156,54,3,63",546
3852,102,"452,638,417,184,383,629,461,160,290,485","146,154,165,36,189,148,155,39,3,189",531
4540,103,"452,137,677,160,368,379,789,638,474,332","146,39,156,39,3,39,156,154,3,154",251
3507,103,"683,923,417,184,193,368,438,342,677,485","127,195,165,36,21,3,3,163,156,189",531
4932,103,"683,452,811,383,539,405,710,731,406,867","127,146,3,189,148,154,127,219,127,155",471
5784,103,"683,452,184,539,190,383,710,405,406,59","127,146,36,148,163,164,189,127,154,127,164",490
5424,103,"683,923,811,907,184,731,383,37,190,209","127,195,3,219,36,219,189,151,163,164,155",535
5481,103,"683,923,705,781,130,193,368,789,438,379","127,195,44,39,63,21,3,156,3,39",553
4511,103,"683,452,811,383,867,884,441,363,349,406","127,146,3,189,155,44,117,128,127,127",612
5430,103,"683,923,203,677,417,193,638,368,497,438","127,195,125,156,165,21,154,3,128,3",546
2873,103,"452,638,923,184,677,417,438,332,130,513","146,154,195,36,156,165,3,154,63,148",477
1235,103,"452,923,312,533,383,363,199,3,714,190","146,195,148,39,189,128,155,155,163,163,164",494
4355,103,"683,923,705,781,789,379,417,193,368,130","127,195,44,39,156,39,165,21,3,63",586
3184,103,"683,923,811,907,248,111,457,406,410,184","127,195,3,219,148,155,156,127,148,36",535
2179,103,"452,638,923,184,677,417,438,332,212,368","146,154,195,36,156,165,3,154,148,3",352
3210,103,"683,923,417,193,368,547,474,130,246,769","127,195,165,21,3,155,3,63,54,155",544
3735,103,"683,923,193,368,677,638,105,497,379,547","127,195,21,3,156,154,284,128,39,155",289
4486,103,"683,923,417,184,193,485,368,290,342,379","127,195,165,36,21,189,3,3,163,39",519
574,103,"683,923,417,193,368,547,474,130,638,640","127,195,165,21,3,155,3,63,154,148",483
633,103,"683,452,184,539,867,383,629,190,770,3","127,146,36,148,155,189,148,163,164,129,155",508
1133,103,"452,638,923,383,614,3,199,312,742,59","146,154,195,189,3,155,155,148,164,164",361
5148,103,"683,452,811,383,539,405,59,312,731,742","127,146,3,189,148,154,164,148,219,164",556
64,103,"683,923,417,184,485,553,37,811,539,133","127,195,165,36,189,117,151,3,148,163",494
5501,103,"683,923,417,193,368,474,342,497,379,212","127,195,165,21,3,3,163,128,39,148",463
1584,103,"452,923,312,59,742,539,154,614,202,3","146,195,148,164,164,148,164,3,153,155",413
729,103,"452,923,312,533,383,714,614,539,154,811","146,195,148,39,189,163,3,148,164,3",346
3759,103,"683,923,417,193,368,474,789,379,332,638","127,195,165,21,3,3,156,39,154,154",437
3009,103,"452,137,677,160,923,105,368,184,342,658","146,39,156,39,195,284,3,36,163,195",516
4554,103,"683,923,705,781,789,379,354,640,417,638","127,195,44,39,156,39,202,148,165,154",569
2626,103,"683,923,203,677,417,130,193,379,368,342","127,195,125,156,165,63,21,39,3,163",628
2261,103,"683,452,811,539,570,163,867,312,772,248","127,146,3,148,117,163,155,148,126,148",641
3610,103,"683,923,203,184,383,731,705,553,674,37","127,195,125,36,189,219,44,117,146,151",600
5528,103,"683,923,705,781,789,379,354,640,212,638","127,195,44,39,156,39,202,148,148,154",553
5711,103,"683,923,705,781,789,379,417,130,368,513","127,195,44,39,156,39,165,63,3,148",553
2930,103,"452,137,184,738,368,638,332,658,193,474","146,39,36,155,3,154,154,195,21,3",293
145,103,"683,923,417,193,368,438,184,547,105,517","127,195,165,21,3,3,36,155,284,155",500
5860,103,"452,923,312,59,539,154,202,742,405,24","146,195,148,164,148,164,153,164,154,156",354
5493,103,"683,923,417,193,485,342,130,246,379,789","127,195,165,21,189,163,63,54,39,156",544
1509,103,"683,401,130,438,354,379,638,923,705,368","127,174,63,3,202,39,154,195,44,3",594
3202,103,"683,383,539,312,405,59,163,248,154,443","127,189,148,148,154,164,163,148,164,176",669
541,103,"683,452,184,363,551,417,349,130,40,438","127,146,36,128,195,165,127,63,3,3",528
1595,103,"452,705,379,781,923,368,547,513,677,160","146,44,39,39,195,3,155,148,156,39",500
4837,103,"683,452,184,539,154,629,312,59,199,248","127,146,36,148,164,148,148,164,155,148",464
5610,103,"683,452,884,363,417,923,184,640,866,438","127,146,44,128,165,195,36,148,284,3",653
66,103,"683,452,884,614,866,790,539,383,710,154","127,146,44,3,284,148,148,189,127,164",653
4215,103,"683,923,184,193,368,638,485,130,677,105","127,195,36,21,3,154,189,63,156,284",415
5436,103,"683,452,184,539,190,383,629,770,406,421","127,146,36,148,163,164,189,148,129,127,195",547
2737,103,"683,452,184,539,190,383,629,770,465,497","127,146,36,148,163,164,189,148,129,114,128",535
573,103,"452,638,417,184,383,629,37,438,354,290","146,154,165,36,189,148,151,3,202,3",547
1670,103,"683,923,203,247,638,184,866,677,417,485","127,195,125,63,154,36,284,156,165,189",644
5744,103,"683,923,705,781,789,379,417,130,342,640","127,195,44,39,156,39,165,63,163,148",586
1223,103,"452,638,417,332,789,738,342,368,193,517","146,154,165,154,156,155,163,3,21,155",400
2837,103,"683,923,417,193,368,474,130,638,212,379","127,195,165,21,3,3,63,154,148,39",538
5167,103,"683,923,811,907,248,383,410,37,190,731","127,195,3,219,148,189,148,151,163,164,219",557
1374,103,"683,923,705,781,130,789,379,677,368,417","127,195,44,39,63,156,39,156,3,165",553
2938,103,"683,923,811,731,248,383,312,539,154,420","127,195,3,219,148,189,148,148,164,153",535
4883,103,"683,923,705,781,789,130,379,638,417,474","127,195,44,39,156,63,39,154,165,3",531
1715,103,"452,137,677,379,160,368,547,37,789,474","146,39,156,39,39,3,155,151,156,3",378
1563,103,"683,923,417,193,368,474,130,246,379,789","127,195,165,21,3,3,63,54,39,156",519
3981,103,"683,452,184,539,154,629,312,199,383,710","127,146,36,148,164,148,148,155,189,127",520
1993,103,"683,452,811,383,539,405,363,786,3,614","127,146,3,189,148,154,128,154,155,3",540
4228,103,"683,923,417,193,368,474,212,379,342,497","127,195,165,21,3,3,148,39,163,128",549
3557,103,"683,923,811,383,638,379,193,789,368,677","127,195,3,189,154,39,21,156,3,156",304
449,103,"683,923,417,184,485,553,37,134,811,383","127,195,165,36,189,117,151,155,3,189",541
944,103,"452,638,417,332,474,789,379,212,640,769","146,154,165,154,3,156,39,148,148,155",447
3243,103,"683,923,705,781,789,379,354,640,212,130","127,195,44,39,156,39,202,148,148,63",553
889,103,"683,923,811,907,248,731,383,190,184,819","127,195,3,219,148,219,189,163,164,36,3",519
3540,103,"683,923,203,184,342,105,368,290,638,37","127,195,125,36,163,284,3,3,154,151",553
4748,103,"452,638,417,332,130,474,379,789,212,246","146,154,165,154,63,3,39,156,148,54",521
3532,103,"683,923,417,193,368,474,517,130,638,342","127,195,165,21,3,3,155,63,154,163",528
1764,103,"683,923,417,193,368,547,474,130,638,485","127,195,165,21,3,155,3,63,154,189",541
1614,103,"683,923,203,677,417,379,789,246,438,130","127,195,125,156,165,39,156,54,3,63",571
5452,103,"683,923,811,383,485,3,638,941,772,731","127,195,3,189,189,155,154,154,126,219",519
5139,103,"683,923,417,193,368,474,517,342,497,379","127,195,165,21,3,3,155,163,128,39",472
2840,103,"452,638,417,184,342,438,547,640,658,212","146,154,165,36,163,3,155,148,195,148",355
2905,103,"683,923,811,731,248,539,772,111,410,383","127,195,3,219,148,148,126,155,148,189",628
1294,103,"683,923,417,184,193,368,342,677,438,638","127,195,165,36,21,3,163,156,3,154",570
2101,103,"683,452,811,539,731,238,714,363,184,190","127,146,3,148,219,155,163,128,36,163,164",574
5250,103,"452,923,312,59,742,539,154,614,202,527","146,195,148,164,164,148,164,3,153,155",338
2710,103,"683,452,811,383,867,363,405,714,533,238","127,146,3,189,155,128,154,163,39,155",520
3446,103,"683,923,417,193,368,474,130,342,677,513","127,195,165,21,3,3,63,163,156,148",519
1057,103,"683,452,184,539,867,383,710,614,190,3","127,146,36,148,155,189,127,3,163,164,155",543
185,103,"683,383,539,312,405,59,163,406,742,321","127,189,148,148,154,164,163,127,164,127",720
622,103,"683,452,811,539,731,405,363,383,742,714","127,146,3,148,219,154,128,189,164,163",535
2367,103,"452,923,312,59,539,154,202,742,405,24","146,195,148,164,148,164,153,164,154,156",398
5110,103,"452,923,312,533,383,461,184,811,941,417","146,195,148,39,189,155,36,3,154,165",349
5210,103,"683,923,417,193,368,547,474,130,246,212","127,195,165,21,3,155,3,63,54,148",523
2654,103,"683,452,811,539,570,383,312,405,363,786","127,146,3,148,117,189,148,154,128,154",541
5074,103,"683,923,705,781,789,379,354,640,212,638","127,195,44,39,156,39,202,148,148,154",553
4457,103,"683,923,811,731,248,539,111,420,154,742","127,195,3,219,148,148,155,153,164,164",690
1462,103,"683,923,417,193,485,342,130,137,379,497","127,195,165,21,189,163,63,39,39,128",554
1213,103,"683,923,705,781,789,379,417,130,368,137","127,195,44,39,156,39,165,63,3,39",644
1506,103,"866,781,789,229,383,527,312,290,819,638","284,39,156,219,189,155,148,3,3,154",388
1010,103,"452,638,438,332,789,658,474,379,368,193","146,154,3,154,156,195,3,39,3,21",270
1760,103,"683,923,203,184,383,811,485,37,193,379","127,195,125,36,189,3,189,151,21,39",600
1298,103,"452,923,312,533,184,539,811,383,629,417","146,195,148,39,36,148,3,189,148,165",430
3549,103,"683,811,539,731,884,441,363,923,170,406","127,3,148,219,44,117,128,195,39,127",633
5694,103,"683,923,811,731,383,497,184,629,190,406","127,195,3,219,189,128,36,148,163,164,127",606
3791,103,"683,452,866,710,561,614,539,383,190,184","127,146,284,127,63,3,148,189,163,164,36",639
4216,103,"683,923,705,781,789,379,417,130,342,640","127,195,44,39,156,39,165,63,163,148",553
1837,103,"683,923,417,184,485,383,811,638,497,438","127,195,165,36,189,189,3,154,128,3",499
2380,103,"683,452,811,539,731,867,363,312,383,405","127,146,3,148,219,155,128,148,189,154",535
2786,103,"683,923,203,247,658,130,379,789,354,246","127,195,125,63,195,63,39,156,202,54",691
3513,103,"452,638,417,184,342,438,658,640,203,290","146,154,165,36,163,3,195,148,125,3",523
3166,103,"683,923,705,781,130,789,379,677,368,417","127,195,44,39,63,156,39,156,3,165",472
111,103,"683,923,203,247,658,130,379,342,497,368","127,195,125,63,195,63,39,163,128,3",598
4671,103,"683,923,705,781,789,379,354,640,417,638","127,195,44,39,156,39,202,148,165,154",553
1507,103,"683,452,184,539,154,629,312,383,710,59","127,146,36,148,164,148,148,189,127,164",634
3266,103,"683,452,811,539,731,3,405,786,363,383","127,146,3,148,219,155,154,154,128,189",579
3187,103,"452,137,677,160,368,923,417,184,485,342","146,39,156,39,3,195,165,36,189,163",374
5211,103,"683,923,417,184,485,383,731,638,629,497","127,195,165,36,189,189,219,154,148,128",541
2831,103,"452,638,923,383,190,184,379,417,290,770","146,154,195,189,163,164,36,39,165,3,129",513
2347,103,"683,923,705,553,184,638,342,438,290,417","127,195,44,117,36,154,163,3,3,165",555
5507,103,"683,923,417,193,368,438,184,130,246,738","127,195,165,21,3,3,36,63,54,155",519
5195,103,"683,923,193,368,731,638,677,497,379,105","127,195,21,3,219,154,156,128,39,284",304
5544,103,"683,923,203,184,342,705,37,710,553,638","127,195,125,36,163,44,151,127,117,154",720
2914,103,"683,452,811,539,570,383,405,199,867,406","127,146,3,148,117,189,154,155,155,127",559
5496,103,"683,452,811,539,731,405,742,248,59,312","127,146,3,148,219,154,164,148,164,148",530
1138,103,"683,452,811,539,731,3,405,406,190,923","127,146,3,148,219,155,154,127,163,164,195",535
4419,103,"683,923,203,247,638,674,705,789,379,640","127,195,125,63,154,146,44,156,39,148",627
3276,103,"683,923,417,184,193,368,105,342,497,130","127,195,165,36,21,3,284,163,128,63",569
2918,103,"683,923,203,184,383,811,37,485,705,789","127,195,125,36,189,3,151,189,44,156",634
50,103,"683,923,193,368,677,638,105,497,379,474","127,195,21,3,156,154,284,128,39,3",304
1378,103,"683,452,811,539,405,363,312,742,421,786","127,146,3,148,154,128,148,164,195,154",588
1389,103,"683,452,811,383,363,405,539,406,3,190","127,146,3,189,128,154,148,127,155,163,164",618
4400,103,"683,923,203,247,638,674,705,789,379,368","127,195,125,63,154,146,44,156,39,3",654
565,103,"683,923,705,553,184,638,290,37,193,342","127,195,44,117,36,154,3,151,21,163",640
5627,103,"683,452,811,539,163,321,406,59,405,421","127,146,3,148,163,127,127,164,154,195",669
5456,103,"683,452,811,383,539,405,884,3,786,614","127,146,3,189,148,154,44,155,154,3",611
1362,103,"683,452,811,383,867,884,731,539,570,614","127,146,3,189,155,44,219,148,117,3",574
123,103,"683,184,811,383,485,941,731,497,638,772","127,36,3,189,189,154,219,128,154,126",466
3482,103,"683,452,184,363,551,738,421,89,786,349","127,146,36,128,195,155,195,42,154,127",547
1626,103,"683,923,383,485,37,638,379,497,368,406","127,195,189,189,151,154,39,128,3,127",540
6033,103,"683,452,884,441,406,923,363,398,349,772","127,146,44,117,127,195,128,270,127,126",661
5560,103,"683,452,811,539,405,154,202,312,731,248","127,146,3,148,154,164,153,148,219,148",616
4723,103,"683,452,184,539,867,190,406,59,405,614","127,146,36,148,155,163,164,127,164,154,3",498
1525,103,"683,452,184,539,154,629,312,383,710,59","127,146,36,148,164,148,148,189,127,164",600
3854,103,"683,923,811,383,614,731,37,710,452,772","127,195,3,189,3,219,151,127,146,126",544
184,103,"683,923,203,184,342,705,37,710,160,438","127,195,125,36,163,44,151,127,39,3",645
1025,103,"683,923,811,907,184,731,248,312,539,383","127,195,3,219,36,219,148,148,148,189",535
2100,103,"452,383,312,533,811,539,614,59,3,714","146,189,148,39,3,148,3,164,155,163",371
2034,103,"452,923,312,533,184,539,811,190,410,383","146,195,148,39,36,148,3,163,164,148,189",485
1554,103,"683,923,203,184,342,638,438,247,658,246","127,195,125,36,163,154,3,63,195,54",612
3938,103,"683,401,130,417,438,781,638,923,485,789","127,174,63,165,3,39,154,195,189,156",688
481,103,"683,452,184,363,551,738,417,923,40,547","127,146,36,128,195,155,165,195,3,155",463
3315,103,"683,923,811,383,485,638,379,193,497,37","127,195,3,189,189,154,39,21,128,151",541
966,103,"683,452,184,539,190,383,629,770,461,646","127,146,36,148,163,164,189,148,129,155,155",510
4238,103,"683,452,811,383,539,405,363,786,731,710","127,146,3,189,148,154,128,154,219,127",521
3693,103,"683,452,811,383,539,405,710,731,199,312","127,146,3,189,148,154,127,219,155,148",463
1674,103,"683,452,884,441,349,638,866,561,184,231","127,146,44,117,127,154,284,63,36,128",640
4328,103,"452,137,677,379,789,332,638,474,738,193","146,39,156,39,156,154,154,3,155,21",278
4352,103,"683,452,811,383,363,405,539,406,59,116","127,146,3,189,128,154,148,127,164,128",535
5529,103,"683,923,184,342,497,130,368,638,137,379","127,195,36,163,128,63,3,154,39,39",506
2677,103,"683,401,14,782,772,37,497,383,710,614","127,174,137,117,126,151,128,189,127,3",796
3486,103,"683,923,705,781,789,379,354,417,638,130","127,195,44,39,156,39,202,165,154,63",702
796,103,"683,923,203,247,658,130,379,342,497,640","127,195,125,63,195,63,39,163,128,148",635
2917,103,"683,923,417,193,368,474,517,130,638,513","127,195,165,21,3,3,155,63,154,148",519
2572,103,"683,923,193,368,677,638,105,658,497,379","127,195,21,3,156,154,284,195,128,39",275
4,103,"452,638,368,923,658,332,517,474,677,105","146,154,3,195,195,154,155,3,156,284",226
4277,103,"683,923,705,781,789,130,379,342,417,474","127,195,44,39,156,63,39,163,165,3",563
444,103,"683,923,417,184,193,368,342,677,160,638","127,195,165,36,21,3,163,156,39,154",526
6036,103,"683,923,184,342,677,368,193,638,130,474","127,195,36,163,156,3,21,154,63,3",493
2078,103,"683,923,417,184,193,485,368,438,342,677","127,195,165,36,21,189,3,3,163,156",516
2781,103,"683,452,811,539,405,363,786,349,714,421","127,146,3,148,154,128,154,127,163,195",555
1503,103,"683,923,705,37,342,497,130,379,638,193","127,195,44,151,163,128,63,39,154,21",553
2961,103,"683,923,203,247,658,677,342,368,130,417","127,195,125,63,195,156,163,3,63,165",678
2627,103,"452,923,312,533,184,160,137,417,789,379","146,195,148,39,36,39,39,165,156,39",689
1930,103,"683,923,811,907,248,383,410,37,190,184","127,195,3,219,148,189,148,151,163,164,36",471
2436,103,"452,866,789,417,638,640,474,769,332,438","146,284,156,165,154,148,3,155,154,3",300
4492,103,"683,923,811,383,485,203,379,497,417,789","127,195,3,189,189,125,39,128,165,156",531
4858,103,"683,923,417,184,485,553,37,731,438,638","127,195,165,36,189,117,151,219,3,154",594
1041,103,"683,923,203,247,658,130,379,789,354,246","127,195,125,63,195,63,39,156,202,54",669
987,103,"683,452,811,539,570,163,406,321,861,59","127,146,3,148,117,163,127,127,135,164",690
432,103,"683,452,184,363,417,160,658,497,190,923","127,146,36,128,165,39,195,128,163,164,195",507
6147,103,"683,923,203,247,658,130,379,789,246,342","127,195,125,63,195,63,39,156,54,163",576
870,103,"683,452,184,363,438,658,638,551,789,332","127,146,36,128,3,195,154,195,156,154",427
4088,103,"452,923,772,539,363,312,154,199,714,24","146,195,126,148,128,148,164,155,163,156",479
5126,103,"683,452,811,539,405,154,202,312,199,248","127,146,3,148,154,164,153,148,155,148",498
464,103,"683,923,203,184,342,705,37,710,209,553","127,195,125,36,163,44,151,127,155,117",608
4325,103,"683,923,811,907,248,731,383,111,154,539","127,195,3,219,148,219,189,155,164,148",571
2618,103,"683,923,811,907,248,731,383,452,184,710","127,195,3,219,148,219,189,146,36,127",586
4940,103,"683,923,203,184,342,705,37,638,674,438","127,195,125,36,163,44,151,154,146,3",601
1823,103,"683,923,203,247,638,674,184,193,640,379","127,195,125,63,154,146,36,21,148,39",612
1373,103,"452,923,312,59,363,867,811,614,154,383","146,195,148,164,128,155,3,3,164,189",469
2795,103,"683,923,417,193,368,474,212,332,789,438","127,195,165,21,3,3,148,154,156,3",510
5933,103,"683,184,638,342,417,438,379,789,474,212","127,36,154,163,165,3,39,156,3,148",448
1778,103,"683,923,811,383,485,3,638,941,772,497","127,195,3,189,189,155,154,154,126,128",563
4793,103,"683,401,130,781,923,789,290,203,731,465","127,174,63,39,195,156,3,125,219,114",667
2949,103,"683,923,203,247,638,184,677,438,485,417","127,195,125,63,154,36,156,3,189,165",600
1077,103,"683,923,811,907,248,731,383,452,199,772","127,195,3,219,148,219,189,146,155,126",290
3462,103,"683,923,705,553,37,342,497,638,379,105","127,195,44,117,151,163,128,154,39,284",539
2322,103,"683,923,811,731,383,497,184,37,553,406","127,195,3,219,189,128,36,151,117,127",693
199,103,"683,923,203,247,638,674,705,47,184,342","127,195,125,63,154,146,44,127,36,163",604
248,103,"683,452,184,363,417,160,438,497,551,89","127,146,36,128,165,39,3,128,195,42",612
4142,103,"683,923,811,383,614,731,452,553,710,772","127,195,3,189,3,219,146,117,127,126",464
4017,103,"683,452,184,363,551,786,539,312,154,59","127,146,36,128,195,154,148,148,164,164",519
767,103,"683,923,417,193,368,474,130,638,212,379","127,195,165,21,3,3,63,154,148,39",582
4698,103,"683,923,705,37,342,638,184,193,368,417","127,195,44,151,163,154,36,21,3,165",553
35,103,"683,452,811,539,570,163,406,321,405,363","127,146,3,148,117,163,127,127,154,128",620
2148,103,"683,923,417,184,193,368,342,677,438,638","127,195,165,36,21,3,163,156,3,154",520
4875,103,"683,923,417,193,368,438,342,638,474,184","127,195,165,21,3,3,163,154,3,36",423
5579,103,"683,452,811,383,363,405,539,314,406,772","127,146,3,189,128,154,148,155,127,126",585
5580,103,"683,923,203,184,342,638,37,677,485,731","127,195,125,36,163,154,151,156,189,219",608
1109,103,"683,923,811,383,485,497,731,638,379,184","127,195,3,189,189,128,219,154,39,36",555
6018,103,"452,137,677,379,789,638,342,332,658,551","146,39,156,39,156,154,163,154,195,195",312
2923,103,"683,923,811,907,705,37,383,111,184,629","127,195,3,219,44,151,189,155,36,148",669
1172,103,"683,923,417,184,193,368,105,342,497,640","127,195,165,36,21,3,284,163,128,148",506
714,103,"452,923,312,533,3,383,714,190,379,465","146,195,148,39,155,189,163,163,164,39,114",380
425,103,"683,923,193,368,105,638,517,379,474,677","127,195,21,3,284,154,155,39,3,156",304
5558,103,"683,452,184,539,154,312,405,59,202,731","127,146,36,148,164,148,154,164,153,219",561
3945,103,"683,452,811,383,363,714,405,406,539,199","127,146,3,189,128,163,154,127,148,155",582
730,103,"683,923,705,781,789,130,438,379,638,193","127,195,44,39,156,63,3,39,154,21",572
3475,103,"683,452,811,383,539,405,363,786,710,714","127,146,3,189,148,154,128,154,127,163",547
2062,103,"452,923,312,533,383,714,614,539,154,527","146,195,148,39,189,163,3,148,164,155",380
3456,103,"683,923,417,193,368,474,130,638,212,379","127,195,165,21,3,3,63,154,148,39",545
2726,103,"683,923,203,677,417,379,789,246,438,130","127,195,125,156,165,39,156,54,3,63",546
3852,103,"452,638,417,184,383,629,438,290,160,485","146,154,165,36,189,148,3,3,39,189",531
4540,104,"452,137,677,160,368,379,789,638,474,332","146,39,156,39,3,39,156,154,3,154",251
3507,104,"683,923,417,184,193,368,438,342,677,485","127,195,165,36,21,3,3,163,156,189",531
4932,104,"683,452,811,383,539,405,710,731,406,163","127,146,3,189,148,154,127,219,127,163",471
5784,104,"683,452,184,539,867,190,406,405,314,59","127,146,36,148,155,163,164,127,154,155,164",490
5424,104,"683,923,811,907,184,731,383,37,190,629","127,195,3,219,36,219,189,151,163,164,148",535
5481,104,"683,923,705,781,130,193,368,789,438,379","127,195,44,39,63,21,3,156,3,39",553
4511,104,"683,452,811,383,363,714,866,354,170,379","127,146,3,189,128,163,284,202,39,39",612
5430,104,"683,923,203,677,417,193,638,368,497,438","127,195,125,156,165,21,154,3,128,3",546
2873,104,"452,638,923,184,677,417,438,332,130,513","146,154,195,36,156,165,3,154,63,148",477
1235,104,"452,923,312,533,383,363,714,190,379,614","146,195,148,39,189,128,163,163,164,39,3",494
4355,104,"683,923,705,781,789,379,417,193,368,130","127,195,44,39,156,39,165,21,3,63",586
3184,104,"683,923,811,907,248,111,457,406,410,184","127,195,3,219,148,155,156,127,148,36",535
2179,104,"452,638,923,184,677,417,438,332,212,368","146,154,195,36,156,165,3,154,148,3",352
3210,104,"683,923,417,193,368,474,130,246,379,789","127,195,165,21,3,3,63,54,39,156",544
3735,104,"683,923,193,368,677,638,738,497,379,105","127,195,21,3,156,154,155,128,39,284",289
4486,104,"683,923,417,184,193,485,368,290,342,379","127,195,165,36,21,189,3,3,163,39",519
574,104,"683,923,417,193,368,474,130,638,379,332","127,195,165,21,3,3,63,154,39,154",483
633,104,"683,452,184,539,190,199,383,629,770,461","127,146,36,148,163,164,155,189,148,129,155",508
1133,104,"452,638,923,383,614,533,59,154,312,742","146,154,195,189,3,39,164,164,148,164",361
5148,104,"683,452,811,383,539,405,59,312,731,742","127,146,3,189,148,154,164,148,219,164",556
64,104,"683,923,417,184,485,553,37,811,539,133","127,195,165,36,189,117,151,3,148,163",494
5501,104,"683,923,417,193,368,547,474,638,342,379","127,195,165,21,3,155,3,154,163,39",463
1584,104,"452,923,312,59,742,539,154,614,202,383","146,195,148,164,164,148,164,3,153,189",413
729,104,"452,923,312,533,383,714,614,539,154,811","146,195,148,39,189,163,3,148,164,3",346
3759,104,"683,923,417,193,368,474,789,379,332,638","127,195,165,21,3,3,156,39,154,154",437
3009,104,"452,137,677,160,923,517,342,105,368,184","146,39,156,39,195,155,163,284,3,36",516
4554,104,"683,923,705,781,789,379,354,640,417,638","127,195,44,39,156,39,202,148,165,154",569
2626,104,"683,923,203,677,417,130,193,379,368,342","127,195,125,156,165,63,21,39,3,163",628
2261,104,"683,452,811,539,570,163,312,614,383,731","127,146,3,148,117,163,148,3,189,219",641
3610,104,"683,923,203,184,383,731,705,553,674,37","127,195,125,36,189,219,44,117,146,151",600
5528,104,"683,923,705,781,789,379,354,640,212,638","127,195,44,39,156,39,202,148,148,154",553
5711,104,"683,923,705,781,789,379,417,130,368,513","127,195,44,39,156,39,165,63,3,148",553
2930,104,"452,137,184,368,105,658,332,193,789,474","146,39,36,3,284,195,154,21,156,3",293
145,104,"683,923,417,193,368,438,184,342,738,243","127,195,165,21,3,3,36,163,155,129",500
5860,104,"452,923,312,59,539,154,202,742,405,111","146,195,148,164,148,164,153,164,154,155",354
5493,104,"683,923,417,193,485,342,130,246,379,769","127,195,165,21,189,163,63,54,39,155",544
1509,104,"683,401,130,438,354,379,638,923,705,368","127,174,63,3,202,39,154,195,44,3",594
3202,104,"683,383,539,312,405,59,163,248,867,154","127,189,148,148,154,164,163,148,155,164",669
541,104,"683,452,184,363,551,417,349,547,130,40","127,146,36,128,195,165,127,155,63,3",528
1595,104,"452,705,379,781,923,368,513,677,160,465","146,44,39,39,195,3,148,156,39,114",500
4837,104,"683,452,184,539,154,629,312,59,248,383","127,146,36,148,164,148,148,164,148,189",464
5610,104,"683,452,884,363,417,923,184,640,866,438","127,146,44,128,165,195,36,148,284,3",653
66,104,"683,452,884,614,866,790,539,383,710,867","127,146,44,3,284,148,148,189,127,155",653
4215,104,"683,923,184,193,368,638,485,130,677,105","127,195,36,21,3,154,189,63,156,284",415
5436,104,"683,452,184,539,867,190,406,405,383,349","127,146,36,148,155,163,164,127,154,189,127",547
2737,104,"683,452,184,539,190,383,629,770,461,406","127,146,36,148,163,164,189,148,129,155,127",535
573,104,"452,638,417,184,383,629,461,811,485,790","146,154,165,36,189,148,155,3,189,148",547
1670,104,"683,923,203,247,638,184,866,677,417,485","127,195,125,63,154,36,284,156,165,189",644
5744,104,"683,923,705,781,789,379,417,130,342,640","127,195,44,39,156,39,165,63,163,148",586
1223,104,"452,638,417,332,789,738,342,368,193,438","146,154,165,154,156,155,163,3,21,3",400
2837,104,"683,923,417,193,368,474,130,638,212,379","127,195,165,21,3,3,63,154,148,39",538
5167,104,"683,923,811,907,248,383,410,37,190,731","127,195,3,219,148,189,148,151,163,164,219",557
1374,104,"683,923,705,781,130,789,379,677,368,417","127,195,44,39,63,156,39,156,3,165",553
2938,104,"683,923,811,731,248,383,312,539,154,420","127,195,3,219,148,189,148,148,164,153",535
4883,104,"683,923,705,781,789,130,379,638,417,474","127,195,44,39,156,63,39,154,165,3",531
1715,104,"452,137,677,379,160,368,37,789,474,332","146,39,156,39,39,3,151,156,3,154",378
1563,104,"683,923,417,193,368,474,130,246,379,769","127,195,165,21,3,3,63,54,39,155",519
3981,104,"683,452,184,539,154,629,312,383,710,59","127,146,36,148,164,148,148,189,127,164",520
1993,104,"683,452,811,383,539,405,363,786,614,742","127,146,3,189,148,154,128,154,3,164",540
4228,104,"683,923,417,193,368,474,212,379,342,497","127,195,165,21,3,3,148,39,163,128",549
3557,104,"683,923,811,383,638,379,193,789,368,677","127,195,3,189,154,39,21,156,3,156",304
449,104,"683,923,417,184,485,553,37,383,629,811","127,195,165,36,189,117,151,189,148,3",541
944,104,"452,638,417,332,474,789,379,212,640,342","146,154,165,154,3,156,39,148,148,163",447
3243,104,"683,923,705,781,789,379,354,640,212,130","127,195,44,39,156,39,202,148,148,63",553
889,104,"683,923,811,907,248,731,383,190,184,819","127,195,3,219,148,219,189,163,164,36,3",519
3540,104,"683,923,203,184,342,105,368,290,638,37","127,195,125,36,163,284,3,3,154,151",553
4748,104,"452,638,417,332,130,474,379,789,212,246","146,154,165,154,63,3,39,156,148,54",521
3532,104,"683,923,417,193,368,474,130,342,677,105","127,195,165,21,3,3,63,163,156,284",528
1764,104,"683,923,417,193,368,474,130,638,485,246","127,195,165,21,3,3,63,154,189,54",541
1614,104,"683,923,203,677,417,379,789,246,438,130","127,195,125,156,165,39,156,54,3,63",571
5452,104,"683,923,811,383,485,497,638,772,941,731","127,195,3,189,189,128,154,126,154,219",519
5139,104,"683,923,417,193,368,547,474,517,342,497","127,195,165,21,3,155,3,155,163,128",472
2840,104,"452,638,417,184,342,438,547,640,658,212","146,154,165,36,163,3,155,148,195,148",355
2905,104,"683,923,811,731,248,539,772,111,410,383","127,195,3,219,148,148,126,155,148,189",628
1294,104,"683,923,417,184,193,368,342,677,438,638","127,195,165,36,21,3,163,156,3,154",570
2101,104,"683,452,811,539,731,238,714,363,184,190","127,146,3,148,219,155,163,128,36,163,164",574
5250,104,"452,923,312,59,742,539,154,614,202,527","146,195,148,164,164,148,164,3,153,155",338
2710,104,"683,452,811,383,363,405,714,421,786,533","127,146,3,189,128,154,163,195,154,39",520
3446,104,"683,923,417,193,368,547,474,105,638,438","127,195,165,21,3,155,3,284,154,3",519
1057,104,"683,452,184,539,867,383,710,614,190,3","127,146,36,148,155,189,127,3,163,164,155",543
185,104,"683,383,539,312,405,59,163,406,742,321","127,189,148,148,154,164,163,127,164,127",720
622,104,"683,452,811,539,731,867,742,405,363,714","127,146,3,148,219,155,164,154,128,163",535
2367,104,"452,923,312,59,539,154,202,742,405,24","146,195,148,164,148,164,153,164,154,156",398
5110,104,"452,923,312,533,383,714,417,184,629,811","146,195,148,39,189,163,165,36,148,3",349
5210,104,"683,923,417,193,368,547,474,130,246,212","127,195,165,21,3,155,3,63,54,148",523
2654,104,"683,452,811,539,570,867,3,383,312,363","127,146,3,148,117,155,155,189,148,128",541
5074,104,"683,923,705,781,789,379,354,769,640,212","127,195,44,39,156,39,202,155,148,148",553
4457,104,"683,923,811,731,248,539,420,154,163,383","127,195,3,219,148,148,153,164,163,189",690
1462,104,"683,923,417,193,485,342,130,137,379,497","127,195,165,21,189,163,63,39,39,128",554
1213,104,"683,923,705,781,789,379,417,130,368,137","127,195,44,39,156,39,165,63,3,39",644
1506,104,"866,781,789,229,383,614,243,170,457,368","284,39,156,219,189,3,129,39,156,3",388
1010,104,"452,638,438,332,547,789,658,474,379,738","146,154,3,154,155,156,195,3,39,155",270
1760,104,"683,923,203,184,383,811,485,37,193,379","127,195,125,36,189,3,189,151,21,39",600
1298,104,"452,923,312,533,184,539,811,383,629,417","146,195,148,39,36,148,3,189,148,165",430
3549,104,"683,811,539,731,884,441,363,923,170,406","127,3,148,219,44,117,128,195,39,127",633
5694,104,"683,923,811,731,383,497,184,3,629,154","127,195,3,219,189,128,36,155,148,164",606
3791,104,"683,452,866,710,561,614,539,383,190,184","127,146,284,127,63,3,148,189,163,164,36",639
4216,104,"683,923,705,781,789,379,417,130,342,640","127,195,44,39,156,39,165,63,163,148",553
1837,104,"683,923,417,184,485,383,811,638,497,438","127,195,165,36,189,189,3,154,128,3",499
2380,104,"683,452,811,539,731,405,742,199,312,383","127,146,3,148,219,154,164,155,148,189",535
2786,104,"683,923,203,247,658,130,379,789,354,246","127,195,125,63,195,63,39,156,202,54",691
3513,104,"452,638,417,184,342,438,658,640,203,290","146,154,165,36,163,3,195,148,125,3",523
3166,104,"683,923,705,781,130,789,379,677,368,547","127,195,44,39,63,156,39,156,3,155",472
111,104,"683,923,203,247,658,130,379,342,497,547","127,195,125,63,195,63,39,163,128,155",598
4671,104,"683,923,705,781,789,379,354,640,417,638","127,195,44,39,156,39,202,148,165,154",553
1507,104,"683,452,184,539,154,629,867,383,312,710","127,146,36,148,164,148,155,189,148,127",634
3266,104,"683,452,811,539,731,3,405,786,363,383","127,146,3,148,219,155,154,154,128,189",579
3187,104,"452,137,677,160,368,923,417,184,485,342","146,39,156,39,3,195,165,36,189,163",374
5211,104,"683,923,417,184,485,383,731,638,629,497","127,195,165,36,189,189,219,154,148,128",541
2831,104,"452,638,923,383,190,184,379,417,290,770","146,154,195,189,163,164,36,39,165,3,129",513
2347,104,"683,923,705,553,184,638,342,438,290,417","127,195,44,117,36,154,163,3,3,165",555
5507,104,"683,923,417,193,368,438,184,130,246,342","127,195,165,21,3,3,36,63,54,163",519
5195,104,"683,923,193,368,731,638,677,497,379,105","127,195,21,3,219,154,156,128,39,284",304
5544,104,"683,923,203,184,342,705,37,710,209,638","127,195,125,36,163,44,151,127,155,154",720
2914,104,"683,452,811,539,570,383,405,199,867,406","127,146,3,148,117,189,154,155,155,127",559
5496,104,"683,452,811,539,731,405,742,248,59,312","127,146,3,148,219,154,164,148,164,148",530
1138,104,"683,452,811,539,731,383,867,312,363,710","127,146,3,148,219,189,155,148,128,127",535
4419,104,"683,923,203,247,638,674,705,789,379,640","127,195,125,63,154,146,44,156,39,148",627
3276,104,"683,923,417,184,193,368,105,342,547,497","127,195,165,36,21,3,284,163,155,128",569
2918,104,"683,923,203,184,383,811,37,485,705,789","127,195,125,36,189,3,151,189,44,156",634
50,104,"683,923,193,368,677,638,105,497,379,474","127,195,21,3,156,154,284,128,39,3",304
1378,104,"683,452,811,539,405,363,312,742,421,786","127,146,3,148,154,128,148,164,195,154",588
1389,104,"683,452,811,383,363,405,539,406,710,190","127,146,3,189,128,154,148,127,127,163,164",618
4400,104,"683,923,203,247,638,674,517,705,789,342","127,195,125,63,154,146,155,44,156,163",654
565,104,"683,923,705,553,184,638,290,37,193,342","127,195,44,117,36,154,3,151,21,163",640
5627,104,"683,452,811,539,163,321,406,59,405,421","127,146,3,148,163,127,127,164,154,195",669
5456,104,"683,452,811,383,539,405,884,867,786,363","127,146,3,189,148,154,44,155,154,128",611
1362,104,"683,452,811,383,867,884,731,539,570,614","127,146,3,189,155,44,219,148,117,3",574
123,104,"683,184,811,383,485,3,731,638,629,417","127,36,3,189,189,155,219,154,148,165",466
3482,104,"683,452,184,363,551,417,923,40,513,130","127,146,36,128,195,165,195,3,148,63",547
1626,104,"683,923,383,485,37,638,379,497,368,406","127,195,189,189,151,154,39,128,3,127",540
6033,104,"683,452,884,441,406,923,363,398,80,349","127,146,44,117,127,195,128,270,155,127",661
5560,104,"683,452,811,539,405,154,202,312,731,248","127,146,3,148,154,164,153,148,219,148",616
4723,104,"683,452,184,539,190,383,629,770,3,811","127,146,36,148,163,164,189,148,129,155,3",498
1525,104,"683,452,184,539,154,629,312,199,383,710","127,146,36,148,164,148,148,155,189,127",600
3854,104,"683,923,811,383,614,731,37,710,452,772","127,195,3,189,3,219,151,127,146,126",544
184,104,"683,923,203,184,342,705,37,710,160,438","127,195,125,36,163,44,151,127,39,3",645
1025,104,"683,923,811,907,184,731,248,312,539,383","127,195,3,219,36,219,148,148,148,189",535
2100,104,"452,383,312,533,811,539,614,59,742,405","146,189,148,39,3,148,3,164,164,154",371
2034,104,"452,923,312,533,184,539,811,190,410,383","146,195,148,39,36,148,3,163,164,148,189",485
1554,104,"683,923,203,184,342,638,438,247,658,246","127,195,125,36,163,154,3,63,195,54",612
3938,104,"683,401,130,417,438,781,638,923,485,789","127,174,63,165,3,39,154,195,189,156",688
481,104,"683,452,184,363,551,417,923,40,137,547","127,146,36,128,195,165,195,3,39,155",463
3315,104,"683,923,811,383,485,638,379,193,497,37","127,195,3,189,189,154,39,21,128,151",541
966,104,"683,452,184,539,190,383,629,770,646,497","127,146,36,148,163,164,189,148,129,155,128",510
4238,104,"683,452,811,383,539,405,363,786,731,710","127,146,3,189,148,154,128,154,219,127",521
3693,104,"683,452,811,383,539,405,710,731,312,3","127,146,3,189,148,154,127,219,148,155",463
1674,104,"683,452,884,441,349,638,866,561,184,461","127,146,44,117,127,154,284,63,36,155",640
4328,104,"452,137,677,379,789,547,332,638,474,738","146,39,156,39,156,155,154,154,3,155",278
4352,104,"683,452,811,383,867,405,539,406,314,59","127,146,3,189,155,154,148,127,155,164",535
5529,104,"683,923,184,342,497,130,368,638,137,379","127,195,36,163,128,63,3,154,39,39",506
2677,104,"683,401,14,782,772,37,497,383,710,614","127,174,137,117,126,151,128,189,127,3",796
3486,104,"683,923,705,781,789,379,354,417,638,130","127,195,44,39,156,39,202,165,154,63",702
796,104,"683,923,203,247,658,130,379,342,497,640","127,195,125,63,195,63,39,163,128,148",635
2917,104,"683,923,417,193,368,474,130,342,677,105","127,195,165,21,3,3,63,163,156,284",519
2572,104,"683,923,193,368,677,638,517,474,789,379","127,195,21,3,156,154,155,3,156,39",275
4,104,"452,638,368,923,658,332,105,677,474,193","146,154,3,195,195,154,284,156,3,21",226
4277,104,"683,923,705,781,789,130,379,342,417,474","127,195,44,39,156,63,39,163,165,3",563
444,104,"683,923,417,184,193,368,342,677,160,638","127,195,165,36,21,3,163,156,39,154",526
6036,104,"683,923,184,342,677,368,193,638,130,474","127,195,36,163,156,3,21,154,63,3",493
2078,104,"683,923,417,184,193,485,368,438,342,677","127,195,165,36,21,189,3,3,163,156",516
2781,104,"683,452,811,539,405,363,786,349,714,421","127,146,3,148,154,128,154,127,163,195",555
1503,104,"683,923,705,37,342,497,130,379,638,193","127,195,44,151,163,128,63,39,154,21",553
2961,104,"683,923,203,247,658,677,342,368,130,417","127,195,125,63,195,156,163,3,63,165",678
2627,104,"452,923,312,533,184,160,137,417,789,379","146,195,148,39,36,39,39,165,156,39",689
1930,104,"683,923,811,907,248,383,410,37,190,184","127,195,3,219,148,189,148,151,163,164,36",471
2436,104,"452,866,789,417,638,640,474,332,438,705","146,284,156,165,154,148,3,154,3,44",300
4492,104,"683,923,811,383,485,203,379,497,417,789","127,195,3,189,189,125,39,128,165,156",531
4858,104,"683,923,417,184,485,553,37,731,438,638","127,195,165,36,189,117,151,219,3,154",594
1041,104,"683,923,203,247,658,130,379,789,354,246","127,195,125,63,195,63,39,156,202,54",669
987,104,"683,452,811,539,570,163,406,321,861,867","127,146,3,148,117,163,127,127,135,155",690
432,104,"683,452,184,363,417,160,658,497,190,923","127,146,36,128,165,39,195,128,163,164,195",507
6147,104,"683,923,203,247,658,130,379,789,246,769","127,195,125,63,195,63,39,156,54,155",576
870,104,"683,452,184,363,438,658,638,551,789,332","127,146,36,128,3,195,154,195,156,154",427
4088,104,"452,923,772,3,539,154,363,312,405,714","146,195,126,155,148,164,128,148,154,163",479
5126,104,"683,452,811,539,405,154,202,312,59,248","127,146,3,148,154,164,153,148,164,148",498
464,104,"683,923,203,184,342,705,37,710,553,160","127,195,125,36,163,44,151,127,117,39",608
4325,104,"683,923,811,907,248,731,383,111,154,539","127,195,3,219,148,219,189,155,164,148",571
2618,104,"683,923,811,907,248,731,383,452,184,710","127,195,3,219,148,219,189,146,36,127",586
4940,104,"683,923,203,184,342,705,37,638,674,438","127,195,125,36,163,44,151,154,146,3",601
1823,104,"683,923,203,247,638,674,184,193,640,379","127,195,125,63,154,146,36,21,148,39",612
1373,104,"452,923,312,59,363,867,811,3,190,238","146,195,148,164,128,155,3,155,163,164,155",469
2795,104,"683,923,417,193,368,474,212,332,789,438","127,195,165,21,3,3,148,154,156,3",510
5933,104,"683,184,638,342,417,438,379,789,474,212","127,36,154,163,165,3,39,156,3,148",448
1778,104,"683,923,811,383,485,3,638,941,772,497","127,195,3,189,189,155,154,154,126,128",563
4793,104,"683,401,130,781,923,789,290,203,731,465","127,174,63,39,195,156,3,125,219,114",667
2949,104,"683,923,203,247,638,184,677,438,485,417","127,195,125,63,154,36,156,3,189,165",600
1077,104,"683,923,811,907,248,731,383,452,639,772","127,195,3,219,148,219,189,146,155,126",290
3462,104,"683,923,705,553,37,342,497,638,379,105","127,195,44,117,151,163,128,154,39,284",539
2322,104,"683,923,811,731,383,497,184,37,553,406","127,195,3,219,189,128,36,151,117,127",693
199,104,"683,923,203,247,638,674,705,47,184,342","127,195,125,63,154,146,44,127,36,163",604
248,104,"683,452,184,363,417,160,438,738,658,354","127,146,36,128,165,39,3,155,195,202",612
4142,104,"683,923,811,383,614,731,452,553,710,772","127,195,3,189,3,219,146,117,127,126",464
4017,104,"683,452,184,363,551,786,539,312,154,59","127,146,36,128,195,154,148,148,164,164",519
767,104,"683,923,417,193,368,474,130,638,212,379","127,195,165,21,3,3,63,154,148,39",582
4698,104,"683,923,705,37,342,638,184,193,368,417","127,195,44,151,163,154,36,21,3,165",553
35,104,"683,452,811,539,570,163,406,321,405,238","127,146,3,148,117,163,127,127,154,155",620
2148,104,"683,923,417,184,193,368,342,677,438,638","127,195,165,36,21,3,163,156,3,154",520
4875,104,"683,923,417,193,368,438,342,638,474,517","127,195,165,21,3,3,163,154,3,155",423
5579,104,"683,452,811,383,363,405,539,314,406,772","127,146,3,189,128,154,148,155,127,126",585
5580,104,"683,923,203,184,342,638,37,677,485,731","127,195,125,36,163,154,151,156,189,219",608
1109,104,"683,923,811,383,485,497,731,638,379,184","127,195,3,189,189,128,219,154,39,36",555
6018,104,"452,137,677,379,789,638,342,547,332,658","146,39,156,39,156,154,163,155,154,195",312
2923,104,"683,923,811,907,705,37,383,731,184,190","127,195,3,219,44,151,189,219,36,163,164",669
1172,104,"683,923,417,184,193,368,105,342,497,640","127,195,165,36,21,3,284,163,128,148",506
714,104,"452,923,312,533,3,383,714,190,379,465","146,195,148,39,155,189,163,163,164,39,114",380
425,104,"683,923,193,368,105,638,517,379,474,677","127,195,21,3,284,154,155,39,3,156",304
5558,104,"683,452,184,539,154,312,405,59,202,731","127,146,36,148,164,148,154,164,153,219",561
3945,104,"683,452,811,383,363,714,238,406,405,199","127,146,3,189,128,163,155,127,154,155",582
730,104,"683,923,705,781,789,130,438,379,638,193","127,195,44,39,156,63,3,39,154,21",572
3475,104,"683,452,811,383,539,405,363,786,710,714","127,146,3,189,148,154,128,154,127,163",547
2062,104,"452,923,312,533,383,714,614,539,154,811","146,195,148,39,189,163,3,148,164,3",380
3456,104,"683,923,417,193,368,474,130,638,212,379","127,195,165,21,3,3,63,154,148,39",545
2726,104,"683,923,203,677,417,379,789,246,438,130","127,195,125,156,165,39,156,54,3,63",546
3852,104,"452,638,417,184,383,629,461,160,290,485","146,154,165,36,189,148,155,39,3,189",531
4540,105,"452,137,677,160,368,379,789,638,474,332","146,39,156,39,3,39,156,154,3,154",251
3507,105,"683,923,417,184,193,368,438,342,677,485","127,195,165,36,21,3,3,163,156,189",531
4932,105,"683,452,811,383,539,405,710,731,406,163","127,146,3,189,148,154,127,219,127,163",471
5784,105,"683,452,184,539,190,383,710,405,406,59","127,146,36,148,163,164,189,127,154,127,164",490
5424,105,"683,923,811,907,184,731,383,37,190,629","127,195,3,219,36,219,189,151,163,164,148",535
5481,105,"683,923,705,781,130,193,368,789,438,547","127,195,44,39,63,21,3,156,3,155",553
4511,105,"683,452,811,383,363,714,866,354,170,379","127,146,3,189,128,163,284,202,39,39",612
5430,105,"683,923,203,677,417,193,547,638,485,438","127,195,125,156,165,21,155,154,189,3",546
2873,105,"452,638,923,184,677,417,438,332,130,513","146,154,195,36,156,165,3,154,63,148",477
1235,105,"452,923,312,533,383,363,199,714,190,379","146,195,148,39,189,128,155,163,163,164,39",494
4355,105,"683,923,705,781,789,379,417,193,368,547","127,195,44,39,156,39,165,21,3,155",586
3184,105,"683,923,811,907,248,383,410,37,190,731","127,195,3,219,148,189,148,151,163,164,219",535
2179,105,"452,638,923,184,677,417,438,332,212,368","146,154,195,36,156,165,3,154,148,3",352
3210,105,"683,923,417,193,368,547,474,130,246,789","127,195,165,21,3,155,3,63,54,156",544
3735,105,"683,923,193,368,677,638,738,497,379,105","127,195,21,3,156,154,155,128,39,284",289
4486,105,"683,923,417,184,193,485,368,290,342,379","127,195,165,36,21,189,3,3,163,39",519
574,105,"683,923,417,193,368,474,130,638,379,332","127,195,165,21,3,3,63,154,39,154",483
633,105,"683,452,184,539,190,383,629,770,314,923","127,146,36,148,163,164,189,148,129,155,195",508
1133,105,"452,638,923,383,614,3,199,312,742,59","146,154,195,189,3,155,155,148,164,164",361
5148,105,"683,452,811,383,539,405,59,312,199,731","127,146,3,189,148,154,164,148,155,219",556
64,105,"683,923,417,184,485,553,37,811,539,133","127,195,165,36,189,117,151,3,148,163",494
5501,105,"683,923,417,193,368,474,342,497,379,212","127,195,165,21,3,3,163,128,39,148",463
1584,105,"452,923,312,59,742,539,154,614,202,383","146,195,148,164,164,148,164,3,153,189",413
729,105,"452,923,312,533,383,3,714,811,190,614","146,195,148,39,189,155,163,3,163,164,3",346
3759,105,"683,923,417,193,368,474,789,379,332,638","127,195,165,21,3,3,156,39,154,154",437
3009,105,"452,137,677,160,923,517,342,105,368,184","146,39,156,39,195,155,163,284,3,36",516
4554,105,"683,923,705,781,789,379,354,640,417,638","127,195,44,39,156,39,202,148,165,154",569
2626,105,"683,923,203,677,417,130,193,379,368,342","127,195,125,156,165,63,21,39,3,163",628
2261,105,"683,452,811,539,570,163,312,614,383,731","127,146,3,148,117,163,148,3,189,219",641
3610,105,"683,923,203,184,383,731,705,553,674,37","127,195,125,36,189,219,44,117,146,151",600
5528,105,"683,923,705,781,789,379,354,640,212,638","127,195,44,39,156,39,202,148,148,154",553
5711,105,"683,923,705,781,789,379,417,130,368,513","127,195,44,39,156,39,165,63,3,148",553
2930,105,"452,137,184,368,105,658,332,193,789,474","146,39,36,3,284,195,154,21,156,3",293
145,105,"683,923,417,193,368,438,184,342,246,640","127,195,165,21,3,3,36,163,54,148",500
5860,105,"452,923,312,59,539,154,202,742,405,24","146,195,148,164,148,164,153,164,154,156",354
5493,105,"683,923,417,193,485,342,130,246,379,769","127,195,165,21,189,163,63,54,39,155",544
1509,105,"683,401,130,438,354,379,638,923,705,368","127,174,63,3,202,39,154,195,44,3",594
3202,105,"683,383,539,312,405,59,163,248,154,443","127,189,148,148,154,164,163,148,164,176",669
541,105,"683,452,184,363,551,417,349,130,40,438","127,146,36,128,195,165,127,63,3,3",528
1595,105,"452,705,379,781,923,368,513,677,160,465","146,44,39,39,195,3,148,156,39,114",500
4837,105,"683,452,184,539,154,629,312,59,248,383","127,146,36,148,164,148,148,164,148,189",464
5610,105,"683,452,884,363,417,923,547,184,640,866","127,146,44,128,165,195,155,36,148,284",653
66,105,"683,452,884,614,866,790,539,383,710,154","127,146,44,3,284,148,148,189,127,164",653
4215,105,"683,923,184,193,368,638,485,130,677,105","127,195,36,21,3,154,189,63,156,284",415
5436,105,"683,452,184,539,190,383,629,770,406,421","127,146,36,148,163,164,189,148,129,127,195",547
2737,105,"683,452,184,539,190,383,629,770,465,497","127,146,36,148,163,164,189,148,129,114,128",535
573,105,"452,638,417,184,383,629,37,438,354,290","146,154,165,36,189,148,151,3,202,3",547
1670,105,"683,923,203,247,638,184,866,677,417,485","127,195,125,63,154,36,284,156,165,189",644
5744,105,"683,923,705,781,789,379,417,547,130,474","127,195,44,39,156,39,165,155,63,3",586
1223,105,"452,638,417,332,789,438,342,368,212,474","146,154,165,154,156,3,163,3,148,3",400
2837,105,"683,923,417,193,368,474,130,638,212,379","127,195,165,21,3,3,63,154,148,39",538
5167,105,"683,923,811,907,248,111,731,539,772,410","127,195,3,219,148,155,219,148,126,148",557
1374,105,"683,923,705,781,130,789,379,677,368,417","127,195,44,39,63,156,39,156,3,165",553
2938,105,"683,923,811,731,248,383,312,539,154,420","127,195,3,219,148,189,148,148,164,153",535
4883,105,"683,923,705,781,789,130,379,638,417,474","127,195,44,39,156,63,39,154,165,3",531
1715,105,"452,137,677,379,160,368,37,789,474,332","146,39,156,39,39,3,151,156,3,154",378
1563,105,"683,923,417,193,368,474,130,246,379,789","127,195,165,21,3,3,63,54,39,156",519
3981,105,"683,452,184,539,154,629,312,383,710,59","127,146,36,148,164,148,148,189,127,164",520
1993,105,"683,452,811,383,539,405,363,786,199,533","127,146,3,189,148,154,128,154,155,39",540
4228,105,"683,923,417,193,368,474,212,379,342,497","127,195,165,21,3,3,148,39,163,128",549
3557,105,"683,923,811,383,638,379,193,789,368,677","127,195,3,189,154,39,21,156,3,156",304
449,105,"683,923,417,184,485,553,37,134,811,383","127,195,165,36,189,117,151,155,3,189",541
944,105,"452,638,417,332,474,789,379,212,640,342","146,154,165,154,3,156,39,148,148,163",447
3243,105,"683,923,705,781,789,379,354,640,212,130","127,195,44,39,156,39,202,148,148,63",553
889,105,"683,923,811,907,248,731,383,190,184,819","127,195,3,219,148,219,189,163,164,36,3",519
3540,105,"683,923,203,184,342,105,368,290,638,37","127,195,125,36,163,284,3,3,154,151",553
4748,105,"452,638,417,332,130,474,379,789,212,246","146,154,165,154,63,3,39,156,148,54",521
3532,105,"683,923,417,193,368,474,130,342,677,105","127,195,165,21,3,3,63,163,156,284",528
1764,105,"683,923,417,193,368,474,130,638,485,246","127,195,165,21,3,3,63,154,189,54",541
1614,105,"683,923,203,677,417,379,789,246,438,130","127,195,125,156,165,39,156,54,3,63",571
5452,105,"683,923,811,383,485,3,638,941,772,731","127,195,3,189,189,155,154,154,126,219",519
5139,105,"683,923,417,193,368,474,517,342,497,379","127,195,165,21,3,3,155,163,128,39",472
2840,105,"452,638,417,184,342,438,658,640,368,332","146,154,165,36,163,3,195,148,3,154",355
2905,105,"683,923,811,731,248,539,772,111,410,383","127,195,3,219,148,148,126,155,148,189",628
1294,105,"683,923,417,184,193,368,342,677,438,638","127,195,165,36,21,3,163,156,3,154",570
2101,105,"683,452,811,539,731,3,406,312,533,383","127,146,3,148,219,155,127,148,39,189",574
5250,105,"452,923,312,59,742,539,154,614,202,527","146,195,148,164,164,148,164,3,153,155",338
2710,105,"683,452,811,383,363,405,714,421,786,533","127,146,3,189,128,154,163,195,154,39",520
3446,105,"683,923,417,193,368,547,474,105,638,438","127,195,165,21,3,155,3,284,154,3",519
1057,105,"683,452,184,539,190,383,614,710,923,406","127,146,36,148,163,164,189,3,127,195,127",543
185,105,"683,383,539,312,405,59,163,406,742,321","127,189,148,148,154,164,163,127,164,127",720
622,105,"683,452,811,539,731,405,363,383,742,714","127,146,3,148,219,154,128,189,164,163",535
2367,105,"452,923,312,59,539,154,202,742,405,24","146,195,148,164,148,164,153,164,154,156",398
5110,105,"452,923,312,533,383,461,184,199,811,417","146,195,148,39,189,155,36,155,3,165",349
5210,105,"683,923,417,193,368,474,130,246,212,342","127,195,165,21,3,3,63,54,148,163",523
2654,105,"683,452,811,539,570,383,312,405,363,786","127,146,3,148,117,189,148,154,128,154",541
5074,105,"683,923,705,781,789,379,354,640,212,638","127,195,44,39,156,39,202,148,148,154",553
4457,105,"683,923,811,731,248,539,420,154,163,383","127,195,3,219,148,148,153,164,163,189",690
1462,105,"683,923,417,193,485,342,130,137,379,497","127,195,165,21,189,163,63,39,39,128",554
1213,105,"683,923,705,781,789,379,417,130,368,137","127,195,44,39,156,39,165,63,3,39",644
1506,105,"866,781,789,229,3,383,243,614,170,457","284,39,156,219,155,189,129,3,39,156",388
1010,105,"452,638,438,332,789,658,474,379,368,738","146,154,3,154,156,195,3,39,3,155",270
1760,105,"683,923,203,184,383,811,485,37,193,379","127,195,125,36,189,3,189,151,21,39",600
1298,105,"452,923,312,533,184,539,811,383,629,417","146,195,148,39,36,148,3,189,148,165",430
3549,105,"683,811,539,731,884,441,363,923,170,406","127,3,148,219,44,117,128,195,39,127",633
5694,105,"683,923,811,731,383,497,184,3,629,154","127,195,3,219,189,128,36,155,148,164",606
3791,105,"683,452,866,710,561,614,539,383,190,184","127,146,284,127,63,3,148,189,163,164,36",639
4216,105,"683,923,705,781,789,379,417,130,342,640","127,195,44,39,156,39,165,63,163,148",553
1837,105,"683,923,417,184,485,383,811,638,497,438","127,195,165,36,189,189,3,154,128,3",499
2380,105,"683,452,811,539,731,867,363,312,383,405","127,146,3,148,219,155,128,148,189,154",535
2786,105,"683,923,203,247,658,130,379,789,354,246","127,195,125,63,195,63,39,156,202,54",691
3513,105,"452,638,417,184,342,438,658,640,203,290","146,154,165,36,163,3,195,148,125,3",523
3166,105,"683,923,705,781,130,789,379,677,368,417","127,195,44,39,63,156,39,156,3,165",472
111,105,"683,923,203,247,658,130,379,342,497,547","127,195,125,63,195,63,39,163,128,155",598
4671,105,"683,923,705,781,789,379,354,640,417,638","127,195,44,39,156,39,202,148,165,154",553
1507,105,"683,452,184,539,154,629,312,383,710,59","127,146,36,148,164,148,148,189,127,164",634
3266,105,"683,452,811,539,731,3,405,786,363,383","127,146,3,148,219,155,154,154,128,189",579
3187,105,"452,137,677,160,368,923,417,184,485,342","146,39,156,39,3,195,165,36,189,163",374
5211,105,"683,923,417,184,485,383,731,638,629,497","127,195,165,36,189,189,219,154,148,128",541
2831,105,"452,638,923,383,190,184,379,417,290,770","146,154,195,189,163,164,36,39,165,3,129",513
2347,105,"683,923,705,553,184,638,342,438,517,417","127,195,44,117,36,154,163,3,155,165",555
5507,105,"683,923,417,193,368,438,184,130,246,342","127,195,165,21,3,3,36,63,54,163",519
5195,105,"683,923,193,368,731,638,677,497,379,105","127,195,21,3,219,154,156,128,39,284",304
5544,105,"683,923,203,184,342,705,37,710,209,638","127,195,125,36,163,44,151,127,155,154",720
2914,105,"683,452,811,539,570,383,405,199,154,314","127,146,3,148,117,189,154,155,164,155",559
5496,105,"683,452,811,539,731,405,742,248,59,312","127,146,3,148,219,154,164,148,164,148",530
1138,105,"683,452,811,539,731,238,406,383,312,533","127,146,3,148,219,155,127,189,148,39",535
4419,105,"683,923,203,247,638,674,705,789,379,640","127,195,125,63,154,146,44,156,39,148",627
3276,105,"683,923,417,184,193,368,105,342,497,130","127,195,165,36,21,3,284,163,128,63",569
2918,105,"683,923,203,184,383,811,37,485,705,789","127,195,125,36,189,3,151,189,44,156",634
50,105,"683,923,193,368,677,638,738,497,379,105","127,195,21,3,156,154,155,128,39,284",304
1378,105,"683,452,811,539,405,363,312,742,421,786","127,146,3,148,154,128,148,164,195,154",588
1389,105,"683,452,811,383,363,405,539,314,406,772","127,146,3,189,128,154,148,155,127,126",618
4400,105,"683,923,203,247,638,674,705,789,379,368","127,195,125,63,154,146,44,156,39,3",654
565,105,"683,923,705,553,184,638,290,37,193,342","127,195,44,117,36,154,3,151,21,163",640
5627,105,"683,452,811,539,163,321,406,59,405,421","127,146,3,148,163,127,127,164,154,195",669
5456,105,"683,452,811,383,539,405,884,867,786,363","127,146,3,189,148,154,44,155,154,128",611
1362,105,"683,452,811,383,363,405,238,163,714,570","127,146,3,189,128,154,155,163,163,117",574
123,105,"683,184,811,383,485,941,731,497,638,772","127,36,3,189,189,154,219,128,154,126",466
3482,105,"683,452,184,363,551,417,923,40,513,547","127,146,36,128,195,165,195,3,148,155",547
1626,105,"683,923,383,485,37,638,379,497,368,406","127,195,189,189,151,154,39,128,3,127",540
6033,105,"683,452,884,441,406,923,363,398,349,772","127,146,44,117,127,195,128,270,127,126",661
5560,105,"683,452,811,539,405,154,202,312,731,248","127,146,3,148,154,164,153,148,219,148",616
4723,105,"683,452,184,539,190,383,629,770,461,406","127,146,36,148,163,164,189,148,129,155,127",498
1525,105,"683,452,184,539,154,629,312,383,710,59","127,146,36,148,164,148,148,189,127,164",600
3854,105,"683,923,811,383,614,731,37,710,452,772","127,195,3,189,3,219,151,127,146,126",544
184,105,"683,923,203,184,342,705,37,710,160,438","127,195,125,36,163,44,151,127,39,3",645
1025,105,"683,923,811,907,184,731,248,312,539,383","127,195,3,219,36,219,148,148,148,189",535
2100,105,"452,383,312,533,811,539,614,59,742,405","146,189,148,39,3,148,3,164,164,154",371
2034,105,"452,923,312,533,184,539,811,190,410,383","146,195,148,39,36,148,3,163,164,148,189",485
1554,105,"683,923,203,184,342,638,438,247,658,246","127,195,125,36,163,154,3,63,195,54",612
3938,105,"683,401,130,417,438,781,638,923,485,789","127,174,63,165,3,39,154,195,189,156",688
481,105,"683,452,184,363,551,417,923,40,137,438","127,146,36,128,195,165,195,3,39,3",463
3315,105,"683,923,811,383,485,638,379,193,497,37","127,195,3,189,189,154,39,21,128,151",541
966,105,"683,452,184,539,190,383,629,770,465,199","127,146,36,148,163,164,189,148,129,114,155",510
4238,105,"683,452,811,383,539,405,363,786,731,710","127,146,3,189,148,154,128,154,219,127",521
3693,105,"683,452,811,383,539,405,710,731,867,199","127,146,3,189,148,154,127,219,155,155",463
1674,105,"683,452,884,441,349,638,866,561,184,461","127,146,44,117,127,154,284,63,36,155",640
4328,105,"452,137,677,379,789,332,638,474,738,193","146,39,156,39,156,154,154,3,155,21",278
4352,105,"683,452,811,383,363,405,539,406,527,421","127,146,3,189,128,154,148,127,155,195",535
5529,105,"683,923,184,342,497,130,368,638,137,379","127,195,36,163,128,63,3,154,39,39",506
2677,105,"683,401,14,782,772,37,497,383,710,614","127,174,137,117,126,151,128,189,127,3",796
3486,105,"683,923,705,781,789,379,354,417,638,130","127,195,44,39,156,39,202,165,154,63",702
796,105,"683,923,203,247,658,130,379,342,497,640","127,195,125,63,195,63,39,163,128,148",635
2917,105,"683,923,417,193,368,547,474,105,342,130","127,195,165,21,3,155,3,284,163,63",519
2572,105,"683,923,193,368,677,638,105,658,497,379","127,195,21,3,156,154,284,195,128,39",275
4,105,"452,638,368,923,658,332,105,677,474,193","146,154,3,195,195,154,284,156,3,21",226
4277,105,"683,923,705,781,789,130,379,342,417,474","127,195,44,39,156,63,39,163,165,3",563
444,105,"683,923,417,184,193,368,342,677,160,638","127,195,165,36,21,3,163,156,39,154",526
6036,105,"683,923,184,342,677,368,193,638,130,474","127,195,36,163,156,3,21,154,63,3",493
2078,105,"683,923,417,184,193,485,368,438,342,677","127,195,165,36,21,189,3,3,163,156",516
2781,105,"683,452,811,539,405,363,786,349,714,421","127,146,3,148,154,128,154,127,163,195",555
1503,105,"683,923,705,37,342,497,130,379,638,193","127,195,44,151,163,128,63,39,154,21",553
2961,105,"683,923,203,247,658,677,342,368,130,417","127,195,125,63,195,156,163,3,63,165",678
2627,105,"452,923,312,533,184,160,137,417,789,379","146,195,148,39,36,39,39,165,156,39",689
1930,105,"683,923,811,907,248,383,410,37,190,184","127,195,3,219,148,189,148,151,163,164,36",471
2436,105,"452,866,789,417,638,640,474,547,332,438","146,284,156,165,154,148,3,155,154,3",300
4492,105,"683,923,811,383,485,203,379,497,417,789","127,195,3,189,189,125,39,128,165,156",531
4858,105,"683,923,417,184,485,553,37,731,438,638","127,195,165,36,189,117,151,219,3,154",594
1041,105,"683,923,203,247,658,130,379,789,354,246","127,195,125,63,195,63,39,156,202,54",669
987,105,"683,452,811,539,570,163,406,321,861,59","127,146,3,148,117,163,127,127,135,164",690
432,105,"683,452,184,363,417,160,547,497,190,753","127,146,36,128,165,39,155,128,163,164,164",507
6147,105,"683,923,203,247,658,130,379,789,246,769","127,195,125,63,195,63,39,156,54,155",576
870,105,"683,452,184,363,438,547,738,658,638,789","127,146,36,128,3,155,155,195,154,156",427
4088,105,"452,923,772,539,363,312,154,405,714,349","146,195,126,148,128,148,164,154,163,127",479
5126,105,"683,452,811,539,405,154,202,312,59,248","127,146,3,148,154,164,153,148,164,148",498
464,105,"683,923,203,184,342,705,37,710,553,160","127,195,125,36,163,44,151,127,117,39",608
4325,105,"683,923,811,907,248,731,383,539,3,772","127,195,3,219,148,219,189,148,155,126",571
2618,105,"683,923,811,907,248,731,383,452,184,710","127,195,3,219,148,219,189,146,36,127",586
4940,105,"683,923,203,184,342,705,37,638,674,438","127,195,125,36,163,44,151,154,146,3",601
1823,105,"683,923,203,247,638,674,184,193,640,379","127,195,125,63,154,146,36,21,148,39",612
1373,105,"452,923,312,59,363,811,24,614,742,383","146,195,148,164,128,3,156,3,164,189",469
2795,105,"683,923,417,193,368,474,212,332,789,438","127,195,165,21,3,3,148,154,156,3",510
5933,105,"683,184,638,342,417,438,379,789,474,212","127,36,154,163,165,3,39,156,3,148",448
1778,105,"683,923,811,383,485,497,731,941,248,907","127,195,3,189,189,128,219,154,148,219",563
4793,105,"683,401,130,781,923,789,290,203,731,465","127,174,63,39,195,156,3,125,219,114",667
2949,105,"683,923,203,247,638,184,677,438,485,417","127,195,125,63,154,36,156,3,189,165",600
1077,105,"683,923,811,907,248,731,383,452,199,772","127,195,3,219,148,219,189,146,155,126",290
3462,105,"683,923,705,553,37,342,497,638,379,105","127,195,44,117,151,163,128,154,39,284",539
2322,105,"683,923,811,731,383,497,184,37,553,406","127,195,3,219,189,128,36,151,117,127",693
199,105,"683,923,203,247,638,674,705,47,184,342","127,195,125,63,154,146,44,127,36,163",604
248,105,"683,452,184,363,417,160,438,547,354,497","127,146,36,128,165,39,3,155,202,128",612
4142,105,"683,923,811,383,614,731,3,452,553,199","127,195,3,189,3,219,155,146,117,155",464
4017,105,"683,452,184,363,551,786,539,312,154,59","127,146,36,128,195,154,148,148,164,164",519
767,105,"683,923,417,193,368,547,474,130,638,332","127,195,165,21,3,155,3,63,154,154",582
4698,105,"683,923,705,37,342,638,184,193,368,417","127,195,44,151,163,154,36,21,3,165",553
35,105,"683,452,811,539,570,163,406,321,405,363","127,146,3,148,117,163,127,127,154,128",620
2148,105,"683,923,417,184,193,368,342,677,438,638","127,195,165,36,21,3,163,156,3,154",520
4875,105,"683,923,417,193,368,438,342,638,474,184","127,195,165,21,3,3,163,154,3,36",423
5579,105,"683,452,811,383,363,405,539,406,710,190","127,146,3,189,128,154,148,127,127,163,164",585
5580,105,"683,923,203,184,342,638,37,677,485,731","127,195,125,36,163,154,151,156,189,219",608
1109,105,"683,923,811,383,485,497,731,638,379,184","127,195,3,189,189,128,219,154,39,36",555
6018,105,"452,137,677,379,789,638,342,332,658,551","146,39,156,39,156,154,163,154,195,195",312
2923,105,"683,923,811,907,705,37,383,209,731,184","127,195,3,219,44,151,189,155,219,36",669
1172,105,"683,923,417,184,193,368,105,342,497,640","127,195,165,36,21,3,284,163,128,148",506
714,105,"452,923,312,533,383,190,238,787,405,714","146,195,148,39,189,163,164,155,148,154,163",380
425,105,"683,923,193,368,105,638,379,474,677,332","127,195,21,3,284,154,39,3,156,154",304
5558,105,"683,452,184,539,154,312,405,59,199,731","127,146,36,148,164,148,154,164,155,219",561
3945,105,"683,452,811,383,363,714,405,406,539,314","127,146,3,189,128,163,154,127,148,155",582
730,105,"683,923,705,781,789,130,438,379,638,193","127,195,44,39,156,63,3,39,154,21",572
3475,105,"683,452,811,383,539,405,363,786,710,714","127,146,3,189,148,154,128,154,127,163",547
2062,105,"452,923,312,533,383,714,614,539,154,811","146,195,148,39,189,163,3,148,164,3",380
3456,105,"683,923,417,193,368,474,130,638,212,379","127,195,165,21,3,3,63,154,148,39",545
2726,105,"683,923,203,677,417,379,789,246,438,130","127,195,125,156,165,39,156,54,3,63",546
3852,105,"452,638,417,184,383,629,438,290,160,485","146,154,165,36,189,148,3,3,39,189",531
4540,106,"452,137,677,160,368,379,789,638,474,332","146,39,156,39,3,39,156,154,3,154",251
3507,106,"683,923,417,184,193,368,438,342,677,485","127,195,165,36,21,3,3,163,156,189",531
4932,106,"683,452,811,383,539,405,710,731,406,163","127,146,3,189,148,154,127,219,127,163",471
5784,106,"683,452,184,539,190,383,710,405,406,59","127,146,36,148,163,164,189,127,154,127,164",490
5424,106,"683,923,811,907,184,731,383,37,190,629","127,195,3,219,36,219,189,151,163,164,148",535
5481,106,"683,923,705,781,130,193,368,789,438,379","127,195,44,39,63,21,3,156,3,39",553
4511,106,"683,452,811,383,363,714,866,354,170,379","127,146,3,189,128,163,284,202,39,39",612
5430,106,"683,923,203,677,417,193,638,368,497,438","127,195,125,156,165,21,154,3,128,3",546
2873,106,"452,638,923,184,677,417,438,332,130,513","146,154,195,36,156,165,3,154,63,148",477
1235,106,"452,923,312,533,383,363,714,190,238,379","146,195,148,39,189,128,163,163,164,155,39",494
4355,106,"683,923,705,781,789,379,417,193,368,547","127,195,44,39,156,39,165,21,3,155",586
3184,106,"683,923,811,907,248,383,410,37,190,731","127,195,3,219,148,189,148,151,163,164,219",535
2179,106,"452,638,923,184,677,417,438,332,738,342","146,154,195,36,156,165,3,154,155,163",352
3210,106,"683,923,417,193,368,547,474,130,246,789","127,195,165,21,3,155,3,63,54,156",544
3735,106,"683,923,193,368,677,638,738,497,379,105","127,195,21,3,156,154,155,128,39,284",289
4486,106,"683,923,417,184,193,485,368,290,342,379","127,195,165,36,21,189,3,3,163,39",519
574,106,"683,923,417,193,368,474,130,638,379,332","127,195,165,21,3,3,63,154,39,154",483
633,106,"683,452,184,539,190,383,629,770,461,811","127,146,36,148,163,164,189,148,129,155,3",508
1133,106,"452,638,923,383,614,533,80,312,59,742","146,154,195,189,3,39,155,148,164,164",361
5148,106,"683,452,811,383,539,405,59,312,199,731","127,146,3,189,148,154,164,148,155,219",556
64,106,"683,923,417,184,485,553,37,811,539,133","127,195,165,36,189,117,151,3,148,163",494
5501,106,"683,923,417,193,368,474,342,497,379,212","127,195,165,21,3,3,163,128,39,148",463
1584,106,"452,923,312,59,742,539,154,614,202,383","146,195,148,164,164,148,164,3,153,189",413
729,106,"452,923,312,533,383,3,714,811,190,80","146,195,148,39,189,155,163,3,163,164,155",346
3759,106,"683,923,417,193,368,474,789,379,332,638","127,195,165,21,3,3,156,39,154,154",437
3009,106,"452,137,677,160,923,105,368,184,342,658","146,39,156,39,195,284,3,36,163,195",516
4554,106,"683,923,705,781,789,379,354,640,417,638","127,195,44,39,156,39,202,148,165,154",569
2626,106,"683,923,203,677,417,130,193,379,368,342","127,195,125,156,165,63,21,39,3,163",628
2261,106,"683,452,811,539,570,163,312,3,383,731","127,146,3,148,117,163,148,155,189,219",641
3610,106,"683,923,203,184,383,731,705,553,674,37","127,195,125,36,189,219,44,117,146,151",600
5528,106,"683,923,705,781,789,379,354,769,640,212","127,195,44,39,156,39,202,155,148,148",553
5711,106,"683,923,705,781,789,379,417,130,368,513","127,195,44,39,156,39,165,63,3,148",553
2930,106,"452,137,184,368,105,658,332,193,789,474","146,39,36,3,284,195,154,21,156,3",293
145,106,"683,923,417,193,368,438,184,547,105,342","127,195,165,21,3,3,36,155,284,163",500
5860,106,"452,923,312,59,539,154,202,742,405,24","146,195,148,164,148,164,153,164,154,156",354
5493,106,"683,923,417,193,485,342,130,246,379,789","127,195,165,21,189,163,63,54,39,156",544
1509,106,"683,401,130,438,354,379,638,923,705,368","127,174,63,3,202,39,154,195,44,3",594
3202,106,"683,383,539,312,405,59,163,248,867,154","127,189,148,148,154,164,163,148,155,164",669
541,106,"683,452,184,363,551,417,349,130,40,438","127,146,36,128,195,165,127,63,3,3",528
1595,106,"452,705,379,781,923,368,513,677,178,160","146,44,39,39,195,3,148,156,155,39",500
4837,106,"683,452,184,539,154,629,312,59,248,383","127,146,36,148,164,148,148,164,148,189",464
5610,106,"683,452,884,363,417,923,184,640,866,438","127,146,44,128,165,195,36,148,284,3",653
66,106,"683,452,884,614,866,790,539,383,710,154","127,146,44,3,284,148,148,189,127,164",653
4215,106,"683,923,184,193,368,638,485,130,677,105","127,195,36,21,3,154,189,63,156,284",415
5436,106,"683,452,184,539,190,383,629,770,406,421","127,146,36,148,163,164,189,148,129,127,195",547
2737,106,"683,452,184,539,867,190,406,405,238,421","127,146,36,148,155,163,164,127,154,155,195",535
573,106,"452,638,417,184,383,629,37,438,354,290","146,154,165,36,189,148,151,3,202,3",547
1670,106,"683,923,203,247,638,184,866,677,417,485","127,195,125,63,154,36,284,156,165,189",644
5744,106,"683,923,705,781,789,379,417,547,130,474","127,195,44,39,156,39,165,155,63,3",586
1223,106,"452,638,417,332,789,438,342,368,212,474","146,154,165,154,156,3,163,3,148,3",400
2837,106,"683,923,417,193,368,547,474,130,638,640","127,195,165,21,3,155,3,63,154,148",538
5167,106,"683,923,811,907,248,383,410,37,190,731","127,195,3,219,148,189,148,151,163,164,219",557
1374,106,"683,923,705,781,130,789,379,677,368,417","127,195,44,39,63,156,39,156,3,165",553
2938,106,"683,923,811,731,248,383,312,539,154,420","127,195,3,219,148,189,148,148,164,153",535
4883,106,"683,923,705,781,789,130,379,638,417,474","127,195,44,39,156,63,39,154,165,3",531
1715,106,"452,137,677,379,160,368,37,789,474,332","146,39,156,39,39,3,151,156,3,154",378
1563,106,"683,923,417,193,368,474,130,246,379,769","127,195,165,21,3,3,63,54,39,155",519
3981,106,"683,452,184,539,154,629,867,383,312,710","127,146,36,148,164,148,155,189,148,127",520
1993,106,"683,452,811,383,539,405,363,786,614,742","127,146,3,189,148,154,128,154,3,164",540
4228,106,"683,923,417,193,368,474,212,379,342,497","127,195,165,21,3,3,148,39,163,128",549
3557,106,"683,923,811,383,638,379,193,789,368,677","127,195,3,189,154,39,21,156,3,156",304
449,106,"683,923,417,184,485,553,37,209,383,629","127,195,165,36,189,117,151,155,189,148",541
944,106,"452,638,417,332,474,789,379,212,640,769","146,154,165,154,3,156,39,148,148,155",447
3243,106,"683,923,705,781,789,379,354,640,212,130","127,195,44,39,156,39,202,148,148,63",553
889,106,"683,923,811,907,248,731,383,190,184,819","127,195,3,219,148,219,189,163,164,36,3",519
3540,106,"683,923,203,184,342,105,368,290,638,37","127,195,125,36,163,284,3,3,154,151",553
4748,106,"452,638,417,332,130,474,379,789,212,246","146,154,165,154,63,3,39,156,148,54",521
3532,106,"683,923,417,193,368,474,130,342,677,105","127,195,165,21,3,3,63,163,156,284",528
1764,106,"683,923,417,193,368,474,130,638,485,246","127,195,165,21,3,3,63,154,189,54",541
1614,106,"683,923,203,677,417,379,789,246,438,130","127,195,125,156,165,39,156,54,3,63",571
5452,106,"683,923,811,383,485,497,638,772,941,527","127,195,3,189,189,128,154,126,154,155",519
5139,106,"683,923,417,193,368,474,342,497,379,212","127,195,165,21,3,3,163,128,39,148",472
2840,106,"452,638,417,184,342,438,658,640,368,738","146,154,165,36,163,3,195,148,3,155",355
2905,106,"683,923,811,731,248,539,772,111,410,383","127,195,3,219,148,148,126,155,148,189",628
1294,106,"683,923,417,184,193,368,342,677,438,638","127,195,165,36,21,3,163,156,3,154",570
2101,106,"683,452,811,539,731,383,406,714,190,363","127,146,3,148,219,189,127,163,163,164,128",574
5250,106,"452,923,312,59,742,539,154,614,202,527","146,195,148,164,164,148,164,3,153,155",338
2710,106,"683,452,811,383,363,405,714,421,199,539","127,146,3,189,128,154,163,195,155,148",520
3446,106,"683,923,417,193,368,474,130,342,677,513","127,195,165,21,3,3,63,163,156,148",519
1057,106,"683,452,184,539,190,383,3,614,710,923","127,146,36,148,163,164,189,155,3,127,195",543
185,106,"683,383,539,312,405,59,163,406,867,742","127,189,148,148,154,164,163,127,155,164",720
622,106,"683,452,811,539,731,405,363,383,742,714","127,146,3,148,219,154,128,189,164,163",535
2367,106,"452,923,312,59,539,154,202,742,405,24","146,195,148,164,148,164,153,164,154,156",398
5110,106,"452,923,312,533,383,3,417,184,811,941","146,195,148,39,189,155,165,36,3,154",349
5210,106,"683,923,417,193,368,547,474,130,246,212","127,195,165,21,3,155,3,63,54,148",523
2654,106,"683,452,811,539,570,867,3,383,312,363","127,146,3,148,117,155,155,189,148,128",541
5074,106,"683,923,705,781,789,379,354,769,640,212","127,195,44,39,156,39,202,155,148,148",553
4457,106,"683,923,811,731,248,539,420,154,163,383","127,195,3,219,148,148,153,164,163,189",690
1462,106,"683,923,417,193,485,342,130,137,379,497","127,195,165,21,189,163,63,39,39,128",554
1213,106,"683,923,705,781,789,379,417,130,368,137","127,195,44,39,156,39,165,63,3,39",644
1506,106,"866,781,789,229,383,614,243,170,457,368","284,39,156,219,189,3,129,39,156,3",388
1010,106,"452,638,438,332,547,789,658,474,379,769","146,154,3,154,155,156,195,3,39,155",270
1760,106,"683,923,203,184,383,811,485,37,193,379","127,195,125,36,189,3,189,151,21,39",600
1298,106,"452,923,312,533,184,539,811,383,629,417","146,195,148,39,36,148,3,189,148,165",430
3549,106,"683,811,539,731,884,441,363,923,170,406","127,3,148,219,44,117,128,195,39,127",633
5694,106,"683,923,811,731,383,497,184,629,190,111","127,195,3,219,189,128,36,148,163,164,155",606
3791,106,"683,452,866,710,561,614,539,383,190,184","127,146,284,127,63,3,148,189,163,164,36",639
4216,106,"683,923,705,781,789,379,417,130,342,640","127,195,44,39,156,39,165,63,163,148",553
1837,106,"683,923,417,184,485,383,811,638,497,438","127,195,165,36,189,189,3,154,128,3",499
2380,106,"683,452,811,539,731,867,363,312,383,405","127,146,3,148,219,155,128,148,189,154",535
2786,106,"683,923,203,247,658,130,379,789,354,246","127,195,125,63,195,63,39,156,202,54",691
3513,106,"452,638,417,184,342,438,547,640,658,738","146,154,165,36,163,3,155,148,195,155",523
3166,106,"683,923,705,781,130,789,379,677,368,417","127,195,44,39,63,156,39,156,3,165",472
111,106,"683,923,203,247,658,130,379,342,497,368","127,195,125,63,195,63,39,163,128,3",598
4671,106,"683,923,705,781,789,379,354,640,417,638","127,195,44,39,156,39,202,148,165,154",553
1507,106,"683,452,184,539,154,629,312,199,383,710","127,146,36,148,164,148,148,155,189,127",634
3266,106,"683,452,811,539,731,383,406,867,405,714","127,146,3,148,219,189,127,155,154,163",579
3187,106,"452,137,677,160,368,923,417,184,517,513","146,39,156,39,3,195,165,36,155,148",374
5211,106,"683,923,417,184,485,383,731,638,629,497","127,195,165,36,189,189,219,154,148,128",541
2831,106,"452,638,923,383,190,184,379,417,290,770","146,154,195,189,163,164,36,39,165,3,129",513
2347,106,"683,923,705,553,184,638,342,438,517,417","127,195,44,117,36,154,163,3,155,165",555
5507,106,"683,923,417,193,368,438,184,130,246,342","127,195,165,21,3,3,36,63,54,163",519
5195,106,"683,923,193,368,731,638,677,497,379,105","127,195,21,3,219,154,156,128,39,284",304
5544,106,"683,923,203,184,342,705,37,710,553,638","127,195,125,36,163,44,151,127,117,154",720
2914,106,"683,452,811,539,570,383,405,199,154,202","127,146,3,148,117,189,154,155,164,153",559
5496,106,"683,452,811,539,731,867,742,405,59,312","127,146,3,148,219,155,164,154,164,148",530
1138,106,"683,452,811,539,731,238,406,383,312,533","127,146,3,148,219,155,127,189,148,39",535
4419,106,"683,923,203,247,638,674,705,789,379,640","127,195,125,63,154,146,44,156,39,148",627
3276,106,"683,923,417,184,193,368,105,342,497,130","127,195,165,36,21,3,284,163,128,63",569
2918,106,"683,923,203,184,383,811,37,485,705,789","127,195,125,36,189,3,151,189,44,156",634
50,106,"683,923,193,368,677,638,105,497,379,474","127,195,21,3,156,154,284,128,39,3",304
1378,106,"683,452,811,539,405,363,312,742,421,786","127,146,3,148,154,128,148,164,195,154",588
1389,106,"683,452,811,383,363,405,539,406,710,199","127,146,3,189,128,154,148,127,127,155",618
4400,106,"683,923,203,247,638,674,705,789,379,368","127,195,125,63,154,146,44,156,39,3",654
565,106,"683,923,705,553,184,638,290,37,193,342","127,195,44,117,36,154,3,151,21,163",640
5627,106,"683,452,811,539,163,321,406,59,405,421","127,146,3,148,163,127,127,164,154,195",669
5456,106,"683,452,811,383,539,405,884,867,786,3","127,146,3,189,148,154,44,155,154,155",611
1362,106,"683,452,811,383,867,884,731,539,570,3","127,146,3,189,155,44,219,148,117,155",574
123,106,"683,184,811,383,485,941,731,497,638,772","127,36,3,189,189,154,219,128,154,126",466
3482,106,"683,452,184,363,551,417,923,40,513,547","127,146,36,128,195,165,195,3,148,155",547
1626,106,"683,923,383,485,37,638,379,497,368,406","127,195,189,189,151,154,39,128,3,127",540
6033,106,"683,452,884,441,406,923,363,398,80,349","127,146,44,117,127,195,128,270,155,127",661
5560,106,"683,452,811,539,405,154,202,312,731,199","127,146,3,148,154,164,153,148,219,155",616
4723,106,"683,452,184,539,190,383,629,770,406,405","127,146,36,148,163,164,189,148,129,127,154",498
1525,106,"683,452,184,539,154,629,312,199,383,710","127,146,36,148,164,148,148,155,189,127",600
3854,106,"683,923,811,383,614,731,37,710,452,772","127,195,3,189,3,219,151,127,146,126",544
184,106,"683,923,203,184,342,705,37,710,160,438","127,195,125,36,163,44,151,127,39,3",645
1025,106,"683,923,811,907,184,731,248,312,539,383","127,195,3,219,36,219,148,148,148,189",535
2100,106,"452,383,312,533,811,539,614,59,3,714","146,189,148,39,3,148,3,164,155,163",371
2034,106,"452,923,312,533,184,539,811,190,410,383","146,195,148,39,36,148,3,163,164,148,189",485
1554,106,"683,923,203,184,342,638,438,247,658,246","127,195,125,36,163,154,3,63,195,54",612
3938,106,"683,401,130,417,438,781,638,923,485,789","127,174,63,165,3,39,154,195,189,156",688
481,106,"683,452,184,363,551,417,923,40,137,547","127,146,36,128,195,165,195,3,39,155",463
3315,106,"683,923,811,383,485,638,379,193,497,37","127,195,3,189,189,154,39,21,128,151",541
966,106,"683,452,184,539,190,383,629,770,465,710","127,146,36,148,163,164,189,148,129,114,127",510
4238,106,"683,452,811,383,539,405,363,786,731,710","127,146,3,189,148,154,128,154,219,127",521
3693,106,"683,452,811,383,539,405,710,731,312,59","127,146,3,189,148,154,127,219,148,164",463
1674,106,"683,452,884,441,349,638,866,561,184,461","127,146,44,117,127,154,284,63,36,155",640
4328,106,"452,137,677,379,789,332,638,474,193,551","146,39,156,39,156,154,154,3,21,195",278
4352,106,"683,452,811,383,867,405,539,406,59,116","127,146,3,189,155,154,148,127,164,128",535
5529,106,"683,923,184,342,497,130,368,638,137,379","127,195,36,163,128,63,3,154,39,39",506
2677,106,"683,401,14,782,772,37,497,383,710,614","127,174,137,117,126,151,128,189,127,3",796
3486,106,"683,923,705,781,789,379,354,417,638,130","127,195,44,39,156,39,202,165,154,63",702
796,106,"683,923,203,247,658,130,379,342,497,640","127,195,125,63,195,63,39,163,128,148",635
2917,106,"683,923,417,193,368,474,130,342,677,105","127,195,165,21,3,3,63,163,156,284",519
2572,106,"683,923,193,368,677,638,105,658,497,379","127,195,21,3,156,154,284,195,128,39",275
4,106,"452,638,547,332,379,789,474,368,923,658","146,154,155,154,39,156,3,3,195,195",226
4277,106,"683,923,705,781,789,130,379,342,417,474","127,195,44,39,156,63,39,163,165,3",563
444,106,"683,923,417,184,193,368,342,677,160,638","127,195,165,36,21,3,163,156,39,154",526
6036,106,"683,923,184,342,677,368,193,638,130,474","127,195,36,163,156,3,21,154,63,3",493
2078,106,"683,923,417,184,193,485,368,438,342,677","127,195,165,36,21,189,3,3,163,156",516
2781,106,"683,452,811,539,405,363,786,349,714,421","127,146,3,148,154,128,154,127,163,195",555
1503,106,"683,923,705,37,342,497,130,379,638,193","127,195,44,151,163,128,63,39,154,21",553
2961,106,"683,923,203,247,658,677,342,368,130,417","127,195,125,63,195,156,163,3,63,165",678
2627,106,"452,923,312,533,184,160,137,417,789,379","146,195,148,39,36,39,39,165,156,39",689
1930,106,"683,923,811,907,248,383,410,37,190,184","127,195,3,219,148,189,148,151,163,164,36",471
2436,106,"452,866,789,417,638,640,474,547,332,438","146,284,156,165,154,148,3,155,154,3",300
4492,106,"683,923,811,383,485,203,379,497,417,789","127,195,3,189,189,125,39,128,165,156",531
4858,106,"683,923,417,184,485,553,37,731,438,638","127,195,165,36,189,117,151,219,3,154",594
1041,106,"683,923,203,247,658,130,379,789,354,246","127,195,125,63,195,63,39,156,202,54",669
987,106,"683,452,811,539,570,163,406,321,861,867","127,146,3,148,117,163,127,127,135,155",690
432,106,"683,452,184,363,417,160,658,497,190,923","127,146,36,128,165,39,195,128,163,164,195",507
6147,106,"683,923,203,247,658,130,379,789,246,342","127,195,125,63,195,63,39,156,54,163",576
870,106,"683,452,184,363,438,658,638,551,789,332","127,146,36,128,3,195,154,195,156,154",427
4088,106,"452,923,772,3,539,154,363,312,405,714","146,195,126,155,148,164,128,148,154,163",479
5126,106,"683,452,811,539,405,154,202,312,59,248","127,146,3,148,154,164,153,148,164,148",498
464,106,"683,923,203,184,342,705,37,710,553,160","127,195,125,36,163,44,151,127,117,39",608
4325,106,"683,923,811,907,248,731,383,539,772,154","127,195,3,219,148,219,189,148,126,164",571
2618,106,"683,923,811,907,248,731,383,452,184,710","127,195,3,219,148,219,189,146,36,127",586
4940,106,"683,923,203,184,342,705,37,638,674,438","127,195,125,36,163,44,151,154,146,3",601
1823,106,"683,923,203,247,638,674,517,184,705,789","127,195,125,63,154,146,155,36,44,156",612
1373,106,"452,923,312,59,363,867,811,3,190,170","146,195,148,164,128,155,3,155,163,164,39",469
2795,106,"683,923,417,193,368,474,212,332,789,438","127,195,165,21,3,3,148,154,156,3",510
5933,106,"683,184,638,342,417,438,379,789,474,212","127,36,154,163,165,3,39,156,3,148",448
1778,106,"683,923,811,383,485,497,731,941,248,907","127,195,3,189,189,128,219,154,148,219",563
4793,106,"683,401,130,781,923,789,290,203,731,465","127,174,63,39,195,156,3,125,219,114",667
2949,106,"683,923,203,247,638,184,677,438,485,417","127,195,125,63,154,36,156,3,189,165",600
1077,106,"683,923,811,907,248,731,383,452,772,406","127,195,3,219,148,219,189,146,126,127",290
3462,106,"683,923,705,553,37,342,497,638,379,105","127,195,44,117,151,163,128,154,39,284",539
2322,106,"683,923,811,731,383,497,184,37,553,406","127,195,3,219,189,128,36,151,117,127",693
199,106,"683,923,203,247,638,674,705,209,47,497","127,195,125,63,154,146,44,155,127,128",604
248,106,"683,452,184,363,417,160,438,547,354,497","127,146,36,128,165,39,3,155,202,128",612
4142,106,"683,923,811,383,614,731,452,553,710,772","127,195,3,189,3,219,146,117,127,126",464
4017,106,"683,452,184,363,551,786,539,312,154,59","127,146,36,128,195,154,148,148,164,164",519
767,106,"683,923,417,193,368,474,130,638,212,379","127,195,165,21,3,3,63,154,148,39",582
4698,106,"683,923,705,37,342,638,184,193,368,417","127,195,44,151,163,154,36,21,3,165",553
35,106,"683,452,811,539,570,163,406,321,405,238","127,146,3,148,117,163,127,127,154,155",620
2148,106,"683,923,417,184,193,368,342,677,438,638","127,195,165,36,21,3,163,156,3,154",520
4875,106,"683,923,417,193,368,438,342,638,474,517","127,195,165,21,3,3,163,154,3,155",423
5579,106,"683,452,811,383,867,405,539,406,3,190","127,146,3,189,155,154,148,127,155,163,164",585
5580,106,"683,923,203,184,342,638,37,677,485,731","127,195,125,36,163,154,151,156,189,219",608
1109,106,"683,923,811,383,485,497,731,638,379,184","127,195,3,189,189,128,219,154,39,36",555
6018,106,"452,137,677,379,789,638,342,332,658,769","146,39,156,39,156,154,163,154,195,155",312
2923,106,"683,923,811,907,705,37,383,111,184,629","127,195,3,219,44,151,189,155,36,148",669
1172,106,"683,923,417,184,193,368,105,342,547,497","127,195,165,36,21,3,284,163,155,128",506
714,106,"452,923,312,533,383,190,238,787,405,714","146,195,148,39,189,163,164,155,148,154,163",380
425,106,"683,923,193,368,105,638,517,379,474,677","127,195,21,3,284,154,155,39,3,156",304
5558,106,"683,452,184,539,154,312,405,59,199,731","127,146,36,148,164,148,154,164,155,219",561
3945,106,"683,452,811,383,363,714,405,406,539,570","127,146,3,189,128,163,154,127,148,117",582
730,106,"683,923,705,781,789,130,438,379,638,193","127,195,44,39,156,63,3,39,154,21",572
3475,106,"683,452,811,383,539,405,363,786,710,714","127,146,3,189,148,154,128,154,127,163",547
2062,106,"452,923,312,533,383,714,614,539,154,527","146,195,148,39,189,163,3,148,164,155",380
3456,106,"683,923,417,193,368,474,130,638,212,379","127,195,165,21,3,3,63,154,148,39",545
2726,106,"683,923,203,677,417,379,789,246,438,130","127,195,125,156,165,39,156,54,3,63",546
3852,106,"452,638,417,184,383,629,438,290,160,485","146,154,165,36,189,148,3,3,39,189",531
4540,107,"452,137,677,160,368,379,789,638,474,332","146,39,156,39,3,39,156,154,3,154",251
3507,107,"683,923,417,184,193,368,438,342,677,485","127,195,165,36,21,3,3,163,156,189",531
4932,107,"683,452,811,383,539,405,710,731,314,406","127,146,3,189,148,154,127,219,155,127",471
5784,107,"683,452,184,539,190,383,710,405,406,59","127,146,36,148,163,164,189,127,154,127,164",490
5424,107,"683,923,811,907,184,731,383,37,190,209","127,195,3,219,36,219,189,151,163,164,155",535
5481,107,"683,923,705,781,130,193,368,789,438,547","127,195,44,39,63,21,3,156,3,155",553
4511,107,"683,452,811,383,363,714,238,866,354,349","127,146,3,189,128,163,155,284,202,127",612
5430,107,"683,923,203,677,417,193,638,368,497,438","127,195,125,156,165,21,154,3,128,3",546
2873,107,"452,638,923,184,677,417,438,332,130,513","146,154,195,36,156,165,3,154,63,148",477
1235,107,"452,923,312,533,383,363,714,190,238,379","146,195,148,39,189,128,163,163,164,155,39",494
4355,107,"683,923,705,781,789,379,417,193,368,130","127,195,44,39,156,39,165,21,3,63",586
3184,107,"683,923,811,907,248,111,457,406,410,184","127,195,3,219,148,155,156,127,148,36",535
2179,107,"452,638,923,184,677,417,438,332,212,368","146,154,195,36,156,165,3,154,148,3",352
3210,107,"683,923,417,193,368,547,474,130,246,789","127,195,165,21,3,155,3,63,54,156",544
3735,107,"683,923,193,368,677,638,738,497,379,105","127,195,21,3,156,154,155,128,39,284",289
4486,107,"683,923,417,184,193,485,368,290,342,379","127,195,165,36,21,189,3,3,163,39",519
574,107,"683,923,417,193,368,474,130,638,379,332","127,195,165,21,3,3,63,154,39,154",483
633,107,"683,452,184,539,190,383,629,770,406,405","127,146,36,148,163,164,189,148,129,127,154",508
1133,107,"452,638,923,383,614,533,80,312,59,742","146,154,195,189,3,39,155,148,164,164",361
5148,107,"683,452,811,383,539,405,59,312,731,742","127,146,3,189,148,154,164,148,219,164",556
64,107,"683,923,417,184,485,553,37,811,539,133","127,195,165,36,189,117,151,3,148,163",494
5501,107,"683,923,417,193,368,474,517,342,497,379","127,195,165,21,3,3,155,163,128,39",463
1584,107,"452,923,312,59,742,539,154,614,202,527","146,195,148,164,164,148,164,3,153,155",413
729,107,"452,923,312,533,383,3,714,811,527,190","146,195,148,39,189,155,163,3,155,163,164",346
3759,107,"683,923,417,193,368,474,789,379,332,638","127,195,165,21,3,3,156,39,154,154",437
3009,107,"452,137,677,160,923,105,368,184,342,658","146,39,156,39,195,284,3,36,163,195",516
4554,107,"683,923,705,781,789,379,354,640,417,638","127,195,44,39,156,39,202,148,165,154",569
2626,107,"683,923,203,677,417,130,193,379,368,342","127,195,125,156,165,63,21,39,3,163",628
2261,107,"683,452,811,539,570,163,312,614,383,731","127,146,3,148,117,163,148,3,189,219",641
3610,107,"683,923,203,184,383,731,705,553,674,37","127,195,125,36,189,219,44,117,146,151",600
5528,107,"683,923,705,781,789,379,354,769,640,212","127,195,44,39,156,39,202,155,148,148",553
5711,107,"683,923,705,781,789,379,417,547,130,368","127,195,44,39,156,39,165,155,63,3",553
2930,107,"452,137,184,547,368,332,658,193,789,474","146,39,36,155,3,154,195,21,156,3",293
145,107,"683,923,417,193,368,438,184,547,105,342","127,195,165,21,3,3,36,155,284,163",500
5860,107,"452,923,312,59,539,154,202,742,405,24","146,195,148,164,148,164,153,164,154,156",354
5493,107,"683,923,417,193,485,342,130,738,212,497","127,195,165,21,189,163,63,155,148,128",544
1509,107,"683,401,130,438,354,379,638,923,705,368","127,174,63,3,202,39,154,195,44,3",594
3202,107,"683,383,539,312,405,59,163,248,867,154","127,189,148,148,154,164,163,148,155,164",669
541,107,"683,452,184,363,551,738,421,89,417,130","127,146,36,128,195,155,195,42,165,63",528
1595,107,"452,705,379,781,923,368,513,677,178,160","146,44,39,39,195,3,148,156,155,39",500
4837,107,"683,452,184,539,154,629,867,59,312,405","127,146,36,148,164,148,155,164,148,154",464
5610,107,"683,452,884,363,417,923,184,640,866,438","127,146,44,128,165,195,36,148,284,3",653
66,107,"683,452,884,614,866,790,539,383,710,154","127,146,44,3,284,148,148,189,127,164",653
4215,107,"683,923,184,193,368,638,485,130,677,105","127,195,36,21,3,154,189,63,156,284",415
5436,107,"683,452,184,539,190,383,629,770,406,421","127,146,36,148,163,164,189,148,129,127,195",547
2737,107,"683,452,184,539,190,383,629,770,465,497","127,146,36,148,163,164,189,148,129,114,128",535
573,107,"452,638,417,184,383,629,461,811,485,790","146,154,165,36,189,148,155,3,189,148",547
1670,107,"683,923,203,247,638,184,866,677,417,485","127,195,125,63,154,36,284,156,165,189",644
5744,107,"683,923,705,781,789,379,417,130,342,640","127,195,44,39,156,39,165,63,163,148",586
1223,107,"452,638,417,332,789,738,342,368,193,438","146,154,165,154,156,155,163,3,21,3",400
2837,107,"683,923,417,193,368,474,130,638,212,379","127,195,165,21,3,3,63,154,148,39",538
5167,107,"683,923,811,907,248,383,410,37,190,731","127,195,3,219,148,189,148,151,163,164,219",557
1374,107,"683,923,705,781,130,789,379,677,368,417","127,195,44,39,63,156,39,156,3,165",553
2938,107,"683,923,811,731,248,383,312,539,154,420","127,195,3,219,148,189,148,148,164,153",535
4883,107,"683,923,705,781,789,130,379,638,417,474","127,195,44,39,156,63,39,154,165,3",531
1715,107,"452,137,677,379,160,368,37,789,474,332","146,39,156,39,39,3,151,156,3,154",378
1563,107,"683,923,417,193,368,474,130,246,379,769","127,195,165,21,3,3,63,54,39,155",519
3981,107,"683,452,184,539,154,629,312,199,383,710","127,146,36,148,164,148,148,155,189,127",520
1993,107,"683,452,811,383,539,405,363,786,614,742","127,146,3,189,148,154,128,154,3,164",540
4228,107,"683,923,417,193,368,474,212,379,342,497","127,195,165,21,3,3,148,39,163,128",549
3557,107,"683,923,811,383,638,379,193,789,368,677","127,195,3,189,154,39,21,156,3,156",304
449,107,"683,923,417,184,485,553,37,383,629,811","127,195,165,36,189,117,151,189,148,3",541
944,107,"452,638,417,332,474,789,379,212,640,342","146,154,165,154,3,156,39,148,148,163",447
3243,107,"683,923,705,781,789,379,354,640,212,130","127,195,44,39,156,39,202,148,148,63",553
889,107,"683,923,811,907,248,731,383,190,184,819","127,195,3,219,148,219,189,163,164,36,3",519
3540,107,"683,923,203,184,342,105,368,290,638,37","127,195,125,36,163,284,3,3,154,151",553
4748,107,"452,638,417,332,130,474,379,789,212,246","146,154,165,154,63,3,39,156,148,54",521
3532,107,"683,923,417,193,368,474,130,342,677,105","127,195,165,21,3,3,63,163,156,284",528
1764,107,"683,923,417,193,368,547,474,130,638,485","127,195,165,21,3,155,3,63,154,189",541
1614,107,"683,923,203,677,417,379,789,246,438,130","127,195,125,156,165,39,156,54,3,63",571
5452,107,"683,923,811,383,485,3,638,941,772,731","127,195,3,189,189,155,154,154,126,219",519
5139,107,"683,923,417,193,368,547,474,517,342,497","127,195,165,21,3,155,3,155,163,128",472
2840,107,"452,638,417,184,342,438,547,640,658,212","146,154,165,36,163,3,155,148,195,148",355
2905,107,"683,923,811,731,248,539,772,111,410,383","127,195,3,219,148,148,126,155,148,189",628
1294,107,"683,923,417,184,193,368,342,677,438,638","127,195,165,36,21,3,163,156,3,154",570
2101,107,"683,452,811,539,731,383,406,714,190,363","127,146,3,148,219,189,127,163,163,164,128",574
5250,107,"452,923,312,59,742,539,154,614,202,383","146,195,148,164,164,148,164,3,153,189",338
2710,107,"683,452,811,383,867,363,405,714,533,938","127,146,3,189,155,128,154,163,39,155",520
3446,107,"683,923,417,193,368,547,474,105,638,438","127,195,165,21,3,155,3,284,154,3",519
1057,107,"683,452,184,539,190,383,614,710,923,406","127,146,36,148,163,164,189,3,127,195,127",543
185,107,"683,383,539,312,405,59,163,406,867,742","127,189,148,148,154,164,163,127,155,164",720
622,107,"683,452,811,539,731,405,363,383,742,714","127,146,3,148,219,154,128,189,164,163",535
2367,107,"452,923,312,59,539,154,202,742,405,24","146,195,148,164,148,164,153,164,154,156",398
5110,107,"452,923,312,533,383,714,417,184,629,811","146,195,148,39,189,163,165,36,148,3",349
5210,107,"683,923,417,193,368,474,130,246,212,342","127,195,165,21,3,3,63,54,148,163",523
2654,107,"683,452,811,539,570,383,312,405,363,786","127,146,3,148,117,189,148,154,128,154",541
5074,107,"683,923,705,781,789,379,354,640,212,638","127,195,44,39,156,39,202,148,148,154",553
4457,107,"683,923,811,731,248,539,111,420,154,742","127,195,3,219,148,148,155,153,164,164",690
1462,107,"683,923,417,193,485,342,130,137,379,497","127,195,165,21,189,163,63,39,39,128",554
1213,107,"683,923,705,781,789,379,417,547,130,368","127,195,44,39,156,39,165,155,63,3",644
1506,107,"866,781,789,229,383,527,312,290,819,638","284,39,156,219,189,155,148,3,3,154",388
1010,107,"452,638,438,332,547,789,658,474,379,368","146,154,3,154,155,156,195,3,39,3",270
1760,107,"683,923,203,184,383,811,485,37,193,379","127,195,125,36,189,3,189,151,21,39",600
1298,107,"452,923,312,533,184,539,811,383,629,417","146,195,148,39,36,148,3,189,148,165",430
3549,107,"683,811,539,731,884,441,363,923,170,406","127,3,148,219,44,117,128,195,39,127",633
5694,107,"683,923,811,731,383,497,184,3,629,111","127,195,3,219,189,128,36,155,148,155",606
3791,107,"683,452,866,710,561,614,539,383,190,184","127,146,284,127,63,3,148,189,163,164,36",639
4216,107,"683,923,705,781,789,379,417,547,130,342","127,195,44,39,156,39,165,155,63,163",553
1837,107,"683,923,417,184,485,383,811,638,497,438","127,195,165,36,189,189,3,154,128,3",499
2380,107,"683,452,811,539,731,405,742,248,59,312","127,146,3,148,219,154,164,148,164,148",535
2786,107,"683,923,203,247,658,130,379,789,354,246","127,195,125,63,195,63,39,156,202,54",691
3513,107,"452,638,417,184,342,438,658,640,203,290","146,154,165,36,163,3,195,148,125,3",523
3166,107,"683,923,705,781,130,789,379,677,368,547","127,195,44,39,63,156,39,156,3,155",472
111,107,"683,923,203,247,658,130,379,342,497,368","127,195,125,63,195,63,39,163,128,3",598
4671,107,"683,923,705,781,789,379,354,640,417,638","127,195,44,39,156,39,202,148,165,154",553
1507,107,"683,452,184,539,154,629,312,383,710,59","127,146,36,148,164,148,148,189,127,164",634
3266,107,"683,452,811,539,731,383,406,405,714,349","127,146,3,148,219,189,127,154,163,127",579
3187,107,"452,137,677,160,368,923,417,184,485,342","146,39,156,39,3,195,165,36,189,163",374
5211,107,"683,923,417,184,485,383,731,638,629,497","127,195,165,36,189,189,219,154,148,128",541
2831,107,"452,638,923,383,190,184,379,417,290,770","146,154,195,189,163,164,36,39,165,3,129",513
2347,107,"683,923,705,553,184,638,342,438,290,417","127,195,44,117,36,154,163,3,3,165",555
5507,107,"683,923,417,193,368,438,184,130,246,342","127,195,165,21,3,3,36,63,54,163",519
5195,107,"683,923,193,368,731,638,677,497,379,105","127,195,21,3,219,154,156,128,39,284",304
5544,107,"683,923,203,184,342,705,37,710,553,638","127,195,125,36,163,44,151,127,117,154",720
2914,107,"683,452,811,539,570,383,405,199,154,314","127,146,3,148,117,189,154,155,164,155",559
5496,107,"683,452,811,539,731,405,742,248,59,312","127,146,3,148,219,154,164,148,164,148",530
1138,107,"683,452,811,539,731,383,405,710,312,923","127,146,3,148,219,189,154,127,148,195",535
4419,107,"683,923,203,247,638,674,705,789,379,640","127,195,125,63,154,146,44,156,39,148",627
3276,107,"683,923,417,184,193,368,105,342,497,130","127,195,165,36,21,3,284,163,128,63",569
2918,107,"683,923,203,184,383,811,37,485,705,789","127,195,125,36,189,3,151,189,44,156",634
50,107,"683,923,193,368,677,638,105,497,379,517","127,195,21,3,156,154,284,128,39,155",304
1378,107,"683,452,811,539,405,363,312,742,421,786","127,146,3,148,154,128,148,164,195,154",588
1389,107,"683,452,811,383,363,405,539,406,710,190","127,146,3,189,128,154,148,127,127,163,164",618
4400,107,"683,923,203,247,638,674,705,789,379,368","127,195,125,63,154,146,44,156,39,3",654
565,107,"683,923,705,553,184,638,290,37,193,342","127,195,44,117,36,154,3,151,21,163",640
5627,107,"683,452,811,539,163,321,406,59,405,421","127,146,3,148,163,127,127,164,154,195",669
5456,107,"683,452,811,383,539,405,884,786,199,614","127,146,3,189,148,154,44,154,155,3",611
1362,107,"683,452,811,383,363,405,238,163,714,570","127,146,3,189,128,154,155,163,163,117",574
123,107,"683,184,811,383,485,3,731,638,629,417","127,36,3,189,189,155,219,154,148,165",466
3482,107,"683,452,184,363,551,417,923,40,513,130","127,146,36,128,195,165,195,3,148,63",547
1626,107,"683,923,383,485,37,638,379,497,368,406","127,195,189,189,151,154,39,128,3,127",540
6033,107,"683,452,884,441,406,923,363,398,80,349","127,146,44,117,127,195,128,270,155,127",661
5560,107,"683,452,811,539,405,154,202,312,731,248","127,146,3,148,154,164,153,148,219,148",616
4723,107,"683,452,184,539,190,383,629,770,461,406","127,146,36,148,163,164,189,148,129,155,127",498
1525,107,"683,452,184,539,154,629,867,59,405,24","127,146,36,148,164,148,155,164,154,156",600
3854,107,"683,923,811,383,614,731,37,710,452,772","127,195,3,189,3,219,151,127,146,126",544
184,107,"683,923,203,184,342,705,37,710,160,438","127,195,125,36,163,44,151,127,39,3",645
1025,107,"683,923,811,907,184,731,248,312,539,383","127,195,3,219,36,219,148,148,148,189",535
2100,107,"452,383,312,533,811,539,614,59,742,405","146,189,148,39,3,148,3,164,164,154",371
2034,107,"452,923,312,533,184,539,811,190,410,383","146,195,148,39,36,148,3,163,164,148,189",485
1554,107,"683,923,203,184,342,638,438,247,658,246","127,195,125,36,163,154,3,63,195,54",612
3938,107,"683,401,130,417,438,781,638,923,485,789","127,174,63,165,3,39,154,195,189,156",688
481,107,"683,452,184,363,551,417,923,40,137,438","127,146,36,128,195,165,195,3,39,3",463
3315,107,"683,923,811,383,485,638,379,193,497,37","127,195,3,189,189,154,39,21,128,151",541
966,107,"683,452,184,539,190,383,629,770,465,710","127,146,36,148,163,164,189,148,129,114,127",510
4238,107,"683,452,811,383,539,405,363,786,731,710","127,146,3,189,148,154,128,154,219,127",521
3693,107,"683,452,811,383,539,405,710,731,312,59","127,146,3,189,148,154,127,219,148,164",463
1674,107,"683,452,884,441,349,638,866,561,184,231","127,146,44,117,127,154,284,63,36,128",640
4328,107,"452,137,677,379,789,332,638,474,193,551","146,39,156,39,156,154,154,3,21,195",278
4352,107,"683,452,811,383,867,405,539,406,59,116","127,146,3,189,155,154,148,127,164,128",535
5529,107,"683,923,184,342,497,130,368,638,137,379","127,195,36,163,128,63,3,154,39,39",506
2677,107,"683,401,14,782,772,37,497,383,710,614","127,174,137,117,126,151,128,189,127,3",796
3486,107,"683,923,705,781,789,379,354,417,638,130","127,195,44,39,156,39,202,165,154,63",702
796,107,"683,923,203,247,658,130,379,342,497,640","127,195,125,63,195,63,39,163,128,148",635
2917,107,"683,923,417,193,368,547,474,105,342,130","127,195,165,21,3,155,3,284,163,63",519
2572,107,"683,923,193,368,677,638,105,658,497,379","127,195,21,3,156,154,284,195,128,39",275
4,107,"452,638,368,923,658,332,105,677,474,193","146,154,3,195,195,154,284,156,3,21",226
4277,107,"683,923,705,781,789,130,379,342,417,474","127,195,44,39,156,63,39,163,165,3",563
444,107,"683,923,417,184,193,368,342,677,160,638","127,195,165,36,21,3,163,156,39,154",526
6036,107,"683,923,184,342,677,368,193,638,130,474","127,195,36,163,156,3,21,154,63,3",493
2078,107,"683,923,417,184,193,485,368,438,342,677","127,195,165,36,21,189,3,3,163,156",516
2781,107,"683,452,811,539,405,363,786,349,714,421","127,146,3,148,154,128,154,127,163,195",555
1503,107,"683,923,705,37,342,497,130,379,638,193","127,195,44,151,163,128,63,39,154,21",553
2961,107,"683,923,203,247,658,677,342,368,130,417","127,195,125,63,195,156,163,3,63,165",678
2627,107,"452,923,312,533,184,160,137,417,789,379","146,195,148,39,36,39,39,165,156,39",689
1930,107,"683,923,811,907,248,383,410,37,190,184","127,195,3,219,148,189,148,151,163,164,36",471
2436,107,"452,866,789,417,638,640,474,332,438,705","146,284,156,165,154,148,3,154,3,44",300
4492,107,"683,923,811,383,485,203,379,497,417,789","127,195,3,189,189,125,39,128,165,156",531
4858,107,"683,923,417,184,485,553,37,731,438,638","127,195,165,36,189,117,151,219,3,154",594
1041,107,"683,923,203,247,658,130,379,789,354,246","127,195,125,63,195,63,39,156,202,54",669
987,107,"683,452,811,539,570,163,406,321,861,867","127,146,3,148,117,163,127,127,135,155",690
432,107,"683,452,184,363,417,160,738,547,497,923","127,146,36,128,165,39,155,155,128,195",507
6147,107,"683,923,203,247,658,130,379,789,246,342","127,195,125,63,195,63,39,156,54,163",576
870,107,"683,452,184,363,438,658,638,551,789,332","127,146,36,128,3,195,154,195,156,154",427
4088,107,"452,923,772,539,363,312,154,405,714,349","146,195,126,148,128,148,164,154,163,127",479
5126,107,"683,452,811,539,405,154,202,312,199,248","127,146,3,148,154,164,153,148,155,148",498
464,107,"683,923,203,184,342,705,37,710,553,160","127,195,125,36,163,44,151,127,117,39",608
4325,107,"683,923,811,907,248,731,383,539,3,772","127,195,3,219,148,219,189,148,155,126",571
2618,107,"683,923,811,907,248,731,383,452,184,710","127,195,3,219,148,219,189,146,36,127",586
4940,107,"683,923,203,184,342,705,37,638,674,438","127,195,125,36,163,44,151,154,146,3",601
1823,107,"683,923,203,247,638,674,517,184,705,789","127,195,125,63,154,146,155,36,44,156",612
1373,107,"452,923,312,59,363,811,24,614,742,383","146,195,148,164,128,3,156,3,164,189",469
2795,107,"683,923,417,193,368,474,212,332,789,438","127,195,165,21,3,3,148,154,156,3",510
5933,107,"683,184,638,342,417,438,379,789,474,212","127,36,154,163,165,3,39,156,3,148",448
1778,107,"683,923,811,383,485,3,638,941,772,497","127,195,3,189,189,155,154,154,126,128",563
4793,107,"683,401,130,781,923,789,290,203,731,465","127,174,63,39,195,156,3,125,219,114",667
2949,107,"683,923,203,247,638,184,677,438,485,417","127,195,125,63,154,36,156,3,189,165",600
1077,107,"683,923,811,907,248,731,383,452,199,772","127,195,3,219,148,219,189,146,155,126",290
3462,107,"683,923,705,553,37,342,497,638,379,105","127,195,44,117,151,163,128,154,39,284",539
2322,107,"683,923,811,731,383,497,184,37,553,406","127,195,3,219,189,128,36,151,117,127",693
199,107,"683,923,203,247,638,674,705,47,184,342","127,195,125,63,154,146,44,127,36,163",604
248,107,"683,452,184,363,417,160,438,497,551,89","127,146,36,128,165,39,3,128,195,42",612
4142,107,"683,923,811,383,614,731,452,553,710,772","127,195,3,189,3,219,146,117,127,126",464
4017,107,"683,452,184,363,551,786,539,312,154,59","127,146,36,128,195,154,148,148,164,164",519
767,107,"683,923,417,193,368,474,130,638,212,379","127,195,165,21,3,3,63,154,148,39",582
4698,107,"683,923,705,37,342,638,184,193,368,417","127,195,44,151,163,154,36,21,3,165",553
35,107,"683,452,811,539,570,163,406,321,405,363","127,146,3,148,117,163,127,127,154,128",620
2148,107,"683,923,417,184,193,368,342,677,438,638","127,195,165,36,21,3,163,156,3,154",520
4875,107,"683,923,417,193,368,438,342,638,474,184","127,195,165,21,3,3,163,154,3,36",423
5579,107,"683,452,811,383,363,405,539,406,3,190","127,146,3,189,128,154,148,127,155,163,164",585
5580,107,"683,923,203,184,342,638,37,677,485,731","127,195,125,36,163,154,151,156,189,219",608
1109,107,"683,923,811,383,485,497,731,638,379,184","127,195,3,189,189,128,219,154,39,36",555
6018,107,"452,137,677,379,789,638,342,547,332,658","146,39,156,39,156,154,163,155,154,195",312
2923,107,"683,923,811,907,705,37,383,731,184,190","127,195,3,219,44,151,189,219,36,163,164",669
1172,107,"683,923,417,184,193,368,105,342,547,497","127,195,165,36,21,3,284,163,155,128",506
714,107,"452,923,312,533,3,383,714,190,379,465","146,195,148,39,155,189,163,163,164,39,114",380
425,107,"683,923,193,368,105,638,379,474,677,332","127,195,21,3,284,154,39,3,156,154",304
5558,107,"683,452,184,539,154,312,405,59,202,731","127,146,36,148,164,148,154,164,153,219",561
3945,107,"683,452,811,383,867,363,714,406,570,405","127,146,3,189,155,128,163,127,117,154",582
730,107,"683,923,705,781,789,130,438,379,638,193","127,195,44,39,156,63,3,39,154,21",572
3475,107,"683,452,811,383,539,405,363,786,710,714","127,146,3,189,148,154,128,154,127,163",547
2062,107,"452,923,312,533,383,199,539,154,714,405","146,195,148,39,189,155,148,164,163,154",380
3456,107,"683,923,417,193,368,474,130,638,212,379","127,195,165,21,3,3,63,154,148,39",545
2726,107,"683,923,203,677,417,379,789,246,438,130","127,195,125,156,165,39,156,54,3,63",546
3852,107,"452,638,417,184,383,629,438,290,160,485","146,154,165,36,189,148,3,3,39,189",531
4540,108,"452,137,677,160,368,379,789,638,474,332","146,39,156,39,3,39,156,154,3,154",251
3507,108,"683,923,417,184,193,368,438,342,677,485","127,195,165,36,21,3,3,163,156,189",531
4932,108,"683,452,811,383,539,405,710,731,314,406","127,146,3,189,148,154,127,219,155,127",471
5784,108,"683,452,184,539,190,383,710,405,406,59","127,146,36,148,163,164,189,127,154,127,164",490
5424,108,"683,923,811,907,184,731,383,37,190,209","127,195,3,219,36,219,189,151,163,164,155",535
5481,108,"683,923,705,781,130,193,368,789,438,379","127,195,44,39,63,21,3,156,3,39",553
4511,108,"683,452,811,383,867,884,441,363,349,406","127,146,3,189,155,44,117,128,127,127",612
5430,108,"683,923,203,677,417,193,638,368,497,438","127,195,125,156,165,21,154,3,128,3",546
2873,108,"452,638,923,184,677,417,438,332,130,513","146,154,195,36,156,165,3,154,63,148",477
1235,108,"452,923,312,533,383,363,199,714,190,379","146,195,148,39,189,128,155,163,163,164,39",494
4355,108,"683,923,705,781,789,379,417,193,368,130","127,195,44,39,156,39,165,21,3,63",586
3184,108,"683,923,811,907,248,383,410,37,190,731","127,195,3,219,148,189,148,151,163,164,219",535
2179,108,"452,638,923,184,677,417,438,332,212,368","146,154,195,36,156,165,3,154,148,3",352
3210,108,"683,923,417,193,368,547,474,130,246,789","127,195,165,21,3,155,3,63,54,156",544
3735,108,"683,923,193,368,677,638,105,497,379,547","127,195,21,3,156,154,284,128,39,155",289
4486,108,"683,923,417,184,193,485,368,290,342,379","127,195,165,36,21,189,3,3,163,39",519
574,108,"683,923,417,193,368,474,130,638,379,332","127,195,165,21,3,3,63,154,39,154",483
633,108,"683,452,184,539,190,383,629,770,461,811","127,146,36,148,163,164,189,148,129,155,3",508
1133,108,"452,638,923,383,614,533,59,154,312,742","146,154,195,189,3,39,164,164,148,164",361
5148,108,"683,452,811,383,539,405,59,312,731,742","127,146,3,189,148,154,164,148,219,164",556
64,108,"683,923,417,184,485,553,37,811,539,133","127,195,165,36,189,117,151,3,148,163",494
5501,108,"683,923,417,193,368,474,342,497,379,212","127,195,165,21,3,3,163,128,39,148",463
1584,108,"452,923,312,59,742,539,154,614,202,527","146,195,148,164,164,148,164,3,153,155",413
729,108,"452,923,312,533,383,714,614,539,154,811","146,195,148,39,189,163,3,148,164,3",346
3759,108,"683,923,417,193,368,474,789,379,332,638","127,195,165,21,3,3,156,39,154,154",437
3009,108,"452,137,677,160,923,105,368,184,342,658","146,39,156,39,195,284,3,36,163,195",516
4554,108,"683,923,705,781,789,379,354,769,417,212","127,195,44,39,156,39,202,155,165,148",569
2626,108,"683,923,203,677,417,130,193,379,368,342","127,195,125,156,165,63,21,39,3,163",628
2261,108,"683,452,811,539,570,163,312,3,383,731","127,146,3,148,117,163,148,155,189,219",641
3610,108,"683,923,203,184,383,731,705,553,674,37","127,195,125,36,189,219,44,117,146,151",600
5528,108,"683,923,705,781,789,379,354,640,212,638","127,195,44,39,156,39,202,148,148,154",553
5711,108,"683,923,705,781,789,379,417,130,368,513","127,195,44,39,156,39,165,63,3,148",553
2930,108,"452,137,184,738,368,638,332,658,193,474","146,39,36,155,3,154,154,195,21,3",293
145,108,"683,923,417,193,368,438,184,342,246,640","127,195,165,21,3,3,36,163,54,148",500
5860,108,"452,923,312,59,539,154,202,742,405,24","146,195,148,164,148,164,153,164,154,156",354
5493,108,"683,923,417,193,485,342,130,246,379,789","127,195,165,21,189,163,63,54,39,156",544
1509,108,"683,401,130,438,354,379,638,923,705,368","127,174,63,3,202,39,154,195,44,3",594
3202,108,"683,383,539,312,405,59,163,248,867,154","127,189,148,148,154,164,163,148,155,164",669
541,108,"683,452,184,363,551,417,349,130,40,438","127,146,36,128,195,165,127,63,3,3",528
1595,108,"452,705,379,781,923,368,513,517,438,677","146,44,39,39,195,3,148,155,3,156",500
4837,108,"683,452,184,539,154,629,312,59,248,383","127,146,36,148,164,148,148,164,148,189",464
5610,108,"683,452,884,363,417,923,547,184,640,866","127,146,44,128,165,195,155,36,148,284",653
66,108,"683,452,884,614,866,790,539,383,710,867","127,146,44,3,284,148,148,189,127,155",653
4215,108,"683,923,184,193,368,638,485,130,677,105","127,195,36,21,3,154,189,63,156,284",415
5436,108,"683,452,184,539,867,190,406,405,383,349","127,146,36,148,155,163,164,127,154,189,127",547
2737,108,"683,452,184,539,190,383,629,770,465,497","127,146,36,148,163,164,189,148,129,114,128",535
573,108,"452,638,417,184,383,629,37,438,354,290","146,154,165,36,189,148,151,3,202,3",547
1670,108,"683,923,203,247,638,184,866,677,417,485","127,195,125,63,154,36,284,156,165,189",644
5744,108,"683,923,705,781,789,379,417,547,130,474","127,195,44,39,156,39,165,155,63,3",586
1223,108,"452,638,417,332,789,738,342,368,193,517","146,154,165,154,156,155,163,3,21,155",400
2837,108,"683,923,417,193,368,474,130,638,212,379","127,195,165,21,3,3,63,154,148,39",538
5167,108,"683,923,811,907,248,383,410,37,190,731","127,195,3,219,148,189,148,151,163,164,219",557
1374,108,"683,923,705,781,130,789,379,677,368,417","127,195,44,39,63,156,39,156,3,165",553
2938,108,"683,923,811,731,248,383,312,539,154,420","127,195,3,219,148,189,148,148,164,153",535
4883,108,"683,923,705,781,789,130,379,638,417,474","127,195,44,39,156,63,39,154,165,3",531
1715,108,"452,137,677,379,160,368,37,789,474,332","146,39,156,39,39,3,151,156,3,154",378
1563,108,"683,923,417,193,368,474,130,246,379,789","127,195,165,21,3,3,63,54,39,156",519
3981,108,"683,452,184,539,154,629,312,383,710,59","127,146,36,148,164,148,148,189,127,164",520
1993,108,"683,452,811,383,539,405,363,786,614,742","127,146,3,189,148,154,128,154,3,164",540
4228,108,"683,923,417,193,368,547,474,212,379,513","127,195,165,21,3,155,3,148,39,148",549
3557,108,"683,923,811,383,638,379,193,789,368,677","127,195,3,189,154,39,21,156,3,156",304
449,108,"683,923,417,184,485,553,37,209,383,629","127,195,165,36,189,117,151,155,189,148",541
944,108,"452,638,417,332,474,789,379,212,640,342","146,154,165,154,3,156,39,148,148,163",447
3243,108,"683,923,705,781,789,379,354,640,212,130","127,195,44,39,156,39,202,148,148,63",553
889,108,"683,923,811,907,248,731,383,190,184,819","127,195,3,219,148,219,189,163,164,36,3",519
3540,108,"683,923,203,184,342,105,368,290,638,37","127,195,125,36,163,284,3,3,154,151",553
4748,108,"452,638,417,332,130,474,379,789,212,246","146,154,165,154,63,3,39,156,148,54",521
3532,108,"683,923,417,193,368,547,474,105,342,130","127,195,165,21,3,155,3,284,163,63",528
1764,108,"683,923,417,193,368,547,474,130,638,485","127,195,165,21,3,155,3,63,154,189",541
1614,108,"683,923,203,677,417,379,789,246,438,130","127,195,125,156,165,39,156,54,3,63",571
5452,108,"683,923,811,383,485,3,638,941,772,731","127,195,3,189,189,155,154,154,126,219",519
5139,108,"683,923,417,193,368,474,342,497,379,212","127,195,165,21,3,3,163,128,39,148",472
2840,108,"452,638,417,184,342,438,658,640,368,332","146,154,165,36,163,3,195,148,3,154",355
2905,108,"683,923,811,731,248,539,772,383,452,184","127,195,3,219,148,148,126,189,146,36",628
1294,108,"683,923,417,184,193,368,342,677,438,638","127,195,165,36,21,3,163,156,3,154",570
2101,108,"683,452,811,539,731,3,406,312,533,383","127,146,3,148,219,155,127,148,39,189",574
5250,108,"452,923,312,59,742,539,154,614,202,3","146,195,148,164,164,148,164,3,153,155",338
2710,108,"683,452,811,383,363,405,714,3,786,938","127,146,3,189,128,154,163,155,154,155",520
3446,108,"683,923,417,193,368,474,130,342,677,513","127,195,165,21,3,3,63,163,156,148",519
1057,108,"683,452,184,539,190,383,614,710,923,406","127,146,36,148,163,164,189,3,127,195,127",543
185,108,"683,383,539,312,405,59,163,406,742,321","127,189,148,148,154,164,163,127,164,127",720
622,108,"683,452,811,539,731,867,742,405,363,714","127,146,3,148,219,155,164,154,128,163",535
2367,108,"452,923,312,59,539,154,202,742,405,24","146,195,148,164,148,164,153,164,154,156",398
5110,108,"452,923,312,533,383,714,417,184,629,811","146,195,148,39,189,163,165,36,148,3",349
5210,108,"683,923,417,193,368,547,474,130,246,212","127,195,165,21,3,155,3,63,54,148",523
2654,108,"683,452,811,539,570,383,312,405,363,786","127,146,3,148,117,189,148,154,128,154",541
5074,108,"683,923,705,781,789,379,354,769,640,212","127,195,44,39,156,39,202,155,148,148",553
4457,108,"683,923,811,731,248,539,420,154,163,383","127,195,3,219,148,148,153,164,163,189",690
1462,108,"683,923,417,193,485,342,130,137,379,497","127,195,165,21,189,163,63,39,39,128",554
1213,108,"683,923,705,781,789,379,417,130,368,137","127,195,44,39,156,39,165,63,3,39",644
1506,108,"866,781,789,229,383,614,243,170,457,368","284,39,156,219,189,3,129,39,156,3",388
1010,108,"452,638,438,332,547,789,658,474,379,368","146,154,3,154,155,156,195,3,39,3",270
1760,108,"683,923,203,184,383,811,485,37,193,379","127,195,125,36,189,3,189,151,21,39",600
1298,108,"452,923,312,533,184,539,811,383,629,417","146,195,148,39,36,148,3,189,148,165",430
3549,108,"683,811,539,731,884,441,363,923,170,406","127,3,148,219,44,117,128,195,39,127",633
5694,108,"683,923,811,731,383,497,184,629,190,406","127,195,3,219,189,128,36,148,163,164,127",606
3791,108,"683,452,866,710,561,614,539,383,190,184","127,146,284,127,63,3,148,189,163,164,36",639
4216,108,"683,923,705,781,789,379,417,130,342,640","127,195,44,39,156,39,165,63,163,148",553
1837,108,"683,923,417,184,485,383,811,3,638,438","127,195,165,36,189,189,3,155,154,3",499
2380,108,"683,452,811,539,731,867,363,312,383,405","127,146,3,148,219,155,128,148,189,154",535
2786,108,"683,923,203,247,658,130,379,789,354,246","127,195,125,63,195,63,39,156,202,54",691
3513,108,"452,638,417,184,342,438,658,640,203,290","146,154,165,36,163,3,195,148,125,3",523
3166,108,"683,923,705,781,130,789,379,677,368,417","127,195,44,39,63,156,39,156,3,165",472
111,108,"683,923,203,247,658,130,379,342,497,368","127,195,125,63,195,63,39,163,128,3",598
4671,108,"683,923,705,781,789,379,354,640,417,638","127,195,44,39,156,39,202,148,165,154",553
1507,108,"683,452,184,539,154,629,312,383,710,59","127,146,36,148,164,148,148,189,127,164",634
3266,108,"683,452,811,539,731,3,405,786,363,383","127,146,3,148,219,155,154,154,128,189",579
3187,108,"452,137,677,160,368,923,417,184,517,513","146,39,156,39,3,195,165,36,155,148",374
5211,108,"683,923,417,184,485,383,731,638,629,497","127,195,165,36,189,189,219,154,148,128",541
2831,108,"452,638,923,383,190,184,379,417,290,770","146,154,195,189,163,164,36,39,165,3,129",513
2347,108,"683,923,705,553,184,638,342,438,290,417","127,195,44,117,36,154,163,3,3,165",555
5507,108,"683,923,417,193,368,438,184,130,246,342","127,195,165,21,3,3,36,63,54,163",519
5195,108,"683,923,193,368,731,638,677,497,379,105","127,195,21,3,219,154,156,128,39,284",304
5544,108,"683,923,203,184,342,705,37,710,553,638","127,195,125,36,163,44,151,127,117,154",720
2914,108,"683,452,811,539,570,383,405,406,190,154","127,146,3,148,117,189,154,127,163,164,164",559
5496,108,"683,452,811,539,731,405,742,248,59,312","127,146,3,148,219,154,164,148,164,148",530
1138,108,"683,452,811,539,731,3,405,406,190,923","127,146,3,148,219,155,154,127,163,164,195",535
4419,108,"683,923,203,247,638,674,517,705,789,379","127,195,125,63,154,146,155,44,156,39",627
3276,108,"683,923,417,184,193,368,105,342,497,130","127,195,165,36,21,3,284,163,128,63",569
2918,108,"683,923,203,184,383,811,37,485,705,789","127,195,125,36,189,3,151,189,44,156",634
50,108,"683,923,193,368,677,638,105,497,379,474","127,195,21,3,156,154,284,128,39,3",304
1378,108,"683,452,811,539,405,363,312,742,421,786","127,146,3,148,154,128,148,164,195,154",588
1389,108,"683,452,811,383,363,405,539,314,406,3","127,146,3,189,128,154,148,155,127,155",618
4400,108,"683,923,203,247,638,674,517,705,789,342","127,195,125,63,154,146,155,44,156,163",654
565,108,"683,923,705,553,184,638,290,37,193,342","127,195,44,117,36,154,3,151,21,163",640
5627,108,"683,452,811,539,163,321,406,59,405,421","127,146,3,148,163,127,127,164,154,195",669
5456,108,"683,452,811,383,539,405,884,786,614,363","127,146,3,189,148,154,44,154,3,128",611
1362,108,"683,452,811,383,363,405,238,163,714,199","127,146,3,189,128,154,155,163,163,155",574
123,108,"683,184,811,383,485,3,731,638,629,417","127,36,3,189,189,155,219,154,148,165",466
3482,108,"683,452,184,363,551,417,923,40,513,130","127,146,36,128,195,165,195,3,148,63",547
1626,108,"683,923,383,485,37,638,379,497,368,406","127,195,189,189,151,154,39,128,3,127",540
6033,108,"683,452,884,441,406,923,363,398,349,772","127,146,44,117,127,195,128,270,127,126",661
5560,108,"683,452,811,539,405,154,202,312,731,248","127,146,3,148,154,164,153,148,219,148",616
4723,108,"683,452,184,539,190,383,629,770,406,405","127,146,36,148,163,164,189,148,129,127,154",498
1525,108,"683,452,184,539,154,629,312,199,383,710","127,146,36,148,164,148,148,155,189,127",600
3854,108,"683,923,811,383,614,731,37,710,452,772","127,195,3,189,3,219,151,127,146,126",544
184,108,"683,923,203,184,342,705,37,710,160,438","127,195,125,36,163,44,151,127,39,3",645
1025,108,"683,923,811,907,184,731,248,312,539,383","127,195,3,219,36,219,148,148,148,189",535
2100,108,"452,383,312,533,811,539,614,59,742,405","146,189,148,39,3,148,3,164,164,154",371
2034,108,"452,923,312,533,184,539,811,190,410,383","146,195,148,39,36,148,3,163,164,148,189",485
1554,108,"683,923,203,184,342,638,438,247,658,246","127,195,125,36,163,154,3,63,195,54",612
3938,108,"683,401,130,417,438,781,638,923,485,789","127,174,63,165,3,39,154,195,189,156",688
481,108,"683,452,184,363,551,417,923,40,137,547","127,146,36,128,195,165,195,3,39,155",463
3315,108,"683,923,811,383,485,638,379,193,497,37","127,195,3,189,189,154,39,21,128,151",541
966,108,"683,452,184,539,190,383,629,770,465,314","127,146,36,148,163,164,189,148,129,114,155",510
4238,108,"683,452,811,383,539,405,363,786,731,710","127,146,3,189,148,154,128,154,219,127",521
3693,108,"683,452,811,383,539,405,710,731,312,59","127,146,3,189,148,154,127,219,148,164",463
1674,108,"683,452,884,441,349,638,866,561,184,231","127,146,44,117,127,154,284,63,36,128",640
4328,108,"452,137,677,379,789,332,638,474,738,193","146,39,156,39,156,154,154,3,155,21",278
4352,108,"683,452,811,383,867,405,539,406,199,803","127,146,3,189,155,154,148,127,155,148",535
5529,108,"683,923,184,342,497,130,368,547,638,193","127,195,36,163,128,63,3,155,154,21",506
2677,108,"683,401,14,782,772,37,497,383,710,614","127,174,137,117,126,151,128,189,127,3",796
3486,108,"683,923,705,781,789,379,354,417,638,130","127,195,44,39,156,39,202,165,154,63",702
796,108,"683,923,203,247,658,130,379,342,497,640","127,195,125,63,195,63,39,163,128,148",635
2917,108,"683,923,417,193,368,474,130,342,677,105","127,195,165,21,3,3,63,163,156,284",519
2572,108,"683,923,193,368,677,638,105,658,497,379","127,195,21,3,156,154,284,195,128,39",275
4,108,"452,638,368,923,658,332,105,677,474,193","146,154,3,195,195,154,284,156,3,21",226
4277,108,"683,923,705,781,789,130,379,342,417,474","127,195,44,39,156,63,39,163,165,3",563
444,108,"683,923,417,184,193,368,342,677,160,638","127,195,165,36,21,3,163,156,39,154",526
6036,108,"683,923,184,342,677,368,193,638,130,474","127,195,36,163,156,3,21,154,63,3",493
2078,108,"683,923,417,184,193,485,368,438,342,677","127,195,165,36,21,189,3,3,163,156",516
2781,108,"683,452,811,539,405,363,786,349,714,421","127,146,3,148,154,128,154,127,163,195",555
1503,108,"683,923,705,37,342,497,130,379,638,193","127,195,44,151,163,128,63,39,154,21",553
2961,108,"683,923,203,247,658,677,342,368,130,417","127,195,125,63,195,156,163,3,63,165",678
2627,108,"452,923,312,533,184,160,137,417,789,379","146,195,148,39,36,39,39,165,156,39",689
1930,108,"683,923,811,907,248,383,410,37,190,184","127,195,3,219,148,189,148,151,163,164,36",471
2436,108,"452,866,789,417,638,640,474,332,738,819","146,284,156,165,154,148,3,154,155,3",300
4492,108,"683,923,811,383,485,203,379,497,417,789","127,195,3,189,189,125,39,128,165,156",531
4858,108,"683,923,417,184,485,553,37,731,438,638","127,195,165,36,189,117,151,219,3,154",594
1041,108,"683,923,203,247,658,130,379,789,354,246","127,195,125,63,195,63,39,156,202,54",669
987,108,"683,452,811,539,570,163,406,321,861,59","127,146,3,148,117,163,127,127,135,164",690
432,108,"683,452,184,363,417,160,658,497,190,923","127,146,36,128,165,39,195,128,163,164,195",507
6147,108,"683,923,203,247,658,130,379,789,246,342","127,195,125,63,195,63,39,156,54,163",576
870,108,"683,452,184,363,438,658,638,551,789,332","127,146,36,128,3,195,154,195,156,154",427
4088,108,"452,923,772,539,363,312,154,405,714,349","146,195,126,148,128,148,164,154,163,127",479
5126,108,"683,452,811,539,405,154,202,312,59,248","127,146,3,148,154,164,153,148,164,148",498
464,108,"683,923,203,184,342,705,37,710,553,160","127,195,125,36,163,44,151,127,117,39",608
4325,108,"683,923,811,907,248,731,383,111,154,539","127,195,3,219,148,219,189,155,164,148",571
2618,108,"683,923,811,907,248,731,383,452,184,710","127,195,3,219,148,219,189,146,36,127",586
4940,108,"683,923,203,184,342,705,37,638,674,438","127,195,125,36,163,44,151,154,146,3",601
1823,108,"683,923,203,247,638,674,184,193,640,379","127,195,125,63,154,146,36,21,148,39",612
1373,108,"452,923,312,59,363,811,24,614,742,383","146,195,148,164,128,3,156,3,164,189",469
2795,108,"683,923,417,193,368,474,212,332,789,438","127,195,165,21,3,3,148,154,156,3",510
5933,108,"683,184,638,342,417,438,379,789,474,212","127,36,154,163,165,3,39,156,3,148",448
1778,108,"683,923,811,383,485,497,731,941,248,907","127,195,3,189,189,128,219,154,148,219",563
4793,108,"683,401,130,781,923,789,290,203,731,465","127,174,63,39,195,156,3,125,219,114",667
2949,108,"683,923,203,247,638,184,677,438,485,417","127,195,125,63,154,36,156,3,189,165",600
1077,108,"683,923,811,907,248,731,383,452,199,772","127,195,3,219,148,219,189,146,155,126",290
3462,108,"683,923,705,553,37,342,497,638,379,105","127,195,44,117,151,163,128,154,39,284",539
2322,108,"683,923,811,731,383,497,184,37,553,406","127,195,3,219,189,128,36,151,117,127",693
199,108,"683,923,203,247,638,674,705,47,184,342","127,195,125,63,154,146,44,127,36,163",604
248,108,"683,452,184,363,417,160,438,738,658,547","127,146,36,128,165,39,3,155,195,155",612
4142,108,"683,923,811,383,614,731,111,772,539,248","127,195,3,189,3,219,155,126,148,148",464
4017,108,"683,452,184,363,551,786,539,312,154,59","127,146,36,128,195,154,148,148,164,164",519
767,108,"683,923,417,193,368,474,130,638,212,379","127,195,165,21,3,3,63,154,148,39",582
4698,108,"683,923,705,37,342,638,184,193,368,417","127,195,44,151,163,154,36,21,3,165",553
35,108,"683,452,811,539,570,163,406,321,405,363","127,146,3,148,117,163,127,127,154,128",620
2148,108,"683,923,417,184,193,368,342,677,438,638","127,195,165,36,21,3,163,156,3,154",520
4875,108,"683,923,417,193,368,438,342,638,474,184","127,195,165,21,3,3,163,154,3,36",423
5579,108,"683,452,811,383,363,405,539,406,710,199","127,146,3,189,128,154,148,127,127,155",585
5580,108,"683,923,203,184,342,638,37,677,485,731","127,195,125,36,163,154,151,156,189,219",608
1109,108,"683,923,811,383,485,497,731,638,379,184","127,195,3,189,189,128,219,154,39,36",555
6018,108,"452,137,677,379,789,638,342,547,332,658","146,39,156,39,156,154,163,155,154,195",312
2923,108,"683,923,811,907,705,37,383,209,731,184","127,195,3,219,44,151,189,155,219,36",669
1172,108,"683,923,417,184,193,368,105,342,497,640","127,195,165,36,21,3,284,163,128,148",506
714,108,"452,923,312,533,383,190,184,199,629,314","146,195,148,39,189,163,164,36,155,148,155",380
425,108,"683,923,193,368,105,638,379,474,677,332","127,195,21,3,284,154,39,3,156,154",304
5558,108,"683,452,184,539,154,312,405,59,202,731","127,146,36,148,164,148,154,164,153,219",561
3945,108,"683,452,811,383,867,363,714,406,570,405","127,146,3,189,155,128,163,127,117,154",582
730,108,"683,923,705,781,789,130,438,379,638,193","127,195,44,39,156,63,3,39,154,21",572
3475,108,"683,452,811,383,539,405,363,786,710,714","127,146,3,189,148,154,128,154,127,163",547
2062,108,"452,923,312,533,383,199,539,154,714,405","146,195,148,39,189,155,148,164,163,154",380
3456,108,"683,923,417,193,368,474,130,638,212,379","127,195,165,21,3,3,63,154,148,39",545
2726,108,"683,923,203,677,417,379,789,246,438,130","127,195,125,156,165,39,156,54,3,63",546
3852,108,"452,638,417,184,383,629,461,160,290,485","146,154,165,36,189,148,155,39,3,189",531
4540,109,"452,137,677,160,368,379,789,638,474,332","146,39,156,39,3,39,156,154,3,154",251
3507,109,"683,923,417,184,193,368,438,342,677,485","127,195,165,36,21,3,3,163,156,189",531
4932,109,"683,452,811,383,539,405,710,731,406,867","127,146,3,189,148,154,127,219,127,155",471
5784,109,"683,452,184,539,190,383,710,405,406,59","127,146,36,148,163,164,189,127,154,127,164",490
5424,109,"683,923,811,907,184,731,383,37,190,629","127,195,3,219,36,219,189,151,163,164,148",535
5481,109,"683,923,705,781,130,193,368,789,438,379","127,195,44,39,63,21,3,156,3,39",553
4511,109,"683,452,811,383,363,714,866,354,170,379","127,146,3,189,128,163,284,202,39,39",612
5430,109,"683,923,203,677,417,193,547,638,485,438","127,195,125,156,165,21,155,154,189,3",546
2873,109,"452,638,923,184,677,547,342,438,417,332","146,154,195,36,156,155,163,3,165,154",477
1235,109,"452,923,312,533,383,363,199,714,190,379","146,195,148,39,189,128,155,163,163,164,39",494
4355,109,"683,923,705,781,789,379,417,193,368,547","127,195,44,39,156,39,165,21,3,155",586
3184,109,"683,923,811,907,248,111,457,406,410,184","127,195,3,219,148,155,156,127,148,36",535
2179,109,"452,638,923,184,677,417,438,332,212,368","146,154,195,36,156,165,3,154,148,3",352
3210,109,"683,923,417,193,368,474,130,246,379,789","127,195,165,21,3,3,63,54,39,156",544
3735,109,"683,923,193,368,677,638,738,497,379,105","127,195,21,3,156,154,155,128,39,284",289
4486,109,"683,923,417,184,193,485,368,290,342,379","127,195,165,36,21,189,3,3,163,39",519
574,109,"683,923,417,193,368,547,474,130,638,640","127,195,165,21,3,155,3,63,154,148",483
633,109,"683,452,184,539,190,383,629,770,3,811","127,146,36,148,163,164,189,148,129,155,3",508
1133,109,"452,638,923,383,614,533,59,154,312,742","146,154,195,189,3,39,164,164,148,164",361
5148,109,"683,452,811,383,539,405,59,312,731,742","127,146,3,189,148,154,164,148,219,164",556
64,109,"683,923,417,184,485,553,37,811,539,133","127,195,165,36,189,117,151,3,148,163",494
5501,109,"683,923,417,193,368,547,474,638,342,379","127,195,165,21,3,155,3,154,163,39",463
1584,109,"452,923,312,59,742,539,154,614,202,383","146,195,148,164,164,148,164,3,153,189",413
729,109,"452,923,312,533,383,714,614,539,154,811","146,195,148,39,189,163,3,148,164,3",346
3759,109,"683,923,417,193,368,474,789,379,332,638","127,195,165,21,3,3,156,39,154,154",437
3009,109,"452,137,677,160,923,105,368,184,342,658","146,39,156,39,195,284,3,36,163,195",516
4554,109,"683,923,705,781,789,379,354,640,417,638","127,195,44,39,156,39,202,148,165,154",569
2626,109,"683,923,203,677,417,130,193,379,368,342","127,195,125,156,165,63,21,39,3,163",628
2261,109,"683,452,811,539,570,163,867,312,772,248","127,146,3,148,117,163,155,148,126,148",641
3610,109,"683,923,203,184,383,731,705,553,674,37","127,195,125,36,189,219,44,117,146,151",600
5528,109,"683,923,705,781,789,379,354,769,640,212","127,195,44,39,156,39,202,155,148,148",553
5711,109,"683,923,705,781,789,379,417,130,368,513","127,195,44,39,156,39,165,63,3,148",553
2930,109,"452,137,184,547,368,332,658,193,789,474","146,39,36,155,3,154,195,21,156,3",293
145,109,"683,923,417,193,368,438,184,342,246,640","127,195,165,21,3,3,36,163,54,148",500
5860,109,"452,923,312,59,539,154,202,742,405,24","146,195,148,164,148,164,153,164,154,156",354
5493,109,"683,923,417,193,485,342,130,246,379,789","127,195,165,21,189,163,63,54,39,156",544
1509,109,"683,401,130,438,354,379,638,923,705,368","127,174,63,3,202,39,154,195,44,3",594
3202,109,"683,383,539,312,405,59,163,248,154,443","127,189,148,148,154,164,163,148,164,176",669
541,109,"683,452,184,363,551,417,349,130,40,438","127,146,36,128,195,165,127,63,3,3",528
1595,109,"452,705,379,781,923,368,513,677,178,160","146,44,39,39,195,3,148,156,155,39",500
4837,109,"683,452,184,539,154,629,867,59,199,312","127,146,36,148,164,148,155,164,155,148",464
5610,109,"683,452,884,363,417,923,184,640,866,438","127,146,44,128,165,195,36,148,284,3",653
66,109,"683,452,884,614,866,790,539,383,710,199","127,146,44,3,284,148,148,189,127,155",653
4215,109,"683,923,184,193,368,638,485,130,677,105","127,195,36,21,3,154,189,63,156,284",415
5436,109,"683,452,184,539,190,383,629,770,406,421","127,146,36,148,163,164,189,148,129,127,195",547
2737,109,"683,452,184,539,867,190,406,405,383,349","127,146,36,148,155,163,164,127,154,189,127",535
573,109,"452,638,417,184,383,629,37,438,354,290","146,154,165,36,189,148,151,3,202,3",547
1670,109,"683,923,203,247,638,184,866,677,417,485","127,195,125,63,154,36,284,156,165,189",644
5744,109,"683,923,705,781,789,379,417,130,342,640","127,195,44,39,156,39,165,63,163,148",586
1223,109,"452,638,417,332,789,438,342,368,212,474","146,154,165,154,156,3,163,3,148,3",400
2837,109,"683,923,417,193,368,474,130,638,212,379","127,195,165,21,3,3,63,154,148,39",538
5167,109,"683,923,811,907,248,383,410,37,190,731","127,195,3,219,148,189,148,151,163,164,219",557
1374,109,"683,923,705,781,130,789,379,677,368,417","127,195,44,39,63,156,39,156,3,165",553
2938,109,"683,923,811,731,248,383,312,539,154,420","127,195,3,219,148,189,148,148,164,153",535
4883,109,"683,923,705,781,789,130,379,638,417,474","127,195,44,39,156,63,39,154,165,3",531
1715,109,"452,137,677,379,160,368,37,789,474,332","146,39,156,39,39,3,151,156,3,154",378
1563,109,"683,923,417,193,368,474,130,246,379,789","127,195,165,21,3,3,63,54,39,156",519
3981,109,"683,452,184,539,154,629,312,383,710,59","127,146,36,148,164,148,148,189,127,164",520
1993,109,"683,452,811,383,539,405,363,786,614,742","127,146,3,189,148,154,128,154,3,164",540
4228,109,"683,923,417,193,368,547,474,212,379,513","127,195,165,21,3,155,3,148,39,148",549
3557,109,"683,923,811,383,638,379,193,789,368,677","127,195,3,189,154,39,21,156,3,156",304
449,109,"683,923,417,184,485,553,37,383,629,811","127,195,165,36,189,117,151,189,148,3",541
944,109,"452,638,417,332,474,789,379,212,640,769","146,154,165,154,3,156,39,148,148,155",447
3243,109,"683,923,705,781,789,379,354,640,212,130","127,195,44,39,156,39,202,148,148,63",553
889,109,"683,923,811,907,248,731,383,190,184,819","127,195,3,219,148,219,189,163,164,36,3",519
3540,109,"683,923,203,184,342,105,368,290,638,37","127,195,125,36,163,284,3,3,154,151",553
4748,109,"452,638,417,332,130,474,379,789,212,246","146,154,165,154,63,3,39,156,148,54",521
3532,109,"683,923,417,193,368,547,474,105,342,130","127,195,165,21,3,155,3,284,163,63",528
1764,109,"683,923,417,193,368,474,130,638,485,246","127,195,165,21,3,3,63,154,189,54",541
1614,109,"683,923,203,677,417,379,789,246,438,130","127,195,125,156,165,39,156,54,3,63",571
5452,109,"683,923,811,383,485,497,638,772,941,731","127,195,3,189,189,128,154,126,154,219",519
5139,109,"683,923,417,193,368,474,342,497,379,212","127,195,165,21,3,3,163,128,39,148",472
2840,109,"452,638,417,184,342,438,658,640,368,332","146,154,165,36,163,3,195,148,3,154",355
2905,109,"683,923,811,731,248,539,772,383,452,3","127,195,3,219,148,148,126,189,146,155",628
1294,109,"683,923,417,184,193,368,342,677,438,638","127,195,165,36,21,3,163,156,3,154",570
2101,109,"683,452,811,539,731,383,406,714,190,363","127,146,3,148,219,189,127,163,163,164,128",574
5250,109,"452,923,312,59,742,539,154,614,202,527","146,195,148,164,164,148,164,3,153,155",338
2710,109,"683,452,811,383,363,405,238,714,3,938","127,146,3,189,128,154,155,163,155,155",520
3446,109,"683,923,417,193,368,547,474,105,638,438","127,195,165,21,3,155,3,284,154,3",519
1057,109,"683,452,184,539,190,383,614,710,923,406","127,146,36,148,163,164,189,3,127,195,127",543
185,109,"683,383,539,312,405,59,163,406,742,321","127,189,148,148,154,164,163,127,164,127",720
622,109,"683,452,811,539,731,867,742,405,363,714","127,146,3,148,219,155,164,154,128,163",535
2367,109,"452,923,312,59,539,154,202,742,405,24","146,195,148,164,148,164,153,164,154,156",398
5110,109,"452,923,312,533,383,3,417,184,811,941","146,195,148,39,189,155,165,36,3,154",349
5210,109,"683,923,417,193,368,547,474,130,246,212","127,195,165,21,3,155,3,63,54,148",523
2654,109,"683,452,811,539,570,383,312,405,363,786","127,146,3,148,117,189,148,154,128,154",541
5074,109,"683,923,705,781,789,379,354,640,212,638","127,195,44,39,156,39,202,148,148,154",553
4457,109,"683,923,811,731,248,539,111,420,154,742","127,195,3,219,148,148,155,153,164,164",690
1462,109,"683,923,417,193,485,342,130,137,379,497","127,195,165,21,189,163,63,39,39,128",554
1213,109,"683,923,705,781,789,379,417,547,130,368","127,195,44,39,156,39,165,155,63,3",644
1506,109,"866,781,789,229,383,527,312,290,819,638","284,39,156,219,189,155,148,3,3,154",388
1010,109,"452,638,438,332,789,658,474,379,368,517","146,154,3,154,156,195,3,39,3,155",270
1760,109,"683,923,203,184,383,811,485,37,193,379","127,195,125,36,189,3,189,151,21,39",600
1298,109,"452,923,312,533,184,539,811,383,629,417","146,195,148,39,36,148,3,189,148,165",430
3549,109,"683,811,539,731,884,441,363,923,170,406","127,3,148,219,44,117,128,195,39,127",633
5694,109,"683,923,811,731,383,497,184,629,190,406","127,195,3,219,189,128,36,148,163,164,127",606
3791,109,"683,452,866,710,561,614,539,383,190,184","127,146,284,127,63,3,148,189,163,164,36",639
4216,109,"683,923,705,781,789,379,417,130,342,640","127,195,44,39,156,39,165,63,163,148",553
1837,109,"683,923,417,184,485,383,811,3,638,438","127,195,165,36,189,189,3,155,154,3",499
2380,109,"683,452,811,539,731,405,742,248,59,312","127,146,3,148,219,154,164,148,164,148",535
2786,109,"683,923,203,247,658,130,379,789,354,246","127,195,125,63,195,63,39,156,202,54",691
3513,109,"452,638,417,184,342,438,547,640,658,203","146,154,165,36,163,3,155,148,195,125",523
3166,109,"683,923,705,781,130,789,379,677,368,417","127,195,44,39,63,156,39,156,3,165",472
111,109,"683,923,203,247,658,130,379,342,497,368","127,195,125,63,195,63,39,163,128,3",598
4671,109,"683,923,705,781,789,379,354,640,417,638","127,195,44,39,156,39,202,148,165,154",553
1507,109,"683,452,184,539,154,629,312,383,710,59","127,146,36,148,164,148,148,189,127,164",634
3266,109,"683,452,811,539,731,238,406,405,363,742","127,146,3,148,219,155,127,154,128,164",579
3187,109,"452,137,677,160,368,923,417,184,485,342","146,39,156,39,3,195,165,36,189,163",374
5211,109,"683,923,417,184,485,383,731,638,629,497","127,195,165,36,189,189,219,154,148,128",541
2831,109,"452,638,923,383,190,184,379,417,290,770","146,154,195,189,163,164,36,39,165,3,129",513
2347,109,"683,923,705,553,184,638,342,438,290,417","127,195,44,117,36,154,163,3,3,165",555
5507,109,"683,923,417,193,368,438,184,130,246,342","127,195,165,21,3,3,36,63,54,163",519
5195,109,"683,923,193,368,731,638,677,497,379,105","127,195,21,3,219,154,156,128,39,284",304
5544,109,"683,923,203,184,342,705,37,710,209,638","127,195,125,36,163,44,151,127,155,154",720
2914,109,"683,452,811,539,570,383,405,406,190,154","127,146,3,148,117,189,154,127,163,164,164",559
5496,109,"683,452,811,539,731,867,742,405,59,312","127,146,3,148,219,155,164,154,164,148",530
1138,109,"683,452,811,539,731,238,406,383,312,533","127,146,3,148,219,155,127,189,148,39",535
4419,109,"683,923,203,247,638,674,517,705,789,379","127,195,125,63,154,146,155,44,156,39",627
3276,109,"683,923,417,184,193,368,105,342,547,497","127,195,165,36,21,3,284,163,155,128",569
2918,109,"683,923,203,184,383,811,37,485,705,789","127,195,125,36,189,3,151,189,44,156",634
50,109,"683,923,193,368,677,638,105,497,379,547","127,195,21,3,156,154,284,128,39,155",304
1378,109,"683,452,811,539,405,363,312,742,421,786","127,146,3,148,154,128,148,164,195,154",588
1389,109,"683,452,811,383,363,405,539,314,406,772","127,146,3,189,128,154,148,155,127,126",618
4400,109,"683,923,203,247,638,674,517,705,789,342","127,195,125,63,154,146,155,44,156,163",654
565,109,"683,923,705,553,184,638,290,37,193,342","127,195,44,117,36,154,3,151,21,163",640
5627,109,"683,452,811,539,163,321,406,59,405,421","127,146,3,148,163,127,127,164,154,195",669
5456,109,"683,452,811,383,539,405,884,3,786,199","127,146,3,189,148,154,44,155,154,155",611
1362,109,"683,452,811,383,867,884,731,539,570,3","127,146,3,189,155,44,219,148,117,155",574
123,109,"683,184,811,383,485,941,731,497,638,772","127,36,3,189,189,154,219,128,154,126",466
3482,109,"683,452,184,363,551,738,421,89,786,349","127,146,36,128,195,155,195,42,154,127",547
1626,109,"683,923,383,485,37,638,379,497,368,406","127,195,189,189,151,154,39,128,3,127",540
6033,109,"683,452,884,441,406,923,363,398,461,349","127,146,44,117,127,195,128,270,155,127",661
5560,109,"683,452,811,539,405,154,202,312,731,248","127,146,3,148,154,164,153,148,219,148",616
4723,109,"683,452,184,539,190,383,629,770,3,811","127,146,36,148,163,164,189,148,129,155,3",498
1525,109,"683,452,184,539,154,629,312,383,710,59","127,146,36,148,164,148,148,189,127,164",600
3854,109,"683,923,811,383,614,731,37,710,452,772","127,195,3,189,3,219,151,127,146,126",544
184,109,"683,923,203,184,342,705,37,710,160,438","127,195,125,36,163,44,151,127,39,3",645
1025,109,"683,923,811,907,184,731,248,312,539,383","127,195,3,219,36,219,148,148,148,189",535
2100,109,"452,383,312,533,811,539,614,59,742,405","146,189,148,39,3,148,3,164,164,154",371
2034,109,"452,923,312,533,184,539,811,190,410,383","146,195,148,39,36,148,3,163,164,148,189",485
1554,109,"683,923,203,184,342,638,438,247,658,246","127,195,125,36,163,154,3,63,195,54",612
3938,109,"683,401,130,417,438,781,638,923,485,789","127,174,63,165,3,39,154,195,189,156",688
481,109,"683,452,184,363,551,417,923,40,137,438","127,146,36,128,195,165,195,3,39,3",463
3315,109,"683,923,811,383,485,638,379,193,497,37","127,195,3,189,189,154,39,21,128,151",541
966,109,"683,452,184,539,190,383,629,770,465,710","127,146,36,148,163,164,189,148,129,114,127",510
4238,109,"683,452,811,383,539,405,363,786,731,710","127,146,3,189,148,154,128,154,219,127",521
3693,109,"683,452,811,383,539,405,710,731,312,3","127,146,3,189,148,154,127,219,148,155",463
1674,109,"683,452,884,441,349,638,866,561,184,231","127,146,44,117,127,154,284,63,36,128",640
4328,109,"452,137,677,379,789,547,332,638,474,738","146,39,156,39,156,155,154,154,3,155",278
4352,109,"683,452,811,383,363,405,539,406,59,116","127,146,3,189,128,154,148,127,164,128",535
5529,109,"683,923,184,342,497,130,368,638,137,379","127,195,36,163,128,63,3,154,39,39",506
2677,109,"683,401,14,782,772,37,497,383,710,614","127,174,137,117,126,151,128,189,127,3",796
3486,109,"683,923,705,781,789,379,354,417,638,130","127,195,44,39,156,39,202,165,154,63",702
796,109,"683,923,203,247,658,130,379,342,497,640","127,195,125,63,195,63,39,163,128,148",635
2917,109,"683,923,417,193,368,547,474,105,342,130","127,195,165,21,3,155,3,284,163,63",519
2572,109,"683,923,193,368,677,638,105,658,497,379","127,195,21,3,156,154,284,195,128,39",275
4,109,"452,638,368,923,658,332,105,677,474,193","146,154,3,195,195,154,284,156,3,21",226
4277,109,"683,923,705,781,789,130,379,342,417,474","127,195,44,39,156,63,39,163,165,3",563
444,109,"683,923,417,184,193,368,342,677,160,638","127,195,165,36,21,3,163,156,39,154",526
6036,109,"683,923,184,342,677,368,193,638,130,474","127,195,36,163,156,3,21,154,63,3",493
2078,109,"683,923,417,184,193,485,368,438,342,677","127,195,165,36,21,189,3,3,163,156",516
2781,109,"683,452,811,539,405,363,786,349,714,421","127,146,3,148,154,128,154,127,163,195",555
1503,109,"683,923,705,37,342,497,130,379,638,193","127,195,44,151,163,128,63,39,154,21",553
2961,109,"683,923,203,247,658,677,342,368,130,417","127,195,125,63,195,156,163,3,63,165",678
2627,109,"452,923,312,533,184,160,137,417,789,379","146,195,148,39,36,39,39,165,156,39",689
1930,109,"683,923,811,907,248,383,410,37,190,184","127,195,3,219,148,189,148,151,163,164,36",471
2436,109,"452,866,789,417,638,640,474,769,332,738","146,284,156,165,154,148,3,155,154,155",300
4492,109,"683,923,811,383,485,203,379,497,417,789","127,195,3,189,189,125,39,128,165,156",531
4858,109,"683,923,417,184,485,553,37,731,438,209","127,195,165,36,189,117,151,219,3,155",594
1041,109,"683,923,203,247,658,130,379,789,354,246","127,195,125,63,195,63,39,156,202,54",669
987,109,"683,452,811,539,570,163,406,321,861,59","127,146,3,148,117,163,127,127,135,164",690
432,109,"683,452,184,363,417,160,658,497,190,923","127,146,36,128,165,39,195,128,163,164,195",507
6147,109,"683,923,203,247,658,130,379,789,246,342","127,195,125,63,195,63,39,156,54,163",576
870,109,"683,452,184,363,438,658,738,638,789,332","127,146,36,128,3,195,155,154,156,154",427
4088,109,"452,923,772,539,363,312,154,199,714,24","146,195,126,148,128,148,164,155,163,156",479
5126,109,"683,452,811,539,405,154,202,312,199,248","127,146,3,148,154,164,153,148,155,148",498
464,109,"683,923,203,184,342,705,37,710,209,553","127,195,125,36,163,44,151,127,155,117",608
4325,109,"683,923,811,907,248,731,383,539,772,154","127,195,3,219,148,219,189,148,126,164",571
2618,109,"683,923,811,907,248,731,383,452,184,710","127,195,3,219,148,219,189,146,36,127",586
4940,109,"683,923,203,184,342,705,37,638,674,438","127,195,125,36,163,44,151,154,146,3",601
1823,109,"683,923,203,247,638,674,517,184,705,789","127,195,125,63,154,146,155,36,44,156",612
1373,109,"452,923,312,59,363,867,811,614,154,383","146,195,148,164,128,155,3,3,164,189",469
2795,109,"683,923,417,193,368,474,212,738,332,342","127,195,165,21,3,3,148,155,154,163",510
5933,109,"683,184,638,342,417,438,379,789,474,212","127,36,154,163,165,3,39,156,3,148",448
1778,109,"683,923,811,383,485,497,731,941,248,907","127,195,3,189,189,128,219,154,148,219",563
4793,109,"683,401,130,781,923,789,290,203,731,465","127,174,63,39,195,156,3,125,219,114",667
2949,109,"683,923,203,247,638,184,677,438,485,417","127,195,125,63,154,36,156,3,189,165",600
1077,109,"683,923,811,907,248,731,383,452,772,406","127,195,3,219,148,219,189,146,126,127",290
3462,109,"683,923,705,553,37,342,497,638,379,105","127,195,44,117,151,163,128,154,39,284",539
2322,109,"683,923,811,731,383,497,184,37,553,406","127,195,3,219,189,128,36,151,117,127",693
199,109,"683,923,203,247,638,674,705,47,184,342","127,195,125,63,154,146,44,127,36,163",604
248,109,"683,452,184,363,417,160,438,497,551,89","127,146,36,128,165,39,3,128,195,42",612
4142,109,"683,923,811,383,614,731,452,553,710,772","127,195,3,189,3,219,146,117,127,126",464
4017,109,"683,452,184,363,551,786,539,312,154,59","127,146,36,128,195,154,148,148,164,164",519
767,109,"683,923,417,193,368,547,474,130,638,332","127,195,165,21,3,155,3,63,154,154",582
4698,109,"683,923,705,37,342,638,184,193,368,417","127,195,44,151,163,154,36,21,3,165",553
35,109,"683,452,811,539,570,163,406,321,405,363","127,146,3,148,117,163,127,127,154,128",620
2148,109,"683,923,417,184,193,368,342,677,438,638","127,195,165,36,21,3,163,156,3,154",520
4875,109,"683,923,417,193,368,438,342,638,474,517","127,195,165,21,3,3,163,154,3,155",423
5579,109,"683,452,811,383,363,405,539,406,710,199","127,146,3,189,128,154,148,127,127,155",585
5580,109,"683,923,203,184,342,638,37,677,485,731","127,195,125,36,163,154,151,156,189,219",608
1109,109,"683,923,811,383,485,497,731,638,379,184","127,195,3,189,189,128,219,154,39,36",555
6018,109,"452,137,677,379,789,638,342,332,658,551","146,39,156,39,156,154,163,154,195,195",312
2923,109,"683,923,811,907,705,37,383,731,184,190","127,195,3,219,44,151,189,219,36,163,164",669
1172,109,"683,923,417,184,193,368,105,342,497,640","127,195,165,36,21,3,284,163,128,148",506
714,109,"452,923,312,533,383,190,238,199,405,714","146,195,148,39,189,163,164,155,155,154,163",380
425,109,"683,923,193,368,105,638,379,474,547,677","127,195,21,3,284,154,39,3,155,156",304
5558,109,"683,452,184,539,154,312,405,59,202,731","127,146,36,148,164,148,154,164,153,219",561
3945,109,"683,452,811,383,363,714,238,406,405,539","127,146,3,189,128,163,155,127,154,148",582
730,109,"683,923,705,781,789,130,438,379,638,193","127,195,44,39,156,63,3,39,154,21",572
3475,109,"683,452,811,383,539,405,363,786,710,714","127,146,3,189,148,154,128,154,127,163",547
2062,109,"452,923,312,533,383,3,714,811,614,539","146,195,148,39,189,155,163,3,3,148",380
3456,109,"683,923,417,193,368,474,130,638,212,379","127,195,165,21,3,3,63,154,148,39",545
2726,109,"683,923,203,677,417,379,789,246,438,130","127,195,125,156,165,39,156,54,3,63",546
3852,109,"452,638,417,184,383,629,461,160,290,485","146,154,165,36,189,148,155,39,3,189",531
