user_id,seed,sampled_q_ids,sampled_subject_ids,student_total_questions
4540,100,"452,184,193,572,71,677,368,934,638,76","146,36,21,39,156,156,3,21,154,36",251
3507,100,"683,677,811,638,770,30,749,794,184,474","127,156,3,154,129,21,3,39,36,3",531
4932,100,"683,452,791,209,363,815,539,867,457,533","127,146,189,155,128,126,148,155,156,39",471
5784,100,"683,452,383,690,539,813,815,122,710,791","127,146,189,219,148,154,126,36,127,189",490
5424,100,"683,677,811,396,731,451,922,312,184,134","127,156,3,267,219,163,154,148,36,155",535
5481,100,"683,677,749,819,30,474,76,934,868,453","127,156,3,3,21,3,36,21,36,33",553
4511,100,"683,452,791,867,363,884,466,638,30,461","127,146,189,155,128,44,42,154,21,155",612
5430,100,"683,677,749,819,30,474,76,934,71,868","127,156,3,3,21,3,36,21,156,36",546
2873,100,"452,770,749,677,934,71,417,868,30,761","146,129,3,156,21,156,165,36,21,127",477
1235,100,"452,363,700,461,638,359,791,577,30,342","146,128,219,155,154,267,189,284,21,163",494
4355,100,"683,677,749,819,30,474,71,500,868,934","127,156,3,3,21,3,156,155,36,21",586
3184,100,"683,677,811,396,89,577,638,184,731,451","127,156,3,267,42,284,154,36,219,163",535
2179,100,"452,184,193,572,417,71,495,555,749,868","146,36,21,39,165,156,156,33,3,36",352
3210,100,"683,677,749,819,30,474,71,79,500,824","127,156,3,3,21,3,156,155,155,127",544
3735,100,"683,677,30,259,770,934,79,71,495,824","127,156,21,148,129,21,155,156,156,127",289
4486,100,"683,677,811,638,770,30,184,934,749,794","127,156,3,154,129,21,36,21,3,39",519
574,100,"683,677,572,731,605,749,819,30,76,500","127,156,39,219,155,3,3,21,36,155",483
633,100,"683,452,383,629,770,376,363,791,674,295","127,146,189,148,129,164,128,189,146,127",508
1133,100,"452,184,383,451,791,178,742,614,539,867","146,36,189,163,189,155,164,3,148,155",361
5148,100,"683,452,791,312,539,64,59,396,911,457","127,146,189,148,148,56,164,267,154,156",556
64,100,"683,677,811,451,89,184,922,248,134,312","127,156,3,163,42,36,154,148,155,148",494
5501,100,"683,677,572,731,500,749,819,30,474,934","127,156,39,219,155,3,3,21,3,21",463
1584,100,"452,363,312,539,202,59,457,742,911,349","146,128,148,148,153,164,156,164,154,127",413
729,100,"452,248,457,312,376,791,122,533,742,480","146,148,156,148,164,189,36,39,164,148",346
3759,100,"683,677,572,731,500,824,495,365,800,276","127,156,39,219,155,127,156,42,156,155",437
3009,100,"452,770,749,638,37,596,677,259,184,193","146,129,3,154,151,3,156,148,36,21",516
4554,100,"683,677,749,819,30,474,76,934,453,210","127,156,3,3,21,3,36,21,33,36",569
2626,100,"683,677,811,396,89,577,638,731,290,76","127,156,3,267,42,284,154,219,3,36",628
2261,100,"683,452,791,209,363,815,539,867,457,59","127,146,189,155,128,126,148,155,156,164",641
3610,100,"683,770,731,451,749,184,421,359,163,3","127,129,219,163,3,36,195,267,163,155",600
5528,100,"683,677,749,819,731,184,76,605,210,824","127,156,3,3,219,36,36,155,36,127",553
5711,100,"683,677,749,819,731,811,163,76,474,453","127,156,3,3,219,3,163,36,3,33",553
2930,100,"452,770,184,934,376,794,564,461,421,193","146,129,36,21,164,39,114,155,195,21",293
145,100,"683,677,572,605,184,749,770,76,30,934","127,156,39,155,36,3,129,36,21,21",500
5860,100,"452,248,637,312,539,202,59,836,791,65","146,148,155,148,148,153,164,39,189,163",354
5493,100,"683,677,811,638,770,30,749,934,794,474","127,156,3,154,129,21,3,21,39,3",544
1509,100,"683,407,144,37,596,572,749,359,934,677","127,175,169,151,3,39,3,267,21,156",594
3202,100,"683,791,539,199,64,312,741,202,349,713","127,189,148,155,56,148,63,153,127,58",669
541,100,"683,452,867,383,770,376,629,563,749,794","127,146,155,189,129,164,148,154,3,39",528
1595,100,"452,770,577,710,331,184,193,438,259,451","146,129,284,127,54,36,21,3,148,163",500
4837,100,"683,452,383,690,539,143,791,406,815,457","127,146,189,219,148,155,189,127,126,156",464
5610,100,"683,452,884,466,867,406,432,383,629,184","127,146,44,42,155,127,44,189,148,36",653
66,100,"683,452,884,690,122,581,209,376,227,791","127,146,44,219,36,146,155,164,219,189",653
4215,100,"683,677,572,749,184,794,770,934,453,368","127,156,39,3,36,39,129,21,33,3",415
5436,100,"683,452,867,791,690,342,80,383,629,674","127,146,155,189,219,163,155,189,148,146",547
2737,100,"683,452,867,791,690,342,629,674,376,383","127,146,155,189,219,163,148,146,164,189",535
573,100,"452,770,184,451,927,710,638,438,794,76","146,129,36,163,284,127,154,3,39,36",547
1670,100,"683,677,749,163,770,29,368,193,794,474","127,156,3,163,129,156,3,21,39,3",644
5744,100,"683,677,749,819,731,517,184,76,417,555","127,156,3,3,219,155,36,36,165,33",586
1223,100,"452,184,193,677,749,794,30,596,417,474","146,36,21,156,3,39,21,3,165,3",400
2837,100,"683,677,572,731,605,749,819,30,76,71","127,156,39,219,155,3,3,21,36,156",538
5167,100,"683,677,811,396,731,922,312,451,577,710","127,156,3,267,219,154,148,163,284,127",557
1374,100,"683,677,749,819,30,474,71,824,934,417","127,156,3,3,21,3,156,127,21,165",553
2938,100,"683,677,811,396,731,922,451,248,911,312","127,156,3,267,219,154,163,148,154,148",535
4883,100,"683,677,572,731,500,749,184,30,453,868","127,156,39,219,155,3,36,21,33,36",531
1715,100,"452,770,677,79,30,71,605,638,794,184","146,129,156,155,21,156,155,154,39,36",378
1563,100,"683,677,749,819,30,474,71,824,210,868","127,156,3,3,21,3,156,127,36,36",519
3981,100,"683,452,383,690,539,791,742,64,457,815","127,146,189,219,148,189,164,56,156,126",520
1993,100,"683,452,791,312,363,199,457,539,396,815","127,146,189,148,128,155,156,148,267,126",540
4228,100,"683,677,572,731,500,749,819,30,474,76","127,156,39,219,155,3,3,21,3,36",549
3557,100,"683,677,811,638,770,577,794,710,76,646","127,156,3,154,129,284,39,127,36,155",304
449,100,"683,677,572,731,749,76,811,184,421,596","127,156,39,219,3,36,3,36,195,3",541
944,100,"452,770,749,677,934,71,417,761,210,824","146,129,3,156,21,156,165,127,36,127",447
3243,100,"683,677,811,638,794,30,934,749,500,342","127,156,3,154,39,21,21,3,155,163",553
889,100,"683,677,811,396,89,577,638,134,37,184","127,156,3,267,42,284,154,155,151,36",519
3540,100,"683,677,811,638,819,770,577,451,134,749","127,156,3,154,3,129,284,163,155,3",553
4748,100,"452,770,749,677,934,71,500,417,868,761","146,129,3,156,21,156,155,165,36,127",521
3532,100,"683,677,749,184,770,421,819,368,794,934","127,156,3,36,129,195,3,3,39,21",528
1764,100,"683,677,811,638,819,710,451,461,184,770","127,156,3,154,3,127,163,155,36,129",541
1614,100,"683,677,749,819,30,474,934,868,453,210","127,156,3,3,21,3,21,36,33,36",571
5452,100,"683,677,811,638,819,710,134,577,184,451","127,156,3,154,3,127,155,284,36,163",519
5139,100,"683,677,811,638,770,30,749,605,500,495","127,156,3,154,129,21,3,155,155,156",472
2840,100,"452,184,193,934,749,417,677,638,342,76","146,36,21,21,3,165,156,154,163,36",355
2905,100,"683,677,811,396,89,451,731,248,134,312","127,156,3,267,42,163,219,148,155,148",628
1294,100,"683,677,572,731,749,210,76,37,184,30","127,156,39,219,3,36,36,151,36,21",570
2101,100,"683,452,791,209,363,376,815,539,227,690","127,146,189,155,128,164,126,148,219,219",574
5250,100,"452,199,248,312,202,59,539,742,911,825","146,155,148,148,153,164,148,164,154,148",338
2710,100,"683,452,791,312,539,202,64,396,457,59","127,146,189,148,148,153,56,267,156,164",520
3446,100,"683,677,811,638,770,30,749,794,474,184","127,156,3,154,129,21,3,39,3,36",519
1057,100,"683,452,383,690,376,629,770,577,794,564","127,146,189,219,164,148,129,284,39,114",543
185,100,"683,791,466,539,406,122,457,443,815,629","127,189,42,148,127,36,156,176,126,148",720
622,100,"683,452,791,312,363,457,539,815,64,209","127,146,189,148,128,156,148,126,56,155",535
2367,100,"452,363,791,312,65,3,614,50,811,485","146,128,189,148,163,155,3,154,3,189",398
5110,100,"452,855,457,312,376,791,6,727,813,65","146,42,156,148,164,189,148,126,154,163",349
5210,100,"683,677,749,184,770,421,819,794,474,555","127,156,3,36,129,195,3,39,3,33",523
2654,100,"683,452,791,143,363,457,539,227,815,59","127,146,189,155,128,156,148,219,126,164",541
5074,100,"683,677,749,819,30,474,71,868,453,79","127,156,3,3,21,3,156,36,33,155",553
4457,100,"683,677,811,396,731,922,312,741,248,451","127,156,3,267,219,154,148,63,148,163",690
1462,100,"683,677,749,819,30,474,934,76,868,770","127,156,3,3,21,3,21,36,36,129",554
1213,100,"683,677,572,749,819,934,474,868,30,76","127,156,39,3,3,21,3,36,21,36",644
1506,100,"466,638,819,770,368,363,676,749,134,193","42,154,3,129,3,128,155,3,155,21",388
1010,100,"452,749,677,37,934,638,572,523,824,438","146,3,156,151,21,154,39,21,127,3",270
1760,100,"683,677,811,638,819,710,451,907,727,577","127,156,3,154,3,127,163,219,126,284",600
1298,100,"452,363,312,457,539,815,791,59,248,742","146,128,148,156,148,126,189,164,148,164",430
3549,100,"683,791,539,199,884,466,638,461,770,376","127,189,148,155,44,42,154,155,129,164",633
5694,100,"683,677,811,396,89,451,3,731,37,248","127,156,3,267,42,163,155,219,151,148",606
3791,100,"683,452,466,376,629,563,6,770,638,37","127,146,42,164,148,154,148,129,154,151",639
4216,100,"683,677,749,819,30,474,934,605,210,824","127,156,3,3,21,3,21,155,36,127",553
1837,100,"683,677,811,638,770,30,184,517,259,749","127,156,3,154,129,21,36,155,148,3",499
2380,100,"683,452,791,209,363,539,457,815,80,742","127,146,189,155,128,148,156,126,155,164",535
2786,100,"683,677,572,731,749,210,824,365,495,523","127,156,39,219,3,36,127,42,156,21",691
3513,100,"452,770,184,934,193,563,794,438,474,368","146,129,36,21,21,154,39,3,3,3",523
3166,100,"683,677,749,163,193,474,794,76,453,934","127,156,3,163,21,3,39,36,33,21",472
111,100,"683,677,811,638,770,359,30,474,749,934","127,156,3,154,129,267,21,3,3,21",598
4671,100,"683,677,749,819,30,474,934,605,76,868","127,156,3,3,21,3,21,155,36,36",553
1507,100,"683,452,383,690,331,770,376,791,451,461","127,146,189,219,54,129,164,189,163,155",634
3266,100,"683,452,791,363,539,815,690,227,64,457","127,146,189,128,148,126,219,219,56,156",579
3187,100,"452,184,193,677,596,934,438,794,563,638","146,36,21,156,3,21,3,39,154,154",374
5211,100,"683,677,811,638,819,770,577,451,794,749","127,156,3,154,3,129,284,163,39,3",541
2831,100,"452,770,749,677,638,37,184,596,259,686","146,129,3,156,154,151,36,3,148,36",513
2347,100,"683,677,811,638,794,359,731,710,184,30","127,156,3,154,39,267,219,127,36,21",555
5507,100,"683,677,811,638,819,710,184,577,368,770","127,156,3,154,3,127,36,284,3,129",519
5195,100,"683,677,811,638,770,30,794,934,474,71","127,156,3,154,129,21,39,21,3,156",304
5544,100,"683,677,811,638,770,163,368,577,794,934","127,156,3,154,129,163,3,284,39,21",720
2914,100,"683,452,791,143,363,539,80,815,457,406","127,146,189,155,128,148,155,126,156,127",559
5496,100,"683,452,791,363,376,64,815,539,406,690","127,146,189,128,164,56,126,148,127,219",530
1138,100,"683,452,791,363,539,815,690,227,64,457","127,146,189,128,148,126,219,219,56,156",535
4419,100,"683,677,572,500,749,184,770,30,438,868","127,156,39,155,3,36,129,21,3,36",627
3276,100,"683,677,811,638,770,30,749,934,500,474","127,156,3,154,129,21,3,21,155,3",569
2918,100,"683,677,749,819,731,517,770,30,934,76","127,156,3,3,219,155,129,21,21,36",634
50,100,"683,677,30,731,770,259,934,474,71,76","127,156,21,219,129,148,21,3,156,36",304
1378,100,"683,452,791,363,539,457,199,396,406,202","127,146,189,128,148,156,155,267,127,153",588
1389,100,"683,452,791,867,457,363,80,312,202,59","127,146,189,155,156,128,155,148,153,164",618
4400,100,"683,677,572,731,749,210,824,365,523,396","127,156,39,219,3,36,127,42,21,267",654
565,100,"683,677,811,638,819,184,193,794,934,474","127,156,3,154,3,36,21,39,21,3",640
5627,100,"683,452,791,312,363,884,122,295,64,737","127,146,189,148,128,44,36,127,56,137",669
5456,100,"683,452,791,867,363,539,815,457,227,690","127,146,189,155,128,148,126,156,219,219",611
1362,100,"683,452,791,867,539,363,533,815,122,295","127,146,189,155,148,128,39,126,36,127",574
123,100,"683,677,811,638,819,770,749,30,184,259","127,156,3,154,3,129,3,21,36,148",466
3482,100,"683,452,867,791,122,690,539,383,363,406","127,146,155,189,36,219,148,189,128,127",547
1626,100,"683,770,731,451,749,184,368,638,794,819","127,129,219,163,3,36,3,154,39,3",540
6033,100,"683,452,884,466,927,629,813,383,406,354","127,146,44,42,284,148,154,189,127,202",661
5560,100,"683,452,791,312,363,867,199,457,80,539","127,146,189,148,128,155,155,156,155,148",616
4723,100,"683,452,867,791,690,406,815,539,457,122","127,146,155,189,219,127,126,148,156,36",498
1525,100,"683,452,383,690,539,199,791,64,742,457","127,146,189,219,148,155,189,56,164,156",600
3854,100,"683,677,811,638,819,770,577,794,451,184","127,156,3,154,3,129,284,39,163,36",544
184,100,"683,677,749,163,770,29,368,193,794,638","127,156,3,163,129,156,3,21,39,154",645
1025,100,"683,677,811,396,89,907,451,727,312,710","127,156,3,267,42,219,163,126,148,127",535
2100,100,"452,363,312,396,539,328,295,457,451,791","146,128,148,267,148,39,127,156,163,189",371
2034,100,"452,363,312,396,480,328,6,674,791,794","146,128,148,267,148,39,148,146,189,39",485
1554,100,"683,677,749,819,30,474,934,76,605,417","127,156,3,3,21,3,21,36,155,165",612
3938,100,"683,407,144,927,596,184,811,646,259,749","127,175,169,284,3,36,3,155,148,3",688
481,100,"683,452,867,383,813,770,376,690,539,791","127,146,155,189,154,129,164,219,148,189",463
3315,100,"683,677,749,163,193,474,868,794,453,184","127,156,3,163,21,3,36,39,33,36",541
966,100,"683,452,383,629,770,376,363,690,6,160","127,146,189,148,129,164,128,219,148,39",510
4238,100,"683,452,791,312,867,539,202,59,64,742","127,146,189,148,155,148,153,164,56,164",521
3693,100,"683,452,791,363,539,815,533,376,122,6","127,146,189,128,148,126,39,164,36,148",463
1674,100,"683,452,884,466,867,259,383,37,331,686","127,146,44,42,155,148,189,151,54,36",640
4328,100,"452,770,677,71,605,638,934,761,474,572","146,129,156,156,155,154,21,127,3,39",278
4352,100,"683,452,791,209,363,199,457,227,836,539","127,146,189,155,128,155,156,219,39,148",535
5529,100,"683,677,811,638,770,359,30,474,71,794","127,156,3,154,129,267,21,3,156,39",506
2677,100,"683,407,819,89,396,710,248,451,741,731","127,175,3,42,267,127,148,163,63,219",796
3486,100,"683,677,811,638,770,359,30,605,71,794","127,156,3,154,129,267,21,155,156,39",702
796,100,"683,677,749,184,770,555,438,193,71,495","127,156,3,36,129,33,3,21,156,156",635
2917,100,"683,677,749,184,731,383,37,770,421,438","127,156,3,36,219,189,151,129,195,3",519
2572,100,"683,677,811,638,770,30,934,71,500,474","127,156,3,154,129,21,21,156,155,3",275
4,100,"452,37,677,868,738,79,30,934,605,474","146,151,156,36,155,155,21,21,155,3",226
4277,100,"683,677,811,638,794,30,934,749,71,79","127,156,3,154,39,21,21,3,156,155",563
444,100,"683,677,811,396,731,907,577,184,638,605","127,156,3,267,219,219,284,36,154,155",526
6036,100,"683,677,572,731,500,749,770,79,30,76","127,156,39,219,155,3,129,155,21,36",493
2078,100,"683,677,749,819,731,184,76,770,577,710","127,156,3,3,219,36,36,129,284,127",516
2781,100,"683,452,791,312,363,564,64,539,295,457","127,146,189,148,128,114,56,148,127,156",555
1503,100,"683,677,749,819,30,474,71,868,453,824","127,156,3,3,21,3,156,36,33,127",553
2961,100,"683,677,749,819,731,184,76,605,770,417","127,156,3,3,219,36,36,155,129,165",678
2627,100,"407,144,596,572,824,495,800,934,210,523","175,169,3,39,127,156,156,21,36,21",689
1930,100,"683,677,572,731,605,749,819,811,588,500","127,156,39,219,155,3,3,3,155,155",471
2436,100,"452,184,749,572,605,677,417,79,438,555","146,36,3,39,155,156,165,155,3,33",300
4492,100,"683,677,811,638,770,577,710,184,731,24","127,156,3,154,129,284,127,36,219,156",531
4858,100,"683,677,572,731,605,824,749,184,811,359","127,156,39,219,155,127,3,36,3,267",594
1041,100,"683,677,749,819,30,474,71,824,210,868","127,156,3,3,21,3,156,127,36,36",669
987,100,"683,452,791,312,539,209,64,742,202,59","127,146,189,148,148,155,56,164,153,164",690
432,100,"683,452,383,629,770,376,6,690,563,749","127,146,189,148,129,164,148,219,154,3",507
6147,100,"683,677,811,638,770,359,30,474,749,934","127,156,3,154,129,267,21,3,3,21",576
870,100,"683,452,383,770,376,363,461,392,6,30","127,146,189,129,164,128,155,39,148,21",427
4088,100,"452,363,312,396,690,710,867,791,539,813","146,128,148,267,219,127,155,189,148,154",479
5126,100,"683,452,791,209,363,199,457,539,202,312","127,146,189,155,128,155,156,148,153,148",498
464,100,"683,677,811,638,819,710,184,577,368,770","127,156,3,154,3,127,36,284,3,129",608
4325,100,"683,677,811,396,731,922,451,248,111,911","127,156,3,267,219,154,163,148,155,154",571
2618,100,"683,677,811,396,89,577,638,731,500,824","127,156,3,267,42,284,154,219,155,127",586
4940,100,"683,677,811,638,819,770,37,749,934,474","127,156,3,154,3,129,151,3,21,3",601
1823,100,"683,677,749,819,30,474,71,824,934,770","127,156,3,3,21,3,156,127,21,129",612
1373,100,"452,363,837,717,130,312,65,737,811,396","146,128,63,195,63,148,163,137,3,267",469
2795,100,"683,677,749,819,30,605,770,474,76,868","127,156,3,3,21,155,129,3,36,36",510
5933,100,"683,677,572,749,770,79,819,868,71,210","127,156,39,3,129,155,3,36,156,36",448
1778,100,"683,677,811,638,819,770,577,451,794,710","127,156,3,154,3,129,284,163,39,127",563
4793,100,"683,407,89,248,396,710,577,163,794,749","127,175,42,148,267,127,284,163,39,3",667
2949,100,"683,677,749,184,770,676,934,453,555,438","127,156,3,36,129,155,21,33,33,3",600
1077,100,"683,677,811,731,89,577,823,638,37,907","127,156,3,219,42,284,220,154,151,219",290
3462,100,"683,677,572,749,770,819,934,794,868,331","127,156,39,3,129,3,21,39,36,54",539
2322,100,"683,677,572,749,163,794,770,193,184,451","127,156,39,3,163,39,129,21,36,163",693
199,100,"683,770,638,30,71,800,819,738,749,184","127,129,154,21,156,156,3,155,3,36",604
248,100,"683,452,383,629,770,376,331,563,749,934","127,146,189,148,129,164,54,154,3,21",612
4142,100,"683,677,811,638,819,710,451,421,791,727","127,156,3,154,3,127,163,195,189,126",464
4017,100,"683,452,383,690,143,376,199,791,742,363","127,146,189,219,155,164,155,189,164,128",519
767,100,"683,677,572,749,184,794,770,819,868,30","127,156,39,3,36,39,129,3,36,21",582
4698,100,"683,677,749,819,30,605,76,934,868,71","127,156,3,3,21,155,36,21,36,156",553
35,100,"683,452,791,363,539,815,533,122,199,457","127,146,189,128,148,126,39,36,155,156",620
2148,100,"683,677,749,184,770,421,819,368,794,907","127,156,3,36,129,195,3,3,39,219",520
4875,100,"683,677,572,731,749,210,824,453,474,495","127,156,39,219,3,36,127,33,3,156",423
5579,100,"683,452,791,209,867,457,406,636,363,396","127,146,189,155,155,156,127,56,128,267",585
5580,100,"683,677,811,396,89,577,638,184,823,37","127,156,3,267,42,284,154,36,220,151",608
1109,100,"683,677,811,638,794,30,359,749,934,596","127,156,3,154,39,21,267,3,21,3",555
6018,100,"452,184,193,572,500,495,523,276,210,161","146,36,21,39,155,156,21,155,36,156",312
2923,100,"683,677,811,396,89,907,451,727,312,710","127,156,3,267,42,219,163,126,148,127",669
1172,100,"683,677,749,819,30,474,71,868,453,76","127,156,3,3,21,3,156,36,33,36",506
714,100,"452,855,457,312,376,6,342,791,676,480","146,42,156,148,164,148,163,189,155,148",380
425,100,"683,677,30,731,770,259,638,76,934,71","127,156,21,219,129,148,154,36,21,156",304
5558,100,"683,452,383,629,143,199,690,508,927,791","127,146,189,148,155,155,219,219,284,189",561
3945,100,"683,452,791,143,363,564,64,158,629,122","127,146,189,155,128,114,56,156,148,36",582
730,100,"683,677,749,184,731,359,646,596,438,770","127,156,3,36,219,267,155,3,3,129",572
3475,100,"683,452,791,209,867,457,406,312,539,202","127,146,189,155,155,156,127,148,148,153",547
2062,100,"452,855,533,312,717,451,65,517,248,199","146,42,39,148,195,163,163,155,148,155",380
3456,100,"683,677,749,819,30,474,934,868,210,824","127,156,3,3,21,3,21,36,36,127",545
2726,100,"683,677,749,819,30,474,76,934,71,868","127,156,3,3,21,3,36,21,156,36",546
3852,100,"452,770,749,677,934,30,596,417,259,438","146,129,3,156,21,21,3,165,148,3",531
4540,101,"452,184,193,572,605,738,677,934,638,794","146,36,21,39,155,155,156,21,154,39",251
3507,101,"683,677,811,638,770,30,749,794,184,474","127,156,3,154,129,21,3,39,36,3",531
4932,101,"683,452,791,363,539,815,457,406,533,59","127,146,189,128,148,126,156,127,39,164",471
5784,101,"683,452,867,791,122,690,539,383,813,710","127,146,155,189,36,219,148,189,154,127",490
5424,101,"683,677,811,396,731,451,922,312,184,646","127,156,3,267,219,163,154,148,36,155",535
5481,101,"683,677,749,819,30,474,76,934,868,453","127,156,3,3,21,3,36,21,36,33",553
4511,101,"683,452,791,143,363,884,466,359,354,700","127,146,189,155,128,44,42,267,202,219",612
5430,101,"683,677,749,819,30,474,76,934,71,868","127,156,3,3,21,3,36,21,156,36",546
2873,101,"452,770,749,677,934,71,417,868,30,761","146,129,3,156,21,156,165,36,21,127",477
1235,101,"452,363,700,637,359,791,638,30,342,934","146,128,219,155,267,189,154,21,163,21",494
4355,101,"683,677,749,819,30,474,71,824,210,800","127,156,3,3,21,3,156,127,36,156",586
3184,101,"683,677,811,396,89,577,638,184,731,451","127,156,3,267,42,284,154,36,219,163",535
2179,101,"452,184,193,572,417,71,495,555,749,868","146,36,21,39,165,156,156,33,3,36",352
3210,101,"683,677,749,819,30,474,71,824,210,868","127,156,3,3,21,3,156,127,36,36",544
3735,101,"683,677,30,259,770,934,71,638,495,824","127,156,21,148,129,21,156,154,156,127",289
4486,101,"683,677,811,638,770,30,184,934,749,794","127,156,3,154,129,21,36,21,3,39",519
574,101,"683,677,572,731,749,588,210,824,453,811","127,156,39,219,3,155,36,127,33,3",483
633,101,"683,452,383,629,770,376,363,791,674,199","127,146,189,148,129,164,128,189,146,155",508
1133,101,"452,184,383,451,791,199,461,539,742,614","146,36,189,163,189,155,155,148,164,3",361
5148,101,"683,452,791,312,539,64,59,396,911,457","127,146,189,148,148,56,164,267,154,156",556
64,101,"683,677,811,451,89,184,922,248,37,421","127,156,3,163,42,36,154,148,151,195",494
5501,101,"683,677,572,731,749,210,824,453,79,474","127,156,39,219,3,36,127,33,155,3",463
1584,101,"452,363,312,539,202,59,457,742,911,349","146,128,148,148,153,164,156,164,154,127",413
729,101,"452,248,457,312,376,791,122,533,742,480","146,148,156,148,164,189,36,39,164,148",346
3759,101,"683,677,572,731,749,588,210,824,365,495","127,156,39,219,3,155,36,127,42,156",437
3009,101,"452,770,749,638,37,596,677,259,184,193","146,129,3,154,151,3,156,148,36,21",516
4554,101,"683,677,749,819,30,474,76,934,453,210","127,156,3,3,21,3,36,21,33,36",569
2626,101,"683,677,811,396,89,577,638,731,290,76","127,156,3,267,42,284,154,219,3,36",628
2261,101,"683,452,791,143,363,209,815,539,80,457","127,146,189,155,128,155,126,148,155,156",641
3610,101,"683,770,731,451,749,184,421,359,461,163","127,129,219,163,3,36,195,267,155,163",600
5528,101,"683,677,749,819,731,184,76,500,417,934","127,156,3,3,219,36,36,155,165,21",553
5711,101,"683,677,749,819,731,811,163,76,474,453","127,156,3,3,219,3,163,36,3,33",553
2930,101,"452,770,184,934,376,794,564,421,193,677","146,129,36,21,164,39,114,195,21,156",293
145,101,"683,677,572,71,749,811,184,770,76,30","127,156,39,156,3,3,36,129,36,21",500
5860,101,"452,248,312,539,202,59,836,791,65,614","146,148,148,148,153,164,39,189,163,3",354
5493,101,"683,677,811,638,770,30,749,934,794,474","127,156,3,154,129,21,3,21,39,3",544
1509,101,"683,407,144,37,596,572,749,359,934,677","127,175,169,151,3,39,3,267,21,156",594
3202,101,"683,867,791,312,539,741,349,713,64,742","127,155,189,148,148,63,127,58,56,164",669
541,101,"683,452,383,629,770,376,6,363,690,199","127,146,189,148,129,164,148,128,219,155",528
1595,101,"452,770,577,710,331,184,193,438,259,676","146,129,284,127,54,36,21,3,148,155",500
4837,101,"683,452,383,690,539,791,815,406,457,64","127,146,189,219,148,189,126,127,156,56",464
5610,101,"683,452,884,466,927,383,508,417,37,184","127,146,44,42,284,189,219,165,151,36",653
66,101,"683,452,884,690,122,581,376,227,791,80","127,146,44,219,36,146,164,219,189,155",653
4215,101,"683,677,572,749,184,794,770,934,453,368","127,156,39,3,36,39,129,21,33,3",415
5436,101,"683,452,867,791,690,342,383,629,376,674","127,146,155,189,219,163,189,148,164,146",547
2737,101,"683,452,383,629,770,376,363,690,674,6","127,146,189,148,129,164,128,219,146,148",535
573,101,"452,770,184,451,927,710,638,438,794,646","146,129,36,163,284,127,154,3,39,155",547
1670,101,"683,677,749,163,770,29,368,193,794,474","127,156,3,163,129,156,3,21,39,3",644
5744,101,"683,677,749,819,731,517,184,76,417,555","127,156,3,3,219,155,36,36,165,33",586
1223,101,"452,184,193,677,749,794,30,596,417,474","146,36,21,156,3,39,21,3,165,3",400
2837,101,"683,677,572,731,605,749,819,30,79,71","127,156,39,219,155,3,3,21,155,156",538
5167,101,"683,677,811,396,731,922,312,451,577,710","127,156,3,267,219,154,148,163,284,127",557
1374,101,"683,677,749,819,30,474,71,79,417,868","127,156,3,3,21,3,156,155,165,36",553
2938,101,"683,677,811,396,731,922,451,248,911,312","127,156,3,267,219,154,163,148,154,148",535
4883,101,"683,677,572,731,749,76,811,184,30,638","127,156,39,219,3,36,3,36,21,154",531
1715,101,"452,770,677,71,605,638,184,30,934,738","146,129,156,156,155,154,36,21,21,155",378
1563,101,"683,677,749,819,30,474,71,79,824,800","127,156,3,3,21,3,156,155,127,156",519
3981,101,"683,452,383,690,539,143,791,742,64,457","127,146,189,219,148,155,189,164,56,156",520
1993,101,"683,452,791,312,363,867,539,457,396,815","127,146,189,148,128,155,148,156,267,126",540
4228,101,"683,677,572,731,605,749,819,30,79,474","127,156,39,219,155,3,3,21,155,3",549
3557,101,"683,677,811,638,770,577,794,517,30,934","127,156,3,154,129,284,39,155,21,21",304
449,101,"683,677,572,731,749,76,811,184,134,421","127,156,39,219,3,36,3,36,155,195",541
944,101,"452,770,749,677,934,605,210,824,495,161","146,129,3,156,21,155,36,127,156,156",447
3243,101,"683,677,811,638,794,30,934,749,500,342","127,156,3,154,39,21,21,3,155,163",553
889,101,"683,677,811,396,89,577,638,134,37,184","127,156,3,267,42,284,154,155,151,36",519
3540,101,"683,677,811,638,819,770,577,451,134,749","127,156,3,154,3,129,284,163,155,3",553
4748,101,"452,770,749,677,934,71,417,761,210,824","146,129,3,156,21,156,165,127,36,127",521
3532,101,"683,677,749,184,770,421,819,368,794,934","127,156,3,36,129,195,3,3,39,21",528
1764,101,"683,677,811,638,819,710,451,577,184,770","127,156,3,154,3,127,163,284,36,129",541
1614,101,"683,677,749,819,30,474,934,605,770,79","127,156,3,3,21,3,21,155,129,155",571
5452,101,"683,677,811,638,819,710,184,451,577,337","127,156,3,154,3,127,36,163,284,155",519
5139,101,"683,677,811,638,770,30,749,934,79,474","127,156,3,154,129,21,3,21,155,3",472
2840,101,"452,184,193,934,749,605,417,677,638,342","146,36,21,21,3,155,165,156,154,163",355
2905,101,"683,677,811,396,89,451,731,248,184,312","127,156,3,267,42,163,219,148,36,148",628
1294,101,"683,677,572,731,605,749,819,30,76,417","127,156,39,219,155,3,3,21,36,165",570
2101,101,"683,452,791,867,363,637,227,64,122,376","127,146,189,155,128,155,219,56,36,164",574
5250,101,"452,248,312,539,202,59,742,911,523,457","146,148,148,148,153,164,164,154,21,156",338
2710,101,"683,452,791,312,539,209,202,396,457,59","127,146,189,148,148,155,153,267,156,164",520
3446,101,"683,677,811,638,770,30,749,794,474,184","127,156,3,154,129,21,3,39,3,36",519
1057,101,"683,452,867,383,813,376,770,363,690,6","127,146,155,189,154,164,129,128,219,148",543
185,101,"683,791,466,539,406,199,457,64,143,122","127,189,42,148,127,155,156,56,155,36",720
622,101,"683,452,791,312,363,457,539,815,64,742","127,146,189,148,128,156,148,126,56,164",535
2367,101,"452,363,791,312,65,614,742,50,202,811","146,128,189,148,163,3,164,154,153,3",398
5110,101,"452,855,457,312,637,376,815,791,80,6","146,42,156,148,155,164,126,189,155,148",349
5210,101,"683,677,749,184,770,676,934,819,794,474","127,156,3,36,129,155,21,3,39,3",523
2654,101,"683,452,791,143,363,457,539,227,815,80","127,146,189,155,128,156,148,219,126,155",541
5074,101,"683,677,749,819,30,605,79,76,474,934","127,156,3,3,21,155,155,36,3,21",553
4457,101,"683,677,811,396,731,922,312,741,248,451","127,156,3,267,219,154,148,63,148,163",690
1462,101,"683,677,749,819,30,474,934,76,605,417","127,156,3,3,21,3,21,36,155,165",554
1213,101,"683,677,572,749,819,934,474,605,868,453","127,156,39,3,3,21,3,155,36,33",644
1506,101,"466,638,819,770,368,363,376,134,438,749","42,154,3,129,3,128,164,155,3,3",388
1010,101,"452,749,677,37,934,638,572,276,523,71","146,3,156,151,21,154,39,155,21,156",270
1760,101,"683,677,811,638,819,710,451,907,727,577","127,156,3,154,3,127,163,219,126,284",600
1298,101,"452,363,312,867,457,791,742,209,539,202","146,128,148,155,156,189,164,155,148,153",430
3549,101,"683,791,539,143,742,363,884,466,637,461","127,189,148,155,164,128,44,42,155,155",633
5694,101,"683,677,811,396,89,451,731,421,312,710","127,156,3,267,42,163,219,195,148,127",606
3791,101,"683,452,466,376,629,563,6,770,638,37","127,146,42,164,148,154,148,129,154,151",639
4216,101,"683,677,749,819,30,474,934,868,453,184","127,156,3,3,21,3,21,36,33,36",553
1837,101,"683,677,811,638,770,30,184,134,710,76","127,156,3,154,129,21,36,155,127,36",499
2380,101,"683,452,791,143,867,363,539,227,815,80","127,146,189,155,155,128,148,219,126,155",535
2786,101,"683,677,572,731,500,824,495,365,800,210","127,156,39,219,155,127,156,42,156,36",691
3513,101,"452,770,184,934,193,563,794,438,474,368","146,129,36,21,21,154,39,3,3,3",523
3166,101,"683,677,749,163,193,474,794,76,453,934","127,156,3,163,21,3,39,36,33,21",472
111,101,"683,677,811,638,770,359,30,474,749,934","127,156,3,154,129,267,21,3,3,21",598
4671,101,"683,677,749,819,30,474,934,868,453,210","127,156,3,3,21,3,21,36,33,36",553
1507,101,"683,452,383,690,331,770,376,791,451,295","127,146,189,219,54,129,164,189,163,127",634
3266,101,"683,452,791,867,363,539,815,533,227,690","127,146,189,155,128,148,126,39,219,219",579
3187,101,"452,184,193,677,596,934,438,794,563,638","146,36,21,156,3,21,3,39,154,154",374
5211,101,"683,677,811,638,819,770,577,451,134,749","127,156,3,154,3,129,284,163,155,3",541
2831,101,"452,770,749,677,638,37,184,596,259,686","146,129,3,156,154,151,36,3,148,36",513
2347,101,"683,677,811,638,794,359,731,710,184,676","127,156,3,154,39,267,219,127,36,155",555
5507,101,"683,677,811,638,819,710,184,577,368,770","127,156,3,154,3,127,36,284,3,129",519
5195,101,"683,677,811,638,770,30,794,934,474,71","127,156,3,154,129,21,39,21,3,156",304
5544,101,"683,677,811,638,770,163,368,577,794,934","127,156,3,154,129,163,3,284,39,21",720
2914,101,"683,452,791,143,209,815,867,457,539,363","127,146,189,155,155,126,155,156,148,128",559
5496,101,"683,452,791,363,376,64,815,539,406,690","127,146,189,128,164,56,126,148,127,219",530
1138,101,"683,452,791,143,363,457,539,815,533,690","127,146,189,155,128,156,148,126,39,219",535
4419,101,"683,677,572,605,184,749,770,76,30,71","127,156,39,155,36,3,129,36,21,156",627
3276,101,"683,677,811,638,770,30,749,605,71,800","127,156,3,154,129,21,3,155,156,156",569
2918,101,"683,677,749,819,731,184,134,359,811,741","127,156,3,3,219,36,155,267,3,63",634
50,101,"683,677,30,731,770,259,934,474,71,76","127,156,21,219,129,148,21,3,156,36",304
1378,101,"683,452,791,209,363,539,457,312,202,396","127,146,189,155,128,148,156,148,153,267",588
1389,101,"683,452,791,363,539,815,690,376,674,227","127,146,189,128,148,126,219,164,146,219",618
4400,101,"683,677,572,731,749,210,824,365,523,396","127,156,39,219,3,36,127,42,21,267",654
565,101,"683,677,811,638,819,184,193,794,934,474","127,156,3,154,3,36,21,39,21,3",640
5627,101,"683,452,791,312,363,884,122,295,64,209","127,146,189,148,128,44,36,127,56,155",669
5456,101,"683,452,791,143,209,815,363,539,457,227","127,146,189,155,155,126,128,148,156,219",611
1362,101,"683,452,791,867,539,363,143,815,533,122","127,146,189,155,148,128,155,126,39,36",574
123,101,"683,677,811,638,819,770,749,30,184,259","127,156,3,154,3,129,3,21,36,148",466
3482,101,"683,452,383,629,770,376,6,363,674,690","127,146,189,148,129,164,148,128,146,219",547
1626,101,"683,770,731,134,451,819,710,184,676,577","127,129,219,155,163,3,127,36,155,284",540
6033,101,"683,452,884,466,927,629,813,383,406,354","127,146,44,42,284,148,154,189,127,202",661
5560,101,"683,452,791,312,363,457,539,742,202,59","127,146,189,148,128,156,148,164,153,164",616
4723,101,"683,452,867,791,690,406,815,539,457,122","127,146,155,189,219,127,126,148,156,36",498
1525,101,"683,452,383,690,539,791,742,64,457,815","127,146,189,219,148,189,164,56,156,126",600
3854,101,"683,677,811,638,819,770,577,794,451,184","127,156,3,154,3,129,284,39,163,36",544
184,101,"683,677,749,163,770,29,368,193,794,638","127,156,3,163,129,156,3,21,39,154",645
1025,101,"683,677,811,396,89,907,451,727,312,710","127,156,3,267,42,219,163,126,148,127",535
2100,101,"452,363,312,396,539,328,295,457,451,791","146,128,148,267,148,39,127,156,163,189",371
2034,101,"452,363,312,396,480,328,6,674,791,794","146,128,148,267,148,39,148,146,189,39",485
1554,101,"683,677,749,819,30,474,934,76,868,770","127,156,3,3,21,3,21,36,36,129",612
3938,101,"683,407,144,927,596,184,811,259,517,749","127,175,169,284,3,36,3,148,155,3",688
481,101,"683,452,383,690,539,813,143,815,710,406","127,146,189,219,148,154,155,126,127,127",463
3315,101,"683,677,749,163,193,474,868,794,453,184","127,156,3,163,21,3,36,39,33,36",541
966,101,"683,452,383,629,770,376,363,690,6,160","127,146,189,148,129,164,128,219,148,39",510
4238,101,"683,452,791,312,867,539,202,209,64,59","127,146,189,148,155,148,153,155,56,164",521
3693,101,"683,452,791,363,539,815,533,376,122,6","127,146,189,128,148,126,39,164,36,148",463
1674,101,"683,452,884,466,383,259,629,331,37,686","127,146,44,42,189,148,148,54,151,36",640
4328,101,"452,770,677,71,30,934,572,210,638,495","146,129,156,156,21,21,39,36,154,156",278
4352,101,"683,452,791,363,539,815,457,227,690,836","127,146,189,128,148,126,156,219,219,39",535
5529,101,"683,677,811,638,770,359,30,474,71,794","127,156,3,154,129,267,21,3,156,39",506
2677,101,"683,407,819,89,396,710,248,451,741,731","127,175,3,42,267,127,148,163,63,219",796
3486,101,"683,677,811,638,770,359,30,934,71,794","127,156,3,154,129,267,21,21,156,39",702
796,101,"683,677,749,184,770,555,438,193,71,495","127,156,3,36,129,33,3,21,156,156",635
2917,101,"683,677,749,184,731,383,646,259,421,811","127,156,3,36,219,189,155,148,195,3",519
2572,101,"683,677,811,638,770,30,934,71,76,794","127,156,3,154,129,21,21,156,36,39",275
4,101,"452,37,677,868,30,934,71,76,555,761","146,151,156,36,21,21,156,36,33,127",226
4277,101,"683,677,811,638,794,30,605,934,749,184","127,156,3,154,39,21,155,21,3,36",563
444,101,"683,677,811,396,731,907,577,184,638,500","127,156,3,267,219,219,284,36,154,155",526
6036,101,"683,677,572,731,605,824,495,71,800,210","127,156,39,219,155,127,156,156,156,36",493
2078,101,"683,677,749,819,731,184,76,770,676,438","127,156,3,3,219,36,36,129,155,3",516
2781,101,"683,452,791,312,363,564,867,199,227,122","127,146,189,148,128,114,155,155,219,36",555
1503,101,"683,677,749,819,30,474,71,868,453,824","127,156,3,3,21,3,156,36,33,127",553
2961,101,"683,677,749,819,731,517,770,30,76,71","127,156,3,3,219,155,129,21,36,156",678
2627,101,"407,144,500,495,596,572,824,800,523,210","175,169,155,156,3,39,127,156,21,36",689
1930,101,"683,677,572,731,500,749,819,517,76,184","127,156,39,219,155,3,3,155,36,36",471
2436,101,"452,184,749,572,500,677,417,79,474,555","146,36,3,39,155,156,165,155,3,33",300
4492,101,"683,677,811,638,770,577,710,184,731,134","127,156,3,154,129,284,127,36,219,155",531
4858,101,"683,677,572,731,749,76,811,646,359,184","127,156,39,219,3,36,3,155,267,36",594
1041,101,"683,677,749,819,30,474,71,79,500,824","127,156,3,3,21,3,156,155,155,127",669
987,101,"683,452,791,312,867,539,199,59,64,742","127,146,189,148,155,148,155,164,56,164",690
432,101,"683,452,383,629,770,376,6,690,563,749","127,146,189,148,129,164,148,219,154,3",507
6147,101,"683,677,811,638,770,359,30,474,749,934","127,156,3,154,129,267,21,3,3,21",576
870,101,"683,452,383,770,376,363,392,6,30,79","127,146,189,129,164,128,39,148,21,155",427
4088,101,"452,363,312,396,690,710,791,539,457,742","146,128,148,267,219,127,189,148,156,164",479
5126,101,"683,452,791,143,363,539,457,312,202,742","127,146,189,155,128,148,156,148,153,164",498
464,101,"683,677,811,638,819,710,184,577,368,770","127,156,3,154,3,127,36,284,3,129",608
4325,101,"683,677,811,396,731,922,451,248,911,312","127,156,3,267,219,154,163,148,154,148",571
2618,101,"683,677,811,396,89,577,638,731,500,588","127,156,3,267,42,284,154,219,155,155",586
4940,101,"683,677,811,638,819,770,37,749,934,474","127,156,3,154,3,129,151,3,21,3",601
1823,101,"683,677,749,819,30,474,71,79,824,868","127,156,3,3,21,3,156,155,127,36",612
1373,101,"452,363,837,637,130,737,717,3,24,312","146,128,63,155,63,137,195,155,156,148",469
2795,101,"683,677,749,819,30,474,71,868,453,824","127,156,3,3,21,3,156,36,33,127",510
5933,101,"683,677,572,749,770,30,184,474,819,868","127,156,39,3,129,21,36,3,3,36",448
1778,101,"683,677,811,638,819,770,577,451,794,710","127,156,3,154,3,129,284,163,39,127",563
4793,101,"683,407,89,248,396,710,577,163,794,749","127,175,42,148,267,127,284,163,39,3",667
2949,101,"683,677,749,184,770,421,819,794,30,474","127,156,3,36,129,195,3,39,21,3",600
1077,101,"683,677,811,731,89,577,134,638,37,657","127,156,3,219,42,284,155,154,151,56",290
3462,101,"683,677,572,749,770,819,934,794,868,331","127,156,39,3,129,3,21,39,36,54",539
2322,101,"683,677,572,749,163,794,770,193,184,451","127,156,39,3,163,39,129,21,36,163",693
199,101,"683,770,638,30,71,500,819,749,794,934","127,129,154,21,156,155,3,3,39,21",604
248,101,"683,452,867,383,770,331,259,749,934,376","127,146,155,189,129,54,148,3,21,164",612
4142,101,"683,677,811,638,819,710,451,134,178,89","127,156,3,154,3,127,163,155,155,42",464
4017,101,"683,452,867,383,813,376,539,791,690,143","127,146,155,189,154,164,148,189,219,155",519
767,101,"683,677,572,749,184,794,770,819,868,30","127,156,39,3,36,39,129,3,36,21",582
4698,101,"683,677,749,819,30,474,71,868,453,824","127,156,3,3,21,3,156,36,33,127",553
35,101,"683,452,791,363,539,815,533,80,199,742","127,146,189,128,148,126,39,155,155,164",620
2148,101,"683,677,749,184,770,421,819,368,794,907","127,156,3,36,129,195,3,3,39,219",520
4875,101,"683,677,572,731,749,588,71,76,824,30","127,156,39,219,3,155,156,36,127,21",423
5579,101,"683,452,791,363,539,815,80,457,396,312","127,146,189,128,148,126,155,156,267,148",585
5580,101,"683,677,811,396,89,577,638,184,823,37","127,156,3,267,42,284,154,36,220,151",608
1109,101,"683,677,811,638,794,30,359,749,934,596","127,156,3,154,39,21,267,3,21,3",555
6018,101,"452,184,193,572,500,495,523,276,210,161","146,36,21,39,155,156,21,155,36,156",312
2923,101,"683,677,811,396,89,907,451,727,312,710","127,156,3,267,42,219,163,126,148,127",669
1172,101,"683,677,749,819,30,605,770,76,934,71","127,156,3,3,21,155,129,36,21,156",506
714,101,"452,855,457,312,376,6,342,791,480,717","146,42,156,148,164,148,163,189,148,195",380
425,101,"683,677,30,731,770,259,638,76,934,71","127,156,21,219,129,148,154,36,21,156",304
5558,101,"683,452,867,791,690,143,629,199,349,636","127,146,155,189,219,155,148,155,127,56",561
3945,101,"683,452,791,209,363,376,564,637,629,690","127,146,189,155,128,164,114,155,148,219",582
730,101,"683,677,749,184,731,359,596,438,770,76","127,156,3,36,219,267,3,3,129,36",572
3475,101,"683,452,791,363,539,457,199,396,312,202","127,146,189,128,148,156,155,267,148,153",547
2062,101,"452,855,533,312,717,451,65,480,248,922","146,42,39,148,195,163,163,148,148,154",380
3456,101,"683,677,749,819,30,474,934,868,210,824","127,156,3,3,21,3,21,36,36,127",545
2726,101,"683,677,749,819,30,474,76,79,500,934","127,156,3,3,21,3,36,155,155,21",546
3852,101,"452,770,749,677,934,30,596,417,259,438","146,129,3,156,21,21,3,165,148,3",531
4540,102,"452,184,193,572,605,677,934,638,794,76","146,36,21,39,155,156,21,154,39,36",251
3507,102,"683,677,811,638,770,30,749,794,184,474","127,156,3,154,129,21,3,39,36,3",531
4932,102,"683,452,791,143,363,457,539,815,406,533","127,146,189,155,128,156,148,126,127,39",471
5784,102,"683,452,383,690,539,813,815,122,710,791","127,146,189,219,148,154,126,36,127,189",490
5424,102,"683,677,811,396,731,451,922,312,184,337","127,156,3,267,219,163,154,148,36,155",535
5481,102,"683,677,749,819,30,474,76,934,868,453","127,156,3,3,21,3,36,21,36,33",553
4511,102,"683,452,791,363,884,466,359,700,354,638","127,146,189,128,44,42,267,219,202,154",612
5430,102,"683,677,749,819,30,474,76,934,71,868","127,156,3,3,21,3,36,21,156,36",546
2873,102,"452,770,749,677,79,71,417,761,868,37","146,129,3,156,155,156,165,127,36,151",477
1235,102,"452,363,700,134,359,731,837,791,24,638","146,128,219,155,267,219,63,189,156,154",494
4355,102,"683,677,749,819,30,474,71,500,868,934","127,156,3,3,21,3,156,155,36,21",586
3184,102,"683,677,811,396,89,577,638,134,37,184","127,156,3,267,42,284,154,155,151,36",535
2179,102,"452,184,193,572,500,495,71,800,417,555","146,36,21,39,155,156,156,156,165,33",352
3210,102,"683,677,749,819,30,605,210,824,71,79","127,156,3,3,21,155,36,127,156,155",544
3735,102,"683,677,30,259,770,934,71,638,495,824","127,156,21,148,129,21,156,154,156,127",289
4486,102,"683,677,811,638,770,30,184,934,749,794","127,156,3,154,129,21,36,21,3,39",519
574,102,"683,677,572,731,749,210,824,453,811,438","127,156,39,219,3,36,127,33,3,3",483
633,102,"683,452,383,629,770,376,363,791,674,199","127,146,189,148,129,164,128,189,146,155",508
1133,102,"452,184,383,451,791,178,742,614,539,867","146,36,189,163,189,155,164,3,148,155",361
5148,102,"683,452,791,312,539,64,59,396,911,457","127,146,189,148,148,56,164,267,154,156",556
64,102,"683,677,811,451,89,184,3,922,248,37","127,156,3,163,42,36,155,154,148,151",494
5501,102,"683,677,572,731,749,210,824,453,79,474","127,156,39,219,3,36,127,33,155,3",463
1584,102,"452,363,312,539,202,59,457,742,911,349","146,128,148,148,153,164,156,164,154,127",413
729,102,"452,199,248,457,312,791,533,742,451,480","146,155,148,156,148,189,39,164,163,148",346
3759,102,"683,677,572,731,605,500,588,824,495,365","127,156,39,219,155,155,155,127,156,42",437
3009,102,"452,770,749,638,37,596,677,259,184,193","146,129,3,154,151,3,156,148,36,21",516
4554,102,"683,677,749,819,30,474,76,934,453,210","127,156,3,3,21,3,36,21,33,36",569
2626,102,"683,677,811,396,89,577,638,731,290,76","127,156,3,267,42,284,154,219,3,36",628
2261,102,"683,452,791,363,539,815,80,457,199,59","127,146,189,128,148,126,155,156,155,164",641
3610,102,"683,770,731,451,749,184,421,359,163,231","127,129,219,163,3,36,195,267,163,128",600
5528,102,"683,677,749,819,731,184,76,417,474,284","127,156,3,3,219,36,36,165,3,165",553
5711,102,"683,677,749,819,731,517,30,184,76,474","127,156,3,3,219,155,21,36,36,3",553
2930,102,"452,770,184,934,376,794,564,421,193,677","146,129,36,21,164,39,114,195,21,156",293
145,102,"683,677,572,71,749,811,184,770,76,30","127,156,39,156,3,3,36,129,36,21",500
5860,102,"452,199,248,312,202,59,539,825,457,831","146,155,148,148,153,164,148,148,156,155",354
5493,102,"683,677,811,638,770,30,749,605,76,934","127,156,3,154,129,21,3,155,36,21",544
1509,102,"683,407,144,37,596,572,749,359,934,677","127,175,169,151,3,39,3,267,21,156",594
3202,102,"683,867,791,312,539,209,202,741,349,64","127,155,189,148,148,155,153,63,127,56",669
541,102,"683,452,867,383,770,376,629,563,749,794","127,146,155,189,129,164,148,154,3,39",528
1595,102,"452,770,577,710,331,184,193,438,259,461","146,129,284,127,54,36,21,3,148,155",500
4837,102,"683,452,383,690,539,143,791,406,815,457","127,146,189,219,148,155,189,127,126,156",464
5610,102,"683,452,884,466,927,383,508,417,37,184","127,146,44,42,284,189,219,165,151,36",653
66,102,"683,452,884,690,122,867,209,629,791,674","127,146,44,219,36,155,155,148,189,146",653
4215,102,"683,677,572,749,184,794,770,934,453,368","127,156,39,3,36,39,129,21,33,3",415
5436,102,"683,452,383,629,143,690,376,508,770,749","127,146,189,148,155,219,164,219,129,3",547
2737,102,"683,452,867,791,690,143,674,376,383,770","127,146,155,189,219,155,146,164,189,129",535
573,102,"452,770,184,451,927,461,134,24,710,638","146,129,36,163,284,155,155,156,127,154",547
1670,102,"683,677,749,163,770,29,368,193,794,474","127,156,3,163,129,156,3,21,39,3",644
5744,102,"683,677,749,819,731,184,76,605,417,555","127,156,3,3,219,36,36,155,165,33",586
1223,102,"452,184,193,677,749,794,738,638,417,868","146,36,21,156,3,39,155,154,165,36",400
2837,102,"683,677,572,731,749,210,824,365,495,76","127,156,39,219,3,36,127,42,156,36",538
5167,102,"683,677,811,396,731,922,312,451,577,710","127,156,3,267,219,154,148,163,284,127",557
1374,102,"683,677,749,819,30,474,71,824,934,417","127,156,3,3,21,3,156,127,21,165",553
2938,102,"683,677,811,396,731,922,451,248,911,312","127,156,3,267,219,154,163,148,154,148",535
4883,102,"683,677,572,731,500,749,184,30,453,868","127,156,39,219,155,3,36,21,33,36",531
1715,102,"452,770,677,79,30,71,934,761,474,868","146,129,156,155,21,156,21,127,3,36",378
1563,102,"683,677,749,819,30,605,210,500,824,365","127,156,3,3,21,155,36,155,127,42",519
3981,102,"683,452,383,690,539,791,742,64,457,815","127,146,189,219,148,189,164,56,156,126",520
1993,102,"683,452,791,312,363,457,539,396,815,911","127,146,189,148,128,156,148,267,126,154",540
4228,102,"683,677,572,731,500,749,819,30,474,76","127,156,39,219,155,3,3,21,3,36",549
3557,102,"683,677,811,638,770,577,794,710,676,368","127,156,3,154,129,284,39,127,155,3",304
449,102,"683,677,572,731,749,76,811,184,421,596","127,156,39,219,3,36,3,36,195,3",541
944,102,"452,770,749,677,79,71,417,210,824,495","146,129,3,156,155,156,165,36,127,156",447
3243,102,"683,677,811,638,794,30,934,749,500,342","127,156,3,154,39,21,21,3,155,163",553
889,102,"683,677,811,396,89,577,638,134,37,184","127,156,3,267,42,284,154,155,151,36",519
3540,102,"683,677,811,638,819,770,577,451,134,749","127,156,3,154,3,129,284,163,155,3",553
4748,102,"452,770,749,677,934,71,500,417,868,761","146,129,3,156,21,156,155,165,36,127",521
3532,102,"683,677,749,184,770,421,819,368,794,934","127,156,3,36,129,195,3,3,39,21",528
1764,102,"683,677,811,638,819,710,451,577,184,770","127,156,3,154,3,127,163,284,36,129",541
1614,102,"683,677,749,819,30,474,934,868,453,210","127,156,3,3,21,3,21,36,33,36",571
5452,102,"683,677,811,638,819,710,184,451,577,76","127,156,3,154,3,127,36,163,284,36",519
5139,102,"683,677,811,638,770,30,749,605,79,934","127,156,3,154,129,21,3,155,155,21",472
2840,102,"452,184,193,934,79,749,677,794,563,638","146,36,21,21,155,3,156,39,154,154",355
2905,102,"683,677,811,396,89,451,731,248,184,312","127,156,3,267,42,163,219,148,36,148",628
1294,102,"683,677,572,731,749,210,76,37,184,30","127,156,39,219,3,36,36,151,36,21",570
2101,102,"683,452,791,209,363,376,867,690,638,295","127,146,189,155,128,164,155,219,154,127",574
5250,102,"452,248,312,539,202,59,529,742,911,922","146,148,148,148,153,164,155,164,154,154",338
2710,102,"683,452,791,312,539,209,202,396,457,59","127,146,189,148,148,155,153,267,156,164",520
3446,102,"683,677,811,638,770,30,749,794,474,184","127,156,3,154,129,21,3,39,3,36",519
1057,102,"683,452,383,690,376,629,770,577,794,564","127,146,189,219,164,148,129,284,39,114",543
185,102,"683,791,466,539,406,209,457,443,629,202","127,189,42,148,127,155,156,176,148,153",720
622,102,"683,452,791,312,363,867,457,539,815,396","127,146,189,148,128,155,156,148,126,267",535
2367,102,"452,363,791,312,65,178,614,50,742,202","146,128,189,148,163,155,3,154,164,153",398
5110,102,"452,855,457,312,637,376,815,791,143,255","146,42,156,148,155,164,126,189,155,36",349
5210,102,"683,677,749,184,770,421,819,794,474,555","127,156,3,36,129,195,3,39,3,33",523
2654,102,"683,452,791,363,539,815,457,227,59,122","127,146,189,128,148,126,156,219,164,36",541
5074,102,"683,677,749,819,30,474,71,868,453,824","127,156,3,3,21,3,156,36,33,127",553
4457,102,"683,677,811,396,731,922,312,741,248,451","127,156,3,267,219,154,148,63,148,163",690
1462,102,"683,677,749,819,30,474,934,76,868,770","127,156,3,3,21,3,21,36,36,129",554
1213,102,"683,677,572,749,819,934,474,605,868,453","127,156,39,3,3,21,3,155,36,33",644
1506,102,"466,638,819,770,368,363,376,461,749,421","42,154,3,129,3,128,164,155,3,195",388
1010,102,"452,749,677,37,934,638,572,523,824,438","146,3,156,151,21,154,39,21,127,3",270
1760,102,"683,677,811,638,819,710,451,907,727,577","127,156,3,154,3,127,163,219,126,284",600
1298,102,"452,363,312,867,457,791,742,202,539,349","146,128,148,155,156,189,164,153,148,127",430
3549,102,"683,791,539,199,884,466,638,376,770,564","127,189,148,155,44,42,154,164,129,114",633
5694,102,"683,677,811,396,89,451,3,731,37,248","127,156,3,267,42,163,155,219,151,148",606
3791,102,"683,452,466,376,629,563,6,770,638,37","127,146,42,164,148,154,148,129,154,151",639
4216,102,"683,677,749,819,30,474,934,605,210,824","127,156,3,3,21,3,21,155,36,127",553
1837,102,"683,677,811,638,770,30,184,259,749,596","127,156,3,154,129,21,36,148,3,3",499
2380,102,"683,452,791,143,363,539,815,457,227,59","127,146,189,155,128,148,126,156,219,164",535
2786,102,"683,677,572,731,605,500,588,824,495,365","127,156,39,219,155,155,155,127,156,42",691
3513,102,"452,770,184,934,193,563,794,438,474,368","146,129,36,21,21,154,39,3,3,3",523
3166,102,"683,677,749,163,193,474,794,76,453,934","127,156,3,163,21,3,39,36,33,21",472
111,102,"683,677,811,638,770,359,30,474,749,605","127,156,3,154,129,267,21,3,3,155",598
4671,102,"683,677,749,819,30,474,934,868,453,210","127,156,3,3,21,3,21,36,33,36",553
1507,102,"683,452,383,690,331,770,376,199,791,742","127,146,189,219,54,129,164,155,189,164",634
3266,102,"683,452,791,363,539,815,690,227,64,457","127,146,189,128,148,126,219,219,56,156",579
3187,102,"452,184,193,677,596,934,438,794,676,749","146,36,21,156,3,21,3,39,155,3",374
5211,102,"683,677,811,638,819,770,577,451,794,749","127,156,3,154,3,129,284,163,39,3",541
2831,102,"452,770,749,677,638,37,184,596,259,686","146,129,3,156,154,151,36,3,148,36",513
2347,102,"683,677,811,638,794,359,731,710,184,30","127,156,3,154,39,267,219,127,36,21",555
5507,102,"683,677,811,638,819,710,184,577,368,770","127,156,3,154,3,127,36,284,3,129",519
5195,102,"683,677,811,638,770,30,794,934,474,71","127,156,3,154,129,21,39,21,3,156",304
5544,102,"683,677,811,638,770,163,368,577,794,934","127,156,3,154,129,163,3,284,39,21",720
2914,102,"683,452,791,363,539,815,457,406,59,64","127,146,189,128,148,126,156,127,164,56",559
5496,102,"683,452,791,363,376,64,815,539,406,690","127,146,189,128,164,56,126,148,127,219",530
1138,102,"683,452,791,143,363,457,539,815,533,690","127,146,189,155,128,156,148,126,39,219",535
4419,102,"683,677,572,71,749,811,359,184,770,474","127,156,39,156,3,3,267,36,129,3",627
3276,102,"683,677,811,638,770,30,749,934,71,76","127,156,3,154,129,21,3,21,156,36",569
2918,102,"683,677,749,819,731,184,3,811,248,37","127,156,3,3,219,36,155,3,148,151",634
50,102,"683,677,30,731,770,259,934,474,71,76","127,156,21,219,129,148,21,3,156,36",304
1378,102,"683,452,791,143,363,539,457,312,202,396","127,146,189,155,128,148,156,148,153,267",588
1389,102,"683,452,791,363,539,815,690,376,674,227","127,146,189,128,148,126,219,164,146,219",618
4400,102,"683,677,572,731,749,588,210,824,365,862","127,156,39,219,3,155,36,127,42,195",654
565,102,"683,677,811,638,819,184,193,794,934,474","127,156,3,154,3,36,21,39,21,3",640
5627,102,"683,452,791,312,363,884,122,295,199,209","127,146,189,148,128,44,36,127,155,155",669
5456,102,"683,452,791,363,539,815,80,227,457,690","127,146,189,128,148,126,155,219,156,219",611
1362,102,"683,452,791,539,363,457,815,122,533,295","127,146,189,148,128,156,126,36,39,127",574
123,102,"683,677,811,638,819,770,749,30,184,259","127,156,3,154,3,129,3,21,36,148",466
3482,102,"683,452,383,629,770,376,6,363,674,690","127,146,189,148,129,164,148,128,146,219",547
1626,102,"683,770,731,134,451,819,710,184,676,577","127,129,219,155,163,3,127,36,155,284",540
6033,102,"683,452,884,466,867,406,432,383,690,813","127,146,44,42,155,127,44,189,219,154",661
5560,102,"683,452,791,312,363,867,199,457,209,539","127,146,189,148,128,155,155,156,155,148",616
4723,102,"683,452,383,629,770,376,6,676,690,122","127,146,189,148,129,164,148,155,219,36",498
1525,102,"683,452,383,690,539,199,791,64,742,457","127,146,189,219,148,155,189,56,164,156",600
3854,102,"683,677,811,638,819,770,577,794,451,184","127,156,3,154,3,129,284,39,163,36",544
184,102,"683,677,749,163,770,29,368,193,794,676","127,156,3,163,129,156,3,21,39,155",645
1025,102,"683,677,811,396,89,907,451,727,312,710","127,156,3,267,42,219,163,126,148,127",535
2100,102,"452,363,312,396,539,328,295,457,451,791","146,128,148,267,148,39,127,156,163,189",371
2034,102,"452,363,312,396,480,328,6,674,791,794","146,128,148,267,148,39,148,146,189,39",485
1554,102,"683,677,749,819,30,474,934,76,868,770","127,156,3,3,21,3,21,36,36,129",612
3938,102,"683,407,500,588,276,144,927,596,646,605","127,175,155,155,155,169,284,3,155,155",688
481,102,"683,452,867,383,813,770,376,690,539,791","127,146,155,189,154,129,164,219,148,189",463
3315,102,"683,677,749,163,193,474,868,794,453,184","127,156,3,163,21,3,36,39,33,36",541
966,102,"683,452,383,629,770,376,363,690,6,160","127,146,189,148,129,164,128,219,148,39",510
4238,102,"683,452,791,312,539,202,59,396,64,911","127,146,189,148,148,153,164,267,56,154",521
3693,102,"683,452,791,209,363,815,539,533,122,376","127,146,189,155,128,126,148,39,36,164",463
1674,102,"683,452,884,466,383,259,461,508,231,629","127,146,44,42,189,148,155,219,128,148",640
4328,102,"452,770,677,71,30,934,572,210,638,495","146,129,156,156,21,21,39,36,154,156",278
4352,102,"683,452,791,209,867,457,312,539,59,122","127,146,189,155,155,156,148,148,164,36",535
5529,102,"683,677,811,638,770,359,30,474,605,71","127,156,3,154,129,267,21,3,155,156",506
2677,102,"683,407,819,89,396,710,248,451,741,731","127,175,3,42,267,127,148,163,63,219",796
3486,102,"683,677,811,638,770,359,30,605,71,794","127,156,3,154,129,267,21,155,156,39",702
796,102,"683,677,749,184,770,555,438,193,71,495","127,156,3,36,129,33,3,21,156,156",635
2917,102,"683,677,749,184,731,134,646,383,259,37","127,156,3,36,219,155,155,189,148,151",519
2572,102,"683,677,811,638,770,30,934,71,500,474","127,156,3,154,129,21,21,156,155,3",275
4,102,"452,37,677,868,738,30,71,934,605,474","146,151,156,36,155,21,156,21,155,3",226
4277,102,"683,677,811,638,794,30,934,749,71,474","127,156,3,154,39,21,21,3,156,3",563
444,102,"683,677,811,396,731,907,577,184,638,605","127,156,3,267,219,219,284,36,154,155",526
6036,102,"683,677,572,731,749,210,517,76,184,30","127,156,39,219,3,36,155,36,36,21",493
2078,102,"683,677,749,819,731,184,76,770,577,710","127,156,3,3,219,36,36,129,284,127",516
2781,102,"683,452,791,312,363,564,199,295,64,539","127,146,189,148,128,114,155,127,56,148",555
1503,102,"683,677,749,819,30,605,79,474,71,868","127,156,3,3,21,155,155,3,156,36",553
2961,102,"683,677,749,819,731,517,770,30,76,71","127,156,3,3,219,155,129,21,36,156",678
2627,102,"407,144,500,276,495,572,824,800,523,210","175,169,155,155,156,39,127,156,21,36",689
1930,102,"683,677,572,731,605,749,819,811,3,907","127,156,39,219,155,3,3,3,155,219",471
2436,102,"452,184,749,572,417,210,523,495,555,71","146,36,3,39,165,36,21,156,33,156",300
4492,102,"683,677,811,638,770,577,710,184,731,24","127,156,3,154,129,284,127,36,219,156",531
4858,102,"683,677,572,731,749,76,811,184,134,383","127,156,39,219,3,36,3,36,155,189",594
1041,102,"683,677,749,819,30,474,71,79,824,800","127,156,3,3,21,3,156,155,127,156",669
987,102,"683,452,791,312,539,209,64,742,202,59","127,146,189,148,148,155,56,164,153,164",690
432,102,"683,452,383,629,770,376,6,690,563,749","127,146,189,148,129,164,148,219,154,3",507
6147,102,"683,677,811,638,770,359,30,474,749,934","127,156,3,154,129,267,21,3,3,21",576
870,102,"683,452,383,770,376,363,461,392,637,30","127,146,189,129,164,128,155,39,155,21",427
4088,102,"452,363,312,396,690,710,791,539,457,199","146,128,148,267,219,127,189,148,156,155",479
5126,102,"683,452,791,867,457,312,539,406,64,202","127,146,189,155,156,148,148,127,56,153",498
464,102,"683,677,811,638,819,710,134,577,184,368","127,156,3,154,3,127,155,284,36,3",608
4325,102,"683,677,811,396,731,922,451,248,911,312","127,156,3,267,219,154,163,148,154,148",571
2618,102,"683,677,811,396,89,577,638,731,290,76","127,156,3,267,42,284,154,219,3,36",586
4940,102,"683,677,811,638,819,770,37,749,934,474","127,156,3,154,3,129,151,3,21,3",601
1823,102,"683,677,749,819,30,474,71,500,824,800","127,156,3,3,21,3,156,155,127,156",612
1373,102,"452,363,837,717,130,312,65,737,811,396","146,128,63,195,63,148,163,137,3,267",469
2795,102,"683,677,749,819,30,605,770,474,76,868","127,156,3,3,21,155,129,3,36,36",510
5933,102,"683,677,572,749,770,30,184,474,819,868","127,156,39,3,129,21,36,3,3,36",448
1778,102,"683,677,811,638,819,770,577,451,794,710","127,156,3,154,3,129,284,163,39,127",563
4793,102,"683,407,89,248,396,710,577,163,794,749","127,175,42,148,267,127,284,163,39,3",667
2949,102,"683,677,749,184,770,421,819,794,30,474","127,156,3,36,129,195,3,39,21,3",600
1077,102,"683,677,811,731,89,577,823,638,37,907","127,156,3,219,42,284,220,154,151,219",290
3462,102,"683,677,572,749,770,819,934,794,868,331","127,156,39,3,129,3,21,39,36,54",539
2322,102,"683,677,572,749,163,794,770,193,184,451","127,156,39,3,163,39,129,21,36,163",693
199,102,"683,770,638,30,605,749,184,794,71,934","127,129,154,21,155,3,36,39,156,21",604
248,102,"683,452,867,383,770,331,259,749,934,376","127,146,155,189,129,54,148,3,21,164",612
4142,102,"683,677,811,638,819,710,451,134,89,577","127,156,3,154,3,127,163,155,42,284",464
4017,102,"683,452,867,383,813,376,539,791,690,143","127,146,155,189,154,164,148,189,219,155",519
767,102,"683,677,572,749,184,794,770,676,819,438","127,156,39,3,36,39,129,155,3,3",582
4698,102,"683,677,749,819,30,605,76,934,868,71","127,156,3,3,21,155,36,21,36,156",553
35,102,"683,452,791,363,539,815,533,122,457,742","127,146,189,128,148,126,39,36,156,164",620
2148,102,"683,677,749,184,770,676,907,811,794,438","127,156,3,36,129,155,219,3,39,3",520
4875,102,"683,677,572,731,749,210,824,453,474,495","127,156,39,219,3,36,127,33,3,156",423
5579,102,"683,452,791,143,363,209,539,457,815,80","127,146,189,155,128,155,148,156,126,155",585
5580,102,"683,677,811,396,89,577,638,184,823,37","127,156,3,267,42,284,154,36,220,151",608
1109,102,"683,677,811,638,794,30,359,749,934,596","127,156,3,154,39,21,267,3,21,3",555
6018,102,"452,184,193,572,71,638,342,495,523,210","146,36,21,39,156,154,163,156,21,36",312
2923,102,"683,677,811,396,89,907,451,727,312,710","127,156,3,267,42,219,163,126,148,127",669
1172,102,"683,677,749,819,30,474,71,868,453,76","127,156,3,3,21,3,156,36,33,36",506
714,102,"452,855,457,312,376,6,342,791,480,717","146,42,156,148,164,148,163,189,148,195",380
425,102,"683,677,30,731,770,259,517,638,76,474","127,156,21,219,129,148,155,154,36,3",304
5558,102,"683,452,867,791,690,342,383,629,376,122","127,146,155,189,219,163,189,148,164,36",561
3945,102,"683,452,791,143,363,564,64,158,629,122","127,146,189,155,128,114,56,156,148,36",582
730,102,"683,677,749,184,731,134,359,596,438,76","127,156,3,36,219,155,267,3,3,36",572
3475,102,"683,452,791,363,539,457,199,396,312,202","127,146,189,128,148,156,155,267,148,153",547
2062,102,"452,855,533,312,717,451,65,480,248,922","146,42,39,148,195,163,163,148,148,154",380
3456,102,"683,677,749,819,30,474,934,868,210,824","127,156,3,3,21,3,21,36,36,127",545
2726,102,"683,677,749,819,30,474,76,934,71,868","127,156,3,3,21,3,36,21,156,36",546
3852,102,"452,770,749,677,934,30,596,417,259,438","146,129,3,156,21,21,3,165,148,3",531
4540,103,"452,184,193,572,71,677,368,934,638,76","146,36,21,39,156,156,3,21,154,36",251
3507,103,"683,677,811,638,770,30,749,794,184,474","127,156,3,154,129,21,3,39,36,3",531
4932,103,"683,452,791,867,363,539,815,80,122,533","127,146,189,155,128,148,126,155,36,39",471
5784,103,"683,452,383,690,539,813,815,122,710,791","127,146,189,219,148,154,126,36,127,189",490
5424,103,"683,677,811,396,731,451,922,312,184,717","127,156,3,267,219,163,154,148,36,195",535
5481,103,"683,677,749,819,30,605,79,76,163,474","127,156,3,3,21,155,155,36,163,3",553
4511,103,"683,452,791,143,363,884,466,359,354,700","127,146,189,155,128,44,42,267,202,219",612
5430,103,"683,677,749,819,30,474,76,934,71,868","127,156,3,3,21,3,36,21,156,36",546
2873,103,"452,770,749,677,79,71,417,761,868,37","146,129,3,156,155,156,165,127,36,151",477
1235,103,"452,363,700,577,638,359,24,717,731,811","146,128,219,284,154,267,156,195,219,3",494
4355,103,"683,677,749,819,30,474,71,824,210,800","127,156,3,3,21,3,156,127,36,156",586
3184,103,"683,677,811,396,89,577,638,184,731,451","127,156,3,267,42,284,154,36,219,163",535
2179,103,"452,184,193,572,605,500,495,800,71,276","146,36,21,39,155,155,156,156,156,155",352
3210,103,"683,677,749,819,30,474,71,824,210,868","127,156,3,3,21,3,156,127,36,36",544
3735,103,"683,677,30,259,770,934,71,605,495,824","127,156,21,148,129,21,156,155,156,127",289
4486,103,"683,677,811,638,770,30,184,934,749,794","127,156,3,154,129,21,36,21,3,39",519
574,103,"683,677,572,731,749,210,824,453,811,438","127,156,39,219,3,36,127,33,3,3",483
633,103,"683,452,867,383,770,376,629,563,6,30","127,146,155,189,129,164,148,154,148,21",508
1133,103,"452,184,383,451,791,199,461,539,742,614","146,36,189,163,189,155,155,148,164,3",361
5148,103,"683,452,791,312,539,64,59,396,911,457","127,146,189,148,148,56,164,267,154,156",556
64,103,"683,677,811,451,89,517,184,922,248,638","127,156,3,163,42,155,36,154,148,154",494
5501,103,"683,677,572,731,605,749,819,30,79,474","127,156,39,219,155,3,3,21,155,3",463
1584,103,"452,363,312,539,202,59,457,742,911,349","146,128,148,148,153,164,156,164,154,127",413
729,103,"452,248,457,312,376,791,122,533,178,742","146,148,156,148,164,189,36,39,155,164",346
3759,103,"683,677,572,731,500,588,824,365,495,210","127,156,39,219,155,155,127,42,156,36",437
3009,103,"452,770,749,638,37,596,677,259,184,193","146,129,3,154,151,3,156,148,36,21",516
4554,103,"683,677,749,819,30,474,76,934,453,210","127,156,3,3,21,3,36,21,33,36",569
2626,103,"683,677,811,396,89,577,638,731,500,184","127,156,3,267,42,284,154,219,155,36",628
2261,103,"683,452,791,867,457,363,539,815,312,295","127,146,189,155,156,128,148,126,148,127",641
3610,103,"683,770,731,451,749,184,421,359,163,178","127,129,219,163,3,36,195,267,163,155",600
5528,103,"683,677,749,819,731,517,184,76,417,934","127,156,3,3,219,155,36,36,165,21",553
5711,103,"683,677,749,819,731,517,30,184,76,474","127,156,3,3,219,155,21,36,36,3",553
2930,103,"452,770,184,934,376,794,564,421,193,677","146,129,36,21,164,39,114,195,21,156",293
145,103,"683,677,572,71,749,811,184,770,76,30","127,156,39,156,3,3,36,129,36,21",500
5860,103,"452,248,312,539,202,59,836,791,65,614","146,148,148,148,153,164,39,189,163,3",354
5493,103,"683,677,811,638,770,30,749,934,794,474","127,156,3,154,129,21,3,21,39,3",544
1509,103,"683,407,144,37,596,572,749,359,934,677","127,175,169,151,3,39,3,267,21,156",594
3202,103,"683,791,539,64,312,741,713,349,742,629","127,189,148,56,148,63,58,127,164,148",669
541,103,"683,452,867,383,770,376,629,563,749,794","127,146,155,189,129,164,148,154,3,39",528
1595,103,"452,770,577,710,331,184,193,438,259,676","146,129,284,127,54,36,21,3,148,155",500
4837,103,"683,452,383,690,539,143,791,199,406,815","127,146,189,219,148,155,189,155,127,126",464
5610,103,"683,452,884,466,927,383,508,417,37,184","127,146,44,42,284,189,219,165,151,36",653
66,103,"683,452,884,690,122,581,376,227,791,629","127,146,44,219,36,146,164,219,189,148",653
4215,103,"683,677,572,749,184,794,770,934,453,368","127,156,39,3,36,39,129,21,33,3",415
5436,103,"683,452,383,629,690,417,770,376,461,577","127,146,189,148,219,165,129,164,155,284",547
2737,103,"683,452,383,629,770,376,363,690,674,6","127,146,189,148,129,164,128,219,146,148",535
573,103,"452,770,184,451,927,710,638,438,794,646","146,129,36,163,284,127,154,3,39,155",547
1670,103,"683,677,749,163,770,29,368,193,794,474","127,156,3,163,129,156,3,21,39,3",644
5744,103,"683,677,749,819,731,517,184,76,417,555","127,156,3,3,219,155,36,36,165,33",586
1223,103,"452,184,193,677,749,794,738,638,417,868","146,36,21,156,3,39,155,154,165,36",400
2837,103,"683,677,572,731,500,749,819,30,474,76","127,156,39,219,155,3,3,21,3,36",538
5167,103,"683,677,811,396,731,922,312,451,577,710","127,156,3,267,219,154,148,163,284,127",557
1374,103,"683,677,749,819,30,605,76,934,474,868","127,156,3,3,21,155,36,21,3,36",553
2938,103,"683,677,811,396,731,922,451,248,111,911","127,156,3,267,219,154,163,148,155,154",535
4883,103,"683,677,572,731,605,749,134,184,30,638","127,156,39,219,155,3,155,36,21,154",531
1715,103,"452,770,677,71,30,738,761,934,868,555","146,129,156,156,21,155,127,21,36,33",378
1563,103,"683,677,749,819,30,474,71,824,210,868","127,156,3,3,21,3,156,127,36,36",519
3981,103,"683,452,383,690,539,199,791,64,742,457","127,146,189,219,148,155,189,56,164,156",520
1993,103,"683,452,791,312,363,199,457,539,396,815","127,146,189,148,128,155,156,148,267,126",540
4228,103,"683,677,572,731,605,749,819,30,76,500","127,156,39,219,155,3,3,21,36,155",549
3557,103,"683,677,811,638,770,577,794,710,76,717","127,156,3,154,129,284,39,127,36,195",304
449,103,"683,677,572,731,500,749,184,134,811,421","127,156,39,219,155,3,36,155,3,195",541
944,103,"452,770,749,677,934,605,210,824,495,588","146,129,3,156,21,155,36,127,156,155",447
3243,103,"683,677,811,638,794,30,934,749,76,474","127,156,3,154,39,21,21,3,36,3",553
889,103,"683,677,811,396,89,577,638,184,823,37","127,156,3,267,42,284,154,36,220,151",519
3540,103,"683,677,811,638,819,770,577,451,794,710","127,156,3,154,3,129,284,163,39,127",553
4748,103,"452,770,749,677,934,605,210,824,495,161","146,129,3,156,21,155,36,127,156,156",521
3532,103,"683,677,749,184,770,421,819,368,794,934","127,156,3,36,129,195,3,3,39,21",528
1764,103,"683,677,811,638,819,710,451,577,184,770","127,156,3,154,3,127,163,284,36,129",541
1614,103,"683,677,749,819,30,474,934,605,770,76","127,156,3,3,21,3,21,155,129,36",571
5452,103,"683,677,811,638,819,710,184,451,577,76","127,156,3,154,3,127,36,163,284,36",519
5139,103,"683,677,811,638,770,30,749,934,79,474","127,156,3,154,129,21,3,21,155,3",472
2840,103,"452,184,193,934,749,605,417,677,638,342","146,36,21,21,3,155,165,156,154,163",355
2905,103,"683,677,811,396,89,451,731,248,184,312","127,156,3,267,42,163,219,148,36,148",628
1294,103,"683,677,572,731,500,749,819,30,474,934","127,156,39,219,155,3,3,21,3,21",570
2101,103,"683,452,791,143,363,376,64,158,227,815","127,146,189,155,128,164,56,156,219,126",574
5250,103,"452,248,312,539,202,59,742,911,523,457","146,148,148,148,153,164,164,154,21,156",338
2710,103,"683,452,791,312,867,539,199,202,396,457","127,146,189,148,155,148,155,153,267,156",520
3446,103,"683,677,811,638,770,30,749,794,474,184","127,156,3,154,129,21,3,39,3,36",519
1057,103,"683,452,867,383,813,376,770,363,690,6","127,146,155,189,154,164,129,128,219,148",543
185,103,"683,791,466,539,406,199,457,64,122,533","127,189,42,148,127,155,156,56,36,39",720
622,103,"683,452,791,312,363,457,539,815,64,742","127,146,189,148,128,156,148,126,56,164",535
2367,103,"452,363,791,312,65,178,614,50,742,202","146,128,189,148,163,155,3,154,164,153",398
5110,103,"452,855,457,312,376,791,6,727,813,65","146,42,156,148,164,189,148,126,154,163",349
5210,103,"683,677,749,184,770,421,819,794,474,555","127,156,3,36,129,195,3,39,3,33",523
2654,103,"683,452,791,209,363,815,539,227,457,122","127,146,189,155,128,126,148,219,156,36",541
5074,103,"683,677,749,819,30,474,71,868,453,824","127,156,3,3,21,3,156,36,33,127",553
4457,103,"683,677,811,396,731,922,312,741,248,451","127,156,3,267,219,154,148,63,148,163",690
1462,103,"683,677,749,819,30,474,934,76,868,770","127,156,3,3,21,3,21,36,36,129",554
1213,103,"683,677,572,749,819,934,79,605,868,474","127,156,39,3,3,21,155,155,36,3",644
1506,103,"466,638,819,770,368,363,676,749,134,193","42,154,3,129,3,128,155,3,155,21",388
1010,103,"452,749,677,37,934,638,500,605,523,824","146,3,156,151,21,154,155,155,21,127",270
1760,103,"683,677,811,638,819,710,451,907,727,577","127,156,3,154,3,127,163,219,126,284",600
1298,103,"452,363,312,457,539,815,791,59,248,742","146,128,148,156,148,126,189,164,148,164",430
3549,103,"683,791,539,884,466,363,638,354,383,30","127,189,148,44,42,128,154,202,189,21",633
5694,103,"683,677,811,396,89,451,731,421,312,710","127,156,3,267,42,163,219,195,148,127",606
3791,103,"683,452,466,376,629,563,6,770,638,37","127,146,42,164,148,154,148,129,154,151",639
4216,103,"683,677,749,819,30,474,934,868,453,184","127,156,3,3,21,3,21,36,33,36",553
1837,103,"683,677,811,638,770,30,184,517,259,749","127,156,3,154,129,21,36,155,148,3",499
2380,103,"683,452,791,143,867,363,539,227,815,457","127,146,189,155,155,128,148,219,126,156",535
2786,103,"683,677,572,731,749,210,824,365,495,523","127,156,39,219,3,36,127,42,156,21",691
3513,103,"452,770,184,934,193,563,794,438,474,368","146,129,36,21,21,154,39,3,3,3",523
3166,103,"683,677,749,163,193,474,794,76,453,934","127,156,3,163,21,3,39,36,33,21",472
111,103,"683,677,811,638,770,359,30,474,749,934","127,156,3,154,129,267,21,3,3,21",598
4671,103,"683,677,749,819,30,474,934,868,453,210","127,156,3,3,21,3,21,36,33,36",553
1507,103,"683,452,383,690,331,770,376,791,451,461","127,146,189,219,54,129,164,189,163,155",634
3266,103,"683,452,791,867,363,539,815,533,227,690","127,146,189,155,128,148,126,39,219,219",579
3187,103,"452,184,193,677,596,934,438,794,676,749","146,36,21,156,3,21,3,39,155,3",374
5211,103,"683,677,811,638,819,770,577,451,134,749","127,156,3,154,3,129,284,163,155,3",541
2831,103,"452,770,749,677,638,37,184,596,259,686","146,129,3,156,154,151,36,3,148,36",513
2347,103,"683,677,811,638,794,359,731,710,184,30","127,156,3,154,39,267,219,127,36,21",555
5507,103,"683,677,811,638,819,710,184,577,368,770","127,156,3,154,3,127,36,284,3,129",519
5195,103,"683,677,811,638,770,30,794,934,474,605","127,156,3,154,129,21,39,21,3,155",304
5544,103,"683,677,811,638,770,163,368,577,794,934","127,156,3,154,129,163,3,284,39,21",720
2914,103,"683,452,791,867,199,457,406,636,64,59","127,146,189,155,155,156,127,56,56,164",559
5496,103,"683,452,791,363,376,64,815,539,406,690","127,146,189,128,164,56,126,148,127,219",530
1138,103,"683,452,791,363,539,815,690,227,64,457","127,146,189,128,148,126,219,219,56,156",535
4419,103,"683,677,572,500,749,184,770,30,438,868","127,156,39,155,3,36,129,21,3,36",627
3276,103,"683,677,811,638,770,30,749,934,79,71","127,156,3,154,129,21,3,21,155,156",569
2918,103,"683,677,749,819,731,184,134,359,3,811","127,156,3,3,219,36,155,267,155,3",634
50,103,"683,677,30,731,770,259,934,474,71,76","127,156,21,219,129,148,21,3,156,36",304
1378,103,"683,452,791,143,867,363,539,457,396,690","127,146,189,155,155,128,148,156,267,219",588
1389,103,"683,452,791,209,363,815,539,690,376,674","127,146,189,155,128,126,148,219,164,146",618
4400,103,"683,677,572,731,749,210,824,365,523,396","127,156,39,219,3,36,127,42,21,267",654
565,103,"683,677,811,638,819,184,193,794,934,474","127,156,3,154,3,36,21,39,21,3",640
5627,103,"683,452,791,312,363,884,122,295,64,737","127,146,189,148,128,44,36,127,56,137",669
5456,103,"683,452,791,209,363,815,539,227,457,59","127,146,189,155,128,126,148,219,156,164",611
1362,103,"683,452,791,867,539,363,143,815,533,122","127,146,189,155,148,128,155,126,39,36",574
123,103,"683,677,811,638,819,770,749,30,184,259","127,156,3,154,3,129,3,21,36,148",466
3482,103,"683,452,383,629,770,376,6,363,674,690","127,146,189,148,129,164,148,128,146,219",547
1626,103,"683,770,731,451,749,184,368,638,794,819","127,129,219,163,3,36,3,154,39,3",540
6033,103,"683,452,884,466,927,629,813,383,406,354","127,146,44,42,284,148,154,189,127,202",661
5560,103,"683,452,791,312,363,457,539,742,202,59","127,146,189,148,128,156,148,164,153,164",616
4723,103,"683,452,867,791,690,406,815,539,457,122","127,146,155,189,219,127,126,148,156,36",498
1525,103,"683,452,383,690,539,791,742,64,457,815","127,146,189,219,148,189,164,56,156,126",600
3854,103,"683,677,811,638,819,770,577,794,451,184","127,156,3,154,3,129,284,39,163,36",544
184,103,"683,677,749,163,770,29,368,193,794,676","127,156,3,163,129,156,3,21,39,155",645
1025,103,"683,677,811,396,89,907,451,727,312,710","127,156,3,267,42,219,163,126,148,127",535
2100,103,"452,363,312,396,539,328,295,457,451,791","146,128,148,267,148,39,127,156,163,189",371
2034,103,"452,363,312,396,480,328,6,674,791,794","146,128,148,267,148,39,148,146,189,39",485
1554,103,"683,677,749,819,30,474,934,76,868,770","127,156,3,3,21,3,21,36,36,129",612
3938,103,"683,407,500,605,824,144,927,596,495,572","127,175,155,155,127,169,284,3,156,39",688
481,103,"683,452,383,690,539,813,815,710,406,508","127,146,189,219,148,154,126,127,127,219",463
3315,103,"683,677,749,163,193,474,868,794,453,184","127,156,3,163,21,3,36,39,33,36",541
966,103,"683,452,383,629,770,376,363,690,6,160","127,146,189,148,129,164,128,219,148,39",510
4238,103,"683,452,791,312,539,202,59,396,64,911","127,146,189,148,148,153,164,267,56,154",521
3693,103,"683,452,791,363,539,815,533,376,122,6","127,146,189,128,148,126,39,164,36,148",463
1674,103,"683,452,884,466,383,259,629,331,37,686","127,146,44,42,189,148,148,54,151,36",640
4328,103,"452,770,677,71,30,934,572,210,638,495","146,129,156,156,21,21,39,36,154,156",278
4352,103,"683,452,791,143,363,539,815,457,227,533","127,146,189,155,128,148,126,156,219,39",535
5529,103,"683,677,811,638,770,359,30,474,71,794","127,156,3,154,129,267,21,3,156,39",506
2677,103,"683,407,819,89,396,710,248,451,741,731","127,175,3,42,267,127,148,163,63,219",796
3486,103,"683,677,811,638,770,359,30,934,71,794","127,156,3,154,129,267,21,21,156,39",702
796,103,"683,677,749,184,770,555,438,193,71,495","127,156,3,36,129,33,3,21,156,156",635
2917,103,"683,677,749,184,731,383,37,770,421,438","127,156,3,36,219,189,151,129,195,3",519
2572,103,"683,677,811,638,770,30,934,71,605,495","127,156,3,154,129,21,21,156,155,156",275
4,103,"452,37,677,868,30,934,71,76,555,761","146,151,156,36,21,21,156,36,33,127",226
4277,103,"683,677,811,638,794,30,934,749,71,474","127,156,3,154,39,21,21,3,156,3",563
444,103,"683,677,811,396,731,907,577,184,638,572","127,156,3,267,219,219,284,36,154,39",526
6036,103,"683,677,572,731,749,210,517,76,184,30","127,156,39,219,3,36,155,36,36,21",493
2078,103,"683,677,749,819,731,184,76,770,577,710","127,156,3,3,219,36,36,129,284,127",516
2781,103,"683,452,791,312,363,564,64,539,295,457","127,146,189,148,128,114,56,148,127,156",555
1503,103,"683,677,749,819,30,474,71,868,453,79","127,156,3,3,21,3,156,36,33,155",553
2961,103,"683,677,749,819,731,184,76,417,555,438","127,156,3,3,219,36,36,165,33,3",678
2627,103,"407,144,605,276,824,495,572,800,523,210","175,169,155,155,127,156,39,156,21,36",689
1930,103,"683,677,572,731,500,749,819,184,811,907","127,156,39,219,155,3,3,36,3,219",471
2436,103,"452,184,749,572,500,677,417,555,30,71","146,36,3,39,155,156,165,33,21,156",300
4492,103,"683,677,811,638,770,577,710,184,731,24","127,156,3,154,129,284,127,36,219,156",531
4858,103,"683,677,572,731,749,76,811,646,359,184","127,156,39,219,3,36,3,155,267,36",594
1041,103,"683,677,749,819,30,474,71,79,824,800","127,156,3,3,21,3,156,155,127,156",669
987,103,"683,452,791,312,539,59,202,64,143,742","127,146,189,148,148,164,153,56,155,164",690
432,103,"683,452,383,629,770,376,6,690,563,749","127,146,189,148,129,164,148,219,154,3",507
6147,103,"683,677,811,638,770,359,30,474,749,934","127,156,3,154,129,267,21,3,3,21",576
870,103,"683,452,867,383,770,376,563,6,30,749","127,146,155,189,129,164,154,148,21,3",427
4088,103,"452,363,312,396,690,710,791,539,457,199","146,128,148,267,219,127,189,148,156,155",479
5126,103,"683,452,791,363,539,457,199,312,202,59","127,146,189,128,148,156,155,148,153,164",498
464,103,"683,677,811,638,819,710,184,577,368,770","127,156,3,154,3,127,36,284,3,129",608
4325,103,"683,677,811,396,731,922,451,248,111,911","127,156,3,267,219,154,163,148,155,154",571
2618,103,"683,677,811,396,89,577,638,731,500,588","127,156,3,267,42,284,154,219,155,155",586
4940,103,"683,677,811,638,819,770,37,749,934,474","127,156,3,154,3,129,151,3,21,3",601
1823,103,"683,677,749,819,30,605,210,79,71,495","127,156,3,3,21,155,36,155,156,156",612
1373,103,"452,363,837,717,130,312,65,737,811,396","146,128,63,195,63,148,163,137,3,267",469
2795,103,"683,677,749,819,30,605,770,474,76,868","127,156,3,3,21,155,129,3,36,36",510
5933,103,"683,677,572,749,770,30,184,474,819,868","127,156,39,3,129,21,36,3,3,36",448
1778,103,"683,677,811,638,819,770,577,451,794,710","127,156,3,154,3,129,284,163,39,127",563
4793,103,"683,407,89,248,396,710,577,163,794,749","127,175,42,148,267,127,284,163,39,3",667
2949,103,"683,677,749,184,770,421,819,794,30,474","127,156,3,36,129,195,3,39,21,3",600
1077,103,"683,677,811,731,89,577,823,638,37,907","127,156,3,219,42,284,220,154,151,219",290
3462,103,"683,677,572,749,770,819,934,794,868,331","127,156,39,3,129,3,21,39,36,54",539
2322,103,"683,677,572,749,163,794,770,193,184,451","127,156,39,3,163,39,129,21,36,163",693
199,103,"683,770,638,30,71,800,819,749,934,495","127,129,154,21,156,156,3,3,21,156",604
248,103,"683,452,383,629,770,376,331,563,749,934","127,146,189,148,129,164,54,154,3,21",612
4142,103,"683,677,811,638,819,710,451,178,421,89","127,156,3,154,3,127,163,155,195,42",464
4017,103,"683,452,383,690,376,791,742,363,539,80","127,146,189,219,164,189,164,128,148,155",519
767,103,"683,677,572,749,184,794,770,819,868,30","127,156,39,3,36,39,129,3,36,21",582
4698,103,"683,677,749,819,30,605,76,934,868,71","127,156,3,3,21,155,36,21,36,156",553
35,103,"683,452,791,867,457,312,539,406,59,815","127,146,189,155,156,148,148,127,164,126",620
2148,103,"683,677,749,184,770,421,819,368,794,907","127,156,3,36,129,195,3,3,39,219",520
4875,103,"683,677,572,731,749,210,824,453,474,495","127,156,39,219,3,36,127,33,3,156",423
5579,103,"683,452,791,143,363,457,539,815,406,59","127,146,189,155,128,156,148,126,127,164",585
5580,103,"683,677,811,396,89,577,638,184,823,37","127,156,3,267,42,284,154,36,220,151",608
1109,103,"683,677,811,638,794,30,359,749,934,596","127,156,3,154,39,21,267,3,21,3",555
6018,103,"452,184,193,572,500,495,588,523,276,161","146,36,21,39,155,156,155,21,155,156",312
2923,103,"683,677,811,396,89,907,451,727,312,710","127,156,3,267,42,219,163,126,148,127",669
1172,103,"683,677,749,819,30,474,71,868,453,76","127,156,3,3,21,3,156,36,33,36",506
714,103,"452,855,457,312,637,727,813,376,158,564","146,42,156,148,155,126,154,164,156,114",380
425,103,"683,677,30,731,770,259,517,638,76,474","127,156,21,219,129,148,155,154,36,3",304
5558,103,"683,452,867,791,690,342,80,363,376,457","127,146,155,189,219,163,155,128,164,156",561
3945,103,"683,452,791,143,363,564,64,158,629,122","127,146,189,155,128,114,56,156,148,36",582
730,103,"683,677,749,184,731,359,646,596,438,770","127,156,3,36,219,267,155,3,3,129",572
3475,103,"683,452,791,209,363,539,457,312,202,396","127,146,189,155,128,148,156,148,153,267",547
2062,103,"452,855,533,312,717,451,65,134,248,791","146,42,39,148,195,163,163,155,148,189",380
3456,103,"683,677,749,819,30,474,934,605,210,824","127,156,3,3,21,3,21,155,36,127",545
2726,103,"683,677,749,819,30,474,76,79,71,868","127,156,3,3,21,3,36,155,156,36",546
3852,103,"452,770,749,677,79,71,500,417,638,934","146,129,3,156,155,156,155,165,154,21",531
4540,104,"452,184,193,572,71,677,368,934,638,76","146,36,21,39,156,156,3,21,154,36",251
3507,104,"683,677,811,638,770,30,749,794,184,474","127,156,3,154,129,21,3,39,36,3",531
4932,104,"683,452,791,143,363,457,539,815,406,533","127,146,189,155,128,156,148,126,127,39",471
5784,104,"683,452,867,791,122,199,690,539,383,813","127,146,155,189,36,155,219,148,189,154",490
5424,104,"683,677,811,396,731,451,922,312,184,337","127,156,3,267,219,163,154,148,36,155",535
5481,104,"683,677,749,819,30,605,79,76,163,474","127,156,3,3,21,155,155,36,163,3",553
4511,104,"683,452,791,143,363,884,466,359,354,700","127,146,189,155,128,44,42,267,202,219",612
5430,104,"683,677,749,819,30,474,76,934,71,868","127,156,3,3,21,3,36,21,156,36",546
2873,104,"452,770,749,677,934,605,210,71,417,37","146,129,3,156,21,155,36,156,165,151",477
1235,104,"452,363,700,577,638,359,24,717,731,811","146,128,219,284,154,267,156,195,219,3",494
4355,104,"683,677,749,819,30,474,71,824,210,800","127,156,3,3,21,3,156,127,36,156",586
3184,104,"683,677,811,396,89,577,638,184,731,451","127,156,3,267,42,284,154,36,219,163",535
2179,104,"452,184,193,572,605,495,71,800,417,555","146,36,21,39,155,156,156,156,165,33",352
3210,104,"683,677,749,819,30,605,210,824,71,495","127,156,3,3,21,155,36,127,156,156",544
3735,104,"683,677,30,259,770,934,79,71,495,824","127,156,21,148,129,21,155,156,156,127",289
4486,104,"683,677,811,638,770,30,184,934,749,794","127,156,3,154,129,21,36,21,3,39",519
574,104,"683,677,572,731,500,749,819,30,474,76","127,156,39,219,155,3,3,21,3,36",483
633,104,"683,452,383,629,770,376,363,791,674,199","127,146,189,148,129,164,128,189,146,155",508
1133,104,"452,184,383,451,791,178,742,614,539,911","146,36,189,163,189,155,164,3,148,154",361
5148,104,"683,452,791,312,539,209,64,396,59,825","127,146,189,148,148,155,56,267,164,148",556
64,104,"683,677,811,451,89,184,922,248,37,421","127,156,3,163,42,36,154,148,151,195",494
5501,104,"683,677,572,731,605,749,819,30,79,474","127,156,39,219,155,3,3,21,155,3",463
1584,104,"452,363,312,539,202,59,209,742,457,911","146,128,148,148,153,164,155,164,156,154",413
729,104,"452,248,457,312,376,791,122,533,178,742","146,148,156,148,164,189,36,39,155,164",346
3759,104,"683,677,572,731,605,588,824,495,365,210","127,156,39,219,155,155,127,156,42,36",437
3009,104,"452,770,749,638,37,596,677,259,184,193","146,129,3,154,151,3,156,148,36,21",516
4554,104,"683,677,749,819,30,474,76,934,453,210","127,156,3,3,21,3,36,21,33,36",569
2626,104,"683,677,811,396,89,577,638,731,290,605","127,156,3,267,42,284,154,219,3,155",628
2261,104,"683,452,791,363,539,815,457,122,199,312","127,146,189,128,148,126,156,36,155,148",641
3610,104,"683,770,731,451,749,184,421,359,163,231","127,129,219,163,3,36,195,267,163,128",600
5528,104,"683,677,749,819,731,517,184,76,417,934","127,156,3,3,219,155,36,36,165,21",553
5711,104,"683,677,749,819,731,811,163,76,605,453","127,156,3,3,219,3,163,36,155,33",553
2930,104,"452,770,184,934,376,676,193,572,563,794","146,129,36,21,164,155,21,39,154,39",293
145,104,"683,677,572,605,184,749,770,76,30,934","127,156,39,155,36,3,129,36,21,21",500
5860,104,"452,248,312,539,202,59,836,791,65,614","146,148,148,148,153,164,39,189,163,3",354
5493,104,"683,677,811,638,770,30,749,934,794,474","127,156,3,154,129,21,3,21,39,3",544
1509,104,"683,407,588,144,37,596,572,749,934,359","127,175,155,169,151,3,39,3,21,267",594
3202,104,"683,867,791,312,539,199,741,64,349,202","127,155,189,148,148,155,63,56,127,153",669
541,104,"683,452,383,629,770,376,6,363,690,122","127,146,189,148,129,164,148,128,219,36",528
1595,104,"452,770,577,710,331,184,193,438,259,676","146,129,284,127,54,36,21,3,148,155",500
4837,104,"683,452,383,690,539,143,791,406,815,457","127,146,189,219,148,155,189,127,126,156",464
5610,104,"683,452,884,466,927,383,508,417,37,184","127,146,44,42,284,189,219,165,151,36",653
66,104,"683,452,884,690,122,867,791,629,674,376","127,146,44,219,36,155,189,148,146,164",653
4215,104,"683,677,572,749,184,794,770,934,453,368","127,156,39,3,36,39,129,21,33,3",415
5436,104,"683,452,867,791,690,342,383,629,376,674","127,146,155,189,219,163,189,148,164,146",547
2737,104,"683,452,383,629,770,376,363,690,674,199","127,146,189,148,129,164,128,219,146,155",535
573,104,"452,770,184,451,927,461,638,637,24,710","146,129,36,163,284,155,154,155,156,127",547
1670,104,"683,677,749,163,770,29,368,193,794,474","127,156,3,163,129,156,3,21,39,3",644
5744,104,"683,677,749,819,731,184,76,417,555,30","127,156,3,3,219,36,36,165,33,21",586
1223,104,"452,184,193,677,749,794,738,638,417,868","146,36,21,156,3,39,155,154,165,36",400
2837,104,"683,677,572,731,749,210,824,365,495,76","127,156,39,219,3,36,127,42,156,36",538
5167,104,"683,677,811,396,731,922,312,451,577,710","127,156,3,267,219,154,148,163,284,127",557
1374,104,"683,677,749,819,30,474,71,824,934,417","127,156,3,3,21,3,156,127,21,165",553
2938,104,"683,677,811,396,731,922,451,248,911,312","127,156,3,267,219,154,163,148,154,148",535
4883,104,"683,677,572,731,749,76,811,184,30,638","127,156,39,219,3,36,3,36,21,154",531
1715,104,"452,770,677,79,30,71,605,638,794,184","146,129,156,155,21,156,155,154,39,36",378
1563,104,"683,677,749,819,30,474,71,79,500,824","127,156,3,3,21,3,156,155,155,127",519
3981,104,"683,452,383,690,539,791,742,64,457,815","127,146,189,219,148,189,164,56,156,126",520
1993,104,"683,452,791,312,363,457,539,396,815,911","127,146,189,148,128,156,148,267,126,154",540
4228,104,"683,677,572,731,749,210,824,365,495,76","127,156,39,219,3,36,127,42,156,36",549
3557,104,"683,677,811,638,770,577,794,134,934,30","127,156,3,154,129,284,39,155,21,21",304
449,104,"683,677,572,731,500,749,184,811,421,76","127,156,39,219,155,3,36,3,195,36",541
944,104,"452,770,749,677,934,71,417,761,210,824","146,129,3,156,21,156,165,127,36,127",447
3243,104,"683,677,811,638,794,30,934,749,76,474","127,156,3,154,39,21,21,3,36,3",553
889,104,"683,677,811,396,89,577,638,184,823,37","127,156,3,267,42,284,154,36,220,151",519
3540,104,"683,677,811,638,819,770,577,451,134,749","127,156,3,154,3,129,284,163,155,3",553
4748,104,"452,770,749,677,79,71,417,210,824,495","146,129,3,156,155,156,165,36,127,156",521
3532,104,"683,677,749,184,770,421,819,368,794,934","127,156,3,36,129,195,3,3,39,21",528
1764,104,"683,677,811,638,819,710,451,577,184,770","127,156,3,154,3,127,163,284,36,129",541
1614,104,"683,677,749,819,30,474,934,868,453,210","127,156,3,3,21,3,21,36,33,36",571
5452,104,"683,677,811,638,819,710,134,577,184,451","127,156,3,154,3,127,155,284,36,163",519
5139,104,"683,677,811,638,770,30,749,934,71,76","127,156,3,154,129,21,3,21,156,36",472
2840,104,"452,184,193,934,749,417,677,638,342,76","146,36,21,21,3,165,156,154,163,36",355
2905,104,"683,677,811,396,89,451,3,731,710,577","127,156,3,267,42,163,155,219,127,284",628
1294,104,"683,677,572,731,500,749,819,30,474,934","127,156,39,219,155,3,3,21,3,21",570
2101,104,"683,452,791,143,363,376,867,295,64,122","127,146,189,155,128,164,155,127,56,36",574
5250,104,"452,199,248,312,202,59,539,742,911,825","146,155,148,148,153,164,148,164,154,148",338
2710,104,"683,452,791,312,539,209,202,396,457,59","127,146,189,148,148,155,153,267,156,164",520
3446,104,"683,677,811,638,770,30,749,794,474,184","127,156,3,154,129,21,3,39,3,36",519
1057,104,"683,452,867,383,813,199,376,770,564,363","127,146,155,189,154,155,164,129,114,128",543
185,104,"683,791,466,539,406,199,457,64,122,533","127,189,42,148,127,155,156,56,36,39",720
622,104,"683,452,791,312,363,867,457,539,80,742","127,146,189,148,128,155,156,148,155,164",535
2367,104,"452,363,791,312,65,3,614,50,811,485","146,128,189,148,163,155,3,154,3,189",398
5110,104,"452,855,457,312,637,376,815,199,791,6","146,42,156,148,155,164,126,155,189,148",349
5210,104,"683,677,749,184,770,421,819,794,474,555","127,156,3,36,129,195,3,39,3,33",523
2654,104,"683,452,791,209,363,815,539,867,227,457","127,146,189,155,128,126,148,155,219,156",541
5074,104,"683,677,749,819,30,605,76,934,868,71","127,156,3,3,21,155,36,21,36,156",553
4457,104,"683,677,811,396,731,922,312,741,248,451","127,156,3,267,219,154,148,63,148,163",690
1462,104,"683,677,749,819,30,474,934,76,868,770","127,156,3,3,21,3,21,36,36,129",554
1213,104,"683,677,572,749,819,934,474,605,868,453","127,156,39,3,3,21,3,155,36,33",644
1506,104,"466,638,819,770,368,363,376,421,749,596","42,154,3,129,3,128,164,195,3,3",388
1010,104,"452,749,677,37,934,638,605,523,161,824","146,3,156,151,21,154,155,21,156,127",270
1760,104,"683,677,811,638,819,710,451,907,727,577","127,156,3,154,3,127,163,219,126,284",600
1298,104,"452,363,312,457,199,248,328,539,742,815","146,128,148,156,155,148,39,148,164,126",430
3549,104,"683,791,539,884,466,363,637,354,638,813","127,189,148,44,42,128,155,202,154,154",633
5694,104,"683,677,811,396,89,451,3,731,134,312","127,156,3,267,42,163,155,219,155,148",606
3791,104,"683,452,466,376,629,563,6,770,638,37","127,146,42,164,148,154,148,129,154,151",639
4216,104,"683,677,749,819,30,474,934,868,453,184","127,156,3,3,21,3,21,36,33,36",553
1837,104,"683,677,811,638,770,30,184,259,749,596","127,156,3,154,129,21,36,148,3,3",499
2380,104,"683,452,791,143,363,539,815,457,227,59","127,146,189,155,128,148,126,156,219,164",535
2786,104,"683,677,572,731,749,588,210,824,365,495","127,156,39,219,3,155,36,127,42,156",691
3513,104,"452,770,184,934,193,563,794,438,474,368","146,129,36,21,21,154,39,3,3,3",523
3166,104,"683,677,749,163,193,474,794,76,453,934","127,156,3,163,21,3,39,36,33,21",472
111,104,"683,677,811,638,770,359,30,474,749,605","127,156,3,154,129,267,21,3,3,155",598
4671,104,"683,677,749,819,30,474,934,605,76,868","127,156,3,3,21,3,21,155,36,36",553
1507,104,"683,452,867,383,813,770,376,199,690,451","127,146,155,189,154,129,164,155,219,163",634
3266,104,"683,452,791,363,539,815,690,227,64,457","127,146,189,128,148,126,219,219,56,156",579
3187,104,"452,184,193,677,596,934,438,794,676,749","146,36,21,156,3,21,3,39,155,3",374
5211,104,"683,677,811,638,819,770,577,451,794,749","127,156,3,154,3,129,284,163,39,3",541
2831,104,"452,770,749,677,638,37,184,596,259,686","146,129,3,156,154,151,36,3,148,36",513
2347,104,"683,677,811,638,794,359,731,710,184,30","127,156,3,154,39,267,219,127,36,21",555
5507,104,"683,677,811,638,819,710,184,577,368,770","127,156,3,154,3,127,36,284,3,129",519
5195,104,"683,677,811,638,770,30,794,934,474,71","127,156,3,154,129,21,39,21,3,156",304
5544,104,"683,677,811,638,770,163,368,577,794,934","127,156,3,154,129,163,3,284,39,21",720
2914,104,"683,452,791,209,363,815,539,867,457,199","127,146,189,155,128,126,148,155,156,155",559
5496,104,"683,452,791,363,376,64,815,539,406,690","127,146,189,128,164,56,126,148,127,219",530
1138,104,"683,452,791,209,363,815,539,690,227,867","127,146,189,155,128,126,148,219,219,155",535
4419,104,"683,677,572,500,749,184,770,30,438,868","127,156,39,155,3,36,129,21,3,36",627
3276,104,"683,677,811,638,770,30,749,934,71,76","127,156,3,154,129,21,3,21,156,36",569
2918,104,"683,677,749,819,731,184,3,811,248,37","127,156,3,3,219,36,155,3,148,151",634
50,104,"683,677,30,731,770,259,934,474,71,76","127,156,21,219,129,148,21,3,156,36",304
1378,104,"683,452,791,363,539,457,396,406,690,312","127,146,189,128,148,156,267,127,219,148",588
1389,104,"683,452,791,209,363,815,539,690,376,674","127,146,189,155,128,126,148,219,164,146",618
4400,104,"683,677,572,731,605,749,819,30,76,500","127,156,39,219,155,3,3,21,36,155",654
565,104,"683,677,811,638,819,184,193,794,934,474","127,156,3,154,3,36,21,39,21,3",640
5627,104,"683,452,791,312,363,884,122,295,64,209","127,146,189,148,128,44,36,127,56,155",669
5456,104,"683,452,791,867,363,539,815,80,227,457","127,146,189,155,128,148,126,155,219,156",611
1362,104,"683,452,791,867,539,363,209,457,295,713","127,146,189,155,148,128,155,156,127,58",574
123,104,"683,677,811,638,819,770,749,30,184,259","127,156,3,154,3,129,3,21,36,148",466
3482,104,"683,452,383,629,770,376,6,363,674,690","127,146,189,148,129,164,148,128,146,219",547
1626,104,"683,770,731,134,451,819,710,184,794,577","127,129,219,155,163,3,127,36,39,284",540
6033,104,"683,452,884,466,867,406,432,383,690,813","127,146,44,42,155,127,44,189,219,154",661
5560,104,"683,452,791,312,363,457,143,539,209,396","127,146,189,148,128,156,155,148,155,267",616
4723,104,"683,452,383,629,770,376,6,690,190,122","127,146,189,148,129,164,148,219,163,164,36",498
1525,104,"683,452,383,690,539,143,791,199,64,742","127,146,189,219,148,155,189,155,56,164",600
3854,104,"683,677,811,638,819,770,577,794,451,184","127,156,3,154,3,129,284,39,163,36",544
184,104,"683,677,749,163,770,29,368,193,794,638","127,156,3,163,129,156,3,21,39,154",645
1025,104,"683,677,811,396,89,907,451,727,312,710","127,156,3,267,42,219,163,126,148,127",535
2100,104,"452,363,312,396,539,328,295,457,451,791","146,128,148,267,148,39,127,156,163,189",371
2034,104,"452,363,312,396,480,328,6,674,791,794","146,128,148,267,148,39,148,146,189,39",485
1554,104,"683,677,749,819,30,474,934,76,605,417","127,156,3,3,21,3,21,36,155,165",612
3938,104,"683,407,500,495,144,927,596,572,770,638","127,175,155,156,169,284,3,39,129,154",688
481,104,"683,452,383,690,539,813,815,710,406,508","127,146,189,219,148,154,126,127,127,219",463
3315,104,"683,677,749,163,193,474,868,794,453,184","127,156,3,163,21,3,36,39,33,36",541
966,104,"683,452,383,629,770,376,363,690,6,160","127,146,189,148,129,164,128,219,148,39",510
4238,104,"683,452,791,312,867,539,202,59,64,742","127,146,189,148,155,148,153,164,56,164",521
3693,104,"683,452,791,363,539,815,533,376,122,6","127,146,189,128,148,126,39,164,36,148",463
1674,104,"683,452,884,466,383,259,461,199,629,686","127,146,44,42,189,148,155,155,148,36",640
4328,104,"452,770,677,71,605,638,934,761,474,572","146,129,156,156,155,154,21,127,3,39",278
4352,104,"683,452,791,143,867,457,312,539,122,406","127,146,189,155,155,156,148,148,36,127",535
5529,104,"683,677,811,638,770,359,30,474,71,794","127,156,3,154,129,267,21,3,156,39",506
2677,104,"683,407,819,89,396,710,248,451,741,731","127,175,3,42,267,127,148,163,63,219",796
3486,104,"683,677,811,638,770,359,30,605,71,794","127,156,3,154,129,267,21,155,156,39",702
796,104,"683,677,749,184,770,555,438,193,71,495","127,156,3,36,129,33,3,21,156,156",635
2917,104,"683,677,749,184,731,383,37,770,421,438","127,156,3,36,219,189,151,129,195,3",519
2572,104,"683,677,811,638,770,30,934,71,79,474","127,156,3,154,129,21,21,156,155,3",275
4,104,"452,37,677,868,30,934,71,76,555,761","146,151,156,36,21,21,156,36,33,127",226
4277,104,"683,677,811,638,794,30,605,934,749,184","127,156,3,154,39,21,155,21,3,36",563
444,104,"683,677,811,396,731,907,577,184,638,605","127,156,3,267,219,219,284,36,154,155",526
6036,104,"683,677,572,731,749,210,76,37,184,30","127,156,39,219,3,36,36,151,36,21",493
2078,104,"683,677,749,819,731,517,3,134,577,710","127,156,3,3,219,155,155,155,284,127",516
2781,104,"683,452,791,312,363,564,199,295,64,539","127,146,189,148,128,114,155,127,56,148",555
1503,104,"683,677,749,819,30,474,71,868,453,824","127,156,3,3,21,3,156,36,33,127",553
2961,104,"683,677,749,819,731,184,76,417,555,438","127,156,3,3,219,36,36,165,33,3",678
2627,104,"407,144,276,927,596,495,572,824,800,523","175,169,155,284,3,156,39,127,156,21",689
1930,104,"683,677,572,731,605,749,819,517,500,184","127,156,39,219,155,3,3,155,155,36",471
2436,104,"452,184,749,572,605,677,417,79,438,555","146,36,3,39,155,156,165,155,3,33",300
4492,104,"683,677,811,638,770,577,710,184,731,24","127,156,3,154,129,284,127,36,219,156",531
4858,104,"683,677,572,731,749,76,811,184,421,359","127,156,39,219,3,36,3,36,195,267",594
1041,104,"683,677,749,819,30,605,210,500,824,588","127,156,3,3,21,155,36,155,127,155",669
987,104,"683,452,791,312,867,209,202,539,199,64","127,146,189,148,155,155,153,148,155,56",690
432,104,"683,452,383,629,770,376,6,690,563,749","127,146,189,148,129,164,148,219,154,3",507
6147,104,"683,677,811,638,770,359,30,474,749,934","127,156,3,154,129,267,21,3,3,21",576
870,104,"683,452,383,770,376,363,392,6,30,79","127,146,189,129,164,128,39,148,21,155",427
4088,104,"452,363,312,396,690,710,791,539,457,742","146,128,148,267,219,127,189,148,156,164",479
5126,104,"683,452,791,209,867,457,406,312,539,202","127,146,189,155,155,156,127,148,148,153",498
464,104,"683,677,811,638,819,710,184,577,368,770","127,156,3,154,3,127,36,284,3,129",608
4325,104,"683,677,811,396,731,922,451,248,111,911","127,156,3,267,219,154,163,148,155,154",571
2618,104,"683,677,811,396,89,577,638,731,290,76","127,156,3,267,42,284,154,219,3,36",586
4940,104,"683,677,811,638,819,770,37,749,934,474","127,156,3,154,3,129,151,3,21,3",601
1823,104,"683,677,749,819,30,474,71,79,500,824","127,156,3,3,21,3,156,155,155,127",612
1373,104,"452,363,837,717,130,3,461,646,638,295","146,128,63,195,63,155,155,155,154,127",469
2795,104,"683,677,749,819,30,474,71,868,453,824","127,156,3,3,21,3,156,36,33,127",510
5933,104,"683,677,572,749,770,30,184,474,819,868","127,156,39,3,129,21,36,3,3,36",448
1778,104,"683,677,811,638,819,770,577,451,134,749","127,156,3,154,3,129,284,163,155,3",563
4793,104,"683,407,89,248,396,710,577,163,794,749","127,175,42,148,267,127,284,163,39,3",667
2949,104,"683,677,749,184,770,421,819,794,30,474","127,156,3,36,129,195,3,39,21,3",600
1077,104,"683,677,811,731,89,577,823,638,37,907","127,156,3,219,42,284,220,154,151,219",290
3462,104,"683,677,572,749,770,819,934,794,868,331","127,156,39,3,129,3,21,39,36,54",539
2322,104,"683,677,572,749,163,794,770,676,193,184","127,156,39,3,163,39,129,155,21,36",693
199,104,"683,770,638,30,605,749,184,794,71,934","127,129,154,21,155,3,36,39,156,21",604
248,104,"683,452,383,629,770,376,331,563,749,934","127,146,189,148,129,164,54,154,3,21",612
4142,104,"683,677,811,638,819,710,451,421,791,727","127,156,3,154,3,127,163,195,189,126",464
4017,104,"683,452,867,383,813,376,539,791,690,143","127,146,155,189,154,164,148,189,219,155",519
767,104,"683,677,572,749,184,794,770,676,819,438","127,156,39,3,36,39,129,155,3,3",582
4698,104,"683,677,749,819,30,474,71,868,453,79","127,156,3,3,21,3,156,36,33,155",553
35,104,"683,452,791,867,457,312,539,406,59,815","127,146,189,155,156,148,148,127,164,126",620
2148,104,"683,677,749,184,770,421,819,368,794,907","127,156,3,36,129,195,3,3,39,219",520
4875,104,"683,677,572,731,500,749,819,30,474,934","127,156,39,219,155,3,3,21,3,21",423
5579,104,"683,452,791,363,539,815,80,457,396,312","127,146,189,128,148,126,155,156,267,148",585
5580,104,"683,677,811,396,89,577,638,184,823,37","127,156,3,267,42,284,154,36,220,151",608
1109,104,"683,677,811,638,794,30,359,749,934,596","127,156,3,154,39,21,267,3,21,3",555
6018,104,"452,184,193,572,71,638,342,495,588,523","146,36,21,39,156,154,163,156,155,21",312
2923,104,"683,677,811,396,89,907,451,727,312,710","127,156,3,267,42,219,163,126,148,127",669
1172,104,"683,677,749,819,30,474,71,868,453,76","127,156,3,3,21,3,156,36,33,36",506
714,104,"452,855,457,312,376,6,342,791,676,480","146,42,156,148,164,148,163,189,155,148",380
425,104,"683,677,30,731,770,259,517,638,76,474","127,156,21,219,129,148,155,154,36,3",304
5558,104,"683,452,867,791,690,143,629,209,349,406","127,146,155,189,219,155,148,155,127,127",561
3945,104,"683,452,791,363,564,64,629,158,690,122","127,146,189,128,114,56,148,156,219,36",582
730,104,"683,677,749,184,731,359,646,596,438,770","127,156,3,36,219,267,155,3,3,129",572
3475,104,"683,452,791,143,867,457,312,539,202,64","127,146,189,155,155,156,148,148,153,56",547
2062,104,"452,855,637,564,727,312,791,533,451,717","146,42,155,114,126,148,189,39,163,195",380
3456,104,"683,677,749,819,30,474,934,868,210,824","127,156,3,3,21,3,21,36,36,127",545
2726,104,"683,677,749,819,30,605,210,71,868,37","127,156,3,3,21,155,36,156,36,151",546
3852,104,"452,770,749,677,934,30,596,417,259,438","146,129,3,156,21,21,3,165,148,3",531
4540,105,"452,184,193,572,71,677,368,934,638,76","146,36,21,39,156,156,3,21,154,36",251
3507,105,"683,677,811,638,770,30,749,794,184,474","127,156,3,154,129,21,3,39,36,3",531
4932,105,"683,452,791,363,539,815,457,406,533,59","127,146,189,128,148,126,156,127,39,164",471
5784,105,"683,452,383,690,539,813,815,122,710,791","127,146,189,219,148,154,126,36,127,189",490
5424,105,"683,677,811,396,731,451,922,312,184,134","127,156,3,267,219,163,154,148,36,155",535
5481,105,"683,677,749,819,30,605,76,934,868,438","127,156,3,3,21,155,36,21,36,3",553
4511,105,"683,452,791,363,884,466,359,700,354,517","127,146,189,128,44,42,267,219,202,155",612
5430,105,"683,677,749,819,30,474,76,934,500,770","127,156,3,3,21,3,36,21,155,129",546
2873,105,"452,770,749,677,934,605,500,71,37,417","146,129,3,156,21,155,155,156,151,165",477
1235,105,"452,363,700,637,517,30,638,359,934,342","146,128,219,155,155,21,154,267,21,163",494
4355,105,"683,677,749,819,30,474,71,500,868,934","127,156,3,3,21,3,156,155,36,21",586
3184,105,"683,677,811,396,89,577,638,184,731,451","127,156,3,267,42,284,154,36,219,163",535
2179,105,"452,184,193,572,605,495,71,800,417,555","146,36,21,39,155,156,156,156,165,33",352
3210,105,"683,677,749,819,30,605,210,824,71,495","127,156,3,3,21,155,36,127,156,156",544
3735,105,"683,677,30,259,770,934,79,71,495,500","127,156,21,148,129,21,155,156,156,155",289
4486,105,"683,677,811,638,770,30,184,934,749,794","127,156,3,154,129,21,36,21,3,39",519
574,105,"683,677,572,731,749,210,824,453,811,438","127,156,39,219,3,36,127,33,3,3",483
633,105,"683,452,383,629,770,376,363,791,674,80","127,146,189,148,129,164,128,189,146,155",508
1133,105,"452,184,383,451,791,199,539,742,614,72","146,36,189,163,189,155,148,164,3,146",361
5148,105,"683,452,791,312,539,199,59,64,143,457","127,146,189,148,148,155,164,56,155,156",556
64,105,"683,677,811,451,89,184,922,248,37,421","127,156,3,163,42,36,154,148,151,195",494
5501,105,"683,677,572,731,749,588,71,76,824,30","127,156,39,219,3,155,156,36,127,21",463
1584,105,"452,363,312,539,202,59,457,742,911,349","146,128,148,148,153,164,156,164,154,127",413
729,105,"452,248,457,312,376,791,122,533,742,480","146,148,156,148,164,189,36,39,164,148",346
3759,105,"683,677,572,731,749,210,824,365,495,523","127,156,39,219,3,36,127,42,156,21",437
3009,105,"452,770,749,638,37,596,677,259,184,193","146,129,3,154,151,3,156,148,36,21",516
4554,105,"683,677,749,819,30,474,76,934,453,210","127,156,3,3,21,3,36,21,33,36",569
2626,105,"683,677,811,396,89,577,638,731,290,605","127,156,3,267,42,284,154,219,3,155",628
2261,105,"683,452,791,209,363,815,539,457,122,59","127,146,189,155,128,126,148,156,36,164",641
3610,105,"683,770,731,451,749,184,421,359,163,3","127,129,219,163,3,36,195,267,163,155",600
5528,105,"683,677,749,819,731,517,184,76,417,934","127,156,3,3,219,155,36,36,165,21",553
5711,105,"683,677,749,819,731,811,163,76,474,453","127,156,3,3,219,3,163,36,3,33",553
2930,105,"452,770,184,934,376,794,564,421,193,677","146,129,36,21,164,39,114,195,21,156",293
145,105,"683,677,572,500,605,800,811,421,710,438","127,156,39,155,155,156,3,195,127,3",500
5860,105,"452,248,637,312,539,202,59,836,791,65","146,148,155,148,148,153,164,39,189,163",354
5493,105,"683,677,811,638,770,30,749,605,76,934","127,156,3,154,129,21,3,155,36,21",544
1509,105,"683,407,500,276,824,144,596,572,749,934","127,175,155,155,127,169,3,39,3,21",594
3202,105,"683,791,539,64,312,741,713,349,742,629","127,189,148,56,148,63,58,127,164,148",669
541,105,"683,452,383,629,770,376,6,363,690,122","127,146,189,148,129,164,148,128,219,36",528
1595,105,"452,770,577,710,331,184,193,438,259,451","146,129,284,127,54,36,21,3,148,163",500
4837,105,"683,452,383,690,539,791,815,406,457,64","127,146,189,219,148,189,126,127,156,56",464
5610,105,"683,452,884,466,927,383,508,417,37,184","127,146,44,42,284,189,219,165,151,36",653
66,105,"683,452,884,690,122,581,376,227,791,629","127,146,44,219,36,146,164,219,189,148",653
4215,105,"683,677,572,749,184,794,770,934,453,368","127,156,39,3,36,39,129,21,33,3",415
5436,105,"683,452,383,629,199,376,770,690,674,6","127,146,189,148,155,164,129,219,146,148",547
2737,105,"683,452,383,629,770,376,363,690,674,6","127,146,189,148,129,164,128,219,146,148",535
573,105,"452,770,184,451,927,710,638,438,794,76","146,129,36,163,284,127,154,3,39,36",547
1670,105,"683,677,749,163,770,29,368,193,794,474","127,156,3,163,129,156,3,21,39,3",644
5744,105,"683,677,749,819,731,184,76,417,555,79","127,156,3,3,219,36,36,165,33,155",586
1223,105,"452,184,193,677,749,794,30,596,417,474","146,36,21,156,3,39,21,3,165,3",400
2837,105,"683,677,572,731,605,749,819,30,76,71","127,156,39,219,155,3,3,21,36,156",538
5167,105,"683,677,811,396,731,922,312,451,577,710","127,156,3,267,219,154,148,163,284,127",557
1374,105,"683,677,749,819,30,474,71,824,934,417","127,156,3,3,21,3,156,127,21,165",553
2938,105,"683,677,811,396,731,922,451,248,111,911","127,156,3,267,219,154,163,148,155,154",535
4883,105,"683,677,572,731,605,749,421,184,30,638","127,156,39,219,155,3,195,36,21,154",531
1715,105,"452,770,677,79,30,71,934,761,474,868","146,129,156,155,21,156,21,127,3,36",378
1563,105,"683,677,749,819,30,605,210,824,71,588","127,156,3,3,21,155,36,127,156,155",519
3981,105,"683,452,383,690,539,791,742,64,457,815","127,146,189,219,148,189,164,56,156,126",520
1993,105,"683,452,791,312,363,199,143,539,457,80","127,146,189,148,128,155,155,148,156,155",540
4228,105,"683,677,572,731,749,588,71,76,824,210","127,156,39,219,3,155,156,36,127,36",549
3557,105,"683,677,811,638,770,577,794,710,76,717","127,156,3,154,129,284,39,127,36,195",304
449,105,"683,677,572,731,500,749,184,134,811,421","127,156,39,219,155,3,36,155,3,195",541
944,105,"452,770,749,677,79,605,210,824,495,365","146,129,3,156,155,155,36,127,156,42",447
3243,105,"683,677,811,638,794,30,934,749,500,342","127,156,3,154,39,21,21,3,155,163",553
889,105,"683,677,811,396,89,577,638,184,823,37","127,156,3,267,42,284,154,36,220,151",519
3540,105,"683,677,811,638,819,770,577,451,794,710","127,156,3,154,3,129,284,163,39,127",553
4748,105,"452,770,749,677,934,71,417,761,210,824","146,129,3,156,21,156,165,127,36,127",521
3532,105,"683,677,749,184,770,421,819,368,794,934","127,156,3,36,129,195,3,3,39,21",528
1764,105,"683,677,811,638,819,710,451,577,184,770","127,156,3,154,3,127,163,284,36,129",541
1614,105,"683,677,749,819,30,474,934,868,453,210","127,156,3,3,21,3,21,36,33,36",571
5452,105,"683,677,811,638,819,710,184,451,577,76","127,156,3,154,3,127,36,163,284,36",519
5139,105,"683,677,811,638,770,30,749,934,71,76","127,156,3,154,129,21,3,21,156,36",472
2840,105,"452,184,193,934,79,749,677,794,563,638","146,36,21,21,155,3,156,39,154,154",355
2905,105,"683,677,811,396,89,451,731,248,184,312","127,156,3,267,42,163,219,148,36,148",628
1294,105,"683,677,572,731,605,749,819,30,76,417","127,156,39,219,155,3,3,21,36,165",570
2101,105,"683,452,791,363,376,64,354,815,539,227","127,146,189,128,164,56,202,126,148,219",574
5250,105,"452,199,248,312,202,59,539,742,911,825","146,155,148,148,153,164,148,164,154,148",338
2710,105,"683,452,791,312,539,202,64,396,457,59","127,146,189,148,148,153,56,267,156,164",520
3446,105,"683,677,811,638,770,30,749,794,474,184","127,156,3,154,129,21,3,39,3,36",519
1057,105,"683,452,383,690,376,629,770,577,794,564","127,146,189,219,164,148,129,284,39,114",543
185,105,"683,791,466,539,406,209,457,443,629,143","127,189,42,148,127,155,156,176,148,155",720
622,105,"683,452,791,312,363,199,143,539,815,80","127,146,189,148,128,155,155,148,126,155",535
2367,105,"452,363,791,312,65,614,742,50,202,811","146,128,189,148,163,3,164,154,153,3",398
5110,105,"452,855,457,312,376,791,6,727,813,65","146,42,156,148,164,189,148,126,154,163",349
5210,105,"683,677,749,184,770,676,934,819,794,474","127,156,3,36,129,155,21,3,39,3",523
2654,105,"683,452,791,143,363,457,539,227,815,59","127,146,189,155,128,156,148,219,126,164",541
5074,105,"683,677,749,819,30,474,71,868,453,79","127,156,3,3,21,3,156,36,33,155",553
4457,105,"683,677,811,396,731,922,312,741,248,451","127,156,3,267,219,154,148,63,148,163",690
1462,105,"683,677,749,819,30,474,934,76,868,770","127,156,3,3,21,3,21,36,36,129",554
1213,105,"683,677,572,749,819,934,474,868,30,76","127,156,39,3,3,21,3,36,21,36",644
1506,105,"466,638,819,770,368,363,376,421,749,596","42,154,3,129,3,128,164,195,3,3",388
1010,105,"452,749,677,37,934,638,572,588,523,79","146,3,156,151,21,154,39,155,21,155",270
1760,105,"683,677,811,638,819,710,451,907,727,461","127,156,3,154,3,127,163,219,126,155",600
1298,105,"452,363,312,457,199,248,328,539,742,815","146,128,148,156,155,148,39,148,164,126",430
3549,105,"683,791,539,884,466,363,637,461,638,354","127,189,148,44,42,128,155,155,154,202",633
5694,105,"683,677,811,396,89,451,3,731,37,248","127,156,3,267,42,163,155,219,151,148",606
3791,105,"683,452,466,376,629,563,6,770,638,37","127,146,42,164,148,154,148,129,154,151",639
4216,105,"683,677,749,819,30,474,934,605,210,824","127,156,3,3,21,3,21,155,36,127",553
1837,105,"683,677,811,638,770,30,184,134,710,76","127,156,3,154,129,21,36,155,127,36",499
2380,105,"683,452,791,867,363,539,815,457,227,122","127,146,189,155,128,148,126,156,219,36",535
2786,105,"683,677,572,731,605,500,824,495,365,523","127,156,39,219,155,155,127,156,42,21",691
3513,105,"452,770,184,934,193,563,794,438,474,368","146,129,36,21,21,154,39,3,3,3",523
3166,105,"683,677,749,163,193,474,794,76,453,934","127,156,3,163,21,3,39,36,33,21",472
111,105,"683,677,811,638,770,359,30,474,749,934","127,156,3,154,129,267,21,3,3,21",598
4671,105,"683,677,749,819,30,474,934,868,453,210","127,156,3,3,21,3,21,36,33,36",553
1507,105,"683,452,383,690,331,770,376,791,451,295","127,146,189,219,54,129,164,189,163,127",634
3266,105,"683,452,791,143,867,363,539,227,815,80","127,146,189,155,155,128,148,219,126,155",579
3187,105,"452,184,193,677,596,934,438,794,676,749","146,36,21,156,3,21,3,39,155,3",374
5211,105,"683,677,811,638,819,770,577,451,794,749","127,156,3,154,3,129,284,163,39,3",541
2831,105,"452,770,749,677,638,37,184,596,259,686","146,129,3,156,154,151,36,3,148,36",513
2347,105,"683,677,811,638,794,359,731,710,184,30","127,156,3,154,39,267,219,127,36,21",555
5507,105,"683,677,811,638,819,710,184,577,368,770","127,156,3,154,3,127,36,284,3,129",519
5195,105,"683,677,811,638,770,30,794,934,474,605","127,156,3,154,129,21,39,21,3,155",304
5544,105,"683,677,811,638,770,163,368,577,794,934","127,156,3,154,129,163,3,284,39,21",720
2914,105,"683,452,791,209,363,815,539,457,199,396","127,146,189,155,128,126,148,156,155,267",559
5496,105,"683,452,791,209,363,64,539,629,815,533","127,146,189,155,128,56,148,148,126,39",530
1138,105,"683,452,791,363,539,815,690,227,64,457","127,146,189,128,148,126,219,219,56,156",535
4419,105,"683,677,572,71,749,811,359,184,770,474","127,156,39,156,3,3,267,36,129,3",627
3276,105,"683,677,811,638,770,30,749,934,71,76","127,156,3,154,129,21,3,21,156,36",569
2918,105,"683,677,749,819,731,184,3,811,248,37","127,156,3,3,219,36,155,3,148,151",634
50,105,"683,677,30,731,770,259,934,474,71,76","127,156,21,219,129,148,21,3,156,36",304
1378,105,"683,452,791,143,209,199,312,202,539,396","127,146,189,155,155,155,148,153,148,267",588
1389,105,"683,452,791,143,363,457,539,227,815,376","127,146,189,155,128,156,148,219,126,164",618
4400,105,"683,677,572,731,749,588,210,824,365,862","127,156,39,219,3,155,36,127,42,195",654
565,105,"683,677,811,638,819,184,193,794,934,474","127,156,3,154,3,36,21,39,21,3",640
5627,105,"683,452,791,312,363,884,122,295,64,209","127,146,189,148,128,44,36,127,56,155",669
5456,105,"683,452,791,867,363,539,815,457,227,690","127,146,189,155,128,148,126,156,219,219",611
1362,105,"683,452,791,539,363,209,457,713,64,122","127,146,189,148,128,155,156,58,56,36",574
123,105,"683,677,811,638,819,770,749,30,184,259","127,156,3,154,3,129,3,21,36,148",466
3482,105,"683,452,383,629,770,376,6,363,674,690","127,146,189,148,129,164,148,128,146,219",547
1626,105,"683,770,731,451,749,184,368,676,819,710","127,129,219,163,3,36,3,155,3,127",540
6033,105,"683,452,884,466,867,406,432,199,184,629","127,146,44,42,155,127,44,155,36,148",661
5560,105,"683,452,791,312,363,457,80,539,209,396","127,146,189,148,128,156,155,148,155,267",616
4723,105,"683,452,383,629,770,376,6,690,190,122","127,146,189,148,129,164,148,219,163,164,36",498
1525,105,"683,452,383,690,539,791,742,64,457,815","127,146,189,219,148,189,164,56,156,126",600
3854,105,"683,677,811,638,819,770,577,794,451,184","127,156,3,154,3,129,284,39,163,36",544
184,105,"683,677,749,163,770,29,368,193,794,676","127,156,3,163,129,156,3,21,39,155",645
1025,105,"683,677,811,396,89,907,451,727,312,710","127,156,3,267,42,219,163,126,148,127",535
2100,105,"452,363,312,396,539,328,295,457,199,248","146,128,148,267,148,39,127,156,155,148",371
2034,105,"452,363,312,396,480,328,6,674,791,794","146,128,148,267,148,39,148,146,189,39",485
1554,105,"683,677,749,819,30,474,934,76,868,770","127,156,3,3,21,3,21,36,36,129",612
3938,105,"683,407,144,927,596,184,811,259,517,749","127,175,169,284,3,36,3,148,155,3",688
481,105,"683,452,383,690,539,813,143,815,710,406","127,146,189,219,148,154,155,126,127,127",463
3315,105,"683,677,749,163,193,474,868,794,453,184","127,156,3,163,21,3,36,39,33,36",541
966,105,"683,452,383,629,770,376,363,690,199,791","127,146,189,148,129,164,128,219,155,189",510
4238,105,"683,452,791,312,539,202,59,396,64,911","127,146,189,148,148,153,164,267,56,154",521
3693,105,"683,452,791,209,363,815,539,533,122,376","127,146,189,155,128,126,148,39,36,164",463
1674,105,"683,452,884,466,383,259,461,199,629,686","127,146,44,42,189,148,155,155,148,36",640
4328,105,"452,770,677,79,71,210,638,934,30,572","146,129,156,155,156,36,154,21,21,39",278
4352,105,"683,452,791,143,209,312,539,59,363,742","127,146,189,155,155,148,148,164,128,164",535
5529,105,"683,677,811,638,770,359,30,474,605,71","127,156,3,154,129,267,21,3,155,156",506
2677,105,"683,407,819,89,396,710,248,451,741,731","127,175,3,42,267,127,148,163,63,219",796
3486,105,"683,677,811,638,770,359,30,934,71,794","127,156,3,154,129,267,21,21,156,39",702
796,105,"683,677,749,184,770,555,438,193,71,495","127,156,3,36,129,33,3,21,156,156",635
2917,105,"683,677,749,184,731,383,37,770,421,438","127,156,3,36,219,189,151,129,195,3",519
2572,105,"683,677,811,638,770,30,934,71,79,474","127,156,3,154,129,21,21,156,155,3",275
4,105,"452,37,677,868,30,79,934,474,76,761","146,151,156,36,21,155,21,3,36,127",226
4277,105,"683,677,811,638,794,30,934,749,71,500","127,156,3,154,39,21,21,3,156,155",563
444,105,"683,677,811,396,731,907,577,184,638,605","127,156,3,267,219,219,284,36,154,155",526
6036,105,"683,677,572,731,749,210,517,76,184,30","127,156,39,219,3,36,155,36,36,21",493
2078,105,"683,677,749,819,731,184,76,770,577,710","127,156,3,3,219,36,36,129,284,127",516
2781,105,"683,452,791,312,363,564,867,227,539,64","127,146,189,148,128,114,155,219,148,56",555
1503,105,"683,677,749,819,30,474,71,868,453,824","127,156,3,3,21,3,156,36,33,127",553
2961,105,"683,677,749,819,731,184,76,417,555,438","127,156,3,3,219,36,36,165,33,3",678
2627,105,"407,144,500,495,596,572,824,800,523,210","175,169,155,156,3,39,127,156,21,36",689
1930,105,"683,677,572,731,749,210,76,37,184,3","127,156,39,219,3,36,36,151,36,155",471
2436,105,"452,184,749,572,417,210,523,495,555,71","146,36,3,39,165,36,21,156,33,156",300
4492,105,"683,677,811,638,770,577,710,184,731,24","127,156,3,154,129,284,127,36,219,156",531
4858,105,"683,677,572,731,749,76,811,646,359,184","127,156,39,219,3,36,3,155,267,36",594
1041,105,"683,677,749,819,30,474,71,79,824,800","127,156,3,3,21,3,156,155,127,156",669
987,105,"683,452,791,312,539,209,64,742,202,59","127,146,189,148,148,155,56,164,153,164",690
432,105,"683,452,383,629,770,376,6,676,690,657","127,146,189,148,129,164,148,155,219,56",507
6147,105,"683,677,811,638,770,359,30,474,749,934","127,156,3,154,129,267,21,3,3,21",576
870,105,"683,452,867,383,770,376,563,6,30,749","127,146,155,189,129,164,154,148,21,3",427
4088,105,"452,363,312,396,690,710,867,791,539,813","146,128,148,267,219,127,155,189,148,154",479
5126,105,"683,452,791,363,539,457,406,312,202,59","127,146,189,128,148,156,127,148,153,164",498
464,105,"683,677,811,638,819,710,134,577,184,368","127,156,3,154,3,127,155,284,36,3",608
4325,105,"683,677,811,396,731,922,451,248,911,312","127,156,3,267,219,154,163,148,154,148",571
2618,105,"683,677,811,396,89,577,638,731,290,76","127,156,3,267,42,284,154,219,3,36",586
4940,105,"683,677,811,638,819,770,37,749,934,79","127,156,3,154,3,129,151,3,21,155",601
1823,105,"683,677,749,819,30,474,71,824,934,770","127,156,3,3,21,3,156,127,21,129",612
1373,105,"452,363,837,637,130,737,517,65,717,312","146,128,63,155,63,137,155,163,195,148",469
2795,105,"683,677,749,819,30,474,71,868,453,824","127,156,3,3,21,3,156,36,33,127",510
5933,105,"683,677,572,749,770,30,184,474,819,868","127,156,39,3,129,21,36,3,3,36",448
1778,105,"683,677,811,638,819,770,577,451,134,749","127,156,3,154,3,129,284,163,155,3",563
4793,105,"683,407,89,248,396,710,577,163,794,749","127,175,42,148,267,127,284,163,39,3",667
2949,105,"683,677,749,184,770,676,934,453,555,438","127,156,3,36,129,155,21,33,33,3",600
1077,105,"683,677,811,731,89,577,823,638,37,907","127,156,3,219,42,284,220,154,151,219",290
3462,105,"683,677,572,749,770,819,934,794,868,331","127,156,39,3,129,3,21,39,36,54",539
2322,105,"683,677,572,749,163,794,770,193,184,451","127,156,39,3,163,39,129,21,36,163",693
199,105,"683,770,638,30,71,800,819,738,749,184","127,129,154,21,156,156,3,155,3,36",604
248,105,"683,452,867,383,770,331,259,749,934,376","127,146,155,189,129,54,148,3,21,164",612
4142,105,"683,677,811,638,819,710,451,421,791,727","127,156,3,154,3,127,163,195,189,126",464
4017,105,"683,452,383,690,376,791,742,363,539,80","127,146,189,219,164,189,164,128,148,155",519
767,105,"683,677,572,749,184,794,770,819,868,30","127,156,39,3,36,39,129,3,36,21",582
4698,105,"683,677,749,819,30,474,71,868,453,824","127,156,3,3,21,3,156,36,33,127",553
35,105,"683,452,791,363,539,815,533,80,457,742","127,146,189,128,148,126,39,155,156,164",620
2148,105,"683,677,749,184,770,676,907,811,517,421","127,156,3,36,129,155,219,3,155,195",520
4875,105,"683,677,572,731,500,749,819,30,474,934","127,156,39,219,155,3,3,21,3,21",423
5579,105,"683,452,791,363,539,815,457,406,59,64","127,146,189,128,148,126,156,127,164,56",585
5580,105,"683,677,811,396,89,577,638,184,823,37","127,156,3,267,42,284,154,36,220,151",608
1109,105,"683,677,811,638,794,30,359,749,934,596","127,156,3,154,39,21,267,3,21,3",555
6018,105,"452,184,193,572,500,495,523,210,161,342","146,36,21,39,155,156,21,36,156,163",312
2923,105,"683,677,811,396,89,907,451,727,312,710","127,156,3,267,42,219,163,126,148,127",669
1172,105,"683,677,749,819,30,474,71,868,453,79","127,156,3,3,21,3,156,36,33,155",506
714,105,"452,855,457,312,637,727,813,376,158,564","146,42,156,148,155,126,154,164,156,114",380
425,105,"683,677,30,731,770,259,638,76,934,605","127,156,21,219,129,148,154,36,21,155",304
5558,105,"683,452,383,629,199,690,376,122,819,363","127,146,189,148,155,219,164,36,3,128",561
3945,105,"683,452,791,363,564,64,629,158,690,122","127,146,189,128,114,56,148,156,219,36",582
730,105,"683,677,749,184,731,134,359,646,596,438","127,156,3,36,219,155,267,155,3,3",572
3475,105,"683,452,791,363,539,457,396,312,202,59","127,146,189,128,148,156,267,148,153,164",547
2062,105,"452,855,533,312,717,451,65,517,248,791","146,42,39,148,195,163,163,155,148,189",380
3456,105,"683,677,749,819,30,474,934,868,210,500","127,156,3,3,21,3,21,36,36,155",545
2726,105,"683,677,749,819,30,474,76,79,71,868","127,156,3,3,21,3,36,155,156,36",546
3852,105,"452,770,749,677,79,71,417,30,934,37","146,129,3,156,155,156,165,21,21,151",531
4540,106,"452,184,193,572,605,738,677,934,638,500","146,36,21,39,155,155,156,21,154,155",251
3507,106,"683,677,811,638,770,30,749,794,184,474","127,156,3,154,129,21,3,39,36,3",531
4932,106,"683,452,791,143,363,457,539,815,80,406","127,146,189,155,128,156,148,126,155,127",471
5784,106,"683,452,383,690,539,813,815,122,710,791","127,146,189,219,148,154,126,36,127,189",490
5424,106,"683,677,811,396,731,451,922,312,184,337","127,156,3,267,219,163,154,148,36,155",535
5481,106,"683,677,749,819,30,474,76,934,868,453","127,156,3,3,21,3,36,21,36,33",553
4511,106,"683,452,791,143,363,884,466,359,354,700","127,146,189,155,128,44,42,267,202,219",612
5430,106,"683,677,749,819,30,474,76,79,934,453","127,156,3,3,21,3,36,155,21,33",546
2873,106,"452,770,749,677,934,71,417,868,30,761","146,129,3,156,21,156,165,36,21,127",477
1235,106,"452,363,700,517,638,359,30,24,934,342","146,128,219,155,154,267,21,156,21,163",494
4355,106,"683,677,749,819,30,605,210,71,76,495","127,156,3,3,21,155,36,156,36,156",586
3184,106,"683,677,811,396,89,577,638,134,37,184","127,156,3,267,42,284,154,155,151,36",535
2179,106,"452,184,193,572,417,71,79,555,749,210","146,36,21,39,165,156,155,33,3,36",352
3210,106,"683,677,749,819,30,474,71,824,210,868","127,156,3,3,21,3,156,127,36,36",544
3735,106,"683,677,30,259,770,934,79,71,495,824","127,156,21,148,129,21,155,156,156,127",289
4486,106,"683,677,811,638,770,30,184,934,749,794","127,156,3,154,129,21,36,21,3,39",519
574,106,"683,677,572,731,749,210,824,453,811,438","127,156,39,219,3,36,127,33,3,3",483
633,106,"683,452,383,629,770,376,363,791,674,80","127,146,189,148,129,164,128,189,146,155",508
1133,106,"452,184,383,451,791,742,614,539,911,312","146,36,189,163,189,164,3,148,154,148",361
5148,106,"683,452,791,312,867,539,199,64,59,396","127,146,189,148,155,148,155,56,164,267",556
64,106,"683,677,811,451,89,184,922,248,37,421","127,156,3,163,42,36,154,148,151,195",494
5501,106,"683,677,572,731,500,749,819,30,474,934","127,156,39,219,155,3,3,21,3,21",463
1584,106,"452,363,312,539,202,59,457,742,911,349","146,128,148,148,153,164,156,164,154,127",413
729,106,"452,248,457,312,376,791,122,533,178,742","146,148,156,148,164,189,36,39,155,164",346
3759,106,"683,677,572,731,749,210,824,365,495,523","127,156,39,219,3,36,127,42,156,21",437
3009,106,"452,770,749,638,37,596,677,259,184,193","146,129,3,154,151,3,156,148,36,21",516
4554,106,"683,677,749,819,30,474,76,934,453,210","127,156,3,3,21,3,36,21,33,36",569
2626,106,"683,677,811,396,89,577,638,731,500,184","127,156,3,267,42,284,154,219,155,36",628
2261,106,"683,452,791,363,539,815,457,122,533,742","127,146,189,128,148,126,156,36,39,164",641
3610,106,"683,770,731,134,577,184,451,749,421,76","127,129,219,155,284,36,163,3,195,36",600
5528,106,"683,677,749,819,731,184,76,605,210,824","127,156,3,3,219,36,36,155,36,127",553
5711,106,"683,677,749,819,731,811,163,76,474,453","127,156,3,3,219,3,163,36,3,33",553
2930,106,"452,770,184,934,376,794,564,461,421,193","146,129,36,21,164,39,114,155,195,21",293
145,106,"683,677,572,500,588,824,495,749,421,184","127,156,39,155,155,127,156,3,195,36",500
5860,106,"452,199,248,312,202,59,539,825,457,831","146,155,148,148,153,164,148,148,156,155",354
5493,106,"683,677,811,638,770,30,749,934,794,474","127,156,3,154,129,21,3,21,39,3",544
1509,106,"683,407,144,605,37,749,572,596,677,934","127,175,169,155,151,3,39,3,156,21",594
3202,106,"683,867,791,312,539,741,349,713,64,742","127,155,189,148,148,63,127,58,56,164",669
541,106,"683,452,383,629,770,376,6,363,690,122","127,146,189,148,129,164,148,128,219,36",528
1595,106,"452,770,577,710,331,184,193,438,259,676","146,129,284,127,54,36,21,3,148,155",500
4837,106,"683,452,383,690,539,791,815,406,457,80","127,146,189,219,148,189,126,127,156,155",464
5610,106,"683,452,884,466,927,383,508,417,37,184","127,146,44,42,284,189,219,165,151,36",653
66,106,"683,452,884,690,122,581,209,376,227,791","127,146,44,219,36,146,155,164,219,189",653
4215,106,"683,677,572,749,184,794,770,934,453,368","127,156,39,3,36,39,129,21,33,3",415
5436,106,"683,452,383,629,690,417,770,376,461,577","127,146,189,148,219,165,129,164,155,284",547
2737,106,"683,452,867,791,690,342,629,674,376,383","127,146,155,189,219,163,148,146,164,189",535
573,106,"452,770,184,451,927,710,638,438,794,76","146,129,36,163,284,127,154,3,39,36",547
1670,106,"683,677,749,163,770,29,368,193,794,474","127,156,3,163,129,156,3,21,39,3",644
5744,106,"683,677,749,819,731,184,76,417,555,79","127,156,3,3,219,36,36,165,33,155",586
1223,106,"452,184,193,677,749,794,30,596,417,474","146,36,21,156,3,39,21,3,165,3",400
2837,106,"683,677,572,731,749,210,824,365,495,76","127,156,39,219,3,36,127,42,156,36",538
5167,106,"683,677,811,396,731,922,312,451,577,710","127,156,3,267,219,154,148,163,284,127",557
1374,106,"683,677,749,819,30,474,71,824,934,417","127,156,3,3,21,3,156,127,21,165",553
2938,106,"683,677,811,396,731,922,451,248,911,312","127,156,3,267,219,154,163,148,154,148",535
4883,106,"683,677,572,731,749,76,811,184,30,638","127,156,39,219,3,36,3,36,21,154",531
1715,106,"452,770,677,71,30,761,934,500,76,638","146,129,156,156,21,127,21,155,36,154",378
1563,106,"683,677,749,819,30,605,210,824,71,495","127,156,3,3,21,155,36,127,156,156",519
3981,106,"683,452,867,383,813,376,539,791,690,742","127,146,155,189,154,164,148,189,219,164",520
1993,106,"683,452,791,312,363,457,539,396,815,911","127,146,189,148,128,156,148,267,126,154",540
4228,106,"683,677,572,731,749,210,824,365,495,76","127,156,39,219,3,36,127,42,156,36",549
3557,106,"683,677,811,638,770,577,794,710,76,717","127,156,3,154,129,284,39,127,36,195",304
449,106,"683,677,572,731,749,76,811,184,421,596","127,156,39,219,3,36,3,36,195,3",541
944,106,"452,770,749,677,934,71,500,824,495,210","146,129,3,156,21,156,155,127,156,36",447
3243,106,"683,677,811,638,794,30,934,749,76,474","127,156,3,154,39,21,21,3,36,3",553
889,106,"683,677,811,396,89,577,638,134,37,184","127,156,3,267,42,284,154,155,151,36",519
3540,106,"683,677,811,638,819,770,577,451,134,749","127,156,3,154,3,129,284,163,155,3",553
4748,106,"452,770,749,677,934,71,417,761,210,824","146,129,3,156,21,156,165,127,36,127",521
3532,106,"683,677,749,184,770,421,819,368,794,934","127,156,3,36,129,195,3,3,39,21",528
1764,106,"683,677,811,638,819,710,451,577,184,517","127,156,3,154,3,127,163,284,36,155",541
1614,106,"683,677,749,819,30,474,934,868,453,210","127,156,3,3,21,3,21,36,33,36",571
5452,106,"683,677,811,638,819,710,184,451,577,337","127,156,3,154,3,127,36,163,284,155",519
5139,106,"683,677,811,638,770,30,749,934,500,71","127,156,3,154,129,21,3,21,155,156",472
2840,106,"452,184,193,934,749,605,417,738,677,819","146,36,21,21,3,155,165,155,156,3",355
2905,106,"683,677,811,396,89,451,731,248,134,312","127,156,3,267,42,163,219,148,155,148",628
1294,106,"683,677,572,731,605,749,819,30,79,474","127,156,39,219,155,3,3,21,155,3",570
2101,106,"683,452,791,143,363,376,64,158,227,815","127,146,189,155,128,164,56,156,219,126",574
5250,106,"452,248,637,312,539,202,59,457,825,742","146,148,155,148,148,153,164,156,148,164",338
2710,106,"683,452,791,312,539,209,202,396,457,199","127,146,189,148,148,155,153,267,156,155",520
3446,106,"683,677,811,638,770,30,749,794,474,184","127,156,3,154,129,21,3,39,3,36",519
1057,106,"683,452,383,690,376,629,770,577,794,564","127,146,189,219,164,148,129,284,39,114",543
185,106,"683,867,791,209,406,457,815,363,466,629","127,155,189,155,127,156,126,128,42,148",720
622,106,"683,452,791,312,363,457,539,815,64,209","127,146,189,148,128,156,148,126,56,155",535
2367,106,"452,363,791,312,65,614,742,50,202,811","146,128,189,148,163,3,164,154,153,3",398
5110,106,"452,855,457,312,376,791,143,6,727,813","146,42,156,148,164,189,155,148,126,154",349
5210,106,"683,677,749,184,770,421,819,794,474,555","127,156,3,36,129,195,3,39,3,33",523
2654,106,"683,452,791,867,363,539,815,80,227,457","127,146,189,155,128,148,126,155,219,156",541
5074,106,"683,677,749,819,30,605,79,76,474,934","127,156,3,3,21,155,155,36,3,21",553
4457,106,"683,677,811,396,731,922,312,741,248,451","127,156,3,267,219,154,148,63,148,163",690
1462,106,"683,677,749,819,30,474,934,76,868,770","127,156,3,3,21,3,21,36,36,129",554
1213,106,"683,677,572,749,819,934,79,605,868,474","127,156,39,3,3,21,155,155,36,3",644
1506,106,"466,638,819,770,368,363,376,461,749,421","42,154,3,129,3,128,164,155,3,195",388
1010,106,"452,749,677,37,934,638,500,523,79,193","146,3,156,151,21,154,155,21,155,21",270
1760,106,"683,677,811,638,819,710,451,907,727,577","127,156,3,154,3,127,163,219,126,284",600
1298,106,"452,363,312,457,539,80,815,791,209,59","146,128,148,156,148,155,126,189,155,164",430
3549,106,"683,791,539,199,884,466,638,637,564,184","127,189,148,155,44,42,154,155,114,36",633
5694,106,"683,677,811,396,89,451,731,421,312,710","127,156,3,267,42,163,219,195,148,127",606
3791,106,"683,452,466,376,629,563,6,770,638,37","127,146,42,164,148,154,148,129,154,151",639
4216,106,"683,677,749,819,30,474,934,868,453,184","127,156,3,3,21,3,21,36,33,36",553
1837,106,"683,677,811,638,770,30,184,134,710,76","127,156,3,154,129,21,36,155,127,36",499
2380,106,"683,452,791,867,363,539,815,80,457,227","127,146,189,155,128,148,126,155,156,219",535
2786,106,"683,677,572,731,500,588,824,365,495,210","127,156,39,219,155,155,127,42,156,36",691
3513,106,"452,770,184,934,193,563,794,438,474,368","146,129,36,21,21,154,39,3,3,3",523
3166,106,"683,677,749,163,193,474,794,76,453,934","127,156,3,163,21,3,39,36,33,21",472
111,106,"683,677,811,638,770,359,30,474,749,934","127,156,3,154,129,267,21,3,3,21",598
4671,106,"683,677,749,819,30,474,934,605,76,868","127,156,3,3,21,3,21,155,36,36",553
1507,106,"683,452,383,690,331,770,376,199,791,742","127,146,189,219,54,129,164,155,189,164",634
3266,106,"683,452,791,143,867,363,539,227,815,122","127,146,189,155,155,128,148,219,126,36",579
3187,106,"452,184,193,677,596,934,438,794,563,638","146,36,21,156,3,21,3,39,154,154",374
5211,106,"683,677,811,638,819,770,577,451,794,749","127,156,3,154,3,129,284,163,39,3",541
2831,106,"452,770,749,677,638,37,184,596,259,686","146,129,3,156,154,151,36,3,148,36",513
2347,106,"683,677,811,638,794,359,731,710,184,30","127,156,3,154,39,267,219,127,36,21",555
5507,106,"683,677,811,638,819,710,184,577,368,770","127,156,3,154,3,127,36,284,3,129",519
5195,106,"683,677,811,638,770,30,794,934,474,71","127,156,3,154,129,21,39,21,3,156",304
5544,106,"683,677,811,638,770,163,368,577,794,934","127,156,3,154,129,163,3,284,39,21",720
2914,106,"683,452,791,363,539,815,457,199,396,406","127,146,189,128,148,126,156,155,267,127",559
5496,106,"683,452,791,867,457,312,363,376,64,815","127,146,189,155,156,148,128,164,56,126",530
1138,106,"683,452,791,143,363,457,539,815,533,690","127,146,189,155,128,156,148,126,39,219",535
4419,106,"683,677,572,605,184,749,770,76,30,71","127,156,39,155,36,3,129,36,21,156",627
3276,106,"683,677,811,638,770,30,749,934,71,76","127,156,3,154,129,21,3,21,156,36",569
2918,106,"683,677,749,819,731,184,907,811,248,37","127,156,3,3,219,36,219,3,148,151",634
50,106,"683,677,30,731,770,259,934,474,71,76","127,156,21,219,129,148,21,3,156,36",304
1378,106,"683,452,791,363,539,457,396,406,690,312","127,146,189,128,148,156,267,127,219,148",588
1389,106,"683,452,791,143,363,209,815,539,690,376","127,146,189,155,128,155,126,148,219,164",618
4400,106,"683,677,572,731,605,749,819,30,76,500","127,156,39,219,155,3,3,21,36,155",654
565,106,"683,677,811,638,819,184,193,794,934,474","127,156,3,154,3,36,21,39,21,3",640
5627,106,"683,452,791,312,363,884,122,295,199,227","127,146,189,148,128,44,36,127,155,219",669
5456,106,"683,452,791,867,363,539,815,80,227,457","127,146,189,155,128,148,126,155,219,156",611
1362,106,"683,452,791,867,539,363,533,815,122,295","127,146,189,155,148,128,39,126,36,127",574
123,106,"683,677,811,638,819,770,749,30,184,259","127,156,3,154,3,129,3,21,36,148",466
3482,106,"683,452,867,791,122,199,690,539,383,629","127,146,155,189,36,155,219,148,189,148",547
1626,106,"683,770,731,451,749,184,368,638,794,819","127,129,219,163,3,36,3,154,39,3",540
6033,106,"683,452,884,466,927,629,813,383,406,354","127,146,44,42,284,148,154,189,127,202",661
5560,106,"683,452,791,312,363,199,457,533,539,742","127,146,189,148,128,155,156,39,148,164",616
4723,106,"683,452,383,629,770,376,6,690,190,122","127,146,189,148,129,164,148,219,163,164,36",498
1525,106,"683,452,383,690,539,199,791,64,742,457","127,146,189,219,148,155,189,56,164,156",600
3854,106,"683,677,811,638,819,770,577,794,451,184","127,156,3,154,3,129,284,39,163,36",544
184,106,"683,677,749,163,770,29,368,193,794,638","127,156,3,163,129,156,3,21,39,154",645
1025,106,"683,677,811,396,89,907,451,727,312,710","127,156,3,267,42,219,163,126,148,127",535
2100,106,"452,363,312,396,539,328,295,457,451,791","146,128,148,267,148,39,127,156,163,189",371
2034,106,"452,363,312,396,480,328,6,674,791,794","146,128,148,267,148,39,148,146,189,39",485
1554,106,"683,677,749,819,30,474,934,76,868,770","127,156,3,3,21,3,21,36,36,129",612
3938,106,"683,407,144,927,596,184,811,259,517,749","127,175,169,284,3,36,3,148,155,3",688
481,106,"683,452,383,690,539,813,199,406,791,710","127,146,189,219,148,154,155,127,189,127",463
3315,106,"683,677,749,163,193,474,868,794,453,184","127,156,3,163,21,3,36,39,33,36",541
966,106,"683,452,383,629,770,376,363,690,6,160","127,146,189,148,129,164,128,219,148,39",510
4238,106,"683,452,791,312,539,209,202,64,59,396","127,146,189,148,148,155,153,56,164,267",521
3693,106,"683,452,791,209,363,815,539,533,122,376","127,146,189,155,128,126,148,39,36,164",463
1674,106,"683,452,884,466,383,259,461,508,231,629","127,146,44,42,189,148,155,219,128,148",640
4328,106,"452,770,677,71,605,638,934,761,474,572","146,129,156,156,155,154,21,127,3,39",278
4352,106,"683,452,791,143,867,457,312,539,122,406","127,146,189,155,155,156,148,148,36,127",535
5529,106,"683,677,811,638,770,359,30,474,71,794","127,156,3,154,129,267,21,3,156,39",506
2677,106,"683,407,819,89,396,710,248,451,741,731","127,175,3,42,267,127,148,163,63,219",796
3486,106,"683,677,811,638,770,359,30,934,71,794","127,156,3,154,129,267,21,21,156,39",702
796,106,"683,677,749,184,770,555,438,193,71,495","127,156,3,36,129,33,3,21,156,156",635
2917,106,"683,677,749,184,731,134,383,259,337,37","127,156,3,36,219,155,189,148,155,151",519
2572,106,"683,677,811,638,770,30,934,71,605,495","127,156,3,154,129,21,21,156,155,156",275
4,106,"452,37,677,868,30,79,934,474,76,761","146,151,156,36,21,155,21,3,36,127",226
4277,106,"683,677,811,638,794,30,605,934,749,184","127,156,3,154,39,21,155,21,3,36",563
444,106,"683,677,811,396,731,134,577,37,823,638","127,156,3,267,219,155,284,151,220,154",526
6036,106,"683,677,572,731,749,210,76,37,184,30","127,156,39,219,3,36,36,151,36,21",493
2078,106,"683,677,749,819,731,184,76,770,676,438","127,156,3,3,219,36,36,129,155,3",516
2781,106,"683,452,791,312,363,564,867,227,539,64","127,146,189,148,128,114,155,219,148,56",555
1503,106,"683,677,749,819,30,474,71,868,453,824","127,156,3,3,21,3,156,36,33,127",553
2961,106,"683,677,749,819,731,517,770,30,76,71","127,156,3,3,219,155,129,21,36,156",678
2627,106,"407,144,500,588,495,927,596,572,824,523","175,169,155,155,156,284,3,39,127,21",689
1930,106,"683,677,572,731,749,210,76,37,184,421","127,156,39,219,3,36,36,151,36,195",471
2436,106,"452,184,749,572,605,677,417,79,438,555","146,36,3,39,155,156,165,155,3,33",300
4492,106,"683,677,811,638,770,577,710,184,731,134","127,156,3,154,129,284,127,36,219,155",531
4858,106,"683,677,572,731,605,588,824,749,596,37","127,156,39,219,155,155,127,3,3,151",594
1041,106,"683,677,749,819,30,474,71,79,824,800","127,156,3,3,21,3,156,155,127,156",669
987,106,"683,452,791,312,867,209,202,539,64,742","127,146,189,148,155,155,153,148,56,164",690
432,106,"683,452,383,629,770,376,6,690,563,749","127,146,189,148,129,164,148,219,154,3",507
6147,106,"683,677,811,638,770,359,30,474,749,605","127,156,3,154,129,267,21,3,3,155",576
870,106,"683,452,383,770,376,363,392,6,199,30","127,146,189,129,164,128,39,148,155,21",427
4088,106,"452,363,312,396,690,710,791,539,457,742","146,128,148,267,219,127,189,148,156,164",479
5126,106,"683,452,791,363,539,457,80,312,202,742","127,146,189,128,148,156,155,148,153,164",498
464,106,"683,677,811,638,819,710,184,577,368,770","127,156,3,154,3,127,36,284,3,129",608
4325,106,"683,677,811,396,731,922,451,248,911,312","127,156,3,267,219,154,163,148,154,148",571
2618,106,"683,677,811,396,89,577,638,731,500,824","127,156,3,267,42,284,154,219,155,127",586
4940,106,"683,677,811,638,819,770,37,749,934,79","127,156,3,154,3,129,151,3,21,155",601
1823,106,"683,677,749,819,30,474,71,824,934,770","127,156,3,3,21,3,156,127,21,129",612
1373,106,"452,363,837,637,130,737,517,3,312,614","146,128,63,155,63,137,155,155,148,3",469
2795,106,"683,677,749,819,30,605,79,76,770,438","127,156,3,3,21,155,155,36,129,3",510
5933,106,"683,677,572,749,770,30,184,474,819,868","127,156,39,3,129,21,36,3,3,36",448
1778,106,"683,677,811,638,819,770,577,451,794,710","127,156,3,154,3,129,284,163,39,127",563
4793,106,"683,407,89,248,396,710,577,163,794,749","127,175,42,148,267,127,284,163,39,3",667
2949,106,"683,677,749,184,770,421,819,794,30,474","127,156,3,36,129,195,3,39,21,3",600
1077,106,"683,677,811,731,89,577,823,638,37,907","127,156,3,219,42,284,220,154,151,219",290
3462,106,"683,677,572,749,770,819,934,794,868,331","127,156,39,3,129,3,21,39,36,54",539
2322,106,"683,677,572,749,163,794,770,193,184,451","127,156,39,3,163,39,129,21,36,163",693
199,106,"683,770,638,30,71,800,819,738,749,184","127,129,154,21,156,156,3,155,3,36",604
248,106,"683,452,383,629,770,376,331,563,749,934","127,146,189,148,129,164,54,154,3,21",612
4142,106,"683,677,811,638,819,710,451,134,89,577","127,156,3,154,3,127,163,155,42,284",464
4017,106,"683,452,383,690,376,199,791,742,533,636","127,146,189,219,164,155,189,164,39,56",519
767,106,"683,677,572,749,184,794,770,819,868,30","127,156,39,3,36,39,129,3,36,21",582
4698,106,"683,677,749,819,30,474,71,868,453,824","127,156,3,3,21,3,156,36,33,127",553
35,106,"683,452,791,143,363,539,80,457,815,742","127,146,189,155,128,148,155,156,126,164",620
2148,106,"683,677,749,184,770,421,819,368,794,907","127,156,3,36,129,195,3,3,39,219",520
4875,106,"683,677,572,731,749,210,824,453,474,495","127,156,39,219,3,36,127,33,3,156",423
5579,106,"683,452,791,209,867,457,406,636,363,396","127,146,189,155,155,156,127,56,128,267",585
5580,106,"683,677,811,396,89,577,638,184,823,37","127,156,3,267,42,284,154,36,220,151",608
1109,106,"683,677,811,638,794,30,359,749,934,596","127,156,3,154,39,21,267,3,21,3",555
6018,106,"452,184,193,572,605,495,523,210,161,342","146,36,21,39,155,156,21,36,156,163",312
2923,106,"683,677,811,396,89,907,451,727,312,710","127,156,3,267,42,219,163,126,148,127",669
1172,106,"683,677,749,819,30,605,770,76,934,71","127,156,3,3,21,155,129,36,21,156",506
714,106,"452,855,457,312,376,6,342,791,676,480","146,42,156,148,164,148,163,189,155,148",380
425,106,"683,677,30,731,770,259,517,638,76,474","127,156,21,219,129,148,155,154,36,3",304
5558,106,"683,452,383,629,199,690,376,122,819,363","127,146,189,148,155,219,164,36,3,128",561
3945,106,"683,452,791,363,564,64,629,158,690,122","127,146,189,128,114,56,148,156,219,36",582
730,106,"683,677,749,184,731,359,596,438,770,76","127,156,3,36,219,267,3,3,129,36",572
3475,106,"683,452,791,143,363,539,457,199,396,312","127,146,189,155,128,148,156,155,267,148",547
2062,106,"452,855,533,312,717,451,65,517,248,791","146,42,39,148,195,163,163,155,148,189",380
3456,106,"683,677,749,819,30,474,934,605,210,824","127,156,3,3,21,3,21,155,36,127",545
2726,106,"683,677,749,819,30,474,76,934,71,868","127,156,3,3,21,3,36,21,156,36",546
3852,106,"452,770,749,677,934,30,596,417,259,438","146,129,3,156,21,21,3,165,148,3",531
4540,107,"452,184,193,572,71,677,368,934,638,76","146,36,21,39,156,156,3,21,154,36",251
3507,107,"683,677,811,638,770,30,749,794,184,474","127,156,3,154,129,21,3,39,36,3",531
4932,107,"683,452,791,363,539,815,80,457,406,533","127,146,189,128,148,126,155,156,127,39",471
5784,107,"683,452,383,690,539,813,815,122,710,791","127,146,189,219,148,154,126,36,127,189",490
5424,107,"683,677,811,396,731,451,922,312,184,717","127,156,3,267,219,163,154,148,36,195",535
5481,107,"683,677,749,819,30,474,76,934,868,453","127,156,3,3,21,3,36,21,36,33",553
4511,107,"683,452,791,143,363,884,466,359,354,700","127,146,189,155,128,44,42,267,202,219",612
5430,107,"683,677,749,819,30,605,770,474,76,934","127,156,3,3,21,155,129,3,36,21",546
2873,107,"452,770,749,677,934,71,417,868,30,761","146,129,3,156,21,156,165,36,21,127",477
1235,107,"452,363,700,577,638,359,24,646,30,342","146,128,219,284,154,267,156,155,21,163",494
4355,107,"683,677,749,819,30,605,210,79,71,495","127,156,3,3,21,155,36,155,156,156",586
3184,107,"683,677,811,396,89,577,638,184,731,451","127,156,3,267,42,284,154,36,219,163",535
2179,107,"452,184,193,572,417,71,495,555,749,868","146,36,21,39,165,156,156,33,3,36",352
3210,107,"683,677,749,819,30,474,71,824,210,868","127,156,3,3,21,3,156,127,36,36",544
3735,107,"683,677,30,259,770,934,79,71,495,824","127,156,21,148,129,21,155,156,156,127",289
4486,107,"683,677,811,638,770,30,184,934,749,794","127,156,3,154,129,21,36,21,3,39",519
574,107,"683,677,572,731,749,588,210,824,453,811","127,156,39,219,3,155,36,127,33,3",483
633,107,"683,452,383,629,770,376,363,791,674,295","127,146,189,148,129,164,128,189,146,127",508
1133,107,"452,184,383,451,791,199,539,742,614,72","146,36,189,163,189,155,148,164,3,146",361
5148,107,"683,452,791,312,539,64,59,396,911,457","127,146,189,148,148,56,164,267,154,156",556
64,107,"683,677,811,451,89,184,3,922,248,37","127,156,3,163,42,36,155,154,148,151",494
5501,107,"683,677,572,731,749,588,71,76,824,30","127,156,39,219,3,155,156,36,127,21",463
1584,107,"452,363,312,539,202,59,457,529,742,911","146,128,148,148,153,164,156,155,164,154",413
729,107,"452,248,457,312,376,791,122,533,742,480","146,148,156,148,164,189,36,39,164,148",346
3759,107,"683,677,572,731,749,588,210,824,365,495","127,156,39,219,3,155,36,127,42,156",437
3009,107,"452,770,749,638,37,596,677,259,184,193","146,129,3,154,151,3,156,148,36,21",516
4554,107,"683,677,749,819,30,474,76,934,605,868","127,156,3,3,21,3,36,21,155,36",569
2626,107,"683,677,811,396,89,577,638,731,517,339","127,156,3,267,42,284,154,219,155,129",628
2261,107,"683,452,791,143,363,457,539,815,836,59","127,146,189,155,128,156,148,126,39,164",641
3610,107,"683,770,731,134,577,184,451,749,646,657","127,129,219,155,284,36,163,3,155,56",600
5528,107,"683,677,749,819,731,184,76,500,417,934","127,156,3,3,219,36,36,155,165,21",553
5711,107,"683,677,749,819,731,811,163,76,474,453","127,156,3,3,219,3,163,36,3,33",553
2930,107,"452,770,184,934,376,794,564,421,193,677","146,129,36,21,164,39,114,195,21,156",293
145,107,"683,677,572,71,749,811,184,770,76,30","127,156,39,156,3,3,36,129,36,21",500
5860,107,"452,248,312,539,202,59,836,791,65,614","146,148,148,148,153,164,39,189,163,3",354
5493,107,"683,677,811,638,770,30,749,934,794,474","127,156,3,154,129,21,3,21,39,3",544
1509,107,"683,407,144,605,37,749,572,596,677,934","127,175,169,155,151,3,39,3,156,21",594
3202,107,"683,867,791,312,539,741,349,713,64,742","127,155,189,148,148,63,127,58,56,164",669
541,107,"683,452,867,383,770,376,629,563,749,794","127,146,155,189,129,164,148,154,3,39",528
1595,107,"452,770,577,710,331,184,193,438,259,134","146,129,284,127,54,36,21,3,148,155",500
4837,107,"683,452,867,791,690,406,815,539,457,64","127,146,155,189,219,127,126,148,156,56",464
5610,107,"683,452,884,466,927,383,508,417,37,184","127,146,44,42,284,189,219,165,151,36",653
66,107,"683,452,884,690,122,581,376,227,791,80","127,146,44,219,36,146,164,219,189,155",653
4215,107,"683,677,572,749,184,794,770,934,453,368","127,156,39,3,36,39,129,21,33,3",415
5436,107,"683,452,383,629,690,417,770,376,577,363","127,146,189,148,219,165,129,164,284,128",547
2737,107,"683,452,383,629,770,376,363,690,674,6","127,146,189,148,129,164,128,219,146,148",535
573,107,"452,770,184,451,927,461,638,438,794,30","146,129,36,163,284,155,154,3,39,21",547
1670,107,"683,677,749,163,770,29,368,193,794,474","127,156,3,163,129,156,3,21,39,3",644
5744,107,"683,677,749,819,731,184,76,605,417,555","127,156,3,3,219,36,36,155,165,33",586
1223,107,"452,184,193,677,749,794,738,638,417,868","146,36,21,156,3,39,155,154,165,36",400
2837,107,"683,677,572,731,749,210,824,365,495,76","127,156,39,219,3,36,127,42,156,36",538
5167,107,"683,677,811,396,731,922,312,451,577,710","127,156,3,267,219,154,148,163,284,127",557
1374,107,"683,677,749,819,30,474,71,500,868,934","127,156,3,3,21,3,156,155,36,21",553
2938,107,"683,677,811,396,731,922,451,248,911,312","127,156,3,267,219,154,163,148,154,148",535
4883,107,"683,677,572,731,605,749,421,184,30,638","127,156,39,219,155,3,195,36,21,154",531
1715,107,"452,770,677,79,30,71,738,934,500,474","146,129,156,155,21,156,155,21,155,3",378
1563,107,"683,677,749,819,30,474,71,824,210,868","127,156,3,3,21,3,156,127,36,36",519
3981,107,"683,452,383,690,539,199,791,64,742,457","127,146,189,219,148,155,189,56,164,156",520
1993,107,"683,452,791,312,363,457,539,396,815,911","127,146,189,148,128,156,148,267,126,154",540
4228,107,"683,677,572,731,749,210,824,365,495,76","127,156,39,219,3,36,127,42,156,36",549
3557,107,"683,677,811,638,770,577,794,710,76,717","127,156,3,154,129,284,39,127,36,195",304
449,107,"683,677,572,731,749,76,811,184,421,596","127,156,39,219,3,36,3,36,195,3",541
944,107,"452,770,749,677,934,71,417,761,210,824","146,129,3,156,21,156,165,127,36,127",447
3243,107,"683,677,811,638,794,30,934,749,76,474","127,156,3,154,39,21,21,3,36,3",553
889,107,"683,677,811,396,89,577,638,184,823,37","127,156,3,267,42,284,154,36,220,151",519
3540,107,"683,677,811,638,819,770,577,451,794,710","127,156,3,154,3,129,284,163,39,127",553
4748,107,"452,770,749,677,934,605,210,824,495,161","146,129,3,156,21,155,36,127,156,156",521
3532,107,"683,677,749,184,770,676,934,819,907,811","127,156,3,36,129,155,21,3,219,3",528
1764,107,"683,677,811,638,819,710,451,134,577,184","127,156,3,154,3,127,163,155,284,36",541
1614,107,"683,677,749,819,30,474,934,605,770,76","127,156,3,3,21,3,21,155,129,36",571
5452,107,"683,677,811,638,819,710,184,451,577,76","127,156,3,154,3,127,36,163,284,36",519
5139,107,"683,677,811,638,770,30,749,605,71,800","127,156,3,154,129,21,3,155,156,156",472
2840,107,"452,184,193,934,79,749,677,794,563,638","146,36,21,21,155,3,156,39,154,154",355
2905,107,"683,677,811,396,89,451,731,248,184,312","127,156,3,267,42,163,219,148,36,148",628
1294,107,"683,677,572,731,749,588,71,76,907,184","127,156,39,219,3,155,156,36,219,36",570
2101,107,"683,452,791,867,363,376,227,815,539,199","127,146,189,155,128,164,219,126,148,155",574
5250,107,"452,248,312,539,202,59,742,911,523,457","146,148,148,148,153,164,164,154,21,156",338
2710,107,"683,452,791,312,867,539,202,59,396,457","127,146,189,148,155,148,153,164,267,156",520
3446,107,"683,677,811,638,770,30,749,794,474,184","127,156,3,154,129,21,3,39,3,36",519
1057,107,"683,452,383,690,143,791,80,629,770,376","127,146,189,219,155,189,155,148,129,164",543
185,107,"683,867,791,406,457,466,539,122,143,363","127,155,189,127,156,42,148,36,155,128",720
622,107,"683,452,791,312,363,457,539,815,80,396","127,146,189,148,128,156,148,126,155,267",535
2367,107,"452,363,791,312,65,614,742,50,202,811","146,128,189,148,163,3,164,154,153,3",398
5110,107,"452,855,457,312,376,791,6,727,813,65","146,42,156,148,164,189,148,126,154,163",349
5210,107,"683,677,749,184,770,676,934,819,794,474","127,156,3,36,129,155,21,3,39,3",523
2654,107,"683,452,791,209,363,815,539,227,457,122","127,146,189,155,128,126,148,219,156,36",541
5074,107,"683,677,749,819,30,605,79,76,474,934","127,156,3,3,21,155,155,36,3,21",553
4457,107,"683,677,811,396,731,922,312,741,248,451","127,156,3,267,219,154,148,63,148,163",690
1462,107,"683,677,749,819,30,474,934,76,868,770","127,156,3,3,21,3,21,36,36,129",554
1213,107,"683,677,572,749,819,934,474,605,868,453","127,156,39,3,3,21,3,155,36,33",644
1506,107,"466,638,819,770,368,363,376,421,749,596","42,154,3,129,3,128,164,195,3,3",388
1010,107,"452,749,677,37,934,638,500,523,588,161","146,3,156,151,21,154,155,21,155,156",270
1760,107,"683,677,811,638,819,710,451,907,727,461","127,156,3,154,3,127,163,219,126,155",600
1298,107,"452,363,312,457,199,248,328,539,742,815","146,128,148,156,155,148,39,148,164,126",430
3549,107,"683,791,539,884,466,363,638,354,383,30","127,189,148,44,42,128,154,202,189,21",633
5694,107,"683,677,811,396,89,451,3,731,37,248","127,156,3,267,42,163,155,219,151,148",606
3791,107,"683,452,466,376,629,563,6,770,638,37","127,146,42,164,148,154,148,129,154,151",639
4216,107,"683,677,749,819,30,474,934,605,210,500","127,156,3,3,21,3,21,155,36,155",553
1837,107,"683,677,811,638,770,30,184,517,259,749","127,156,3,154,129,21,36,155,148,3",499
2380,107,"683,452,791,363,539,815,457,227,59,122","127,146,189,128,148,126,156,219,164,36",535
2786,107,"683,677,572,731,749,588,210,824,365,495","127,156,39,219,3,155,36,127,42,156",691
3513,107,"452,770,184,934,193,563,794,438,474,368","146,129,36,21,21,154,39,3,3,3",523
3166,107,"683,677,749,163,193,474,794,76,453,934","127,156,3,163,21,3,39,36,33,21",472
111,107,"683,677,811,638,770,359,30,474,749,934","127,156,3,154,129,267,21,3,3,21",598
4671,107,"683,677,749,819,30,474,934,605,76,868","127,156,3,3,21,3,21,155,36,36",553
1507,107,"683,452,383,690,331,770,376,791,451,178","127,146,189,219,54,129,164,189,163,155",634
3266,107,"683,452,791,143,363,539,815,227,533,690","127,146,189,155,128,148,126,219,39,219",579
3187,107,"452,184,193,677,596,934,438,794,563,638","146,36,21,156,3,21,3,39,154,154",374
5211,107,"683,677,811,638,819,770,577,451,794,749","127,156,3,154,3,129,284,163,39,3",541
2831,107,"452,770,749,677,638,37,184,596,259,686","146,129,3,156,154,151,36,3,148,36",513
2347,107,"683,677,811,638,794,359,731,710,184,30","127,156,3,154,39,267,219,127,36,21",555
5507,107,"683,677,811,638,819,710,134,577,184,368","127,156,3,154,3,127,155,284,36,3",519
5195,107,"683,677,811,638,770,30,794,934,474,71","127,156,3,154,129,21,39,21,3,156",304
5544,107,"683,677,811,638,770,163,368,577,794,934","127,156,3,154,129,163,3,284,39,21",720
2914,107,"683,452,791,209,363,815,539,80,122,533","127,146,189,155,128,126,148,155,36,39",559
5496,107,"683,452,791,363,376,64,815,539,406,690","127,146,189,128,164,56,126,148,127,219",530
1138,107,"683,452,791,363,539,815,690,227,64,457","127,146,189,128,148,126,219,219,56,156",535
4419,107,"683,677,572,605,184,749,770,76,30,71","127,156,39,155,36,3,129,36,21,156",627
3276,107,"683,677,811,638,770,30,749,934,71,76","127,156,3,154,129,21,3,21,156,36",569
2918,107,"683,677,749,819,731,184,907,811,248,37","127,156,3,3,219,36,219,3,148,151",634
50,107,"683,677,30,731,770,259,934,474,71,76","127,156,21,219,129,148,21,3,156,36",304
1378,107,"683,452,791,209,867,363,539,457,396,406","127,146,189,155,155,128,148,156,267,127",588
1389,107,"683,452,791,363,539,815,690,376,674,227","127,146,189,128,148,126,219,164,146,219",618
4400,107,"683,677,572,731,605,749,819,30,76,500","127,156,39,219,155,3,3,21,36,155",654
565,107,"683,677,811,638,819,184,193,794,934,474","127,156,3,154,3,36,21,39,21,3",640
5627,107,"683,452,791,312,363,884,122,295,64,737","127,146,189,148,128,44,36,127,56,137",669
5456,107,"683,452,791,143,363,539,815,457,227,59","127,146,189,155,128,148,126,156,219,164",611
1362,107,"683,452,791,539,363,209,457,713,64,122","127,146,189,148,128,155,156,58,56,36",574
123,107,"683,677,811,638,819,770,749,30,184,259","127,156,3,154,3,129,3,21,36,148",466
3482,107,"683,452,383,629,770,376,6,363,674,690","127,146,189,148,129,164,148,128,146,219",547
1626,107,"683,770,731,451,749,184,368,638,794,819","127,129,219,163,3,36,3,154,39,3",540
6033,107,"683,452,884,466,867,406,432,199,461,184","127,146,44,42,155,127,44,155,155,36",661
5560,107,"683,452,791,312,363,457,80,539,209,396","127,146,189,148,128,156,155,148,155,267",616
4723,107,"683,452,383,629,770,376,6,690,190,122","127,146,189,148,129,164,148,219,163,164,36",498
1525,107,"683,452,867,791,122,629,457,349,406,539","127,146,155,189,36,148,156,127,127,148",600
3854,107,"683,677,811,638,819,770,577,794,451,184","127,156,3,154,3,129,284,39,163,36",544
184,107,"683,677,749,163,770,29,368,193,794,638","127,156,3,163,129,156,3,21,39,154",645
1025,107,"683,677,811,396,89,907,451,727,312,710","127,156,3,267,42,219,163,126,148,127",535
2100,107,"452,363,312,396,539,328,295,457,451,791","146,128,148,267,148,39,127,156,163,189",371
2034,107,"452,363,312,396,480,328,6,674,791,794","146,128,148,267,148,39,148,146,189,39",485
1554,107,"683,677,749,819,30,474,934,76,868,770","127,156,3,3,21,3,21,36,36,129",612
3938,107,"683,407,144,927,596,184,811,259,517,749","127,175,169,284,3,36,3,148,155,3",688
481,107,"683,452,383,690,539,813,815,710,406,508","127,146,189,219,148,154,126,127,127,219",463
3315,107,"683,677,749,163,193,474,868,794,453,184","127,156,3,163,21,3,36,39,33,36",541
966,107,"683,452,383,629,770,376,363,690,6,160","127,146,189,148,129,164,128,219,148,39",510
4238,107,"683,452,791,312,867,539,199,202,209,64","127,146,189,148,155,148,155,153,155,56",521
3693,107,"683,452,791,363,539,815,533,376,122,6","127,146,189,128,148,126,39,164,36,148",463
1674,107,"683,452,884,466,383,259,629,331,37,686","127,146,44,42,189,148,148,54,151,36",640
4328,107,"452,770,677,79,71,210,638,934,30,572","146,129,156,155,156,36,154,21,21,39",278
4352,107,"683,452,791,209,867,457,312,539,59,122","127,146,189,155,155,156,148,148,164,36",535
5529,107,"683,677,811,638,770,359,30,474,71,794","127,156,3,154,129,267,21,3,156,39",506
2677,107,"683,407,819,89,396,710,248,451,741,731","127,175,3,42,267,127,148,163,63,219",796
3486,107,"683,677,811,638,770,359,30,934,71,794","127,156,3,154,129,267,21,21,156,39",702
796,107,"683,677,749,184,770,555,438,193,71,495","127,156,3,36,129,33,3,21,156,156",635
2917,107,"683,677,749,184,731,134,646,383,259,37","127,156,3,36,219,155,155,189,148,151",519
2572,107,"683,677,811,638,770,30,934,71,76,794","127,156,3,154,129,21,21,156,36,39",275
4,107,"452,37,677,868,738,30,71,934,605,474","146,151,156,36,155,21,156,21,155,3",226
4277,107,"683,677,811,638,794,30,934,749,71,474","127,156,3,154,39,21,21,3,156,3",563
444,107,"683,677,811,396,731,907,577,184,638,588","127,156,3,267,219,219,284,36,154,155",526
6036,107,"683,677,572,731,749,210,76,37,184,30","127,156,39,219,3,36,36,151,36,21",493
2078,107,"683,677,749,819,731,184,76,770,577,710","127,156,3,3,219,36,36,129,284,127",516
2781,107,"683,452,791,312,363,564,199,295,64,539","127,146,189,148,128,114,155,127,56,148",555
1503,107,"683,677,749,819,30,474,71,868,453,824","127,156,3,3,21,3,156,36,33,127",553
2961,107,"683,677,749,819,731,184,76,417,555,438","127,156,3,3,219,36,36,165,33,3",678
2627,107,"407,144,500,495,596,572,824,800,523,210","175,169,155,156,3,39,127,156,21,36",689
1930,107,"683,677,572,731,605,749,819,517,76,184","127,156,39,219,155,3,3,155,36,36",471
2436,107,"452,184,749,572,79,677,417,555,71,453","146,36,3,39,155,156,165,33,156,33",300
4492,107,"683,677,811,638,770,577,710,184,731,134","127,156,3,154,129,284,127,36,219,155",531
4858,107,"683,677,572,731,500,749,184,811,359,646","127,156,39,219,155,3,36,3,267,155",594
1041,107,"683,677,749,819,30,474,71,824,210,868","127,156,3,3,21,3,156,127,36,36",669
987,107,"683,452,791,312,867,539,202,64,59,742","127,146,189,148,155,148,153,56,164,164",690
432,107,"683,452,383,629,770,376,6,690,563,749","127,146,189,148,129,164,148,219,154,3",507
6147,107,"683,677,811,638,770,359,30,474,749,934","127,156,3,154,129,267,21,3,3,21",576
870,107,"683,452,867,383,770,376,676,6,30,749","127,146,155,189,129,164,155,148,21,3",427
4088,107,"452,363,312,396,690,710,791,539,457,742","146,128,148,267,219,127,189,148,156,164",479
5126,107,"683,452,791,143,363,539,457,199,312,202","127,146,189,155,128,148,156,155,148,153",498
464,107,"683,677,811,638,819,710,184,577,368,770","127,156,3,154,3,127,36,284,3,129",608
4325,107,"683,677,811,396,731,922,451,248,911,312","127,156,3,267,219,154,163,148,154,148",571
2618,107,"683,677,811,396,89,577,638,731,290,605","127,156,3,267,42,284,154,219,3,155",586
4940,107,"683,677,811,638,819,770,37,749,934,79","127,156,3,154,3,129,151,3,21,155",601
1823,107,"683,677,749,819,30,605,210,71,76,495","127,156,3,3,21,155,36,156,36,156",612
1373,107,"452,363,837,717,130,312,65,737,811,396","146,128,63,195,63,148,163,137,3,267",469
2795,107,"683,677,749,819,30,474,71,868,453,79","127,156,3,3,21,3,156,36,33,155",510
5933,107,"683,677,572,749,770,79,819,605,71,868","127,156,39,3,129,155,3,155,156,36",448
1778,107,"683,677,811,638,819,770,577,451,794,710","127,156,3,154,3,129,284,163,39,127",563
4793,107,"683,407,89,248,396,710,577,163,794,749","127,175,42,148,267,127,284,163,39,3",667
2949,107,"683,677,749,184,770,421,819,794,30,474","127,156,3,36,129,195,3,39,21,3",600
1077,107,"683,677,811,731,89,577,134,638,37,657","127,156,3,219,42,284,155,154,151,56",290
3462,107,"683,677,572,749,770,819,934,794,868,331","127,156,39,3,129,3,21,39,36,54",539
2322,107,"683,677,572,749,163,794,770,193,184,451","127,156,39,3,163,39,129,21,36,163",693
199,107,"683,770,638,30,605,749,184,794,71,934","127,129,154,21,155,3,36,39,156,21",604
248,107,"683,452,867,383,770,331,259,749,934,376","127,146,155,189,129,54,148,3,21,164",612
4142,107,"683,677,811,638,819,710,451,461,312,727","127,156,3,154,3,127,163,155,148,126",464
4017,107,"683,452,867,383,813,376,539,791,690,742","127,146,155,189,154,164,148,189,219,164",519
767,107,"683,677,572,749,184,794,770,819,868,30","127,156,39,3,36,39,129,3,36,21",582
4698,107,"683,677,749,819,30,474,71,868,453,79","127,156,3,3,21,3,156,36,33,155",553
35,107,"683,452,791,143,363,539,815,533,122,742","127,146,189,155,128,148,126,39,36,164",620
2148,107,"683,677,749,184,770,421,819,368,794,907","127,156,3,36,129,195,3,3,39,219",520
4875,107,"683,677,572,731,500,749,819,30,474,934","127,156,39,219,155,3,3,21,3,21",423
5579,107,"683,452,791,363,539,815,457,406,59,64","127,146,189,128,148,126,156,127,164,56",585
5580,107,"683,677,811,396,89,577,638,184,823,37","127,156,3,267,42,284,154,36,220,151",608
1109,107,"683,677,811,638,794,30,359,749,934,596","127,156,3,154,39,21,267,3,21,3",555
6018,107,"452,184,193,572,71,638,342,495,523,210","146,36,21,39,156,154,163,156,21,36",312
2923,107,"683,677,811,396,89,907,451,727,312,710","127,156,3,267,42,219,163,126,148,127",669
1172,107,"683,677,749,819,30,474,71,868,453,79","127,156,3,3,21,3,156,36,33,155",506
714,107,"452,855,457,312,376,6,342,791,676,480","146,42,156,148,164,148,163,189,155,148",380
425,107,"683,677,30,731,770,259,638,76,934,71","127,156,21,219,129,148,154,36,21,156",304
5558,107,"683,452,383,629,690,417,770,376,791,577","127,146,189,148,219,165,129,164,189,284",561
3945,107,"683,452,791,867,363,564,64,122,638,227","127,146,189,155,128,114,56,36,154,219",582
730,107,"683,677,749,184,731,359,596,438,770,76","127,156,3,36,219,267,3,3,129,36",572
3475,107,"683,452,791,143,363,539,457,312,202,396","127,146,189,155,128,148,156,148,153,267",547
2062,107,"452,855,637,564,727,312,791,533,199,451","146,42,155,114,126,148,189,39,155,163",380
3456,107,"683,677,749,819,30,474,934,868,210,500","127,156,3,3,21,3,21,36,36,155",545
2726,107,"683,677,749,819,30,605,210,71,868,37","127,156,3,3,21,155,36,156,36,151",546
3852,107,"452,770,749,677,934,30,596,417,259,438","146,129,3,156,21,21,3,165,148,3",531
4540,108,"452,184,193,572,500,677,934,638,76,453","146,36,21,39,155,156,21,154,36,33",251
3507,108,"683,677,811,638,770,30,749,794,184,474","127,156,3,154,129,21,3,39,36,3",531
4932,108,"683,452,791,143,363,457,539,867,815,80","127,146,189,155,128,156,148,155,126,155",471
5784,108,"683,452,383,690,539,813,815,122,710,791","127,146,189,219,148,154,126,36,127,189",490
5424,108,"683,677,811,396,731,451,922,312,184,717","127,156,3,267,219,163,154,148,36,195",535
5481,108,"683,677,749,819,30,474,76,934,868,453","127,156,3,3,21,3,36,21,36,33",553
4511,108,"683,452,791,209,363,884,466,359,354,376","127,146,189,155,128,44,42,267,202,164",612
5430,108,"683,677,749,819,30,474,76,934,71,868","127,156,3,3,21,3,36,21,156,36",546
2873,108,"452,770,749,677,934,71,417,868,30,761","146,129,3,156,21,156,165,36,21,127",477
1235,108,"452,363,700,577,638,359,24,646,30,342","146,128,219,284,154,267,156,155,21,163",494
4355,108,"683,677,749,819,30,474,71,824,210,800","127,156,3,3,21,3,156,127,36,156",586
3184,108,"683,677,811,396,89,577,638,134,37,184","127,156,3,267,42,284,154,155,151,36",535
2179,108,"452,184,193,572,605,495,71,800,417,555","146,36,21,39,155,156,156,156,165,33",352
3210,108,"683,677,749,819,30,474,71,824,210,868","127,156,3,3,21,3,156,127,36,36",544
3735,108,"683,677,30,259,770,934,79,71,495,824","127,156,21,148,129,21,155,156,156,127",289
4486,108,"683,677,811,638,770,30,184,934,749,794","127,156,3,154,129,21,36,21,3,39",519
574,108,"683,677,572,731,500,749,819,30,474,76","127,156,39,219,155,3,3,21,3,36",483
633,108,"683,452,383,629,770,376,363,791,674,295","127,146,189,148,129,164,128,189,146,127",508
1133,108,"452,184,383,451,791,742,614,539,911,312","146,36,189,163,189,164,3,148,154,148",361
5148,108,"683,452,791,312,539,64,59,396,911,457","127,146,189,148,148,56,164,267,154,156",556
64,108,"683,677,811,451,89,184,3,922,248,134","127,156,3,163,42,36,155,154,148,155",494
5501,108,"683,677,572,731,500,749,819,30,474,934","127,156,39,219,155,3,3,21,3,21",463
1584,108,"452,363,312,539,202,59,457,742,911,349","146,128,148,148,153,164,156,164,154,127",413
729,108,"452,248,457,312,376,791,122,533,742,480","146,148,156,148,164,189,36,39,164,148",346
3759,108,"683,677,572,731,605,588,824,495,365,210","127,156,39,219,155,155,127,156,42,36",437
3009,108,"452,770,749,638,37,596,677,259,184,193","146,129,3,154,151,3,156,148,36,21",516
4554,108,"683,677,749,819,30,474,76,934,605,868","127,156,3,3,21,3,36,21,155,36",569
2626,108,"683,677,811,396,89,577,638,731,290,605","127,156,3,267,42,284,154,219,3,155",628
2261,108,"683,452,791,363,539,815,457,122,199,312","127,146,189,128,148,126,156,36,155,148",641
3610,108,"683,770,731,134,577,184,451,749,421,76","127,129,219,155,284,36,163,3,195,36",600
5528,108,"683,677,749,819,731,184,76,417,474,284","127,156,3,3,219,36,36,165,3,165",553
5711,108,"683,677,749,819,731,811,163,76,474,453","127,156,3,3,219,3,163,36,3,33",553
2930,108,"452,770,184,934,376,794,564,421,193,677","146,129,36,21,164,39,114,195,21,156",293
145,108,"683,677,572,605,517,749,184,770,76,30","127,156,39,155,155,3,36,129,36,21",500
5860,108,"452,248,312,539,202,59,836,791,65,529","146,148,148,148,153,164,39,189,163,155",354
5493,108,"683,677,811,638,770,30,749,605,76,934","127,156,3,154,129,21,3,155,36,21",544
1509,108,"683,407,500,605,144,596,572,517,359,731","127,175,155,155,169,3,39,155,267,219",594
3202,108,"683,867,791,312,539,741,349,713,64,742","127,155,189,148,148,63,127,58,56,164",669
541,108,"683,452,383,629,770,376,6,363,690,122","127,146,189,148,129,164,148,128,219,36",528
1595,108,"452,770,577,710,331,184,193,438,259,461","146,129,284,127,54,36,21,3,148,155",500
4837,108,"683,452,383,690,539,791,815,406,457,64","127,146,189,219,148,189,126,127,156,56",464
5610,108,"683,452,884,466,927,383,508,417,37,184","127,146,44,42,284,189,219,165,151,36",653
66,108,"683,452,884,690,122,867,791,629,674,376","127,146,44,219,36,155,189,148,146,164",653
4215,108,"683,677,572,749,184,794,770,934,453,368","127,156,39,3,36,39,129,21,33,3",415
5436,108,"683,452,867,791,690,143,629,199,376,674","127,146,155,189,219,155,148,155,164,146",547
2737,108,"683,452,383,629,770,376,363,690,674,6","127,146,189,148,129,164,128,219,146,148",535
573,108,"452,770,184,451,927,710,638,438,794,76","146,129,36,163,284,127,154,3,39,36",547
1670,108,"683,677,749,163,770,29,368,193,794,474","127,156,3,163,129,156,3,21,39,3",644
5744,108,"683,677,749,819,731,184,76,417,555,30","127,156,3,3,219,36,36,165,33,21",586
1223,108,"452,184,193,677,749,794,738,638,417,868","146,36,21,156,3,39,155,154,165,36",400
2837,108,"683,677,572,731,749,210,824,365,495,76","127,156,39,219,3,36,127,42,156,36",538
5167,108,"683,677,811,396,731,922,312,451,577,710","127,156,3,267,219,154,148,163,284,127",557
1374,108,"683,677,749,819,30,605,79,76,474,934","127,156,3,3,21,155,155,36,3,21",553
2938,108,"683,677,811,396,731,922,451,248,111,911","127,156,3,267,219,154,163,148,155,154",535
4883,108,"683,677,572,731,605,749,421,184,30,638","127,156,39,219,155,3,195,36,21,154",531
1715,108,"452,770,677,79,30,71,738,934,761,474","146,129,156,155,21,156,155,21,127,3",378
1563,108,"683,677,749,819,30,474,71,500,824,495","127,156,3,3,21,3,156,155,127,156",519
3981,108,"683,452,383,690,539,143,791,742,64,457","127,146,189,219,148,155,189,164,56,156",520
1993,108,"683,452,791,312,363,457,539,396,815,911","127,146,189,148,128,156,148,267,126,154",540
4228,108,"683,677,572,731,749,210,824,365,495,76","127,156,39,219,3,36,127,42,156,36",549
3557,108,"683,677,811,638,770,577,794,710,76,717","127,156,3,154,129,284,39,127,36,195",304
449,108,"683,677,572,731,749,76,811,184,421,596","127,156,39,219,3,36,3,36,195,3",541
944,108,"452,770,749,677,934,605,210,824,495,161","146,129,3,156,21,155,36,127,156,156",447
3243,108,"683,677,811,638,794,30,605,934,71,76","127,156,3,154,39,21,155,21,156,36",553
889,108,"683,677,811,396,89,577,638,184,823,37","127,156,3,267,42,284,154,36,220,151",519
3540,108,"683,677,811,638,819,770,577,451,134,749","127,156,3,154,3,129,284,163,155,3",553
4748,108,"452,770,749,677,934,71,500,417,868,761","146,129,3,156,21,156,155,165,36,127",521
3532,108,"683,677,749,184,770,421,819,368,794,934","127,156,3,36,129,195,3,3,39,21",528
1764,108,"683,677,811,638,819,710,451,577,184,770","127,156,3,154,3,127,163,284,36,129",541
1614,108,"683,677,749,819,30,474,934,868,453,210","127,156,3,3,21,3,21,36,33,36",571
5452,108,"683,677,811,638,819,710,184,451,577,337","127,156,3,154,3,127,36,163,284,155",519
5139,108,"683,677,811,638,770,30,749,934,71,76","127,156,3,154,129,21,3,21,156,36",472
2840,108,"452,184,193,934,79,749,677,794,563,638","146,36,21,21,155,3,156,39,154,154",355
2905,108,"683,677,811,396,89,451,731,248,134,312","127,156,3,267,42,163,219,148,155,148",628
1294,108,"683,677,572,731,749,210,517,76,184,30","127,156,39,219,3,36,155,36,36,21",570
2101,108,"683,452,791,363,376,64,354,815,539,227","127,146,189,128,164,56,202,126,148,219",574
5250,108,"452,248,637,312,539,202,59,457,825,742","146,148,155,148,148,153,164,156,148,164",338
2710,108,"683,452,791,312,539,209,202,396,457,199","127,146,189,148,148,155,153,267,156,155",520
3446,108,"683,677,811,638,770,30,749,794,474,184","127,156,3,154,129,21,3,39,3,36",519
1057,108,"683,452,383,690,376,629,770,577,794,564","127,146,189,219,164,148,129,284,39,114",543
185,108,"683,791,466,539,406,199,457,64,143,122","127,189,42,148,127,155,156,56,155,36",720
622,108,"683,452,791,312,363,867,209,457,539,815","127,146,189,148,128,155,155,156,148,126",535
2367,108,"452,363,791,312,65,178,614,50,742,202","146,128,189,148,163,155,3,154,164,153",398
5110,108,"452,855,457,312,376,791,143,6,727,813","146,42,156,148,164,189,155,148,126,154",349
5210,108,"683,677,749,184,770,421,819,794,474,555","127,156,3,36,129,195,3,39,3,33",523
2654,108,"683,452,791,363,539,815,457,227,59,122","127,146,189,128,148,126,156,219,164,36",541
5074,108,"683,677,749,819,30,605,79,76,474,934","127,156,3,3,21,155,155,36,3,21",553
4457,108,"683,677,811,396,731,922,312,741,248,451","127,156,3,267,219,154,148,63,148,163",690
1462,108,"683,677,749,819,30,474,934,76,868,770","127,156,3,3,21,3,21,36,36,129",554
1213,108,"683,677,572,749,819,934,474,868,30,76","127,156,39,3,3,21,3,36,21,36",644
1506,108,"466,638,819,770,368,363,376,421,749,596","42,154,3,129,3,128,164,195,3,3",388
1010,108,"452,749,677,37,934,638,572,523,824,438","146,3,156,151,21,154,39,21,127,3",270
1760,108,"683,677,811,638,819,710,451,907,727,577","127,156,3,154,3,127,163,219,126,284",600
1298,108,"452,363,312,867,199,457,248,742,202,59","146,128,148,155,155,156,148,164,153,164",430
3549,108,"683,791,539,143,742,363,884,466,638,461","127,189,148,155,164,128,44,42,154,155",633
5694,108,"683,677,811,396,89,451,731,421,312,710","127,156,3,267,42,163,219,195,148,127",606
3791,108,"683,452,466,376,629,563,6,770,638,37","127,146,42,164,148,154,148,129,154,151",639
4216,108,"683,677,749,819,30,474,934,868,453,184","127,156,3,3,21,3,21,36,33,36",553
1837,108,"683,677,811,638,770,30,184,259,749,596","127,156,3,154,129,21,36,148,3,3",499
2380,108,"683,452,791,209,867,363,539,815,457,227","127,146,189,155,155,128,148,126,156,219",535
2786,108,"683,677,572,731,605,824,495,365,210,523","127,156,39,219,155,127,156,42,36,21",691
3513,108,"452,770,184,934,193,563,794,438,474,368","146,129,36,21,21,154,39,3,3,3",523
3166,108,"683,677,749,163,193,474,794,76,453,934","127,156,3,163,21,3,39,36,33,21",472
111,108,"683,677,811,638,770,359,30,474,749,934","127,156,3,154,129,267,21,3,3,21",598
4671,108,"683,677,749,819,30,474,934,605,76,868","127,156,3,3,21,3,21,155,36,36",553
1507,108,"683,452,383,690,331,770,376,791,451,295","127,146,189,219,54,129,164,189,163,127",634
3266,108,"683,452,791,363,539,815,690,227,64,457","127,146,189,128,148,126,219,219,56,156",579
3187,108,"452,184,193,677,596,934,438,794,676,749","146,36,21,156,3,21,3,39,155,3",374
5211,108,"683,677,811,638,819,770,577,451,794,749","127,156,3,154,3,129,284,163,39,3",541
2831,108,"452,770,749,677,638,37,184,596,259,686","146,129,3,156,154,151,36,3,148,36",513
2347,108,"683,677,811,638,794,359,731,710,184,676","127,156,3,154,39,267,219,127,36,155",555
5507,108,"683,677,811,638,819,710,184,577,368,770","127,156,3,154,3,127,36,284,3,129",519
5195,108,"683,677,811,638,770,30,794,934,474,605","127,156,3,154,129,21,39,21,3,155",304
5544,108,"683,677,811,638,770,163,368,577,794,934","127,156,3,154,129,163,3,284,39,21",720
2914,108,"683,452,791,143,363,539,815,457,396,406","127,146,189,155,128,148,126,156,267,127",559
5496,108,"683,452,791,363,376,64,815,539,406,690","127,146,189,128,164,56,126,148,127,219",530
1138,108,"683,452,791,209,363,815,539,690,227,80","127,146,189,155,128,126,148,219,219,155",535
4419,108,"683,677,572,605,517,749,184,770,76,30","127,156,39,155,155,3,36,129,36,21",627
3276,108,"683,677,811,638,770,30,749,934,71,76","127,156,3,154,129,21,3,21,156,36",569
2918,108,"683,677,749,819,731,184,3,811,248,37","127,156,3,3,219,36,155,3,148,151",634
50,108,"683,677,30,731,770,259,934,474,71,76","127,156,21,219,129,148,21,3,156,36",304
1378,108,"683,452,791,209,363,539,457,312,202,396","127,146,189,155,128,148,156,148,153,267",588
1389,108,"683,452,791,363,539,815,690,376,674,227","127,146,189,128,148,126,219,164,146,219",618
4400,108,"683,677,572,731,500,749,819,30,474,76","127,156,39,219,155,3,3,21,3,36",654
565,108,"683,677,811,638,819,184,193,794,934,474","127,156,3,154,3,36,21,39,21,3",640
5627,108,"683,452,791,312,363,884,122,295,199,227","127,146,189,148,128,44,36,127,155,219",669
5456,108,"683,452,791,363,539,815,457,227,59,64","127,146,189,128,148,126,156,219,164,56",611
1362,108,"683,452,791,199,363,539,143,209,457,122","127,146,189,155,128,148,155,155,156,36",574
123,108,"683,677,811,638,819,770,749,30,184,259","127,156,3,154,3,129,3,21,36,148",466
3482,108,"683,452,383,629,770,376,6,363,674,690","127,146,189,148,129,164,148,128,146,219",547
1626,108,"683,770,731,134,451,819,710,184,794,577","127,129,219,155,163,3,127,36,39,284",540
6033,108,"683,452,884,466,927,629,813,383,199,354","127,146,44,42,284,148,154,189,155,202",661
5560,108,"683,452,791,312,363,457,539,742,202,59","127,146,189,148,128,156,148,164,153,164",616
4723,108,"683,452,383,629,770,376,6,690,190,122","127,146,189,148,129,164,148,219,163,164,36",498
1525,108,"683,452,383,690,539,199,791,64,742,457","127,146,189,219,148,155,189,56,164,156",600
3854,108,"683,677,811,638,819,770,577,794,451,184","127,156,3,154,3,129,284,39,163,36",544
184,108,"683,677,749,163,770,29,368,193,794,638","127,156,3,163,129,156,3,21,39,154",645
1025,108,"683,677,811,396,89,907,451,727,312,710","127,156,3,267,42,219,163,126,148,127",535
2100,108,"452,363,312,396,539,328,295,457,451,791","146,128,148,267,148,39,127,156,163,189",371
2034,108,"452,363,312,396,480,328,6,674,791,794","146,128,148,267,148,39,148,146,189,39",485
1554,108,"683,677,749,819,30,474,934,76,868,770","127,156,3,3,21,3,21,36,36,129",612
3938,108,"683,407,500,605,824,144,927,596,495,572","127,175,155,155,127,169,284,3,156,39",688
481,108,"683,452,867,383,813,770,376,690,539,791","127,146,155,189,154,129,164,219,148,189",463
3315,108,"683,677,749,163,193,474,868,794,453,184","127,156,3,163,21,3,36,39,33,36",541
966,108,"683,452,383,629,770,376,363,690,6,160","127,146,189,148,129,164,128,219,148,39",510
4238,108,"683,452,791,312,539,202,59,396,64,911","127,146,189,148,148,153,164,267,56,154",521
3693,108,"683,452,791,363,539,815,533,80,457,376","127,146,189,128,148,126,39,155,156,164",463
1674,108,"683,452,884,466,867,259,383,37,331,686","127,146,44,42,155,148,189,151,54,36",640
4328,108,"452,770,677,71,605,638,934,761,474,572","146,129,156,156,155,154,21,127,3,39",278
4352,108,"683,452,791,143,867,199,363,457,539,227","127,146,189,155,155,155,128,156,148,219",535
5529,108,"683,677,811,638,770,359,30,474,605,71","127,156,3,154,129,267,21,3,155,156",506
2677,108,"683,407,819,89,396,710,248,451,741,731","127,175,3,42,267,127,148,163,63,219",796
3486,108,"683,677,811,638,770,359,30,605,71,500","127,156,3,154,129,267,21,155,156,155",702
796,108,"683,677,749,184,770,555,438,193,71,495","127,156,3,36,129,33,3,21,156,156",635
2917,108,"683,677,749,184,731,383,646,259,337,421","127,156,3,36,219,189,155,148,155,195",519
2572,108,"683,677,811,638,770,30,934,71,605,495","127,156,3,154,129,21,21,156,155,156",275
4,108,"452,37,677,868,30,79,934,474,76,761","146,151,156,36,21,155,21,3,36,127",226
4277,108,"683,677,811,638,794,30,605,934,749,184","127,156,3,154,39,21,155,21,3,36",563
444,108,"683,677,811,396,731,907,577,184,638,572","127,156,3,267,219,219,284,36,154,39",526
6036,108,"683,677,572,731,749,210,517,76,184,30","127,156,39,219,3,36,155,36,36,21",493
2078,108,"683,677,749,819,731,184,76,770,577,710","127,156,3,3,219,36,36,129,284,127",516
2781,108,"683,452,791,312,363,564,199,295,64,539","127,146,189,148,128,114,155,127,56,148",555
1503,108,"683,677,749,819,30,474,71,868,453,824","127,156,3,3,21,3,156,36,33,127",553
2961,108,"683,677,749,819,731,184,76,500,770,30","127,156,3,3,219,36,36,155,129,21",678
2627,108,"407,144,596,572,824,495,800,934,210,523","175,169,3,39,127,156,156,21,36,21",689
1930,108,"683,677,572,731,749,588,210,76,37,638","127,156,39,219,3,155,36,36,151,154",471
2436,108,"452,184,749,572,417,210,523,495,555,71","146,36,3,39,165,36,21,156,33,156",300
4492,108,"683,677,811,638,770,577,710,184,731,134","127,156,3,154,129,284,127,36,219,155",531
4858,108,"683,677,572,731,749,76,811,184,134,383","127,156,39,219,3,36,3,36,155,189",594
1041,108,"683,677,749,819,30,605,210,824,71,588","127,156,3,3,21,155,36,127,156,155",669
987,108,"683,452,791,312,539,59,202,64,742,406","127,146,189,148,148,164,153,56,164,127",690
432,108,"683,452,383,629,770,376,6,676,690,657","127,146,189,148,129,164,148,155,219,56",507
6147,108,"683,677,811,638,770,359,30,474,749,934","127,156,3,154,129,267,21,3,3,21",576
870,108,"683,452,867,383,770,376,563,6,30,749","127,146,155,189,129,164,154,148,21,3",427
4088,108,"452,363,312,396,690,710,791,539,457,742","146,128,148,267,219,127,189,148,156,164",479
5126,108,"683,452,791,143,363,539,457,312,202,742","127,146,189,155,128,148,156,148,153,164",498
464,108,"683,677,811,638,819,710,184,577,368,770","127,156,3,154,3,127,36,284,3,129",608
4325,108,"683,677,811,396,731,922,451,248,111,911","127,156,3,267,219,154,163,148,155,154",571
2618,108,"683,677,811,396,89,577,638,731,500,824","127,156,3,267,42,284,154,219,155,127",586
4940,108,"683,677,811,638,819,770,37,749,934,474","127,156,3,154,3,129,151,3,21,3",601
1823,108,"683,677,749,819,30,474,71,79,824,868","127,156,3,3,21,3,156,155,127,36",612
1373,108,"452,363,837,637,130,737,717,65,24,638","146,128,63,155,63,137,195,163,156,154",469
2795,108,"683,677,749,819,30,474,71,868,453,824","127,156,3,3,21,3,156,36,33,127",510
5933,108,"683,677,572,749,770,30,184,474,819,868","127,156,39,3,129,21,36,3,3,36",448
1778,108,"683,677,811,638,819,770,577,451,134,749","127,156,3,154,3,129,284,163,155,3",563
4793,108,"683,407,89,248,396,710,577,163,794,749","127,175,42,148,267,127,284,163,39,3",667
2949,108,"683,677,749,184,770,421,819,794,30,474","127,156,3,36,129,195,3,39,21,3",600
1077,108,"683,677,811,731,89,577,823,638,37,907","127,156,3,219,42,284,220,154,151,219",290
3462,108,"683,677,572,749,770,819,934,794,868,331","127,156,39,3,129,3,21,39,36,54",539
2322,108,"683,677,572,749,163,794,770,193,184,451","127,156,39,3,163,39,129,21,36,163",693
199,108,"683,770,638,30,605,749,184,794,738,71","127,129,154,21,155,3,36,39,155,156",604
248,108,"683,452,867,383,770,331,259,749,934,376","127,146,155,189,129,54,148,3,21,164",612
4142,108,"683,677,811,638,819,710,451,421,791,727","127,156,3,154,3,127,163,195,189,126",464
4017,108,"683,452,867,383,813,199,539,791,742,690","127,146,155,189,154,155,148,189,164,219",519
767,108,"683,677,572,749,184,794,770,819,868,30","127,156,39,3,36,39,129,3,36,21",582
4698,108,"683,677,749,819,30,474,71,868,453,824","127,156,3,3,21,3,156,36,33,127",553
35,108,"683,452,791,209,363,539,457,815,533,406","127,146,189,155,128,148,156,126,39,127",620
2148,108,"683,677,749,184,770,676,907,811,517,421","127,156,3,36,129,155,219,3,155,195",520
4875,108,"683,677,572,731,500,749,819,30,474,934","127,156,39,219,155,3,3,21,3,21",423
5579,108,"683,452,791,143,363,457,539,815,80,199","127,146,189,155,128,156,148,126,155,155",585
5580,108,"683,677,811,396,89,577,638,184,823,37","127,156,3,267,42,284,154,36,220,151",608
1109,108,"683,677,811,638,794,30,359,749,934,596","127,156,3,154,39,21,267,3,21,3",555
6018,108,"452,184,193,572,500,495,588,523,161,210","146,36,21,39,155,156,155,21,156,36",312
2923,108,"683,677,811,396,89,907,451,727,312,710","127,156,3,267,42,219,163,126,148,127",669
1172,108,"683,677,749,819,30,474,71,868,453,79","127,156,3,3,21,3,156,36,33,155",506
714,108,"452,855,457,312,637,727,813,199,791,342","146,42,156,148,155,126,154,155,189,163",380
425,108,"683,677,30,731,770,259,638,76,934,79","127,156,21,219,129,148,154,36,21,155",304
5558,108,"683,452,383,629,690,417,770,376,791,577","127,146,189,148,219,165,129,164,189,284",561
3945,108,"683,452,791,209,363,376,564,629,690,6","127,146,189,155,128,164,114,148,219,148",582
730,108,"683,677,749,184,731,359,646,596,438,770","127,156,3,36,219,267,155,3,3,129",572
3475,108,"683,452,791,209,867,457,406,312,539,202","127,146,189,155,155,156,127,148,148,153",547
2062,108,"452,855,533,312,717,451,65,134,248,791","146,42,39,148,195,163,163,155,148,189",380
3456,108,"683,677,749,819,30,474,934,605,210,824","127,156,3,3,21,3,21,155,36,127",545
2726,108,"683,677,749,819,30,474,76,934,500,770","127,156,3,3,21,3,36,21,155,129",546
3852,108,"452,770,749,677,934,30,596,417,259,438","146,129,3,156,21,21,3,165,148,3",531
4540,109,"452,184,193,572,500,677,934,638,76,453","146,36,21,39,155,156,21,154,36,33",251
3507,109,"683,677,811,638,770,30,749,794,184,474","127,156,3,154,129,21,3,39,36,3",531
4932,109,"683,452,791,143,363,457,539,867,815,533","127,146,189,155,128,156,148,155,126,39",471
5784,109,"683,452,383,690,539,813,143,791,122,227","127,146,189,219,148,154,155,189,36,219",490
5424,109,"683,677,811,396,731,451,922,312,184,337","127,156,3,267,219,163,154,148,36,155",535
5481,109,"683,677,749,819,30,474,76,934,868,453","127,156,3,3,21,3,36,21,36,33",553
4511,109,"683,452,791,363,884,466,359,700,354,517","127,146,189,128,44,42,267,219,202,155",612
5430,109,"683,677,749,819,30,474,76,934,71,868","127,156,3,3,21,3,36,21,156,36",546
2873,109,"452,770,749,677,79,605,210,37,71,417","146,129,3,156,155,155,36,151,156,165",477
1235,109,"452,363,700,134,359,731,837,791,24,638","146,128,219,155,267,219,63,189,156,154",494
4355,109,"683,677,749,819,30,474,71,79,824,800","127,156,3,3,21,3,156,155,127,156",586
3184,109,"683,677,811,396,89,577,638,184,731,451","127,156,3,267,42,284,154,36,219,163",535
2179,109,"452,184,193,572,417,71,79,555,749,210","146,36,21,39,165,156,155,33,3,36",352
3210,109,"683,677,749,819,30,605,210,824,71,495","127,156,3,3,21,155,36,127,156,156",544
3735,109,"683,677,30,259,770,934,79,71,495,824","127,156,21,148,129,21,155,156,156,127",289
4486,109,"683,677,811,638,770,30,184,934,749,794","127,156,3,154,129,21,36,21,3,39",519
574,109,"683,677,572,731,749,210,824,453,811,438","127,156,39,219,3,36,127,33,3,3",483
633,109,"683,452,383,629,770,376,363,791,674,209","127,146,189,148,129,164,128,189,146,155",508
1133,109,"452,184,383,451,791,178,742,614,539,911","146,36,189,163,189,155,164,3,148,154",361
5148,109,"683,452,791,312,539,64,59,396,911,457","127,146,189,148,148,56,164,267,154,156",556
64,109,"683,677,811,451,89,184,3,922,248,37","127,156,3,163,42,36,155,154,148,151",494
5501,109,"683,677,572,731,749,210,824,453,79,474","127,156,39,219,3,36,127,33,155,3",463
1584,109,"452,363,312,539,202,59,209,742,457,911","146,128,148,148,153,164,155,164,156,154",413
729,109,"452,248,457,312,376,791,122,533,742,480","146,148,156,148,164,189,36,39,164,148",346
3759,109,"683,677,572,731,500,824,495,365,800,210","127,156,39,219,155,127,156,42,156,36",437
3009,109,"452,770,749,638,37,596,677,259,184,193","146,129,3,154,151,3,156,148,36,21",516
4554,109,"683,677,749,819,30,474,76,934,605,868","127,156,3,3,21,3,36,21,155,36",569
2626,109,"683,677,811,396,89,577,638,731,290,76","127,156,3,267,42,284,154,219,3,36",628
2261,109,"683,452,791,209,363,815,539,867,457,59","127,146,189,155,128,126,148,155,156,164",641
3610,109,"683,770,731,451,749,184,421,359,163,3","127,129,219,163,3,36,195,267,163,155",600
5528,109,"683,677,749,819,731,184,76,605,210,824","127,156,3,3,219,36,36,155,36,127",553
5711,109,"683,677,749,819,731,517,30,184,76,474","127,156,3,3,219,155,21,36,36,3",553
2930,109,"452,770,184,934,376,794,564,461,421,193","146,129,36,21,164,39,114,155,195,21",293
145,109,"683,677,572,500,605,800,811,421,637,438","127,156,39,155,155,156,3,195,155,3",500
5860,109,"452,248,312,539,202,59,836,791,65,614","146,148,148,148,153,164,39,189,163,3",354
5493,109,"683,677,811,638,770,30,749,605,76,934","127,156,3,154,129,21,3,155,36,21",544
1509,109,"683,407,588,144,605,517,731,37,596,749","127,175,155,169,155,155,219,151,3,3",594
3202,109,"683,791,539,64,312,209,741,349,202,713","127,189,148,56,148,155,63,127,153,58",669
541,109,"683,452,383,629,770,376,6,363,690,122","127,146,189,148,129,164,148,128,219,36",528
1595,109,"452,770,577,710,331,184,193,438,259,461","146,129,284,127,54,36,21,3,148,155",500
4837,109,"683,452,867,791,690,406,815,539,457,199","127,146,155,189,219,127,126,148,156,155",464
5610,109,"683,452,884,466,927,383,508,417,37,184","127,146,44,42,284,189,219,165,151,36",653
66,109,"683,452,884,690,122,581,209,376,227,791","127,146,44,219,36,146,155,164,219,189",653
4215,109,"683,677,572,749,184,794,770,934,453,368","127,156,39,3,36,39,129,21,33,3",415
5436,109,"683,452,383,629,690,417,770,376,577,363","127,146,189,148,219,165,129,164,284,128",547
2737,109,"683,452,867,791,690,342,629,674,376,383","127,146,155,189,219,163,148,146,164,189",535
573,109,"452,770,184,451,927,710,638,438,794,646","146,129,36,163,284,127,154,3,39,155",547
1670,109,"683,677,749,163,770,29,368,193,794,474","127,156,3,163,129,156,3,21,39,3",644
5744,109,"683,677,749,819,731,184,76,417,555,30","127,156,3,3,219,36,36,165,33,21",586
1223,109,"452,184,193,677,749,794,30,596,417,474","146,36,21,156,3,39,21,3,165,3",400
2837,109,"683,677,572,731,749,588,71,800,495,30","127,156,39,219,3,155,156,156,156,21",538
5167,109,"683,677,811,396,731,922,312,451,577,710","127,156,3,267,219,154,148,163,284,127",557
1374,109,"683,677,749,819,30,474,71,79,417,868","127,156,3,3,21,3,156,155,165,36",553
2938,109,"683,677,811,396,731,922,451,248,911,312","127,156,3,267,219,154,163,148,154,148",535
4883,109,"683,677,572,731,749,76,811,646,184,30","127,156,39,219,3,36,3,155,36,21",531
1715,109,"452,770,677,79,30,71,605,638,794,184","146,129,156,155,21,156,155,154,39,36",378
1563,109,"683,677,749,819,30,474,71,79,824,800","127,156,3,3,21,3,156,155,127,156",519
3981,109,"683,452,383,690,539,791,742,64,457,815","127,146,189,219,148,189,164,56,156,126",520
1993,109,"683,452,791,312,363,457,539,396,815,911","127,146,189,148,128,156,148,267,126,154",540
4228,109,"683,677,572,731,500,749,819,30,474,76","127,156,39,219,155,3,3,21,3,36",549
3557,109,"683,677,811,638,770,577,794,517,30,934","127,156,3,154,129,284,39,155,21,21",304
449,109,"683,677,572,731,749,76,811,184,421,596","127,156,39,219,3,36,3,36,195,3",541
944,109,"452,770,749,677,934,71,417,761,210,824","146,129,3,156,21,156,165,127,36,127",447
3243,109,"683,677,811,638,794,30,934,749,76,474","127,156,3,154,39,21,21,3,36,3",553
889,109,"683,677,811,396,89,577,638,184,823,37","127,156,3,267,42,284,154,36,220,151",519
3540,109,"683,677,811,638,819,770,577,451,134,749","127,156,3,154,3,129,284,163,155,3",553
4748,109,"452,770,749,677,934,71,500,417,868,761","146,129,3,156,21,156,155,165,36,127",521
3532,109,"683,677,749,184,770,421,819,368,794,934","127,156,3,36,129,195,3,3,39,21",528
1764,109,"683,677,811,638,819,710,451,461,184,770","127,156,3,154,3,127,163,155,36,129",541
1614,109,"683,677,749,819,30,474,934,868,453,210","127,156,3,3,21,3,21,36,33,36",571
5452,109,"683,677,811,638,819,710,134,577,184,451","127,156,3,154,3,127,155,284,36,163",519
5139,109,"683,677,811,638,770,30,749,934,71,76","127,156,3,154,129,21,3,21,156,36",472
2840,109,"452,184,193,934,749,605,417,677,638,342","146,36,21,21,3,155,165,156,154,163",355
2905,109,"683,677,811,396,89,451,3,731,134,248","127,156,3,267,42,163,155,219,155,148",628
1294,109,"683,677,572,731,749,210,76,37,184,30","127,156,39,219,3,36,36,151,36,21",570
2101,109,"683,452,791,867,363,637,227,64,122,376","127,146,189,155,128,155,219,56,36,164",574
5250,109,"452,248,312,539,202,59,209,742,911,825","146,148,148,148,153,164,155,164,154,148",338
2710,109,"683,452,791,312,539,202,64,396,457,59","127,146,189,148,148,153,56,267,156,164",520
3446,109,"683,677,811,638,770,30,749,794,474,184","127,156,3,154,129,21,3,39,3,36",519
1057,109,"683,452,383,690,376,629,770,577,794,564","127,146,189,219,164,148,129,284,39,114",543
185,109,"683,791,466,539,406,122,457,443,815,629","127,189,42,148,127,36,156,176,126,148",720
622,109,"683,452,791,312,363,867,457,539,815,396","127,146,189,148,128,155,156,148,126,267",535
2367,109,"452,363,791,312,65,614,742,50,202,811","146,128,189,148,163,3,164,154,153,3",398
5110,109,"452,855,457,312,376,791,6,727,813,65","146,42,156,148,164,189,148,126,154,163",349
5210,109,"683,677,749,184,770,421,819,794,474,555","127,156,3,36,129,195,3,39,3,33",523
2654,109,"683,452,791,363,539,815,457,227,59,122","127,146,189,128,148,126,156,219,164,36",541
5074,109,"683,677,749,819,30,474,71,868,453,824","127,156,3,3,21,3,156,36,33,127",553
4457,109,"683,677,811,396,731,922,312,741,248,451","127,156,3,267,219,154,148,63,148,163",690
1462,109,"683,677,749,819,30,474,934,76,868,770","127,156,3,3,21,3,21,36,36,129",554
1213,109,"683,677,572,749,819,934,79,605,868,474","127,156,39,3,3,21,155,155,36,3",644
1506,109,"466,638,819,770,368,363,676,749,134,193","42,154,3,129,3,128,155,3,155,21",388
1010,109,"452,749,677,37,934,638,572,588,523,71","146,3,156,151,21,154,39,155,21,156",270
1760,109,"683,677,811,638,819,710,451,907,727,577","127,156,3,154,3,127,163,219,126,284",600
1298,109,"452,363,312,457,539,815,791,59,209,742","146,128,148,156,148,126,189,164,155,164",430
3549,109,"683,791,539,199,884,466,638,461,770,376","127,189,148,155,44,42,154,155,129,164",633
5694,109,"683,677,811,396,89,451,731,421,312,710","127,156,3,267,42,163,219,195,148,127",606
3791,109,"683,452,466,376,629,563,6,770,638,37","127,146,42,164,148,154,148,129,154,151",639
4216,109,"683,677,749,819,30,474,934,868,453,184","127,156,3,3,21,3,21,36,33,36",553
1837,109,"683,677,811,638,770,30,184,259,749,596","127,156,3,154,129,21,36,148,3,3",499
2380,109,"683,452,791,209,363,539,457,815,227,59","127,146,189,155,128,148,156,126,219,164",535
2786,109,"683,677,572,731,605,824,495,365,210,523","127,156,39,219,155,127,156,42,36,21",691
3513,109,"452,770,184,934,193,563,794,438,474,368","146,129,36,21,21,154,39,3,3,3",523
3166,109,"683,677,749,163,193,474,794,76,453,934","127,156,3,163,21,3,39,36,33,21",472
111,109,"683,677,811,638,770,359,30,474,749,605","127,156,3,154,129,267,21,3,3,155",598
4671,109,"683,677,749,819,30,474,934,868,453,210","127,156,3,3,21,3,21,36,33,36",553
1507,109,"683,452,383,690,331,770,376,791,451,295","127,146,189,219,54,129,164,189,163,127",634
3266,109,"683,452,791,143,209,312,363,457,815,690","127,146,189,155,155,148,128,156,126,219",579
3187,109,"452,184,193,677,596,934,438,794,563,638","146,36,21,156,3,21,3,39,154,154",374
5211,109,"683,677,811,638,819,770,577,451,794,749","127,156,3,154,3,129,284,163,39,3",541
2831,109,"452,770,749,677,638,37,184,596,259,686","146,129,3,156,154,151,36,3,148,36",513
2347,109,"683,677,811,638,794,359,731,710,184,676","127,156,3,154,39,267,219,127,36,155",555
5507,109,"683,677,811,638,819,710,184,577,368,770","127,156,3,154,3,127,36,284,3,129",519
5195,109,"683,677,811,638,770,30,794,934,474,71","127,156,3,154,129,21,39,21,3,156",304
5544,109,"683,677,811,638,770,163,368,577,794,934","127,156,3,154,129,163,3,284,39,21",720
2914,109,"683,452,791,143,867,457,312,363,539,815","127,146,189,155,155,156,148,128,148,126",559
5496,109,"683,452,791,867,457,312,363,376,64,815","127,146,189,155,156,148,128,164,56,126",530
1138,109,"683,452,791,363,539,815,690,227,64,457","127,146,189,128,148,126,219,219,56,156",535
4419,109,"683,677,572,71,749,811,359,184,770,474","127,156,39,156,3,3,267,36,129,3",627
3276,109,"683,677,811,638,770,30,749,934,71,76","127,156,3,154,129,21,3,21,156,36",569
2918,109,"683,677,749,819,731,517,770,30,934,76","127,156,3,3,219,155,129,21,21,36",634
50,109,"683,677,30,731,770,259,934,474,71,76","127,156,21,219,129,148,21,3,156,36",304
1378,109,"683,452,791,867,363,539,457,199,396,406","127,146,189,155,128,148,156,155,267,127",588
1389,109,"683,452,791,363,539,815,690,376,674,227","127,146,189,128,148,126,219,164,146,219",618
4400,109,"683,677,572,731,749,210,824,365,523,396","127,156,39,219,3,36,127,42,21,267",654
565,109,"683,677,811,638,819,184,193,794,934,474","127,156,3,154,3,36,21,39,21,3",640
5627,109,"683,452,791,312,363,884,122,295,64,737","127,146,189,148,128,44,36,127,56,137",669
5456,109,"683,452,791,209,363,815,539,227,457,59","127,146,189,155,128,126,148,219,156,164",611
1362,109,"683,452,791,867,539,363,533,815,122,295","127,146,189,155,148,128,39,126,36,127",574
123,109,"683,677,811,638,819,770,749,30,184,259","127,156,3,154,3,129,3,21,36,148",466
3482,109,"683,452,383,629,770,376,6,363,674,690","127,146,189,148,129,164,148,128,146,219",547
1626,109,"683,770,731,451,749,184,368,638,794,819","127,129,219,163,3,36,3,154,39,3",540
6033,109,"683,452,884,466,927,629,813,383,406,354","127,146,44,42,284,148,154,189,127,202",661
5560,109,"683,452,791,312,363,457,143,539,742,202","127,146,189,148,128,156,155,148,164,153",616
4723,109,"683,452,383,629,770,376,6,690,190,122","127,146,189,148,129,164,148,219,163,164,36",498
1525,109,"683,452,383,690,539,791,742,64,457,815","127,146,189,219,148,189,164,56,156,126",600
3854,109,"683,677,811,638,819,770,577,794,451,184","127,156,3,154,3,129,284,39,163,36",544
184,109,"683,677,749,163,770,29,368,193,794,676","127,156,3,163,129,156,3,21,39,155",645
1025,109,"683,677,811,396,89,907,451,727,312,710","127,156,3,267,42,219,163,126,148,127",535
2100,109,"452,363,312,396,539,328,295,457,451,791","146,128,148,267,148,39,127,156,163,189",371
2034,109,"452,363,312,396,480,328,6,674,791,794","146,128,148,267,148,39,148,146,189,39",485
1554,109,"683,677,749,819,30,474,934,76,868,770","127,156,3,3,21,3,21,36,36,129",612
3938,109,"683,407,588,144,927,184,811,259,596,770","127,175,155,169,284,36,3,148,3,129",688
481,109,"683,452,383,690,539,813,815,710,406,508","127,146,189,219,148,154,126,127,127,219",463
3315,109,"683,677,749,163,193,474,868,794,453,184","127,156,3,163,21,3,36,39,33,36",541
966,109,"683,452,383,629,770,376,363,690,6,160","127,146,189,148,129,164,128,219,148,39",510
4238,109,"683,452,791,312,539,209,202,64,59,396","127,146,189,148,148,155,153,56,164,267",521
3693,109,"683,452,791,363,539,815,533,376,122,6","127,146,189,128,148,126,39,164,36,148",463
1674,109,"683,452,884,466,867,259,383,37,331,686","127,146,44,42,155,148,189,151,54,36",640
4328,109,"452,770,677,79,71,210,638,934,30,572","146,129,156,155,156,36,154,21,21,39",278
4352,109,"683,452,791,143,363,539,815,457,227,533","127,146,189,155,128,148,126,156,219,39",535
5529,109,"683,677,811,638,770,359,30,474,71,794","127,156,3,154,129,267,21,3,156,39",506
2677,109,"683,407,819,89,396,710,248,451,741,731","127,175,3,42,267,127,148,163,63,219",796
3486,109,"683,677,811,638,770,359,30,605,71,794","127,156,3,154,129,267,21,155,156,39",702
796,109,"683,677,749,184,770,555,438,193,71,495","127,156,3,36,129,33,3,21,156,156",635
2917,109,"683,677,749,184,731,383,37,770,421,438","127,156,3,36,219,189,151,129,195,3",519
2572,109,"683,677,811,638,770,30,934,71,605,495","127,156,3,154,129,21,21,156,155,156",275
4,109,"452,37,677,868,738,30,71,934,605,474","146,151,156,36,155,21,156,21,155,3",226
4277,109,"683,677,811,638,794,30,934,749,71,474","127,156,3,154,39,21,21,3,156,3",563
444,109,"683,677,811,396,731,134,577,37,823,588","127,156,3,267,219,155,284,151,220,155",526
6036,109,"683,677,572,731,605,588,824,495,71,800","127,156,39,219,155,155,127,156,156,156",493
2078,109,"683,677,749,819,731,517,3,577,907,710","127,156,3,3,219,155,155,284,219,127",516
2781,109,"683,452,791,312,363,564,64,539,295,457","127,146,189,148,128,114,56,148,127,156",555
1503,109,"683,677,749,819,30,474,71,868,453,824","127,156,3,3,21,3,156,36,33,127",553
2961,109,"683,677,749,819,731,184,76,417,555,438","127,156,3,3,219,36,36,165,33,3",678
2627,109,"407,144,500,495,596,572,824,800,523,210","175,169,155,156,3,39,127,156,21,36",689
1930,109,"683,677,572,731,605,749,819,811,3,907","127,156,39,219,155,3,3,3,155,219",471
2436,109,"452,184,749,572,79,677,417,555,71,453","146,36,3,39,155,156,165,33,156,33",300
4492,109,"683,677,811,638,770,577,710,184,731,461","127,156,3,154,129,284,127,36,219,155",531
4858,109,"683,677,572,731,500,749,184,134,451,359","127,156,39,219,155,3,36,155,163,267",594
1041,109,"683,677,749,819,30,605,210,824,71,495","127,156,3,3,21,155,36,127,156,156",669
987,109,"683,452,791,312,539,59,202,64,742,406","127,146,189,148,148,164,153,56,164,127",690
432,109,"683,452,383,629,770,376,6,690,563,749","127,146,189,148,129,164,148,219,154,3",507
6147,109,"683,677,811,638,770,359,30,474,749,934","127,156,3,154,129,267,21,3,3,21",576
870,109,"683,452,867,383,770,376,563,6,30,749","127,146,155,189,129,164,154,148,21,3",427
4088,109,"452,363,312,396,690,710,791,539,457,199","146,128,148,267,219,127,189,148,156,155",479
5126,109,"683,452,791,363,539,457,199,312,202,59","127,146,189,128,148,156,155,148,153,164",498
464,109,"683,677,811,638,819,710,134,577,184,368","127,156,3,154,3,127,155,284,36,3",608
4325,109,"683,677,811,396,731,922,451,248,911,312","127,156,3,267,219,154,163,148,154,148",571
2618,109,"683,677,811,396,89,577,638,731,290,76","127,156,3,267,42,284,154,219,3,36",586
4940,109,"683,677,811,638,819,770,37,749,934,79","127,156,3,154,3,129,151,3,21,155",601
1823,109,"683,677,749,819,30,474,71,79,500,824","127,156,3,3,21,3,156,155,155,127",612
1373,109,"452,363,837,717,130,312,65,737,811,396","146,128,63,195,63,148,163,137,3,267",469
2795,109,"683,677,749,819,30,474,71,868,453,79","127,156,3,3,21,3,156,36,33,155",510
5933,109,"683,677,572,749,770,30,184,474,819,868","127,156,39,3,129,21,36,3,3,36",448
1778,109,"683,677,811,638,819,770,577,451,134,749","127,156,3,154,3,129,284,163,155,3",563
4793,109,"683,407,89,248,396,710,577,163,794,749","127,175,42,148,267,127,284,163,39,3",667
2949,109,"683,677,749,184,770,421,819,794,30,474","127,156,3,36,129,195,3,39,21,3",600
1077,109,"683,677,811,731,89,577,134,638,37,657","127,156,3,219,42,284,155,154,151,56",290
3462,109,"683,677,572,749,770,819,934,794,868,331","127,156,39,3,129,3,21,39,36,54",539
2322,109,"683,677,572,749,163,794,770,193,184,451","127,156,39,3,163,39,129,21,36,163",693
199,109,"683,770,638,30,71,800,819,749,934,495","127,129,154,21,156,156,3,3,21,156",604
248,109,"683,452,383,629,770,376,331,563,749,934","127,146,189,148,129,164,54,154,3,21",612
4142,109,"683,677,811,638,819,710,451,421,791,727","127,156,3,154,3,127,163,195,189,126",464
4017,109,"683,452,383,690,376,791,742,363,539,80","127,146,189,219,164,189,164,128,148,155",519
767,109,"683,677,572,749,184,794,770,819,868,30","127,156,39,3,36,39,129,3,36,21",582
4698,109,"683,677,749,819,30,474,71,868,453,824","127,156,3,3,21,3,156,36,33,127",553
35,109,"683,452,791,867,199,457,406,312,539,59","127,146,189,155,155,156,127,148,148,164",620
2148,109,"683,677,749,184,770,676,907,811,794,438","127,156,3,36,129,155,219,3,39,3",520
4875,109,"683,677,572,731,500,749,819,30,474,934","127,156,39,219,155,3,3,21,3,21",423
5579,109,"683,452,791,363,539,815,80,457,199,406","127,146,189,128,148,126,155,156,155,127",585
5580,109,"683,677,811,396,89,577,638,134,37,823","127,156,3,267,42,284,154,155,151,220",608
1109,109,"683,677,811,638,794,30,359,749,934,596","127,156,3,154,39,21,267,3,21,3",555
6018,109,"452,184,193,572,71,638,342,495,523,276","146,36,21,39,156,154,163,156,21,155",312
2923,109,"683,677,811,396,89,907,451,727,312,710","127,156,3,267,42,219,163,126,148,127",669
1172,109,"683,677,749,819,30,605,770,76,934,71","127,156,3,3,21,155,129,36,21,156",506
714,109,"452,855,457,312,637,727,813,199,791,342","146,42,156,148,155,126,154,155,189,163",380
425,109,"683,677,30,731,770,259,638,76,934,605","127,156,21,219,129,148,154,36,21,155",304
5558,109,"683,452,867,791,690,143,629,209,349,406","127,146,155,189,219,155,148,155,127,127",561
3945,109,"683,452,791,209,363,376,564,637,629,690","127,146,189,155,128,164,114,155,148,219",582
730,109,"683,677,749,184,731,359,596,438,770,76","127,156,3,36,219,267,3,3,129,36",572
3475,109,"683,452,791,143,209,312,539,202,457,396","127,146,189,155,155,148,148,153,156,267",547
2062,109,"452,855,533,312,717,451,65,134,248,791","146,42,39,148,195,163,163,155,148,189",380
3456,109,"683,677,749,819,30,474,934,868,210,500","127,156,3,3,21,3,21,36,36,155",545
2726,109,"683,677,749,819,30,474,76,79,71,868","127,156,3,3,21,3,36,155,156,36",546
3852,109,"452,770,749,677,934,30,596,417,259,438","146,129,3,156,21,21,3,165,148,3",531
