user_id,seed,sampled_q_ids,sampled_subject_ids,student_total_questions
4540,100,"923,37,502,79,30,572,439,291,279,535","195,151,36,155,21,39,153,21,33,164",251
3507,100,"683,37,677,417,731,157,370,502,507,551","127,151,156,165,219,163,195,36,126,195",531
4932,100,"683,539,811,710,923,406,867,466,501,178","127,148,3,127,195,127,155,42,127,155",471
5784,100,"683,539,811,491,406,907,791,312,690,501","127,148,3,146,127,219,189,148,219,127",490
5424,100,"683,37,731,421,157,638,776,923,636,451","127,151,219,195,163,154,267,195,56,163",535
5481,100,"683,37,677,63,891,342,433,794,555,354","127,151,156,269,267,163,33,39,33,202",553
4511,100,"683,539,811,710,466,489,898,248,30,290","127,148,3,127,42,269,39,148,21,3",612
5430,100,"683,37,677,63,76,770,502,433,626,11","127,151,156,269,36,129,36,33,164,156",546
2873,100,"923,770,834,30,789,887,169,193,626,342","195,129,36,21,156,3,164,21,164,163",477
1235,100,"923,312,508,133,811,533,488,368,889,802","195,148,219,163,3,39,129,3,148,127",494
4355,100,"683,37,677,443,42,342,63,500,663,163","127,151,156,176,176,163,269,155,176,163",586
3184,100,"683,37,731,312,636,406,452,492,372,328","127,151,219,148,56,127,146,127,155,39",535
2179,100,"923,37,887,502,834,291,30,572,385,439","195,151,3,36,36,21,21,39,39,153",352
3210,100,"683,37,677,770,79,342,30,161,500,439","127,151,156,129,155,163,21,156,155,153",544
3735,100,"683,37,677,770,79,30,255,834,409,71","127,151,156,129,155,21,36,36,195,156",289
4486,100,"683,37,677,417,731,105,76,370,157,90","127,151,156,165,219,284,36,195,163,36",519
574,100,"683,37,677,30,342,385,161,555,439,291","127,151,156,21,163,39,156,33,153,21",483
633,100,"683,539,811,710,923,770,526,290,160,898","127,148,3,127,195,129,63,3,39,39",508
1133,100,"923,312,813,539,629,867,742,614,791,457","195,148,154,148,148,155,164,3,189,156",361
5148,100,"683,539,312,396,815,480,791,907,295,690","127,148,148,267,126,148,189,219,127,219",556
64,100,"683,37,421,502,406,629,923,157,464,133","127,151,195,36,127,148,195,163,148,163",494
5501,100,"683,37,677,30,342,79,385,800,433,555","127,151,156,21,163,155,39,156,33,33",463
1584,100,"923,312,813,539,295,629,907,480,363,452","195,148,154,148,127,148,219,148,128,146",413
729,100,"923,312,811,80,154,533,290,656,539,791","195,148,3,155,164,39,3,3,148,189",346
3759,100,"683,37,677,30,342,385,161,500,439,856","127,151,156,21,163,39,156,155,153,39",437
3009,100,"923,770,834,714,907,157,370,530,363,312","195,129,36,163,219,163,195,284,128,148",516
4554,100,"683,37,677,63,891,342,161,856,555,439","127,151,156,269,267,163,156,39,33,153",569
2626,100,"683,37,731,421,157,638,891,430,502,889","127,151,219,195,163,154,267,44,36,148",628
2261,100,"683,539,811,491,406,867,791,804,501,767","127,148,3,146,127,155,189,148,127,148",641
3610,100,"683,37,731,421,923,638,834,626,502,460","127,151,219,195,195,154,36,164,36,155",600
5528,100,"683,37,677,63,891,342,161,856,555,439","127,151,156,269,267,163,156,39,33,153",553
5711,100,"683,37,677,63,76,433,626,30,342,891","127,151,156,269,36,33,164,21,163,267",553
2930,100,"923,770,328,363,502,37,30,533,636,349","195,129,39,128,36,151,21,39,56,127",293
145,100,"683,37,677,770,342,385,30,90,433,834","127,151,156,129,163,39,21,36,33,36",500
5860,100,"923,312,813,539,629,480,742,791,867,922","195,148,154,148,148,148,164,189,155,154",354
5493,100,"683,37,677,417,255,105,770,555,370,525","127,151,156,165,36,284,129,33,195,3",544
1509,100,"544,692,115,245,719,79,439,561,572,37","174,176,175,217,181,155,153,63,39,151",594
3202,100,"683,539,312,396,43,336,252,742,163,257","127,148,148,267,163,176,154,164,163,146",669
541,100,"683,539,811,710,923,406,508,154,80,348","127,148,3,127,195,127,219,164,155,44",528
1595,100,"923,770,328,375,363,37,417,502,853,657","195,129,39,54,128,151,165,36,44,54,56",500
4837,100,"683,539,312,791,566,480,295,907,815,931","127,148,148,189,146,148,127,219,126,56",464
5610,100,"683,539,811,710,466,375,923,489,770,163","127,148,3,127,42,54,195,269,129,163",653
66,100,"683,539,811,491,406,452,501,907,466,756","127,148,3,146,127,146,127,219,42,58",653
4215,100,"683,37,677,770,90,409,642,433,207,293","127,151,156,129,36,195,195,33,127,3",415
5436,100,"683,539,811,491,406,867,791,804,690,349","127,148,3,146,127,155,189,148,219,127",547
2737,100,"683,539,811,710,923,406,867,178,501,488","127,148,3,127,195,127,155,155,127,129",535
573,100,"923,312,811,488,600,451,533,710,348,770","195,148,3,129,56,163,39,127,44,129",547
1670,100,"683,37,677,63,76,770,923,502,834,891","127,151,156,269,36,129,195,36,36,267",644
5744,100,"683,37,677,443,63,42,342,555,856,161","127,151,156,176,269,176,163,33,39,156",586
1223,100,"923,37,887,502,417,30,551,745,342,626","195,151,3,36,165,21,195,3,163,164",400
2837,100,"683,37,677,63,891,342,385,30,555,439","127,151,156,269,267,163,39,21,33,153",538
5167,100,"683,37,731,312,636,406,76,525,638,78","127,151,219,148,56,127,36,3,154,219",557
1374,100,"683,37,677,63,76,433,502,891,30,626","127,151,156,269,36,33,36,267,21,164",553
2938,100,"683,37,731,312,629,25,825,594,440,786","127,151,219,148,148,148,148,146,136,154",535
4883,100,"683,37,677,63,76,157,923,834,626,502","127,151,156,269,36,163,195,36,164,36",531
1715,100,"923,770,834,30,79,572,119,291,605,71","195,129,36,21,155,39,36,21,155,156",378
1563,100,"683,37,677,770,342,30,71,161,439,555","127,151,156,129,163,21,156,156,153,33",519
3981,100,"683,539,312,295,452,248,636,501,791,508","127,148,148,127,146,148,56,127,189,219",520
1993,100,"683,539,312,295,452,791,394,501,480,931","127,148,148,127,146,189,127,127,148,56",540
4228,100,"683,37,677,770,342,385,30,71,500,626","127,151,156,129,163,39,21,156,155,164",549
3557,100,"683,37,677,255,105,76,157,370,923,802","127,151,156,36,284,36,163,195,195,127",304
449,100,"683,37,731,421,157,638,776,502,923,834","127,151,219,195,163,154,267,36,195,36",541
944,100,"923,770,834,30,789,119,439,169,856,54","195,129,36,21,156,36,153,164,39,33",447
3243,100,"683,37,677,23,417,255,638,63,555,71","127,151,156,125,165,36,154,269,33,156",553
889,100,"683,37,731,421,157,638,776,502,923,636","127,151,219,195,163,154,267,36,195,56",519
3540,100,"683,37,731,421,157,638,776,502,923,834","127,151,219,195,163,154,267,36,195,36",553
4748,100,"923,770,834,30,789,119,63,500,342,439","195,129,36,21,156,36,269,155,163,153",521
3532,100,"683,37,677,770,90,409,642,433,502,834","127,151,156,129,36,195,195,33,36,36",528
1764,100,"683,37,677,417,255,105,451,923,97,157","127,151,156,165,36,284,163,195,39,163",541
1614,100,"683,37,677,63,891,342,161,555,301,255","127,151,156,269,267,163,156,33,44,36",571
5452,100,"683,37,677,417,731,105,76,370,157,776","127,151,156,165,219,284,36,195,163,267",519
5139,100,"683,37,677,417,255,105,770,555,370,525","127,151,156,165,36,284,129,33,195,3",472
2840,100,"923,37,887,502,834,439,417,30,789,160","195,151,3,36,36,153,165,21,156,39",355
2905,100,"683,37,731,312,636,406,848,306,328,525","127,151,219,148,56,127,44,267,39,3",628
1294,100,"683,37,677,63,76,770,105,30,342,834","127,151,156,269,36,129,284,21,163,36",570
2101,100,"683,539,811,491,406,452,907,508,791,480","127,148,3,146,127,146,219,219,189,148",574
5250,100,"923,312,813,614,629,742,791,452,539,480","195,148,154,3,148,164,189,146,148,148",338
2710,100,"683,539,312,396,815,480,791,931,252,457","127,148,148,267,126,148,189,56,154,156",520
3446,100,"683,37,677,417,255,105,451,923,157,342","127,151,156,165,36,284,163,195,163,163",519
1057,100,"683,539,811,907,452,406,508,154,710,290","127,148,3,219,146,127,219,164,127,3",543
185,100,"544,115,81,23,220,763,312,109,363,501","174,175,174,125,181,175,148,174,128,127",720
622,100,"683,539,811,491,452,480,907,791,931,312","127,148,3,146,146,148,219,189,56,148",535
2367,100,"923,312,813,539,295,629,349,480,363,451","195,148,154,148,127,148,127,148,128,163",398
5110,100,"923,37,887,502,170,417,551,178,457,533","195,151,3,36,39,165,195,155,156,39",349
5210,100,"683,37,677,770,90,409,642,913,502,800","127,151,156,129,36,195,195,219,36,156",523
2654,100,"683,539,811,491,406,907,452,501,312,713","127,148,3,146,127,219,146,127,148,58",541
5074,100,"683,37,677,63,891,342,161,856,79,201","127,151,156,269,267,163,156,39,155,128",553
4457,100,"683,37,731,697,312,629,751,440,363,295","127,151,219,60,148,148,148,136,128,127",690
1462,100,"683,37,677,770,342,30,891,255,354,794","127,151,156,129,163,21,267,36,202,39",554
1213,100,"683,37,677,63,76,433,17,30,834,342","127,151,156,269,36,33,60,21,36,163",644
1506,100,"910,312,751,466,705,37,196,502,789,735","127,148,148,42,44,151,114,36,156,148",388
1010,100,"923,37,887,79,170,376,834,193,553,794","195,151,3,155,39,164,36,21,117,39",270
1760,100,"683,37,677,417,731,105,157,451,383,328","127,151,156,165,219,284,163,163,189,39",600
1298,100,"923,37,629,502,328,363,452,312,25,791","195,151,148,36,39,128,146,148,148,189",430
3549,100,"683,539,811,501,406,168,312,791,705,290","127,148,3,127,127,165,148,189,44,3",633
5694,100,"683,37,731,421,636,451,848,157,3,406","127,151,219,195,56,163,44,163,155,127",606
3791,100,"683,539,811,491,406,452,501,907,466,532","127,148,3,146,127,146,127,219,42,219",639
4216,100,"683,37,677,63,891,342,161,555,856,794","127,151,156,269,267,163,156,33,39,39",553
1837,100,"683,37,677,417,923,105,451,157,889,328","127,151,156,165,195,284,163,163,148,39",499
2380,100,"683,539,811,491,406,529,501,452,791,804","127,148,3,146,127,155,127,146,189,148",535
2786,100,"683,37,677,63,41,161,856,79,430,169","127,151,156,269,44,156,39,155,44,164",691
3513,100,"923,770,328,502,37,417,887,342,288,834","195,129,39,36,151,165,3,163,125,36",523
3166,100,"683,37,677,63,891,555,856,794,800,433","127,151,156,269,267,33,39,39,156,33",472
111,100,"683,37,677,417,255,105,770,555,359,79","127,151,156,165,36,284,129,33,267,155",598
4671,100,"683,37,677,63,891,342,500,161,856,605","127,151,156,269,267,163,155,156,39,155",553
1507,100,"683,539,312,295,452,248,636,923,489,469","127,148,148,127,146,148,56,195,269,163",634
3266,100,"683,539,811,491,452,480,907,721,791,312","127,148,3,146,146,148,219,219,189,148",579
3187,100,"923,37,629,502,328,312,452,154,550,451","195,151,148,36,39,148,146,164,21,163",374
5211,100,"683,37,677,417,731,105,157,255,923,451","127,151,156,165,219,284,163,36,195,163",541
2831,100,"923,312,811,452,791,614,813,432,138,885","195,148,3,146,189,3,154,44,195,39",513
2347,100,"683,37,677,417,255,889,449,370,923,157","127,151,156,165,36,148,165,195,195,163",555
5507,100,"683,37,731,421,157,638,776,502,238,923","127,151,219,195,163,154,267,36,155,195",519
5195,100,"683,37,677,255,802,923,105,770,370,76","127,151,156,36,127,195,284,129,195,36",304
5544,100,"683,37,532,502,731,157,923,834,626,770","127,151,219,36,219,163,195,36,164,129",720
2914,100,"683,539,811,491,406,452,178,501,791,508","127,148,3,146,127,146,155,127,189,219",559
5496,100,"683,539,811,491,406,452,907,508,312,721","127,148,3,146,127,146,219,219,148,219",530
1138,100,"683,539,811,491,452,480,907,791,804,484","127,148,3,146,146,148,219,189,148,127",535
4419,100,"683,37,677,63,76,770,79,30,626,891","127,151,156,269,36,129,155,21,164,267",627
3276,100,"683,37,677,417,731,105,76,90,342,30","127,151,156,165,219,284,36,36,163,21",569
2918,100,"683,37,677,63,76,770,105,30,889,626","127,151,156,269,36,129,284,21,148,164",634
50,100,"683,37,677,770,30,834,255,76,409,11","127,151,156,129,21,36,36,36,195,156",304
1378,100,"683,539,312,396,907,636,363,452,791,295","127,148,148,267,219,56,128,146,189,127",588
1389,100,"683,539,811,710,923,690,489,290,348,137","127,148,3,127,195,219,269,3,44,39",618
4400,100,"683,37,677,63,76,770,79,30,626,342","127,151,156,269,36,129,155,21,164,163",654
565,100,"683,37,677,330,689,23,417,451,157,923","127,151,156,300,128,125,165,163,163,195",640
5627,100,"683,539,312,295,414,452,815,501,879,163","127,148,148,127,267,146,126,127,129,163",669
5456,100,"544,312,81,109,408,747,683,452,539,811","174,148,174,174,174,164,127,146,148,3",611
1362,100,"683,539,811,900,710,257,406,178,488,375","127,148,3,267,127,146,127,155,129,54",574
123,100,"683,76,731,157,370,451,368,636,889,530","127,36,219,163,195,163,3,56,148,284",466
3482,100,"683,539,811,491,406,452,501,508,312,529","127,148,3,146,127,146,127,219,148,155",547
1626,100,"683,37,76,770,889,90,853,492,342,330","127,151,36,129,148,36,44,54,127,163,300",540
6033,100,"683,539,312,295,414,931,791,396,742,200","127,148,148,127,267,56,189,267,164,54",661
5560,100,"683,539,312,295,414,931,791,396,742,815","127,148,148,127,267,56,189,267,164,126",616
4723,100,"683,539,811,710,923,770,290,766,30,898","127,148,3,127,195,129,3,284,21,39",498
1525,100,"683,539,312,295,414,452,710,501,815,879","127,148,148,127,267,146,127,127,126,129",600
3854,100,"683,37,731,421,157,923,636,497,789,638","127,151,219,195,163,195,56,128,156,154",544
184,100,"683,37,731,421,157,638,891,430,502,626","127,151,219,195,163,154,267,44,36,164",645
1025,100,"683,37,731,312,636,406,25,452,791,885","127,151,219,148,56,127,148,146,189,39",535
2100,100,"421,312,811,673,452,791,804,742,813,491","195,148,3,154,146,189,148,164,154,146",371
2034,100,"739,923,834,702,607,37,502,929,443,170","164,195,36,176,163,151,36,175,176,39",485
1554,100,"683,37,677,63,891,342,161,856,555,79","127,151,156,269,267,163,156,39,33,155",612
3938,100,"544,312,81,621,692,683,109,115,270,799","174,148,174,176,176,127,174,175,176,175",688
481,100,"683,539,811,710,923,690,406,770,756,178","127,148,3,127,195,219,127,129,58,155",463
3315,100,"683,37,677,63,891,342,161,555,255,163","127,151,156,269,267,163,156,33,36,163",541
966,100,"683,539,811,907,452,406,508,690,421,480","127,148,3,219,146,127,219,219,195,148",510
4238,100,"683,539,312,396,815,480,791,931,252,363","127,148,148,267,126,148,189,56,154,128",521
3693,100,"683,539,811,710,923,406,791,501,656,312","127,148,3,127,195,127,189,127,3,148",463
1674,100,"683,539,811,900,489,710,923,321,290,902","127,148,3,267,269,127,195,127,3,117",640
4328,100,"923,770,834,30,533,502,119,789,409,572","195,129,36,21,39,36,36,156,195,39",278
4352,100,"683,539,811,710,923,406,529,488,501,656","127,148,3,127,195,127,155,129,127,3",535
5529,100,"683,37,677,255,802,923,105,731,157,751","127,151,156,36,127,195,284,219,163,148",506
2677,100,"544,312,629,440,349,338,539,845,59,742","174,148,148,136,127,148,148,63,164,164",796
3486,100,"683,37,677,330,23,689,73,568,889,42","127,151,156,300,125,128,176,169,148,176",702
796,100,"683,37,677,63,76,770,79,30,657,433","127,151,156,269,36,129,155,21,56,33",635
2917,100,"683,37,677,770,90,889,485,657,417,555","127,151,156,129,36,148,189,56,165,33",519
2572,100,"683,37,677,255,802,923,105,770,370,76","127,151,156,36,127,195,284,129,195,36",275
4,100,"923,37,502,79,834,30,789,105,642,533","195,151,36,155,36,21,156,284,195,39",226
4277,100,"683,37,677,417,255,889,449,90,370,923","127,151,156,165,36,148,165,36,195,195",563
444,100,"683,37,677,417,731,105,76,90,342,507","127,151,156,165,219,284,36,36,163,126",526
6036,100,"683,37,677,63,76,770,105,30,79,834","127,151,156,269,36,129,284,21,155,36",493
2078,100,"683,37,677,770,90,409,834,923,563,502","127,151,156,129,36,195,36,195,154,36",516
2781,100,"683,539,312,295,815,501,791,931,742,252","127,148,148,127,126,127,189,56,164,154",555
1503,100,"683,37,677,63,891,342,161,856,555,439","127,151,156,269,267,163,156,39,33,153",553
2961,100,"683,37,677,63,76,770,30,245,626,342","127,151,156,269,36,129,21,217,164,163",678
2627,100,"544,692,115,245,719,79,770,663,342,572","174,176,175,217,181,155,129,176,163,39",689
1930,100,"683,37,731,421,157,638,923,789,636,451","127,151,219,195,163,154,195,156,56,163",471
2436,100,"910,572,433,228,740,626,605,293,525,677","127,39,33,269,36,164,155,3,3,156",300
4492,100,"683,37,677,417,255,105,288,76,802,731","127,151,156,165,36,284,125,36,127,219",531
4858,100,"683,37,731,421,636,157,502,328,923,368","127,151,219,195,56,163,36,39,195,3",594
1041,100,"683,37,677,63,41,891,430,770,30,342","127,151,156,269,44,267,44,129,21,163",669
987,100,"100,312,295,396,440,480,349,363,629,791","165,148,127,267,136,148,127,128,148,189",690
432,100,"683,539,811,710,348,923,770,526,766,690","127,148,3,127,44,195,129,63,284,219",507
6147,100,"683,37,677,417,255,105,370,889,551,502","127,151,156,165,36,284,195,148,195,36",576
870,100,"683,539,811,710,923,770,178,406,461,657","127,148,3,127,195,129,155,127,155,56",427
4088,100,"923,312,811,600,533,105,770,710,867,492","195,148,3,56,39,284,129,127,155,127",479
5126,100,"683,539,312,791,566,815,907,690,252,931","127,148,148,189,146,126,219,219,154,56",498
464,100,"683,37,731,421,636,157,3,328,451,848","127,151,219,195,56,163,155,39,163,44",608
4325,100,"683,37,731,312,636,406,3,751,328,629","127,151,219,148,56,127,155,148,39,148",571
2618,100,"683,37,677,330,90,853,889,3,731,157","127,151,156,300,36,44,54,148,155,219,163",586
4940,100,"683,37,677,417,731,105,76,157,923,530","127,151,156,165,219,284,36,163,195,284",601
1823,100,"683,37,677,63,891,342,770,889,417,90","127,151,156,269,267,163,129,148,165,36",612
1373,100,"923,312,813,614,629,349,907,295,452,480","195,148,154,3,148,127,219,127,146,148",469
2795,100,"683,37,677,770,90,409,642,433,626,207","127,151,156,129,36,195,195,33,164,127",510
5933,100,"683,90,502,157,409,370,133,523,740,433","127,36,36,163,195,195,163,21,36,33",448
1778,100,"683,37,731,312,636,406,25,452,791,885","127,151,219,148,56,127,148,146,189,39",563
4793,100,"544,312,81,257,406,295,408,471,799,702","174,148,174,146,127,127,174,176,175,176",667
2949,100,"683,37,677,63,76,770,923,502,834,891","127,151,156,269,36,129,195,36,36,267",600
1077,100,"683,37,731,421,636,157,923,406,502,530","127,151,219,195,56,163,195,127,36,284",290
3462,100,"683,37,677,770,90,889,97,850,731,457","127,151,156,129,36,148,39,36,219,156",539
2322,100,"683,37,28,312,923,501,811,104,636,23","127,151,163,148,195,127,3,163,56,125",693
199,100,"683,891,331,451,731,636,776,689,464,923","127,267,54,163,219,56,267,128,148,195",604
248,100,"683,539,811,710,923,690,489,290,30,770","127,148,3,127,195,219,269,3,21,129",612
4142,100,"683,37,532,731,312,406,452,878,372,508","127,151,219,219,148,127,146,137,155,219",464
4017,100,"683,539,312,396,907,636,452,295,923,469","127,148,148,267,219,56,146,127,195,163",519
767,100,"683,37,677,63,76,770,502,433,626,11","127,151,156,269,36,129,36,33,164,156",582
4698,100,"683,37,677,63,891,342,433,605,11,91","127,151,156,269,267,163,33,155,156,195",553
35,100,"683,539,811,452,312,480,791,349,501,742","127,148,3,146,148,148,189,127,127,164",620
2148,100,"683,37,731,421,157,923,638,629,636,751","127,151,219,195,163,195,154,148,56,148",520
4875,100,"683,37,677,30,342,76,626,433,642,71","127,151,156,21,163,36,164,33,195,156",423
5579,100,"683,539,811,710,923,406,508,501,791,491","127,148,3,127,195,127,219,127,189,146",585
5580,100,"683,37,677,330,90,910,76,492,342,359","127,151,156,300,36,127,36,127,163,267",608
1109,100,"683,37,677,330,23,923,501,312,546,889","127,151,156,300,125,195,127,148,146,148",555
6018,100,"923,37,502,30,572,291,342,500,439,528","195,151,36,21,39,21,163,155,153,127",312
2923,100,"683,37,731,421,636,451,848,330,157,328","127,151,219,195,56,163,44,300,163,39",669
1172,100,"683,37,677,770,342,30,71,626,161,500","127,151,156,129,163,21,156,164,156,155",506
714,100,"923,312,811,533,717,502,451,550,889,137","195,148,3,39,195,36,163,21,148,39",380
425,100,"683,37,677,770,30,834,255,76,409,11","127,151,156,129,21,36,36,36,195,156",304
5558,100,"683,539,312,396,815,480,791,59,295,742","127,148,148,267,126,148,189,164,127,164",561
3945,100,"683,539,811,710,489,30,923,290,690,469","127,148,3,127,269,21,195,3,219,163",582
730,100,"683,37,731,421,157,638,776,923,770,626","127,151,219,195,163,154,267,195,129,164",572
3475,100,"683,539,312,396,815,480,791,566,742,931","127,148,148,267,126,148,189,146,164,56",547
2062,100,"923,312,811,452,791,813,138,625,86,520","195,148,3,146,189,154,195,126,164,127",380
3456,100,"683,37,677,63,76,770,30,433,626,359","127,151,156,269,36,129,21,33,164,267",545
2726,100,"683,37,677,63,891,342,433,794,555,439","127,151,156,269,267,163,33,39,33,153",546
3852,100,"923,770,834,30,533,502,119,891,150,63","195,129,36,21,39,36,36,267,195,269",531
4540,101,"923,37,502,79,30,572,439,291,279,535","195,151,36,155,21,39,153,21,33,164",251
3507,101,"683,37,677,417,731,157,370,502,507,551","127,151,156,165,219,163,195,36,126,195",531
4932,101,"683,539,811,710,923,406,529,501,791,508","127,148,3,127,195,127,155,127,189,219",471
5784,101,"683,539,811,491,406,867,791,312,690,501","127,148,3,146,127,155,189,148,219,127",490
5424,101,"683,37,731,421,157,638,776,923,636,451","127,151,219,195,163,154,267,195,56,163",535
5481,101,"683,37,677,63,891,342,433,794,555,354","127,151,156,269,267,163,33,39,33,202",553
4511,101,"683,539,811,710,466,489,898,248,30,290","127,148,3,127,42,269,39,148,21,3",612
5430,101,"683,37,677,63,76,770,502,433,626,11","127,151,156,269,36,129,36,33,164,156",546
2873,101,"923,770,834,30,789,887,169,193,626,342","195,129,36,21,156,3,164,21,164,163",477
1235,101,"923,312,508,133,811,533,488,637,368,417","195,148,219,163,3,39,129,155,3,165",494
4355,101,"683,37,677,443,42,342,63,856,439,163","127,151,156,176,176,163,269,39,153,163",586
3184,101,"683,37,731,312,636,406,452,492,923,25","127,151,219,148,56,127,146,127,195,148",535
2179,101,"923,37,887,502,834,291,30,572,385,439","195,151,3,36,36,21,21,39,39,153",352
3210,101,"683,37,677,770,342,30,71,161,439,555","127,151,156,129,163,21,156,156,153,33",544
3735,101,"683,37,677,770,30,834,255,76,105,794","127,151,156,129,21,36,36,36,284,39",289
4486,101,"683,37,677,417,731,105,76,370,157,90","127,151,156,165,219,284,36,195,163,36",519
574,101,"683,37,677,30,342,79,385,891,555,439","127,151,156,21,163,155,39,267,33,153",483
633,101,"683,539,811,710,923,770,526,290,160,898","127,148,3,127,195,129,63,3,39,39",508
1133,101,"923,312,813,539,629,614,742,3,791,252","195,148,154,148,148,3,164,155,189,154",361
5148,101,"683,539,312,396,815,480,791,907,295,690","127,148,148,267,126,148,189,219,127,219",556
64,101,"683,37,421,502,406,629,923,157,464,133","127,151,195,36,127,148,195,163,148,163",494
5501,101,"683,37,677,30,342,79,385,800,433,555","127,151,156,21,163,155,39,156,33,33",463
1584,101,"923,312,813,539,295,629,907,480,363,452","195,148,154,148,127,148,219,148,128,146",413
729,101,"923,312,811,533,154,290,37,452,791,885","195,148,3,39,164,3,151,146,189,39",346
3759,101,"683,37,677,30,342,385,161,439,856,555","127,151,156,21,163,39,156,153,39,33",437
3009,101,"923,770,834,460,714,669,134,312,636,157","195,129,36,155,163,126,155,148,56,163",516
4554,101,"683,37,677,63,891,342,500,555,11,856","127,151,156,269,267,163,155,33,156,39",569
2626,101,"683,37,731,421,157,638,891,430,502,889","127,151,219,195,163,154,267,44,36,148",628
2261,101,"683,539,811,491,406,312,791,501,804,452","127,148,3,146,127,148,189,127,148,146",641
3610,101,"683,37,731,421,923,638,834,626,502,460","127,151,219,195,195,154,36,164,36,155",600
5528,101,"683,37,677,63,891,342,500,555,11,856","127,151,156,269,267,163,155,33,156,39",553
5711,101,"683,37,677,63,76,433,626,30,342,891","127,151,156,269,36,33,164,21,163,267",553
2930,101,"923,770,328,363,502,37,30,533,636,349","195,129,39,128,36,151,21,39,56,127",293
145,101,"683,37,677,770,342,385,30,90,433,834","127,151,156,129,163,39,21,36,33,36",500
5860,101,"923,312,813,539,629,480,742,791,867,922","195,148,154,148,148,148,164,189,155,154",354
5493,101,"683,37,677,417,255,105,770,555,370,525","127,151,156,165,36,284,129,33,195,3",544
1509,101,"544,692,115,245,719,63,439,443,572,561","174,176,175,217,181,269,153,176,39,63",594
3202,101,"683,539,312,396,43,336,252,742,163,257","127,148,148,267,163,176,154,164,163,146",669
541,101,"683,539,811,710,923,406,508,154,80,348","127,148,3,127,195,127,219,164,155,44",528
1595,101,"923,770,328,375,363,37,417,502,853,657","195,129,39,54,128,151,165,36,44,54,56",500
4837,101,"683,539,312,791,566,480,295,907,815,931","127,148,148,189,146,148,127,219,126,56",464
5610,101,"683,539,811,710,466,375,923,489,770,163","127,148,3,127,42,54,195,269,129,163",653
66,101,"683,539,811,491,406,452,501,907,466,756","127,148,3,146,127,146,127,219,42,58",653
4215,101,"683,37,677,770,90,409,642,433,207,293","127,151,156,129,36,195,195,33,127,3",415
5436,101,"683,539,811,491,406,867,791,804,690,349","127,148,3,146,127,155,189,148,219,127",547
2737,101,"683,539,811,710,923,406,529,178,501,508","127,148,3,127,195,127,155,155,127,219",535
573,101,"923,312,811,488,600,451,533,710,348,770","195,148,3,129,56,163,39,127,44,129",547
1670,101,"683,37,677,63,76,770,923,502,834,891","127,151,156,269,36,129,195,36,36,267",644
5744,101,"683,37,677,443,63,42,342,555,856,161","127,151,156,176,269,176,163,33,39,156",586
1223,101,"923,37,887,502,417,30,551,745,342,626","195,151,3,36,165,21,195,3,163,164",400
2837,101,"683,37,677,63,891,342,385,30,79,439","127,151,156,269,267,163,39,21,155,153",538
5167,101,"683,37,731,312,636,406,76,525,638,78","127,151,219,148,56,127,36,3,154,219",557
1374,101,"683,37,677,63,76,433,502,891,30,79","127,151,156,269,36,33,36,267,21,155",553
2938,101,"683,37,731,312,629,25,825,594,440,786","127,151,219,148,148,148,148,146,136,154",535
4883,101,"683,37,677,63,76,157,923,834,626,502","127,151,156,269,36,163,195,36,164,36",531
1715,101,"923,770,834,30,572,119,291,439,605,71","195,129,36,21,39,36,21,153,155,156",378
1563,101,"683,37,677,770,79,342,30,161,439,169","127,151,156,129,155,163,21,156,153,164",519
3981,101,"683,539,312,295,452,248,636,501,791,508","127,148,148,127,146,148,56,127,189,219",520
1993,101,"683,539,312,295,452,791,394,501,480,931","127,148,148,127,146,189,127,127,148,56",540
4228,101,"683,37,677,770,79,30,342,385,605,255","127,151,156,129,155,21,163,39,155,36",549
3557,101,"683,37,677,255,105,76,157,370,923,802","127,151,156,36,284,36,163,195,195,127",304
449,101,"683,37,731,421,157,638,776,502,923,834","127,151,219,195,163,154,267,36,195,36",541
944,101,"923,770,834,30,789,119,439,169,605,856","195,129,36,21,156,36,153,164,155,39",447
3243,101,"683,37,677,23,417,255,638,63,555,71","127,151,156,125,165,36,154,269,33,156",553
889,101,"683,37,731,421,157,638,776,502,923,636","127,151,219,195,163,154,267,36,195,56",519
3540,101,"683,37,731,421,157,638,776,502,923,834","127,151,219,195,163,154,267,36,195,36",553
4748,101,"923,770,834,30,789,119,63,439,342,169","195,129,36,21,156,36,269,153,163,164",521
3532,101,"683,37,677,770,90,409,642,433,502,834","127,151,156,129,36,195,195,33,36,36",528
1764,101,"683,37,677,417,255,105,451,923,97,157","127,151,156,165,36,284,163,195,39,163",541
1614,101,"683,37,677,63,891,342,161,555,301,255","127,151,156,269,267,163,156,33,44,36",571
5452,101,"683,37,677,417,731,105,76,370,157,776","127,151,156,165,219,284,36,195,163,267",519
5139,101,"683,37,677,417,255,105,770,555,370,525","127,151,156,165,36,284,129,33,195,3",472
2840,101,"923,37,887,502,834,439,417,30,789,160","195,151,3,36,36,153,165,21,156,39",355
2905,101,"683,37,731,312,636,406,848,306,328,525","127,151,219,148,56,127,44,267,39,3",628
1294,101,"683,37,677,63,76,770,105,30,342,834","127,151,156,269,36,129,284,21,163,36",570
2101,101,"683,539,811,491,406,452,907,508,791,480","127,148,3,146,127,146,219,219,189,148",574
5250,101,"923,312,813,614,629,742,791,452,539,480","195,148,154,3,148,164,189,146,148,148",338
2710,101,"683,539,312,396,815,480,791,931,252,457","127,148,148,267,126,148,189,56,154,156",520
3446,101,"683,37,677,417,255,105,451,923,157,342","127,151,156,165,36,284,163,195,163,163",519
1057,101,"683,539,811,907,452,406,508,154,710,290","127,148,3,219,146,127,219,164,127,3",543
185,101,"544,115,81,23,220,763,312,109,363,501","174,175,174,125,181,175,148,174,128,127",720
622,101,"683,539,811,491,452,480,907,791,931,312","127,148,3,146,146,148,219,189,56,148",535
2367,101,"923,312,813,539,295,629,349,480,363,451","195,148,154,148,127,148,127,148,128,163",398
5110,101,"923,37,887,502,170,417,551,312,637,533","195,151,3,36,39,165,195,148,155,39",349
5210,101,"683,37,677,770,90,409,642,913,502,800","127,151,156,129,36,195,195,219,36,156",523
2654,101,"683,539,811,491,406,907,452,501,312,713","127,148,3,146,127,219,146,127,148,58",541
5074,101,"683,37,677,63,891,342,500,555,605,255","127,151,156,269,267,163,155,33,155,36",553
4457,101,"683,37,731,697,312,629,751,440,363,295","127,151,219,60,148,148,148,136,128,127",690
1462,101,"683,37,677,770,342,30,891,255,354,794","127,151,156,129,163,21,267,36,202,39",554
1213,101,"683,37,677,63,76,433,17,30,834,342","127,151,156,269,36,33,60,21,36,163",644
1506,101,"910,312,751,466,705,37,196,502,789,735","127,148,148,42,44,151,114,36,156,148",388
1010,101,"923,37,887,834,170,193,716,794,535,523","195,151,3,36,39,21,117,39,164,21",270
1760,101,"683,37,677,417,731,105,157,451,383,328","127,151,156,165,219,284,163,163,189,39",600
1298,101,"923,37,629,502,328,363,452,312,25,791","195,151,148,36,39,128,146,148,148,189",430
3549,101,"683,539,811,501,406,168,312,791,705,290","127,148,3,127,127,165,148,189,44,3",633
5694,101,"683,37,731,421,636,451,848,157,306,406","127,151,219,195,56,163,44,163,267,127",606
3791,101,"683,539,811,491,406,452,501,907,466,532","127,148,3,146,127,146,127,219,42,219",639
4216,101,"683,37,677,63,891,342,161,555,856,794","127,151,156,269,267,163,156,33,39,39",553
1837,101,"683,37,677,417,923,105,451,157,889,328","127,151,156,165,195,284,163,163,148,39",499
2380,101,"683,539,811,491,406,867,907,312,791,804","127,148,3,146,127,155,219,148,189,148",535
2786,101,"683,37,677,63,41,500,856,161,169,439","127,151,156,269,44,155,39,156,164,153",691
3513,101,"923,770,328,502,37,417,887,342,288,834","195,129,39,36,151,165,3,163,125,36",523
3166,101,"683,37,677,63,891,605,555,500,255,30","127,151,156,269,267,155,33,155,36,21",472
111,101,"683,37,677,417,255,105,770,555,359,79","127,151,156,165,36,284,129,33,267,155",598
4671,101,"683,37,677,63,891,342,500,161,856,439","127,151,156,269,267,163,155,156,39,153",553
1507,101,"683,539,312,295,452,248,636,923,489,469","127,148,148,127,146,148,56,195,269,163",634
3266,101,"683,539,811,491,452,480,907,721,791,312","127,148,3,146,146,148,219,219,189,148",579
3187,101,"923,37,629,502,328,312,452,154,550,451","195,151,148,36,39,148,146,164,21,163",374
5211,101,"683,37,677,417,731,105,157,255,923,451","127,151,156,165,219,284,163,36,195,163",541
2831,101,"923,312,811,452,791,614,813,432,138,885","195,148,3,146,189,3,154,44,195,39",513
2347,101,"683,37,677,417,255,889,449,370,923,157","127,151,156,165,36,148,165,195,195,163",555
5507,101,"683,37,731,421,157,638,776,502,923,834","127,151,219,195,163,154,267,36,195,36",519
5195,101,"683,37,677,255,802,923,105,770,370,76","127,151,156,36,127,195,284,129,195,36",304
5544,101,"683,37,532,502,731,157,923,834,626,770","127,151,219,36,219,163,195,36,164,129",720
2914,101,"683,539,811,491,406,452,508,791,721,421","127,148,3,146,127,146,219,189,219,195",559
5496,101,"683,539,811,491,406,452,907,508,312,721","127,148,3,146,127,146,219,219,148,219",530
1138,101,"683,539,811,491,452,480,907,791,804,484","127,148,3,146,146,148,219,189,148,127",535
4419,101,"683,37,677,63,76,770,30,342,626,525","127,151,156,269,36,129,21,163,164,3",627
3276,101,"683,37,677,417,731,105,76,90,342,30","127,151,156,165,219,284,36,36,163,21",569
2918,101,"683,37,677,63,76,770,105,30,889,626","127,151,156,269,36,129,284,21,148,164",634
50,101,"683,37,677,770,30,834,255,76,409,11","127,151,156,129,21,36,36,36,195,156",304
1378,101,"683,539,312,396,907,636,363,452,791,295","127,148,148,267,219,56,128,146,189,127",588
1389,101,"683,539,811,710,923,690,489,290,348,137","127,148,3,127,195,219,269,3,44,39",618
4400,101,"683,37,677,63,76,770,30,342,71,626","127,151,156,269,36,129,21,163,156,164",654
565,101,"683,37,677,330,689,23,417,451,157,923","127,151,156,300,128,125,165,163,163,195",640
5627,101,"683,539,312,295,414,452,815,501,879,163","127,148,148,127,267,146,126,127,129,163",669
5456,101,"544,312,81,109,408,747,683,452,539,811","174,148,174,174,174,164,127,146,148,3",611
1362,101,"683,539,811,900,710,257,406,529,867,375","127,148,3,267,127,146,127,155,155,54",574
123,101,"683,76,731,157,370,451,368,636,889,530","127,36,219,163,195,163,3,56,148,284",466
3482,101,"683,539,811,491,406,452,501,508,312,690","127,148,3,146,127,146,127,219,148,219",547
1626,101,"683,37,76,770,889,90,853,492,342,330","127,151,36,129,148,36,44,54,127,163,300",540
6033,101,"683,539,312,295,414,931,791,396,742,200","127,148,148,127,267,56,189,267,164,54",661
5560,101,"683,539,312,295,414,931,791,396,742,815","127,148,148,127,267,56,189,267,164,126",616
4723,101,"683,539,811,710,923,770,290,766,30,898","127,148,3,127,195,129,3,284,21,39",498
1525,101,"683,539,312,295,414,452,710,501,815,879","127,148,148,127,267,146,127,127,126,129",600
3854,101,"683,37,731,421,157,923,636,497,789,638","127,151,219,195,163,195,56,128,156,154",544
184,101,"683,37,731,421,157,638,891,430,502,626","127,151,219,195,163,154,267,44,36,164",645
1025,101,"683,37,731,312,636,406,25,452,791,885","127,151,219,148,56,127,148,146,189,39",535
2100,101,"421,312,811,673,452,791,804,742,813,491","195,148,3,154,146,189,148,164,154,146",371
2034,101,"739,923,834,702,607,37,502,929,443,170","164,195,36,176,163,151,36,175,176,39",485
1554,101,"683,37,677,63,891,342,161,856,555,794","127,151,156,269,267,163,156,39,33,39",612
3938,101,"544,312,81,621,692,683,109,115,270,799","174,148,174,176,176,127,174,175,176,175",688
481,101,"683,539,811,710,923,690,406,770,756,178","127,148,3,127,195,219,127,129,58,155",463
3315,101,"683,37,677,63,891,342,500,555,255,794","127,151,156,269,267,163,155,33,36,39",541
966,101,"683,539,811,907,452,406,508,690,421,480","127,148,3,219,146,127,219,219,195,148",510
4238,101,"683,539,312,396,815,480,791,931,252,363","127,148,148,267,126,148,189,56,154,128",521
3693,101,"683,539,811,710,923,406,791,501,656,312","127,148,3,127,195,127,189,127,3,148",463
1674,101,"683,539,811,900,489,710,923,321,290,902","127,148,3,267,269,127,195,127,3,117",640
4328,101,"923,770,834,30,533,502,119,789,409,572","195,129,36,21,39,36,36,156,195,39",278
4352,101,"683,539,811,710,923,406,791,488,690,491","127,148,3,127,195,127,189,129,219,146",535
5529,101,"683,37,677,255,802,923,105,731,157,751","127,151,156,36,127,195,284,219,163,148",506
2677,101,"544,312,629,440,349,338,539,845,59,742","174,148,148,136,127,148,148,63,164,164",796
3486,101,"683,37,677,330,23,689,73,568,889,42","127,151,156,300,125,128,176,169,148,176",702
796,101,"683,37,677,63,76,770,30,433,626,359","127,151,156,269,36,129,21,33,164,267",635
2917,101,"683,37,677,770,90,889,485,657,417,555","127,151,156,129,36,148,189,56,165,33",519
2572,101,"683,37,677,255,802,923,105,770,370,76","127,151,156,36,127,195,284,129,195,36",275
4,101,"923,37,502,30,834,789,105,642,409,533","195,151,36,21,36,156,284,195,195,39",226
4277,101,"683,37,677,417,255,889,449,90,370,923","127,151,156,165,36,148,165,36,195,195",563
444,101,"683,37,677,417,731,105,76,90,342,507","127,151,156,165,219,284,36,36,163,126",526
6036,101,"683,37,677,63,76,770,105,30,342,834","127,151,156,269,36,129,284,21,163,36",493
2078,101,"683,37,677,770,90,409,834,923,563,502","127,151,156,129,36,195,36,195,154,36",516
2781,101,"683,539,312,295,815,501,791,931,742,252","127,148,148,127,126,127,189,56,164,154",555
1503,101,"683,37,677,63,891,342,500,161,856,439","127,151,156,269,267,163,155,156,39,153",553
2961,101,"683,37,677,63,76,770,79,245,30,342","127,151,156,269,36,129,155,217,21,163",678
2627,101,"544,692,115,245,719,79,770,663,342,572","174,176,175,217,181,155,129,176,163,39",689
1930,101,"683,37,731,421,157,638,923,789,636,451","127,151,219,195,163,154,195,156,56,163",471
2436,101,"910,572,433,228,740,626,230,500,555,677","127,39,33,269,36,164,114,155,33,156",300
4492,101,"683,37,677,417,255,105,288,76,802,731","127,151,156,165,36,284,125,36,127,219",531
4858,101,"683,37,731,421,636,157,502,328,3,406","127,151,219,195,56,163,36,39,155,127",594
1041,101,"683,37,677,63,41,891,430,770,30,342","127,151,156,269,44,267,44,129,21,163",669
987,101,"100,312,295,396,440,480,349,363,629,791","165,148,127,267,136,148,127,128,148,189",690
432,101,"683,539,811,710,348,923,770,526,766,690","127,148,3,127,44,195,129,63,284,219",507
6147,101,"683,37,677,417,255,105,370,889,551,502","127,151,156,165,36,284,195,148,195,36",576
870,101,"683,539,811,710,923,770,406,529,137,657","127,148,3,127,195,129,127,155,39,56",427
4088,101,"923,312,811,600,533,105,770,710,451,133","195,148,3,56,39,284,129,127,163,163",479
5126,101,"683,539,312,791,566,815,907,690,252,931","127,148,148,189,146,126,219,219,154,56",498
464,101,"683,37,731,421,636,157,3,328,451,848","127,151,219,195,56,163,155,39,163,44",608
4325,101,"683,37,731,312,636,406,25,501,885,629","127,151,219,148,56,127,148,127,39,148",571
2618,101,"683,37,677,330,90,853,889,637,802,923","127,151,156,300,36,44,54,148,155,127,195",586
4940,101,"683,37,677,417,731,105,76,157,923,530","127,151,156,165,219,284,36,163,195,284",601
1823,101,"683,37,677,63,891,342,770,889,417,90","127,151,156,269,267,163,129,148,165,36",612
1373,101,"923,312,813,614,629,349,907,295,452,480","195,148,154,3,148,127,219,127,146,148",469
2795,101,"683,37,677,770,90,409,642,433,626,207","127,151,156,129,36,195,195,33,164,127",510
5933,101,"683,90,502,157,409,370,133,637,740,342","127,36,36,163,195,195,163,155,36,163",448
1778,101,"683,37,731,312,636,406,25,452,791,885","127,151,219,148,56,127,148,146,189,39",563
4793,101,"544,312,81,257,406,295,408,471,799,702","174,148,174,146,127,127,174,176,175,176",667
2949,101,"683,37,677,63,76,770,923,502,834,891","127,151,156,269,36,129,195,36,36,267",600
1077,101,"683,37,731,421,636,157,923,406,502,530","127,151,219,195,56,163,195,127,36,284",290
3462,101,"683,37,677,770,90,889,97,850,731,457","127,151,156,129,36,148,39,36,219,156",539
2322,101,"683,37,28,312,923,501,3,811,104,614","127,151,163,148,195,127,155,3,163,3",693
199,101,"683,891,331,451,731,636,776,689,464,923","127,267,54,163,219,56,267,128,148,195",604
248,101,"683,539,811,710,923,690,489,290,30,770","127,148,3,127,195,219,269,3,21,129",612
4142,101,"683,37,532,731,312,406,452,878,372,3","127,151,219,219,148,127,146,137,155,155",464
4017,101,"683,539,312,396,907,636,452,295,923,469","127,148,148,267,219,56,146,127,195,163",519
767,101,"683,37,677,63,76,770,502,433,626,11","127,151,156,269,36,129,36,33,164,156",582
4698,101,"683,37,677,63,891,342,433,794,555,439","127,151,156,269,267,163,33,39,33,153",553
35,101,"683,539,811,452,312,480,791,349,501,742","127,148,3,146,148,148,189,127,127,164",620
2148,101,"683,37,731,421,157,923,638,629,636,751","127,151,219,195,163,195,154,148,56,148",520
4875,101,"683,37,677,30,342,76,626,433,642,71","127,151,156,21,163,36,164,33,195,156",423
5579,101,"683,539,811,710,923,406,508,501,791,491","127,148,3,127,195,127,219,127,189,146",585
5580,101,"683,37,677,330,90,910,76,492,342,359","127,151,156,300,36,127,36,127,163,267",608
1109,101,"683,37,677,330,23,923,501,312,546,889","127,151,156,300,125,195,127,148,146,148",555
6018,101,"923,37,502,79,30,572,439,119,500,528","195,151,36,155,21,39,153,36,155,127",312
2923,101,"683,37,731,421,636,451,848,330,157,328","127,151,219,195,56,163,44,300,163,39",669
1172,101,"683,37,677,770,342,30,71,605,794,626","127,151,156,129,163,21,156,155,39,164",506
714,101,"923,312,811,533,717,502,451,550,111,154","195,148,3,39,195,36,163,21,155,164",380
425,101,"683,37,677,770,30,834,255,76,409,11","127,151,156,129,21,36,36,36,195,156",304
5558,101,"683,539,312,396,815,480,791,59,295,742","127,148,148,267,126,148,189,164,127,164",561
3945,101,"683,539,811,710,489,30,923,290,690,469","127,148,3,127,269,21,195,3,219,163",582
730,101,"683,37,731,421,157,638,776,923,770,626","127,151,219,195,163,154,267,195,129,164",572
3475,101,"683,539,312,396,815,480,791,566,742,931","127,148,148,267,126,148,189,146,164,56",547
2062,101,"923,312,811,452,791,813,138,625,86,520","195,148,3,146,189,154,195,126,164,127",380
3456,101,"683,37,677,63,76,770,30,433,626,359","127,151,156,269,36,129,21,33,164,267",545
2726,101,"683,37,677,63,891,342,433,794,555,439","127,151,156,269,267,163,33,39,33,153",546
3852,101,"923,770,834,30,533,502,119,891,150,63","195,129,36,21,39,36,36,267,195,269",531
4540,102,"923,37,502,30,572,291,439,535,555,11","195,151,36,21,39,21,153,164,33,156",251
3507,102,"683,37,677,417,731,157,370,502,507,551","127,151,156,165,219,163,195,36,126,195",531
4932,102,"683,539,811,710,923,406,529,178,501,508","127,148,3,127,195,127,155,155,127,219",471
5784,102,"683,539,811,491,406,907,791,312,690,501","127,148,3,146,127,219,189,148,219,127",490
5424,102,"683,37,731,421,157,638,776,923,636,451","127,151,219,195,163,154,267,195,56,163",535
5481,102,"683,37,677,63,891,342,433,794,555,354","127,151,156,269,267,163,33,39,33,202",553
4511,102,"683,539,811,710,466,489,898,248,30,290","127,148,3,127,42,269,39,148,21,3",612
5430,102,"683,37,677,63,76,770,502,433,626,11","127,151,156,269,36,129,36,33,164,156",546
2873,102,"923,770,834,30,79,789,169,887,193,342","195,129,36,21,155,156,164,3,21,163",477
1235,102,"923,312,508,133,811,533,488,368,889,111","195,148,219,163,3,39,129,3,148,155",494
4355,102,"683,37,677,443,42,342,63,500,663,163","127,151,156,176,176,163,269,155,176,163",586
3184,102,"683,37,731,312,636,406,452,492,923,25","127,151,219,148,56,127,146,127,195,148",535
2179,102,"923,37,887,502,834,291,30,572,385,439","195,151,3,36,36,21,21,39,39,153",352
3210,102,"683,37,677,770,79,342,30,161,605,439","127,151,156,129,155,163,21,156,155,153",544
3735,102,"683,37,677,770,30,834,255,76,105,794","127,151,156,129,21,36,36,36,284,39",289
4486,102,"683,37,677,417,731,105,76,370,157,90","127,151,156,165,219,284,36,195,163,36",519
574,102,"683,37,677,30,342,385,161,555,439,291","127,151,156,21,163,39,156,33,153,21",483
633,102,"683,539,811,710,923,770,526,290,160,898","127,148,3,127,195,129,63,3,39,39",508
1133,102,"923,312,813,539,629,867,742,614,791,457","195,148,154,148,148,155,164,3,189,156",361
5148,102,"683,539,312,396,815,480,791,907,295,690","127,148,148,267,126,148,189,219,127,219",556
64,102,"683,37,421,502,406,3,629,885,867,154","127,151,195,36,127,155,148,39,155,164",494
5501,102,"683,37,677,30,342,79,385,800,433,555","127,151,156,21,163,155,39,156,33,33",463
1584,102,"923,312,813,539,295,629,907,480,363,452","195,148,154,148,127,148,219,148,128,146",413
729,102,"923,312,811,533,154,290,37,452,791,885","195,148,3,39,164,3,151,146,189,39",346
3759,102,"683,37,677,30,342,385,161,500,439,856","127,151,156,21,163,39,156,155,153,39",437
3009,102,"923,770,834,460,714,669,312,157,370,16","195,129,36,155,163,126,148,163,195,164",516
4554,102,"683,37,677,63,891,342,500,555,11,856","127,151,156,269,267,163,155,33,156,39",569
2626,102,"683,37,731,421,157,638,891,430,502,889","127,151,219,195,163,154,267,44,36,148",628
2261,102,"683,539,811,491,406,178,791,804,501,767","127,148,3,146,127,155,189,148,127,148",641
3610,102,"683,37,731,421,923,638,834,626,502,460","127,151,219,195,195,154,36,164,36,155",600
5528,102,"683,37,677,63,891,342,161,856,555,439","127,151,156,269,267,163,156,39,33,153",553
5711,102,"683,37,677,63,76,433,626,30,342,891","127,151,156,269,36,33,164,21,163,267",553
2930,102,"923,770,328,363,502,37,30,533,636,349","195,129,39,128,36,151,21,39,56,127",293
145,102,"683,37,677,770,79,30,834,657,433,385","127,151,156,129,155,21,36,56,33,39",500
5860,102,"923,312,813,539,629,480,742,791,867,922","195,148,154,148,148,148,164,189,155,154",354
5493,102,"683,37,677,417,255,105,770,555,370,525","127,151,156,165,36,284,129,33,195,3",544
1509,102,"544,692,115,245,719,79,439,561,572,37","174,176,175,217,181,155,153,63,39,151",594
3202,102,"683,539,312,396,43,336,252,742,163,257","127,148,148,267,163,176,154,164,163,146",669
541,102,"683,539,811,710,923,406,508,154,488,348","127,148,3,127,195,127,219,164,129,44",528
1595,102,"923,770,328,375,363,37,417,502,853,657","195,129,39,54,128,151,165,36,44,54,56",500
4837,102,"683,539,312,791,566,480,295,907,815,931","127,148,148,189,146,148,127,219,126,56",464
5610,102,"683,539,811,710,466,375,923,489,770,163","127,148,3,127,42,54,195,269,129,163",653
66,102,"683,539,811,491,406,452,501,907,466,756","127,148,3,146,127,146,127,219,42,58",653
4215,102,"683,37,677,770,90,409,642,433,207,293","127,151,156,129,36,195,195,33,127,3",415
5436,102,"683,539,811,491,406,178,501,312,508,452","127,148,3,146,127,155,127,148,219,146",547
2737,102,"683,539,811,710,923,406,867,501,791,488","127,148,3,127,195,127,155,127,189,129",535
573,102,"923,312,811,488,600,451,533,710,348,770","195,148,3,129,56,163,39,127,44,129",547
1670,102,"683,37,677,63,76,770,923,502,834,891","127,151,156,269,36,129,195,36,36,267",644
5744,102,"683,37,677,443,63,42,342,555,856,161","127,151,156,176,269,176,163,33,39,156",586
1223,102,"923,37,887,502,417,30,551,745,342,626","195,151,3,36,165,21,195,3,163,164",400
2837,102,"683,37,677,63,891,342,385,30,555,439","127,151,156,269,267,163,39,21,33,153",538
5167,102,"683,37,731,312,636,406,76,525,638,78","127,151,219,148,56,127,36,3,154,219",557
1374,102,"683,37,677,63,76,433,502,891,30,626","127,151,156,269,36,33,36,267,21,164",553
2938,102,"683,37,731,312,629,25,825,594,440,786","127,151,219,148,148,148,148,146,136,154",535
4883,102,"683,37,677,63,76,157,923,834,626,502","127,151,156,269,36,163,195,36,164,36",531
1715,102,"923,770,834,30,79,572,119,291,439,71","195,129,36,21,155,39,36,21,153,156",378
1563,102,"683,37,677,770,342,30,71,161,500,439","127,151,156,129,163,21,156,156,155,153",519
3981,102,"683,539,312,295,452,248,636,501,791,508","127,148,148,127,146,148,56,127,189,219",520
1993,102,"683,539,312,295,452,791,394,501,480,931","127,148,148,127,146,189,127,127,148,56",540
4228,102,"683,37,677,770,342,385,30,71,500,626","127,151,156,129,163,39,21,156,155,164",549
3557,102,"683,37,677,255,105,76,157,370,923,802","127,151,156,36,284,36,163,195,195,127",304
449,102,"683,37,731,421,157,638,776,502,923,834","127,151,219,195,163,154,267,36,195,36",541
944,102,"923,770,834,30,79,789,169,439,856,119","195,129,36,21,155,156,164,153,39,36",447
3243,102,"683,37,677,23,417,255,638,63,555,71","127,151,156,125,165,36,154,269,33,156",553
889,102,"683,37,731,421,157,638,776,502,923,636","127,151,219,195,163,154,267,36,195,56",519
3540,102,"683,37,731,421,157,638,776,502,238,923","127,151,219,195,163,154,267,36,155,195",553
4748,102,"923,770,834,30,789,119,63,500,342,439","195,129,36,21,156,36,269,155,163,153",521
3532,102,"683,37,677,770,90,409,642,433,502,834","127,151,156,129,36,195,195,33,36,36",528
1764,102,"683,37,677,417,255,105,451,923,97,157","127,151,156,165,36,284,163,195,39,163",541
1614,102,"683,37,677,63,891,342,161,555,301,255","127,151,156,269,267,163,156,33,44,36",571
5452,102,"683,37,677,417,731,105,76,370,157,776","127,151,156,165,219,284,36,195,163,267",519
5139,102,"683,37,677,417,255,105,770,555,370,525","127,151,156,165,36,284,129,33,195,3",472
2840,102,"923,37,887,502,79,30,834,789,626,617","195,151,3,36,155,21,36,156,164,148",355
2905,102,"683,37,731,312,636,406,848,306,328,525","127,151,219,148,56,127,44,267,39,3",628
1294,102,"683,37,677,63,76,770,105,30,342,834","127,151,156,269,36,129,284,21,163,36",570
2101,102,"683,539,811,491,406,452,907,508,791,480","127,148,3,146,127,146,219,219,189,148",574
5250,102,"923,312,813,614,629,742,791,452,539,480","195,148,154,3,148,164,189,146,148,148",338
2710,102,"683,539,312,396,815,480,791,931,252,457","127,148,148,267,126,148,189,56,154,156",520
3446,102,"683,37,677,417,255,105,451,923,157,342","127,151,156,165,36,284,163,195,163,163",519
1057,102,"683,539,811,907,452,406,508,154,710,290","127,148,3,219,146,127,219,164,127,3",543
185,102,"544,115,81,23,220,763,312,109,363,501","174,175,174,125,181,175,148,174,128,127",720
622,102,"683,539,811,491,452,480,907,791,931,312","127,148,3,146,146,148,219,189,56,148",535
2367,102,"923,312,813,539,295,629,178,363,480,349","195,148,154,148,127,148,155,128,148,127",398
5110,102,"923,37,887,502,170,417,551,312,637,533","195,151,3,36,39,165,195,148,155,39",349
5210,102,"683,37,677,770,90,409,642,913,502,800","127,151,156,129,36,195,195,219,36,156",523
2654,102,"683,539,811,491,406,529,501,690,452,804","127,148,3,146,127,155,127,219,146,148",541
5074,102,"683,37,677,63,891,342,161,856,201,439","127,151,156,269,267,163,156,39,128,153",553
4457,102,"683,37,731,697,312,629,751,440,363,295","127,151,219,60,148,148,148,136,128,127",690
1462,102,"683,37,677,770,342,30,891,255,354,794","127,151,156,129,163,21,267,36,202,39",554
1213,102,"683,37,677,63,76,433,17,30,834,342","127,151,156,269,36,33,60,21,36,163",644
1506,102,"910,312,751,466,705,37,196,502,789,735","127,148,148,42,44,151,114,36,156,148",388
1010,102,"923,37,887,834,170,193,716,794,535,523","195,151,3,36,39,21,117,39,164,21",270
1760,102,"683,37,677,417,731,105,157,451,383,328","127,151,156,165,219,284,163,163,189,39",600
1298,102,"923,37,629,502,328,363,452,312,25,791","195,151,148,36,39,128,146,148,148,189",430
3549,102,"683,539,811,501,406,168,312,791,705,290","127,148,3,127,127,165,148,189,44,3",633
5694,102,"683,37,731,421,636,451,848,157,3,406","127,151,219,195,56,163,44,163,155,127",606
3791,102,"683,539,811,491,406,452,501,907,466,532","127,148,3,146,127,146,127,219,42,219",639
4216,102,"683,37,677,63,891,342,161,555,856,794","127,151,156,269,267,163,156,33,39,39",553
1837,102,"683,37,677,417,923,105,451,157,889,328","127,151,156,165,195,284,163,163,148,39",499
2380,102,"683,539,811,491,406,907,791,200,804,501","127,148,3,146,127,219,189,54,148,127",535
2786,102,"683,37,677,63,41,500,856,161,169,439","127,151,156,269,44,155,39,156,164,153",691
3513,102,"923,770,328,502,37,417,887,342,288,834","195,129,39,36,151,165,3,163,125,36",523
3166,102,"683,37,677,63,891,555,856,794,800,433","127,151,156,269,267,33,39,39,156,33",472
111,102,"683,37,677,417,255,105,770,555,359,79","127,151,156,165,36,284,129,33,267,155",598
4671,102,"683,37,677,63,891,342,161,856,555,439","127,151,156,269,267,163,156,39,33,153",553
1507,102,"683,539,312,295,452,248,636,923,489,469","127,148,148,127,146,148,56,195,269,163",634
3266,102,"683,539,811,491,452,480,907,721,791,312","127,148,3,146,146,148,219,219,189,148",579
3187,102,"923,37,629,502,328,312,452,154,550,451","195,151,148,36,39,148,146,164,21,163",374
5211,102,"683,37,677,417,731,105,157,255,923,451","127,151,156,165,219,284,163,36,195,163",541
2831,102,"923,312,811,452,791,614,813,432,138,885","195,148,3,146,189,3,154,44,195,39",513
2347,102,"683,37,677,417,255,889,449,370,923,157","127,151,156,165,36,148,165,195,195,163",555
5507,102,"683,37,731,421,157,638,776,502,923,834","127,151,219,195,163,154,267,36,195,36",519
5195,102,"683,37,677,255,802,923,105,770,370,76","127,151,156,36,127,195,284,129,195,36",304
5544,102,"683,37,532,502,731,157,923,834,626,770","127,151,219,36,219,163,195,36,164,129",720
2914,102,"683,539,811,491,406,452,508,791,721,421","127,148,3,146,127,146,219,189,219,195",559
5496,102,"683,539,811,491,406,452,907,508,312,721","127,148,3,146,127,146,219,219,148,219",530
1138,102,"683,539,811,491,452,480,907,791,804,484","127,148,3,146,146,148,219,189,148,127",535
4419,102,"683,37,677,63,76,770,79,30,626,891","127,151,156,269,36,129,155,21,164,267",627
3276,102,"683,37,677,417,731,105,76,90,342,30","127,151,156,165,219,284,36,36,163,21",569
2918,102,"683,37,677,63,76,770,105,30,889,626","127,151,156,269,36,129,284,21,148,164",634
50,102,"683,37,677,770,30,834,255,76,409,11","127,151,156,129,21,36,36,36,195,156",304
1378,102,"683,539,312,396,907,636,363,452,791,295","127,148,148,267,219,56,128,146,189,127",588
1389,102,"683,539,811,710,923,690,489,290,348,137","127,148,3,127,195,219,269,3,44,39",618
4400,102,"683,37,677,63,76,770,30,342,71,626","127,151,156,269,36,129,21,163,156,164",654
565,102,"683,37,677,330,689,23,417,451,157,923","127,151,156,300,128,125,165,163,163,195",640
5627,102,"683,539,312,295,414,452,815,501,879,163","127,148,148,127,267,146,126,127,129,163",669
5456,102,"544,312,81,109,408,747,683,452,539,811","174,148,174,174,174,164,127,146,148,3",611
1362,102,"683,539,811,900,710,257,406,529,508,791","127,148,3,267,127,146,127,155,219,189",574
123,102,"683,76,731,157,370,451,368,636,889,530","127,36,219,163,195,163,3,56,148,284",466
3482,102,"683,539,811,491,406,452,501,508,312,529","127,148,3,146,127,146,127,219,148,155",547
1626,102,"683,37,76,770,889,90,853,492,342,330","127,151,36,129,148,36,44,54,127,163,300",540
6033,102,"683,539,312,295,414,931,791,396,742,200","127,148,148,127,267,56,189,267,164,54",661
5560,102,"683,539,312,295,414,931,791,396,742,815","127,148,148,127,267,56,189,267,164,126",616
4723,102,"683,539,811,710,923,770,290,766,30,898","127,148,3,127,195,129,3,284,21,39",498
1525,102,"683,539,312,295,414,452,710,501,815,879","127,148,148,127,267,146,127,127,126,129",600
3854,102,"683,37,731,421,157,923,636,497,789,638","127,151,219,195,163,195,56,128,156,154",544
184,102,"683,37,731,421,157,638,891,430,502,626","127,151,219,195,163,154,267,44,36,164",645
1025,102,"683,37,731,312,636,406,25,452,791,885","127,151,219,148,56,127,148,146,189,39",535
2100,102,"421,312,811,673,452,791,804,742,813,491","195,148,3,154,146,189,148,164,154,146",371
2034,102,"739,923,834,702,607,37,502,929,443,170","164,195,36,176,163,151,36,175,176,39",485
1554,102,"683,37,677,63,891,342,500,555,255,794","127,151,156,269,267,163,155,33,36,39",612
3938,102,"544,312,81,621,692,683,109,115,270,799","174,148,174,176,176,127,174,175,176,175",688
481,102,"683,539,811,710,923,690,406,770,756,657","127,148,3,127,195,219,127,129,58,56",463
3315,102,"683,37,677,63,891,342,161,555,255,163","127,151,156,269,267,163,156,33,36,163",541
966,102,"683,539,811,907,452,406,508,690,421,480","127,148,3,219,146,127,219,219,195,148",510
4238,102,"683,539,312,396,815,480,791,931,252,363","127,148,148,267,126,148,189,56,154,128",521
3693,102,"683,539,811,710,923,406,529,656,501,791","127,148,3,127,195,127,155,3,127,189",463
1674,102,"683,539,811,900,489,710,923,321,290,902","127,148,3,267,269,127,195,127,3,117",640
4328,102,"923,770,834,30,533,502,119,789,409,572","195,129,36,21,39,36,36,156,195,39",278
4352,102,"683,539,811,710,923,406,867,529,488,656","127,148,3,127,195,127,155,155,129,3",535
5529,102,"683,37,677,255,802,923,105,731,157,751","127,151,156,36,127,195,284,219,163,148",506
2677,102,"544,312,629,440,349,338,539,845,59,742","174,148,148,136,127,148,148,63,164,164",796
3486,102,"683,37,677,330,23,689,73,568,889,42","127,151,156,300,125,128,176,169,148,176",702
796,102,"683,37,677,63,76,770,30,433,626,359","127,151,156,269,36,129,21,33,164,267",635
2917,102,"683,37,677,770,90,889,485,657,417,555","127,151,156,129,36,148,189,56,165,33",519
2572,102,"683,37,677,255,802,923,105,770,370,76","127,151,156,36,127,195,284,129,195,36",275
4,102,"923,37,502,30,834,789,105,642,409,533","195,151,36,21,36,156,284,195,195,39",226
4277,102,"683,37,677,417,255,889,449,90,370,923","127,151,156,165,36,148,165,36,195,195",563
444,102,"683,37,677,417,731,105,76,90,342,507","127,151,156,165,219,284,36,36,163,126",526
6036,102,"683,37,677,63,76,770,105,30,342,834","127,151,156,269,36,129,284,21,163,36",493
2078,102,"683,37,677,770,90,409,834,923,563,502","127,151,156,129,36,195,36,195,154,36",516
2781,102,"683,539,312,295,815,501,791,931,742,252","127,148,148,127,126,127,189,56,164,154",555
1503,102,"683,37,677,63,891,342,161,856,555,439","127,151,156,269,267,163,156,39,33,153",553
2961,102,"683,37,677,63,76,770,30,245,626,342","127,151,156,269,36,129,21,217,164,163",678
2627,102,"544,692,115,245,719,770,342,572,663,439","174,176,175,217,181,129,163,39,176,153",689
1930,102,"683,37,731,421,157,638,923,789,636,451","127,151,219,195,163,154,195,156,56,163",471
2436,102,"910,572,433,228,740,626,230,448,132,555","127,39,33,269,36,164,114,3,44,33",300
4492,102,"683,37,677,417,255,105,288,76,802,731","127,151,156,165,36,284,125,36,127,219",531
4858,102,"683,37,731,421,636,157,502,328,923,368","127,151,219,195,56,163,36,39,195,3",594
1041,102,"683,37,677,63,41,891,430,770,30,342","127,151,156,269,44,267,44,129,21,163",669
987,102,"100,312,295,396,440,480,349,363,629,791","165,148,127,267,136,148,127,128,148,189",690
432,102,"683,539,811,710,348,923,770,526,766,690","127,148,3,127,44,195,129,63,284,219",507
6147,102,"683,37,677,417,255,105,370,889,551,502","127,151,156,165,36,284,195,148,195,36",576
870,102,"683,539,811,710,923,770,178,406,461,637","127,148,3,127,195,129,155,127,155,155",427
4088,102,"923,312,811,600,533,105,770,710,451,133","195,148,3,56,39,284,129,127,163,163",479
5126,102,"683,539,312,791,566,815,907,690,252,931","127,148,148,189,146,126,219,219,154,56",498
464,102,"683,37,731,421,636,157,476,751,406,328","127,151,219,195,56,163,54,148,127,39",608
4325,102,"683,37,731,312,636,406,25,501,885,629","127,151,219,148,56,127,148,127,39,148",571
2618,102,"683,37,677,330,90,853,889,637,802,923","127,151,156,300,36,44,54,148,155,127,195",586
4940,102,"683,37,677,417,731,105,76,157,923,530","127,151,156,165,219,284,36,163,195,284",601
1823,102,"683,37,677,63,891,342,770,889,417,90","127,151,156,269,267,163,129,148,165,36",612
1373,102,"923,312,813,614,629,349,907,295,452,480","195,148,154,3,148,127,219,127,146,148",469
2795,102,"683,37,677,770,90,409,642,433,626,207","127,151,156,129,36,195,195,33,164,127",510
5933,102,"683,90,502,157,409,370,133,523,740,433","127,36,36,163,195,195,163,21,36,33",448
1778,102,"683,37,731,312,636,406,25,452,791,885","127,151,219,148,56,127,148,146,189,39",563
4793,102,"544,312,81,257,406,295,408,471,799,702","174,148,174,146,127,127,174,176,175,176",667
2949,102,"683,37,677,63,76,770,923,502,834,891","127,151,156,269,36,129,195,36,36,267",600
1077,102,"683,37,731,421,636,157,3,406,923,502","127,151,219,195,56,163,155,127,195,36",290
3462,102,"683,37,677,770,90,889,97,850,731,457","127,151,156,129,36,148,39,36,219,156",539
2322,102,"683,37,28,312,923,501,811,104,636,23","127,151,163,148,195,127,3,163,56,125",693
199,102,"683,891,331,451,731,636,776,689,464,923","127,267,54,163,219,56,267,128,148,195",604
248,102,"683,539,811,710,923,690,489,290,30,770","127,148,3,127,195,219,269,3,21,129",612
4142,102,"683,37,532,731,312,406,452,878,915,451","127,151,219,219,148,127,146,137,155,156,163",464
4017,102,"683,539,312,396,907,636,452,295,923,469","127,148,148,267,219,56,146,127,195,163",519
767,102,"683,37,677,63,76,770,502,433,626,11","127,151,156,269,36,129,36,33,164,156",582
4698,102,"683,37,677,63,891,342,433,605,11,91","127,151,156,269,267,163,33,155,156,195",553
35,102,"683,539,811,452,312,480,791,349,501,742","127,148,3,146,148,148,189,127,127,164",620
2148,102,"683,37,731,421,157,923,638,629,143,328","127,151,219,195,163,195,154,148,155,39",520
4875,102,"683,37,677,30,342,76,626,433,642,71","127,151,156,21,163,36,164,33,195,156",423
5579,102,"683,539,811,710,923,406,508,501,791,491","127,148,3,127,195,127,219,127,189,146",585
5580,102,"683,37,677,330,90,910,76,492,342,359","127,151,156,300,36,127,36,127,163,267",608
1109,102,"683,37,677,330,23,923,501,312,546,889","127,151,156,300,125,195,127,148,146,148",555
6018,102,"923,37,502,30,572,291,342,439,528,161","195,151,36,21,39,21,163,153,127,156",312
2923,102,"683,37,731,421,636,451,848,330,157,328","127,151,219,195,56,163,44,300,163,39",669
1172,102,"683,37,677,770,342,30,71,626,161,500","127,151,156,129,163,21,156,164,156,155",506
714,102,"923,312,811,533,717,502,451,550,889,137","195,148,3,39,195,36,163,21,148,39",380
425,102,"683,37,677,770,79,30,255,834,409,71","127,151,156,129,155,21,36,36,195,156",304
5558,102,"683,539,312,396,815,480,791,59,295,742","127,148,148,267,126,148,189,164,127,164",561
3945,102,"683,539,811,710,489,30,923,290,690,469","127,148,3,127,269,21,195,3,219,163",582
730,102,"683,37,731,421,157,638,776,923,770,626","127,151,219,195,163,154,267,195,129,164",572
3475,102,"683,539,312,396,815,480,791,566,742,931","127,148,148,267,126,148,189,146,164,56",547
2062,102,"923,312,811,452,791,813,138,625,86,520","195,148,3,146,189,154,195,126,164,127",380
3456,102,"683,37,677,63,76,770,30,433,626,359","127,151,156,269,36,129,21,33,164,267",545
2726,102,"683,37,677,63,891,342,433,794,555,439","127,151,156,269,267,163,33,39,33,153",546
3852,102,"923,770,834,30,533,502,119,891,150,63","195,129,36,21,39,36,36,267,195,269",531
4540,103,"923,37,502,30,572,291,439,535,555,11","195,151,36,21,39,21,153,164,33,156",251
3507,103,"683,37,677,417,731,157,370,502,507,551","127,151,156,165,219,163,195,36,126,195",531
4932,103,"683,539,811,710,923,406,867,466,501,178","127,148,3,127,195,127,155,42,127,155",471
5784,103,"683,539,811,491,406,178,501,312,907,690","127,148,3,146,127,155,127,148,219,219",490
5424,103,"683,37,731,421,157,638,776,923,636,451","127,151,219,195,163,154,267,195,56,163",535
5481,103,"683,37,677,63,891,342,433,605,11,91","127,151,156,269,267,163,33,155,156,195",553
4511,103,"683,539,811,710,466,489,898,248,30,290","127,148,3,127,42,269,39,148,21,3",612
5430,103,"683,37,677,63,76,770,502,433,626,11","127,151,156,269,36,129,36,33,164,156",546
2873,103,"923,770,834,30,79,789,169,887,193,342","195,129,36,21,155,156,164,3,21,163",477
1235,103,"923,312,508,133,811,533,488,80,368,417","195,148,219,163,3,39,129,155,3,165",494
4355,103,"683,37,677,443,42,342,63,856,439,163","127,151,156,176,176,163,269,39,153,163",586
3184,103,"683,37,731,312,636,406,452,492,923,25","127,151,219,148,56,127,146,127,195,148",535
2179,103,"923,37,887,502,834,291,30,572,385,439","195,151,3,36,36,21,21,39,39,153",352
3210,103,"683,37,677,770,342,30,71,161,439,555","127,151,156,129,163,21,156,156,153,33",544
3735,103,"683,37,677,770,30,834,255,76,105,794","127,151,156,129,21,36,36,36,284,39",289
4486,103,"683,37,677,417,731,105,76,370,157,90","127,151,156,165,219,284,36,195,163,36",519
574,103,"683,37,677,30,342,79,385,891,555,439","127,151,156,21,163,155,39,267,33,153",483
633,103,"683,539,811,710,923,770,526,290,160,898","127,148,3,127,195,129,63,3,39,39",508
1133,103,"923,312,813,539,629,614,742,3,791,252","195,148,154,148,148,3,164,155,189,154",361
5148,103,"683,539,312,396,815,480,791,907,295,690","127,148,148,267,126,148,189,219,127,219",556
64,103,"683,37,421,502,406,629,923,157,464,133","127,151,195,36,127,148,195,163,148,163",494
5501,103,"683,37,677,30,342,79,385,800,433,555","127,151,156,21,163,155,39,156,33,33",463
1584,103,"923,312,813,539,295,629,907,480,363,452","195,148,154,148,127,148,219,148,128,146",413
729,103,"923,312,811,533,154,290,37,452,791,885","195,148,3,39,164,3,151,146,189,39",346
3759,103,"683,37,677,30,342,385,161,500,439,856","127,151,156,21,163,39,156,155,153,39",437
3009,103,"923,770,834,714,907,157,370,530,363,312","195,129,36,163,219,163,195,284,128,148",516
4554,103,"683,37,677,63,891,342,500,555,11,856","127,151,156,269,267,163,155,33,156,39",569
2626,103,"683,37,731,421,157,638,891,430,502,889","127,151,219,195,163,154,267,44,36,148",628
2261,103,"683,539,811,491,406,867,791,804,501,767","127,148,3,146,127,155,189,148,127,148",641
3610,103,"683,37,731,421,923,638,834,626,502,669","127,151,219,195,195,154,36,164,36,126",600
5528,103,"683,37,677,63,891,342,161,856,555,439","127,151,156,269,267,163,156,39,33,153",553
5711,103,"683,37,677,63,76,433,626,30,342,891","127,151,156,269,36,33,164,21,163,267",553
2930,103,"923,770,328,363,502,37,30,533,636,349","195,129,39,128,36,151,21,39,56,127",293
145,103,"683,37,677,770,342,385,30,90,433,834","127,151,156,129,163,39,21,36,33,36",500
5860,103,"923,312,813,539,629,480,742,791,566,59","195,148,154,148,148,148,164,189,146,164",354
5493,103,"683,37,677,417,255,105,770,555,370,525","127,151,156,165,36,284,129,33,195,3",544
1509,103,"544,692,115,245,719,79,439,561,572,37","174,176,175,217,181,155,153,63,39,151",594
3202,103,"683,539,312,396,43,336,252,742,163,257","127,148,148,267,163,176,154,164,163,146",669
541,103,"683,539,811,710,923,406,508,529,154,348","127,148,3,127,195,127,219,155,164,44",528
1595,103,"923,770,328,375,363,37,417,502,853,657","195,129,39,54,128,151,165,36,44,54,56",500
4837,103,"683,539,312,791,566,480,295,907,815,931","127,148,148,189,146,148,127,219,126,56",464
5610,103,"683,539,811,710,466,375,923,489,770,163","127,148,3,127,42,54,195,269,129,163",653
66,103,"683,539,811,491,406,452,501,907,466,756","127,148,3,146,127,146,127,219,42,58",653
4215,103,"683,37,677,770,90,409,642,433,207,293","127,151,156,129,36,195,195,33,127,3",415
5436,103,"683,539,811,491,406,178,501,312,508,452","127,148,3,146,127,155,127,148,219,146",547
2737,103,"683,539,811,710,923,406,791,488,690,491","127,148,3,127,195,127,189,129,219,146",535
573,103,"923,312,811,488,600,451,533,710,348,770","195,148,3,129,56,163,39,127,44,129",547
1670,103,"683,37,677,63,76,770,923,502,834,891","127,151,156,269,36,129,195,36,36,267",644
5744,103,"683,37,677,443,63,42,342,555,856,161","127,151,156,176,269,176,163,33,39,156",586
1223,103,"923,37,887,502,417,30,551,745,342,626","195,151,3,36,165,21,195,3,163,164",400
2837,103,"683,37,677,63,891,342,385,30,500,255","127,151,156,269,267,163,39,21,155,36",538
5167,103,"683,37,731,312,636,406,76,525,638,78","127,151,219,148,56,127,36,3,154,219",557
1374,103,"683,37,677,63,76,433,502,891,30,605","127,151,156,269,36,33,36,267,21,155",553
2938,103,"683,37,731,312,629,25,825,594,440,786","127,151,219,148,148,148,148,146,136,154",535
4883,103,"683,37,677,63,76,157,923,834,626,502","127,151,156,269,36,163,195,36,164,36",531
1715,103,"923,770,834,30,572,119,291,439,279,528","195,129,36,21,39,36,21,153,33,127",378
1563,103,"683,37,677,770,342,30,71,161,439,555","127,151,156,129,163,21,156,156,153,33",519
3981,103,"683,539,312,295,452,248,636,501,791,508","127,148,148,127,146,148,56,127,189,219",520
1993,103,"683,539,312,295,452,791,394,501,480,931","127,148,148,127,146,189,127,127,148,56",540
4228,103,"683,37,677,770,342,385,30,71,605,626","127,151,156,129,163,39,21,156,155,164",549
3557,103,"683,37,677,255,105,76,157,370,923,802","127,151,156,36,284,36,163,195,195,127",304
449,103,"683,37,731,421,157,638,776,502,923,834","127,151,219,195,163,154,267,36,195,36",541
944,103,"923,770,834,30,789,119,439,169,605,856","195,129,36,21,156,36,153,164,155,39",447
3243,103,"683,37,677,23,417,255,638,63,555,71","127,151,156,125,165,36,154,269,33,156",553
889,103,"683,37,731,421,157,638,776,502,923,636","127,151,219,195,163,154,267,36,195,56",519
3540,103,"683,37,731,421,157,638,776,502,923,834","127,151,219,195,163,154,267,36,195,36",553
4748,103,"923,770,834,30,789,119,63,439,342,169","195,129,36,21,156,36,269,153,163,164",521
3532,103,"683,37,677,770,90,409,642,433,502,834","127,151,156,129,36,195,195,33,36,36",528
1764,103,"683,37,677,417,255,105,451,923,97,157","127,151,156,165,36,284,163,195,39,163",541
1614,103,"683,37,677,63,891,342,161,555,301,255","127,151,156,269,267,163,156,33,44,36",571
5452,103,"683,37,677,417,731,105,76,370,157,776","127,151,156,165,219,284,36,195,163,267",519
5139,103,"683,37,677,417,255,105,770,555,370,525","127,151,156,165,36,284,129,33,195,3",472
2840,103,"923,37,887,502,834,439,417,30,789,160","195,151,3,36,36,153,165,21,156,39",355
2905,103,"683,37,731,312,636,406,848,306,328,525","127,151,219,148,56,127,44,267,39,3",628
1294,103,"683,37,677,63,76,770,105,30,79,834","127,151,156,269,36,129,284,21,155,36",570
2101,103,"683,539,811,491,406,452,907,508,791,480","127,148,3,146,127,146,219,219,189,148",574
5250,103,"923,312,813,614,629,742,791,452,539,480","195,148,154,3,148,164,189,146,148,148",338
2710,103,"683,539,312,396,815,480,791,931,252,457","127,148,148,267,126,148,189,56,154,156",520
3446,103,"683,37,677,417,255,105,451,923,157,342","127,151,156,165,36,284,163,195,163,163",519
1057,103,"683,539,811,907,452,406,508,154,710,290","127,148,3,219,146,127,219,164,127,3",543
185,103,"544,115,81,23,220,763,312,109,363,501","174,175,174,125,181,175,148,174,128,127",720
622,103,"683,539,811,491,452,480,907,791,931,312","127,148,3,146,146,148,219,189,56,148",535
2367,103,"923,312,813,539,295,629,178,363,480,349","195,148,154,148,127,148,155,128,148,127",398
5110,103,"923,37,887,502,170,417,551,178,457,533","195,151,3,36,39,165,195,155,156,39",349
5210,103,"683,37,677,770,90,409,642,913,502,800","127,151,156,129,36,195,195,219,36,156",523
2654,103,"683,539,811,491,406,907,452,501,312,713","127,148,3,146,127,219,146,127,148,58",541
5074,103,"683,37,677,63,891,342,161,856,201,439","127,151,156,269,267,163,156,39,128,153",553
4457,103,"683,37,731,697,312,629,751,440,363,295","127,151,219,60,148,148,148,136,128,127",690
1462,103,"683,37,677,770,342,30,891,255,354,794","127,151,156,129,163,21,267,36,202,39",554
1213,103,"683,37,677,63,76,433,17,30,834,342","127,151,156,269,36,33,60,21,36,163",644
1506,103,"910,312,751,466,705,37,196,502,789,735","127,148,148,42,44,151,114,36,156,148",388
1010,103,"923,37,887,834,170,193,716,794,535,523","195,151,3,36,39,21,117,39,164,21",270
1760,103,"683,37,677,417,731,105,157,451,383,328","127,151,156,165,219,284,163,163,189,39",600
1298,103,"923,37,629,502,328,363,452,312,25,791","195,151,148,36,39,128,146,148,148,189",430
3549,103,"683,539,811,501,406,168,312,791,705,290","127,148,3,127,127,165,148,189,44,3",633
5694,103,"683,37,731,421,636,451,848,157,306,406","127,151,219,195,56,163,44,163,267,127",606
3791,103,"683,539,811,491,406,452,501,907,466,532","127,148,3,146,127,146,127,219,42,219",639
4216,103,"683,37,677,63,891,342,161,555,856,794","127,151,156,269,267,163,156,33,39,39",553
1837,103,"683,37,677,417,923,105,451,157,889,328","127,151,156,165,195,284,163,163,148,39",499
2380,103,"683,539,811,491,406,867,907,312,791,804","127,148,3,146,127,155,219,148,189,148",535
2786,103,"683,37,677,63,41,161,856,79,430,169","127,151,156,269,44,156,39,155,44,164",691
3513,103,"923,770,328,502,37,417,887,342,288,834","195,129,39,36,151,165,3,163,125,36",523
3166,103,"683,37,677,63,891,605,555,500,255,30","127,151,156,269,267,155,33,155,36,21",472
111,103,"683,37,677,417,255,105,770,555,359,79","127,151,156,165,36,284,129,33,267,155",598
4671,103,"683,37,677,63,891,342,161,856,555,439","127,151,156,269,267,163,156,39,33,153",553
1507,103,"683,539,312,295,452,248,636,923,489,469","127,148,148,127,146,148,56,195,269,163",634
3266,103,"683,539,811,491,452,480,907,721,791,312","127,148,3,146,146,148,219,219,189,148",579
3187,103,"923,37,629,502,328,312,452,154,550,451","195,151,148,36,39,148,146,164,21,163",374
5211,103,"683,37,677,417,731,105,157,255,923,451","127,151,156,165,219,284,163,36,195,163",541
2831,103,"923,312,811,452,791,614,813,432,138,885","195,148,3,146,189,3,154,44,195,39",513
2347,103,"683,37,677,417,255,889,449,370,923,157","127,151,156,165,36,148,165,195,195,163",555
5507,103,"683,37,731,421,157,638,776,502,238,923","127,151,219,195,163,154,267,36,155,195",519
5195,103,"683,37,677,255,802,923,105,770,370,76","127,151,156,36,127,195,284,129,195,36",304
5544,103,"683,37,532,502,731,157,923,834,626,770","127,151,219,36,219,163,195,36,164,129",720
2914,103,"683,539,811,491,406,452,508,791,721,421","127,148,3,146,127,146,219,189,219,195",559
5496,103,"683,539,811,491,406,452,907,508,312,721","127,148,3,146,127,146,219,219,148,219",530
1138,103,"683,539,811,491,452,480,907,791,804,484","127,148,3,146,146,148,219,189,148,127",535
4419,103,"683,37,677,63,76,770,30,342,626,525","127,151,156,269,36,129,21,163,164,3",627
3276,103,"683,37,677,417,731,105,76,90,342,30","127,151,156,165,219,284,36,36,163,21",569
2918,103,"683,37,677,63,76,770,105,30,889,626","127,151,156,269,36,129,284,21,148,164",634
50,103,"683,37,677,770,30,834,255,76,409,11","127,151,156,129,21,36,36,36,195,156",304
1378,103,"683,539,312,396,907,636,363,452,791,295","127,148,148,267,219,56,128,146,189,127",588
1389,103,"683,539,811,710,923,690,489,290,348,137","127,148,3,127,195,219,269,3,44,39",618
4400,103,"683,37,677,63,76,770,79,30,626,342","127,151,156,269,36,129,155,21,164,163",654
565,103,"683,37,677,330,689,23,417,451,157,923","127,151,156,300,128,125,165,163,163,195",640
5627,103,"683,539,312,295,414,452,815,501,879,163","127,148,148,127,267,146,126,127,129,163",669
5456,103,"544,312,81,109,408,747,683,452,539,811","174,148,174,174,174,164,127,146,148,3",611
1362,103,"683,539,811,900,710,257,406,375,867,488","127,148,3,267,127,146,127,54,155,129",574
123,103,"683,76,731,157,370,451,368,636,889,637","127,36,219,163,195,163,3,56,148,155",466
3482,103,"683,539,811,491,406,452,501,508,312,690","127,148,3,146,127,146,127,219,148,219",547
1626,103,"683,37,76,770,889,90,853,492,342,330","127,151,36,129,148,36,44,54,127,163,300",540
6033,103,"683,539,312,295,414,931,791,396,742,200","127,148,148,127,267,56,189,267,164,54",661
5560,103,"683,539,312,295,414,931,791,396,742,815","127,148,148,127,267,56,189,267,164,126",616
4723,103,"683,539,811,710,923,770,290,766,30,898","127,148,3,127,195,129,3,284,21,39",498
1525,103,"683,539,312,295,414,452,710,501,815,879","127,148,148,127,267,146,127,127,126,129",600
3854,103,"683,37,731,421,157,923,636,497,789,638","127,151,219,195,163,195,56,128,156,154",544
184,103,"683,37,731,421,157,638,891,430,502,626","127,151,219,195,163,154,267,44,36,164",645
1025,103,"683,37,731,312,636,406,25,452,791,885","127,151,219,148,56,127,148,146,189,39",535
2100,103,"421,312,811,673,452,791,804,742,813,491","195,148,3,154,146,189,148,164,154,146",371
2034,103,"739,923,834,702,607,37,502,929,443,170","164,195,36,176,163,151,36,175,176,39",485
1554,103,"683,37,677,63,891,342,161,856,555,794","127,151,156,269,267,163,156,39,33,39",612
3938,103,"544,312,81,621,692,683,109,115,270,799","174,148,174,176,176,127,174,175,176,175",688
481,103,"683,539,811,710,923,690,406,770,756,657","127,148,3,127,195,219,127,129,58,56",463
3315,103,"683,37,677,63,891,342,161,555,255,163","127,151,156,269,267,163,156,33,36,163",541
966,103,"683,539,811,907,452,406,508,690,421,480","127,148,3,219,146,127,219,219,195,148",510
4238,103,"683,539,312,396,815,480,791,931,252,363","127,148,148,267,126,148,189,56,154,128",521
3693,103,"683,539,811,710,923,406,529,656,501,791","127,148,3,127,195,127,155,3,127,189",463
1674,103,"683,539,811,900,489,710,923,321,290,902","127,148,3,267,269,127,195,127,3,117",640
4328,103,"923,770,834,30,533,502,119,789,409,572","195,129,36,21,39,36,36,156,195,39",278
4352,103,"683,539,811,710,923,406,791,488,690,491","127,148,3,127,195,127,189,129,219,146",535
5529,103,"683,37,677,255,802,923,105,731,157,751","127,151,156,36,127,195,284,219,163,148",506
2677,103,"544,312,629,440,349,338,539,845,59,742","174,148,148,136,127,148,148,63,164,164",796
3486,103,"683,37,677,330,23,689,73,568,889,42","127,151,156,300,125,128,176,169,148,176",702
796,103,"683,37,677,63,76,770,30,433,626,359","127,151,156,269,36,129,21,33,164,267",635
2917,103,"683,37,677,770,90,889,485,657,417,555","127,151,156,129,36,148,189,56,165,33",519
2572,103,"683,37,677,255,802,923,105,770,370,76","127,151,156,36,127,195,284,129,195,36",275
4,103,"923,37,502,30,834,789,105,642,409,533","195,151,36,21,36,156,284,195,195,39",226
4277,103,"683,37,677,417,255,889,449,90,370,923","127,151,156,165,36,148,165,36,195,195",563
444,103,"683,37,677,417,731,105,76,90,342,507","127,151,156,165,219,284,36,36,163,126",526
6036,103,"683,37,677,63,76,770,105,30,342,834","127,151,156,269,36,129,284,21,163,36",493
2078,103,"683,37,677,770,90,409,834,923,563,502","127,151,156,129,36,195,36,195,154,36",516
2781,103,"683,539,312,295,815,501,791,931,742,252","127,148,148,127,126,127,189,56,164,154",555
1503,103,"683,37,677,63,891,342,500,161,856,79","127,151,156,269,267,163,155,156,39,155",553
2961,103,"683,37,677,63,76,770,30,245,626,342","127,151,156,269,36,129,21,217,164,163",678
2627,103,"544,692,115,245,719,770,342,572,663,439","174,176,175,217,181,129,163,39,176,153",689
1930,103,"683,37,731,421,157,638,923,789,636,451","127,151,219,195,163,154,195,156,56,163",471
2436,103,"910,572,433,228,740,626,230,500,555,677","127,39,33,269,36,164,114,155,33,156",300
4492,103,"683,37,677,417,255,105,288,76,802,731","127,151,156,165,36,284,125,36,127,219",531
4858,103,"683,37,731,421,636,157,502,328,923,368","127,151,219,195,56,163,36,39,195,3",594
1041,103,"683,37,677,63,41,891,430,770,30,342","127,151,156,269,44,267,44,129,21,163",669
987,103,"100,312,295,396,440,480,349,363,629,791","165,148,127,267,136,148,127,128,148,189",690
432,103,"683,539,811,710,348,923,770,526,766,690","127,148,3,127,44,195,129,63,284,219",507
6147,103,"683,37,677,417,255,105,370,889,551,502","127,151,156,165,36,284,195,148,195,36",576
870,103,"683,539,811,710,923,770,406,461,657,137","127,148,3,127,195,129,127,155,56,39",427
4088,103,"923,312,811,600,533,105,770,710,451,133","195,148,3,56,39,284,129,127,163,163",479
5126,103,"683,539,312,791,566,815,907,690,252,931","127,148,148,189,146,126,219,219,154,56",498
464,103,"683,37,731,421,636,157,3,328,451,848","127,151,219,195,56,163,155,39,163,44",608
4325,103,"683,37,731,312,636,406,25,501,885,629","127,151,219,148,56,127,148,127,39,148",571
2618,103,"683,37,677,330,90,853,889,731,492,802","127,151,156,300,36,44,54,148,219,127,127",586
4940,103,"683,37,677,417,731,105,76,157,923,530","127,151,156,165,219,284,36,163,195,284",601
1823,103,"683,37,677,63,891,342,770,889,417,90","127,151,156,269,267,163,129,148,165,36",612
1373,103,"923,312,813,614,629,349,907,295,452,480","195,148,154,3,148,127,219,127,146,148",469
2795,103,"683,37,677,770,90,409,642,433,626,207","127,151,156,129,36,195,195,33,164,127",510
5933,103,"683,90,502,157,409,370,133,523,740,433","127,36,36,163,195,195,163,21,36,33",448
1778,103,"683,37,731,312,636,406,25,452,791,885","127,151,219,148,56,127,148,146,189,39",563
4793,103,"544,312,81,257,406,295,408,471,799,702","174,148,174,146,127,127,174,176,175,176",667
2949,103,"683,37,677,63,76,770,923,502,834,891","127,151,156,269,36,129,195,36,36,267",600
1077,103,"683,37,731,421,636,157,923,406,502,530","127,151,219,195,56,163,195,127,36,284",290
3462,103,"683,37,677,770,90,889,97,850,731,457","127,151,156,129,36,148,39,36,219,156",539
2322,103,"683,37,28,312,923,501,811,104,636,23","127,151,163,148,195,127,3,163,56,125",693
199,103,"683,891,331,451,731,636,776,689,464,923","127,267,54,163,219,56,267,128,148,195",604
248,103,"683,539,811,710,923,690,489,290,30,770","127,148,3,127,195,219,269,3,21,129",612
4142,103,"683,37,532,731,312,406,452,878,372,508","127,151,219,219,148,127,146,137,155,219",464
4017,103,"683,539,312,396,907,636,452,295,923,469","127,148,148,267,219,56,146,127,195,163",519
767,103,"683,37,677,63,76,770,502,433,626,11","127,151,156,269,36,129,36,33,164,156",582
4698,103,"683,37,677,63,891,342,433,605,11,91","127,151,156,269,267,163,33,155,156,195",553
35,103,"683,539,811,452,312,480,791,349,501,742","127,148,3,146,148,148,189,127,127,164",620
2148,103,"683,37,731,421,157,923,638,629,636,751","127,151,219,195,163,195,154,148,56,148",520
4875,103,"683,37,677,30,342,76,626,433,642,71","127,151,156,21,163,36,164,33,195,156",423
5579,103,"683,539,811,710,923,406,508,501,791,491","127,148,3,127,195,127,219,127,189,146",585
5580,103,"683,37,677,330,90,910,76,492,342,359","127,151,156,300,36,127,36,127,163,267",608
1109,103,"683,37,677,330,23,923,501,312,546,889","127,151,156,300,125,195,127,148,146,148",555
6018,103,"923,37,502,30,572,291,342,500,439,528","195,151,36,21,39,21,163,155,153,127",312
2923,103,"683,37,731,421,636,451,848,330,157,328","127,151,219,195,56,163,44,300,163,39",669
1172,103,"683,37,677,770,342,30,71,626,161,439","127,151,156,129,163,21,156,164,156,153",506
714,103,"923,312,811,533,717,502,451,550,111,154","195,148,3,39,195,36,163,21,155,164",380
425,103,"683,37,677,770,30,834,255,76,409,11","127,151,156,129,21,36,36,36,195,156",304
5558,103,"683,539,312,396,815,480,791,59,295,742","127,148,148,267,126,148,189,164,127,164",561
3945,103,"683,539,811,710,489,30,923,290,690,469","127,148,3,127,269,21,195,3,219,163",582
730,103,"683,37,731,421,157,638,776,923,770,626","127,151,219,195,163,154,267,195,129,164",572
3475,103,"683,539,312,396,815,480,791,566,742,931","127,148,148,267,126,148,189,146,164,56",547
2062,103,"923,312,811,452,791,813,138,625,86,520","195,148,3,146,189,154,195,126,164,127",380
3456,103,"683,37,677,63,76,770,79,342,30,891","127,151,156,269,36,129,155,163,21,267",545
2726,103,"683,37,677,63,891,342,433,794,555,439","127,151,156,269,267,163,33,39,33,153",546
3852,103,"923,770,834,30,533,502,119,891,150,63","195,129,36,21,39,36,36,267,195,269",531
4540,104,"923,37,502,79,30,572,439,291,279,535","195,151,36,155,21,39,153,21,33,164",251
3507,104,"683,37,677,417,731,157,370,502,507,551","127,151,156,165,219,163,195,36,126,195",531
4932,104,"683,539,811,710,923,406,529,501,791,508","127,148,3,127,195,127,155,127,189,219",471
5784,104,"683,539,811,491,406,867,791,312,690,501","127,148,3,146,127,155,189,148,219,127",490
5424,104,"683,37,731,421,157,638,776,923,636,451","127,151,219,195,163,154,267,195,56,163",535
5481,104,"683,37,677,63,891,342,433,605,11,91","127,151,156,269,267,163,33,155,156,195",553
4511,104,"683,539,811,710,466,489,898,248,30,290","127,148,3,127,42,269,39,148,21,3",612
5430,104,"683,37,677,63,76,770,502,433,626,11","127,151,156,269,36,129,36,33,164,156",546
2873,104,"923,770,834,30,789,887,169,193,626,342","195,129,36,21,156,3,164,21,164,163",477
1235,104,"923,312,508,133,811,533,488,80,368,417","195,148,219,163,3,39,129,155,3,165",494
4355,104,"683,37,677,443,42,342,63,856,439,163","127,151,156,176,176,163,269,39,153,163",586
3184,104,"683,37,731,312,636,406,452,492,923,25","127,151,219,148,56,127,146,127,195,148",535
2179,104,"923,37,887,502,834,291,30,572,385,439","195,151,3,36,36,21,21,39,39,153",352
3210,104,"683,37,677,770,342,30,71,161,439,555","127,151,156,129,163,21,156,156,153,33",544
3735,104,"683,37,677,770,79,30,255,834,409,71","127,151,156,129,155,21,36,36,195,156",289
4486,104,"683,37,677,417,731,105,76,370,157,90","127,151,156,165,219,284,36,195,163,36",519
574,104,"683,37,677,30,342,385,161,555,439,291","127,151,156,21,163,39,156,33,153,21",483
633,104,"683,539,811,710,923,770,526,290,160,898","127,148,3,127,195,129,63,3,39,39",508
1133,104,"923,312,813,539,629,614,742,178,457,791","195,148,154,148,148,3,164,155,156,189",361
5148,104,"683,539,312,396,815,480,791,907,295,690","127,148,148,267,126,148,189,219,127,219",556
64,104,"683,37,421,502,406,629,923,157,464,133","127,151,195,36,127,148,195,163,148,163",494
5501,104,"683,37,677,30,342,79,385,800,433,555","127,151,156,21,163,155,39,156,33,33",463
1584,104,"923,312,813,539,295,629,907,480,363,452","195,148,154,148,127,148,219,148,128,146",413
729,104,"923,312,811,533,154,290,529,178,791,673","195,148,3,39,164,3,155,155,189,154",346
3759,104,"683,37,677,30,342,385,161,439,856,605","127,151,156,21,163,39,156,153,39,155",437
3009,104,"923,770,834,714,907,134,441,328,37,370","195,129,36,163,219,155,117,39,151,195",516
4554,104,"683,37,677,63,891,342,500,555,11,856","127,151,156,269,267,163,155,33,156,39",569
2626,104,"683,37,731,421,157,638,891,430,502,889","127,151,219,195,163,154,267,44,36,148",628
2261,104,"683,539,811,491,406,178,791,804,501,767","127,148,3,146,127,155,189,148,127,148",641
3610,104,"683,37,731,421,923,638,834,626,502,669","127,151,219,195,195,154,36,164,36,126",600
5528,104,"683,37,677,63,891,342,500,555,11,856","127,151,156,269,267,163,155,33,156,39",553
5711,104,"683,37,677,63,76,433,626,30,342,891","127,151,156,269,36,33,164,21,163,267",553
2930,104,"923,770,328,363,502,37,30,533,636,349","195,129,39,128,36,151,21,39,56,127",293
145,104,"683,37,677,770,79,30,834,657,433,385","127,151,156,129,155,21,36,56,33,39",500
5860,104,"923,312,813,539,629,480,742,791,867,922","195,148,154,148,148,148,164,189,155,154",354
5493,104,"683,37,677,417,255,105,770,555,370,525","127,151,156,165,36,284,129,33,195,3",544
1509,104,"544,692,115,245,719,63,439,443,572,561","174,176,175,217,181,269,153,176,39,63",594
3202,104,"683,539,312,396,43,336,252,742,163,257","127,148,148,267,163,176,154,164,163,146",669
541,104,"683,539,811,710,923,406,508,154,488,348","127,148,3,127,195,127,219,164,129,44",528
1595,104,"923,770,328,375,363,37,417,502,853,657","195,129,39,54,128,151,165,36,44,54,56",500
4837,104,"683,539,312,791,566,480,295,907,815,931","127,148,148,189,146,148,127,219,126,56",464
5610,104,"683,539,811,710,466,375,923,489,770,163","127,148,3,127,42,54,195,269,129,163",653
66,104,"683,539,811,491,406,452,501,907,466,756","127,148,3,146,127,146,127,219,42,58",653
4215,104,"683,37,677,770,90,409,642,433,207,293","127,151,156,129,36,195,195,33,127,3",415
5436,104,"683,539,811,491,406,867,178,907,312,452","127,148,3,146,127,155,155,219,148,146",547
2737,104,"683,539,811,710,923,406,791,488,690,491","127,148,3,127,195,127,189,129,219,146",535
573,104,"923,312,811,488,600,451,533,710,348,770","195,148,3,129,56,163,39,127,44,129",547
1670,104,"683,37,677,63,76,770,923,502,834,891","127,151,156,269,36,129,195,36,36,267",644
5744,104,"683,37,677,443,63,42,342,555,856,161","127,151,156,176,269,176,163,33,39,156",586
1223,104,"923,37,887,502,417,30,551,745,342,626","195,151,3,36,165,21,195,3,163,164",400
2837,104,"683,37,677,63,891,342,385,30,79,439","127,151,156,269,267,163,39,21,155,153",538
5167,104,"683,37,731,312,636,406,76,525,638,78","127,151,219,148,56,127,36,3,154,219",557
1374,104,"683,37,677,63,76,433,502,891,30,626","127,151,156,269,36,33,36,267,21,164",553
2938,104,"683,37,731,312,629,25,825,594,440,786","127,151,219,148,148,148,148,146,136,154",535
4883,104,"683,37,677,63,76,157,923,834,626,502","127,151,156,269,36,163,195,36,164,36",531
1715,104,"923,770,834,30,79,572,119,291,605,71","195,129,36,21,155,39,36,21,155,156",378
1563,104,"683,37,677,770,79,342,30,161,500,439","127,151,156,129,155,163,21,156,155,153",519
3981,104,"683,539,312,295,452,248,636,501,791,508","127,148,148,127,146,148,56,127,189,219",520
1993,104,"683,539,312,295,452,791,394,501,480,931","127,148,148,127,146,189,127,127,148,56",540
4228,104,"683,37,677,770,342,385,30,71,161,439","127,151,156,129,163,39,21,156,156,153",549
3557,104,"683,37,677,255,105,76,157,370,923,802","127,151,156,36,284,36,163,195,195,127",304
449,104,"683,37,731,421,157,638,776,502,238,923","127,151,219,195,163,154,267,36,155,195",541
944,104,"923,770,834,30,789,119,439,169,856,54","195,129,36,21,156,36,153,164,39,33",447
3243,104,"683,37,677,23,417,255,638,63,555,71","127,151,156,125,165,36,154,269,33,156",553
889,104,"683,37,731,421,157,638,776,502,923,636","127,151,219,195,163,154,267,36,195,56",519
3540,104,"683,37,731,421,157,638,776,502,238,923","127,151,219,195,163,154,267,36,155,195",553
4748,104,"923,770,834,30,79,63,169,789,439,119","195,129,36,21,155,269,164,156,153,36",521
3532,104,"683,37,677,770,90,409,642,433,502,834","127,151,156,129,36,195,195,33,36,36",528
1764,104,"683,37,677,417,255,105,451,923,97,157","127,151,156,165,36,284,163,195,39,163",541
1614,104,"683,37,677,63,891,342,161,555,301,255","127,151,156,269,267,163,156,33,44,36",571
5452,104,"683,37,677,417,731,105,76,370,157,776","127,151,156,165,219,284,36,195,163,267",519
5139,104,"683,37,677,417,255,105,770,555,370,525","127,151,156,165,36,284,129,33,195,3",472
2840,104,"923,37,887,502,834,439,417,30,789,160","195,151,3,36,36,153,165,21,156,39",355
2905,104,"683,37,731,312,636,406,848,306,328,525","127,151,219,148,56,127,44,267,39,3",628
1294,104,"683,37,677,63,76,770,105,30,342,834","127,151,156,269,36,129,284,21,163,36",570
2101,104,"683,539,811,491,406,452,907,508,791,480","127,148,3,146,127,146,219,219,189,148",574
5250,104,"923,312,813,614,629,742,791,452,539,480","195,148,154,3,148,164,189,146,148,148",338
2710,104,"683,539,312,396,815,480,791,931,252,457","127,148,148,267,126,148,189,56,154,156",520
3446,104,"683,37,677,417,255,105,451,923,157,342","127,151,156,165,36,284,163,195,163,163",519
1057,104,"683,539,811,907,452,406,508,154,710,290","127,148,3,219,146,127,219,164,127,3",543
185,104,"544,115,81,23,220,763,312,109,363,501","174,175,174,125,181,175,148,174,128,127",720
622,104,"683,539,811,491,452,480,907,791,931,312","127,148,3,146,146,148,219,189,56,148",535
2367,104,"923,312,813,539,295,629,349,480,363,451","195,148,154,148,127,148,127,148,128,163",398
5110,104,"923,37,887,502,170,417,551,312,637,533","195,151,3,36,39,165,195,148,155,39",349
5210,104,"683,37,677,770,90,409,642,913,502,800","127,151,156,129,36,195,195,219,36,156",523
2654,104,"683,539,811,491,406,867,907,452,501,312","127,148,3,146,127,155,219,146,127,148",541
5074,104,"683,37,677,63,891,342,161,856,605,169","127,151,156,269,267,163,156,39,155,164",553
4457,104,"683,37,731,697,312,629,751,440,363,295","127,151,219,60,148,148,148,136,128,127",690
1462,104,"683,37,677,770,342,30,891,255,354,794","127,151,156,129,163,21,267,36,202,39",554
1213,104,"683,37,677,63,76,433,17,30,834,342","127,151,156,269,36,33,60,21,36,163",644
1506,104,"910,312,751,466,705,37,196,502,789,735","127,148,148,42,44,151,114,36,156,148",388
1010,104,"923,37,887,834,170,193,716,794,535,523","195,151,3,36,39,21,117,39,164,21",270
1760,104,"683,37,677,417,731,105,157,451,383,328","127,151,156,165,219,284,163,163,189,39",600
1298,104,"923,37,629,502,328,363,452,312,25,791","195,151,148,36,39,128,146,148,148,189",430
3549,104,"683,539,811,501,406,168,312,791,705,290","127,148,3,127,127,165,148,189,44,3",633
5694,104,"683,37,731,421,636,451,848,157,3,406","127,151,219,195,56,163,44,163,155,127",606
3791,104,"683,539,811,491,406,452,501,907,466,532","127,148,3,146,127,146,127,219,42,219",639
4216,104,"683,37,677,63,891,342,161,555,856,794","127,151,156,269,267,163,156,33,39,39",553
1837,104,"683,37,677,417,923,105,451,157,889,328","127,151,156,165,195,284,163,163,148,39",499
2380,104,"683,539,811,491,406,907,791,200,804,501","127,148,3,146,127,219,189,54,148,127",535
2786,104,"683,37,677,63,41,161,856,79,430,169","127,151,156,269,44,156,39,155,44,164",691
3513,104,"923,770,328,502,37,417,887,342,288,834","195,129,39,36,151,165,3,163,125,36",523
3166,104,"683,37,677,63,891,605,555,856,255,30","127,151,156,269,267,155,33,39,36,21",472
111,104,"683,37,677,417,255,105,770,555,359,62","127,151,156,165,36,284,129,33,267,61",598
4671,104,"683,37,677,63,891,342,161,856,555,439","127,151,156,269,267,163,156,39,33,153",553
1507,104,"683,539,312,295,452,248,636,923,489,469","127,148,148,127,146,148,56,195,269,163",634
3266,104,"683,539,811,491,452,480,907,721,791,312","127,148,3,146,146,148,219,219,189,148",579
3187,104,"923,37,629,502,328,312,452,154,550,451","195,151,148,36,39,148,146,164,21,163",374
5211,104,"683,37,677,417,731,105,157,255,923,451","127,151,156,165,219,284,163,36,195,163",541
2831,104,"923,312,811,452,791,614,813,432,138,885","195,148,3,146,189,3,154,44,195,39",513
2347,104,"683,37,677,417,255,889,449,370,923,157","127,151,156,165,36,148,165,195,195,163",555
5507,104,"683,37,731,421,157,638,776,502,238,923","127,151,219,195,163,154,267,36,155,195",519
5195,104,"683,37,677,255,802,923,105,770,370,76","127,151,156,36,127,195,284,129,195,36",304
5544,104,"683,37,532,502,731,157,923,834,626,770","127,151,219,36,219,163,195,36,164,129",720
2914,104,"683,539,811,491,406,452,508,791,721,421","127,148,3,146,127,146,219,189,219,195",559
5496,104,"683,539,811,491,406,452,907,508,312,721","127,148,3,146,127,146,219,219,148,219",530
1138,104,"683,539,811,491,452,480,907,791,804,484","127,148,3,146,146,148,219,189,148,127",535
4419,104,"683,37,677,63,76,770,30,342,626,525","127,151,156,269,36,129,21,163,164,3",627
3276,104,"683,37,677,417,731,105,76,90,342,30","127,151,156,165,219,284,36,36,163,21",569
2918,104,"683,37,677,63,76,770,105,30,889,626","127,151,156,269,36,129,284,21,148,164",634
50,104,"683,37,677,770,30,834,255,76,409,11","127,151,156,129,21,36,36,36,195,156",304
1378,104,"683,539,312,396,907,636,363,452,791,295","127,148,148,267,219,56,128,146,189,127",588
1389,104,"683,539,811,710,923,690,489,290,348,137","127,148,3,127,195,219,269,3,44,39",618
4400,104,"683,37,677,63,76,770,30,342,71,605","127,151,156,269,36,129,21,163,156,155",654
565,104,"683,37,677,330,689,23,417,451,157,923","127,151,156,300,128,125,165,163,163,195",640
5627,104,"683,539,312,295,414,452,815,501,879,163","127,148,148,127,267,146,126,127,129,163",669
5456,104,"544,312,81,109,408,747,683,452,539,811","174,148,174,174,174,164,127,146,148,3",611
1362,104,"683,539,811,900,710,257,406,375,867,488","127,148,3,267,127,146,127,54,155,129",574
123,104,"683,76,731,157,370,451,368,636,889,637","127,36,219,163,195,163,3,56,148,155",466
3482,104,"683,539,811,491,406,452,501,508,312,690","127,148,3,146,127,146,127,219,148,219",547
1626,104,"683,37,76,770,889,90,853,492,342,330","127,151,36,129,148,36,44,54,127,163,300",540
6033,104,"683,539,312,295,414,931,791,396,742,200","127,148,148,127,267,56,189,267,164,54",661
5560,104,"683,539,312,295,414,931,791,396,742,815","127,148,148,127,267,56,189,267,164,126",616
4723,104,"683,539,811,710,923,770,290,766,30,898","127,148,3,127,195,129,3,284,21,39",498
1525,104,"683,539,312,295,414,452,710,501,815,879","127,148,148,127,267,146,127,127,126,129",600
3854,104,"683,37,731,421,157,923,636,497,789,638","127,151,219,195,163,195,56,128,156,154",544
184,104,"683,37,731,421,157,638,891,430,502,626","127,151,219,195,163,154,267,44,36,164",645
1025,104,"683,37,731,312,636,406,25,452,791,885","127,151,219,148,56,127,148,146,189,39",535
2100,104,"421,312,811,673,452,791,804,742,813,491","195,148,3,154,146,189,148,164,154,146",371
2034,104,"739,923,834,702,607,37,502,929,443,170","164,195,36,176,163,151,36,175,176,39",485
1554,104,"683,37,677,63,891,342,500,555,255,794","127,151,156,269,267,163,155,33,36,39",612
3938,104,"544,312,81,621,692,683,109,115,270,799","174,148,174,176,176,127,174,175,176,175",688
481,104,"683,539,811,710,923,690,406,770,756,657","127,148,3,127,195,219,127,129,58,56",463
3315,104,"683,37,677,63,891,342,161,555,255,163","127,151,156,269,267,163,156,33,36,163",541
966,104,"683,539,811,907,452,406,508,690,421,480","127,148,3,219,146,127,219,219,195,148",510
4238,104,"683,539,312,396,815,480,791,931,252,363","127,148,148,267,126,148,189,56,154,128",521
3693,104,"683,539,811,710,923,406,529,656,501,791","127,148,3,127,195,127,155,3,127,189",463
1674,104,"683,539,811,900,489,710,923,321,290,902","127,148,3,267,269,127,195,127,3,117",640
4328,104,"923,770,834,30,533,502,119,789,409,572","195,129,36,21,39,36,36,156,195,39",278
4352,104,"683,539,811,710,923,406,867,501,815,690","127,148,3,127,195,127,155,127,126,219",535
5529,104,"683,37,677,255,802,923,105,731,157,751","127,151,156,36,127,195,284,219,163,148",506
2677,104,"544,312,629,440,349,338,539,845,59,742","174,148,148,136,127,148,148,63,164,164",796
3486,104,"683,37,677,330,23,689,73,568,889,42","127,151,156,300,125,128,176,169,148,176",702
796,104,"683,37,677,63,76,770,30,433,626,359","127,151,156,269,36,129,21,33,164,267",635
2917,104,"683,37,677,770,90,889,485,657,417,555","127,151,156,129,36,148,189,56,165,33",519
2572,104,"683,37,677,255,802,923,105,770,370,76","127,151,156,36,127,195,284,129,195,36",275
4,104,"923,37,502,30,834,789,105,642,409,533","195,151,36,21,36,156,284,195,195,39",226
4277,104,"683,37,677,417,255,889,449,90,370,923","127,151,156,165,36,148,165,36,195,195",563
444,104,"683,37,677,417,731,105,76,90,342,507","127,151,156,165,219,284,36,36,163,126",526
6036,104,"683,37,677,63,76,770,105,30,342,834","127,151,156,269,36,129,284,21,163,36",493
2078,104,"683,37,677,770,90,409,834,923,563,502","127,151,156,129,36,195,36,195,154,36",516
2781,104,"683,539,312,295,815,501,791,931,742,252","127,148,148,127,126,127,189,56,164,154",555
1503,104,"683,37,677,63,891,342,161,856,555,439","127,151,156,269,267,163,156,39,33,153",553
2961,104,"683,37,677,63,76,770,30,245,626,342","127,151,156,269,36,129,21,217,164,163",678
2627,104,"544,692,115,245,719,79,770,663,342,572","174,176,175,217,181,155,129,176,163,39",689
1930,104,"683,37,731,421,157,638,923,789,636,451","127,151,219,195,163,154,195,156,56,163",471
2436,104,"910,572,433,228,740,626,605,293,525,677","127,39,33,269,36,164,155,3,3,156",300
4492,104,"683,37,677,417,255,105,288,76,802,731","127,151,156,165,36,284,125,36,127,219",531
4858,104,"683,37,731,421,636,157,502,328,3,406","127,151,219,195,56,163,36,39,155,127",594
1041,104,"683,37,677,63,41,891,430,770,30,342","127,151,156,269,44,267,44,129,21,163",669
987,104,"100,312,295,396,440,480,349,363,629,791","165,148,127,267,136,148,127,128,148,189",690
432,104,"683,539,811,710,348,923,770,526,766,690","127,148,3,127,44,195,129,63,284,219",507
6147,104,"683,37,677,417,255,105,370,889,551,502","127,151,156,165,36,284,195,148,195,36",576
870,104,"683,539,811,710,923,770,406,469,657,831","127,148,3,127,195,129,127,163,56,155",427
4088,104,"923,312,811,600,533,105,770,710,451,133","195,148,3,56,39,284,129,127,163,163",479
5126,104,"683,539,312,791,566,815,907,690,252,931","127,148,148,189,146,126,219,219,154,56",498
464,104,"683,37,731,421,636,157,476,751,406,328","127,151,219,195,56,163,54,148,127,39",608
4325,104,"683,37,731,312,636,406,25,501,885,629","127,151,219,148,56,127,148,127,39,148",571
2618,104,"683,37,677,330,90,853,889,731,492,802","127,151,156,300,36,44,54,148,219,127,127",586
4940,104,"683,37,677,417,731,105,76,157,923,530","127,151,156,165,219,284,36,163,195,284",601
1823,104,"683,37,677,63,891,342,770,889,417,90","127,151,156,269,267,163,129,148,165,36",612
1373,104,"923,312,813,614,629,349,907,295,452,480","195,148,154,3,148,127,219,127,146,148",469
2795,104,"683,37,677,770,90,409,642,433,626,207","127,151,156,129,36,195,195,33,164,127",510
5933,104,"683,90,502,157,409,370,133,523,740,433","127,36,36,163,195,195,163,21,36,33",448
1778,104,"683,37,731,312,636,406,25,452,791,885","127,151,219,148,56,127,148,146,189,39",563
4793,104,"544,312,81,257,406,295,408,471,799,702","174,148,174,146,127,127,174,176,175,176",667
2949,104,"683,37,677,63,76,770,923,502,834,891","127,151,156,269,36,129,195,36,36,267",600
1077,104,"683,37,731,421,636,157,3,406,923,502","127,151,219,195,56,163,155,127,195,36",290
3462,104,"683,37,677,770,90,889,97,850,731,457","127,151,156,129,36,148,39,36,219,156",539
2322,104,"683,37,28,312,923,501,811,104,636,23","127,151,163,148,195,127,3,163,56,125",693
199,104,"683,891,331,451,731,636,776,689,464,923","127,267,54,163,219,56,267,128,148,195",604
248,104,"683,539,811,710,923,690,489,290,30,770","127,148,3,127,195,219,269,3,21,129",612
4142,104,"683,37,532,731,312,406,452,878,372,508","127,151,219,219,148,127,146,137,155,219",464
4017,104,"683,539,312,396,907,636,452,295,923,469","127,148,148,267,219,56,146,127,195,163",519
767,104,"683,37,677,63,76,770,502,433,626,11","127,151,156,269,36,129,36,33,164,156",582
4698,104,"683,37,677,63,891,342,433,794,555,439","127,151,156,269,267,163,33,39,33,153",553
35,104,"683,539,811,452,312,480,791,349,501,742","127,148,3,146,148,148,189,127,127,164",620
2148,104,"683,37,731,421,157,923,638,629,143,328","127,151,219,195,163,195,154,148,155,39",520
4875,104,"683,37,677,30,342,76,626,79,409,433","127,151,156,21,163,36,164,155,195,33",423
5579,104,"683,539,811,710,923,406,508,501,791,491","127,148,3,127,195,127,219,127,189,146",585
5580,104,"683,37,677,330,90,910,76,492,342,359","127,151,156,300,36,127,36,127,163,267",608
1109,104,"683,37,677,330,23,923,501,312,546,889","127,151,156,300,125,195,127,148,146,148",555
6018,104,"923,37,502,30,572,291,342,439,528,161","195,151,36,21,39,21,163,153,127,156",312
2923,104,"683,37,731,421,636,451,848,330,157,328","127,151,219,195,56,163,44,300,163,39",669
1172,104,"683,37,677,770,342,30,71,626,161,439","127,151,156,129,163,21,156,164,156,153",506
714,104,"923,312,811,533,717,502,451,550,111,154","195,148,3,39,195,36,163,21,155,164",380
425,104,"683,37,677,770,30,834,255,76,409,11","127,151,156,129,21,36,36,36,195,156",304
5558,104,"683,539,312,396,815,480,791,59,295,742","127,148,148,267,126,148,189,164,127,164",561
3945,104,"683,539,811,710,489,30,923,290,690,469","127,148,3,127,269,21,195,3,219,163",582
730,104,"683,37,731,421,157,638,776,923,770,626","127,151,219,195,163,154,267,195,129,164",572
3475,104,"683,539,312,396,815,480,791,566,742,931","127,148,148,267,126,148,189,146,164,56",547
2062,104,"923,312,811,452,791,813,138,625,86,520","195,148,3,146,189,154,195,126,164,127",380
3456,104,"683,37,677,63,76,770,30,433,626,359","127,151,156,269,36,129,21,33,164,267",545
2726,104,"683,37,677,63,891,342,433,605,301,439","127,151,156,269,267,163,33,155,44,153",546
3852,104,"923,770,834,30,533,502,119,891,150,63","195,129,36,21,39,36,36,267,195,269",531
4540,105,"923,37,502,79,30,572,439,291,279,535","195,151,36,155,21,39,153,21,33,164",251
3507,105,"683,37,677,417,731,157,370,502,507,551","127,151,156,165,219,163,195,36,126,195",531
4932,105,"683,539,811,710,923,406,791,466,501,375","127,148,3,127,195,127,189,42,127,54",471
5784,105,"683,539,811,491,406,907,791,312,690,501","127,148,3,146,127,219,189,148,219,127",490
5424,105,"683,37,731,421,157,638,776,923,636,451","127,151,219,195,163,154,267,195,56,163",535
5481,105,"683,37,677,63,891,342,433,605,11,91","127,151,156,269,267,163,33,155,156,195",553
4511,105,"683,539,811,710,466,489,898,248,30,290","127,148,3,127,42,269,39,148,21,3",612
5430,105,"683,37,677,63,76,770,502,433,626,11","127,151,156,269,36,129,36,33,164,156",546
2873,105,"923,770,834,30,789,887,169,193,626,342","195,129,36,21,156,3,164,21,164,163",477
1235,105,"923,312,508,133,811,533,488,637,368,417","195,148,219,163,3,39,129,155,3,165",494
4355,105,"683,37,677,443,42,342,63,500,663,163","127,151,156,176,176,163,269,155,176,163",586
3184,105,"683,37,731,312,636,406,452,492,372,328","127,151,219,148,56,127,146,127,155,39",535
2179,105,"923,37,887,502,834,291,30,572,385,439","195,151,3,36,36,21,21,39,39,153",352
3210,105,"683,37,677,770,342,30,71,161,439,555","127,151,156,129,163,21,156,156,153,33",544
3735,105,"683,37,677,770,79,30,255,834,409,71","127,151,156,129,155,21,36,36,195,156",289
4486,105,"683,37,677,417,731,105,76,370,157,90","127,151,156,165,219,284,36,195,163,36",519
574,105,"683,37,677,30,342,385,161,555,439,291","127,151,156,21,163,39,156,33,153,21",483
633,105,"683,539,811,710,923,770,526,290,160,898","127,148,3,127,195,129,63,3,39,39",508
1133,105,"923,312,813,539,629,614,742,3,791,252","195,148,154,148,148,3,164,155,189,154",361
5148,105,"683,539,312,396,815,480,791,907,295,690","127,148,148,267,126,148,189,219,127,219",556
64,105,"683,37,421,502,406,629,923,157,464,133","127,151,195,36,127,148,195,163,148,163",494
5501,105,"683,37,677,30,342,385,161,555,439,291","127,151,156,21,163,39,156,33,153,21",463
1584,105,"923,312,813,539,295,629,907,480,363,452","195,148,154,148,127,148,219,148,128,146",413
729,105,"923,312,811,533,154,290,37,452,791,885","195,148,3,39,164,3,151,146,189,39",346
3759,105,"683,37,677,30,342,79,161,439,856,385","127,151,156,21,163,155,156,153,39,39",437
3009,105,"923,770,834,714,907,157,370,530,363,312","195,129,36,163,219,163,195,284,128,148",516
4554,105,"683,37,677,63,891,342,500,555,11,856","127,151,156,269,267,163,155,33,156,39",569
2626,105,"683,37,731,421,157,638,891,430,502,889","127,151,219,195,163,154,267,44,36,148",628
2261,105,"683,539,811,491,406,529,312,804,791,501","127,148,3,146,127,155,148,148,189,127",641
3610,105,"683,37,731,421,923,638,834,626,502,669","127,151,219,195,195,154,36,164,36,126",600
5528,105,"683,37,677,63,891,342,161,856,555,439","127,151,156,269,267,163,156,39,33,153",553
5711,105,"683,37,677,63,76,433,626,30,342,891","127,151,156,269,36,33,164,21,163,267",553
2930,105,"923,770,328,363,502,37,30,533,178,636","195,129,39,128,36,151,21,39,155,56",293
145,105,"683,37,677,770,79,30,834,657,433,385","127,151,156,129,155,21,36,56,33,39",500
5860,105,"923,312,813,539,629,480,742,529,452,566","195,148,154,148,148,148,164,155,146,146",354
5493,105,"683,37,677,417,255,105,770,555,370,525","127,151,156,165,36,284,129,33,195,3",544
1509,105,"544,692,115,245,719,63,439,443,572,561","174,176,175,217,181,269,153,176,39,63",594
3202,105,"683,539,312,396,43,336,252,742,163,257","127,148,148,267,163,176,154,164,163,146",669
541,105,"683,539,811,710,923,406,508,529,154,80","127,148,3,127,195,127,219,155,164,155",528
1595,105,"923,770,328,375,363,37,417,502,853,657","195,129,39,54,128,151,165,36,44,54,56",500
4837,105,"683,539,312,791,566,480,295,907,815,931","127,148,148,189,146,148,127,219,126,56",464
5610,105,"683,539,811,710,466,375,923,489,770,163","127,148,3,127,42,54,195,269,129,163",653
66,105,"683,539,811,491,406,452,501,907,466,756","127,148,3,146,127,146,127,219,42,58",653
4215,105,"683,37,677,770,90,409,642,433,207,293","127,151,156,129,36,195,195,33,127,3",415
5436,105,"683,539,811,491,406,907,452,312,721,508","127,148,3,146,127,219,146,148,219,219",547
2737,105,"683,539,811,710,923,406,791,488,690,491","127,148,3,127,195,127,189,129,219,146",535
573,105,"923,312,811,488,600,451,533,710,348,770","195,148,3,129,56,163,39,127,44,129",547
1670,105,"683,37,677,63,76,770,923,502,834,891","127,151,156,269,36,129,195,36,36,267",644
5744,105,"683,37,677,443,63,42,342,555,856,161","127,151,156,176,269,176,163,33,39,156",586
1223,105,"923,37,887,502,417,30,551,745,342,626","195,151,3,36,165,21,195,3,163,164",400
2837,105,"683,37,677,63,891,342,385,30,555,439","127,151,156,269,267,163,39,21,33,153",538
5167,105,"683,37,731,312,636,406,76,525,638,78","127,151,219,148,56,127,36,3,154,219",557
1374,105,"683,37,677,63,76,433,502,891,30,626","127,151,156,269,36,33,36,267,21,164",553
2938,105,"683,37,731,312,629,25,825,594,440,786","127,151,219,148,148,148,148,146,136,154",535
4883,105,"683,37,677,63,76,157,923,834,626,502","127,151,156,269,36,163,195,36,164,36",531
1715,105,"923,770,834,30,79,572,119,291,439,71","195,129,36,21,155,39,36,21,153,156",378
1563,105,"683,37,677,770,342,30,71,161,439,555","127,151,156,129,163,21,156,156,153,33",519
3981,105,"683,539,312,295,452,248,636,501,791,508","127,148,148,127,146,148,56,127,189,219",520
1993,105,"683,539,312,295,452,791,394,501,480,931","127,148,148,127,146,189,127,127,148,56",540
4228,105,"683,37,677,770,79,30,342,385,71,626","127,151,156,129,155,21,163,39,156,164",549
3557,105,"683,37,677,255,105,76,157,370,923,802","127,151,156,36,284,36,163,195,195,127",304
449,105,"683,37,731,421,157,638,776,502,923,834","127,151,219,195,163,154,267,36,195,36",541
944,105,"923,770,834,30,79,789,169,439,605,54","195,129,36,21,155,156,164,153,155,33",447
3243,105,"683,37,677,23,417,255,638,63,555,71","127,151,156,125,165,36,154,269,33,156",553
889,105,"683,37,731,421,157,638,776,502,923,636","127,151,219,195,163,154,267,36,195,56",519
3540,105,"683,37,731,421,157,638,776,502,923,834","127,151,219,195,163,154,267,36,195,36",553
4748,105,"923,770,834,30,789,119,63,439,342,169","195,129,36,21,156,36,269,153,163,164",521
3532,105,"683,37,677,770,90,409,642,433,502,834","127,151,156,129,36,195,195,33,36,36",528
1764,105,"683,37,677,417,255,105,451,923,97,157","127,151,156,165,36,284,163,195,39,163",541
1614,105,"683,37,677,63,891,342,500,555,301,255","127,151,156,269,267,163,155,33,44,36",571
5452,105,"683,37,677,417,731,105,76,370,157,776","127,151,156,165,219,284,36,195,163,267",519
5139,105,"683,37,677,417,255,105,770,555,370,525","127,151,156,165,36,284,129,33,195,3",472
2840,105,"923,37,887,502,79,30,834,789,626,617","195,151,3,36,155,21,36,156,164,148",355
2905,105,"683,37,731,312,636,406,848,306,328,525","127,151,219,148,56,127,44,267,39,3",628
1294,105,"683,37,677,63,76,770,105,30,342,834","127,151,156,269,36,129,284,21,163,36",570
2101,105,"683,539,811,491,406,452,907,508,791,480","127,148,3,146,127,146,219,219,189,148",574
5250,105,"923,312,813,614,629,742,791,452,539,480","195,148,154,3,148,164,189,146,148,148",338
2710,105,"683,539,312,396,815,480,791,931,252,457","127,148,148,267,126,148,189,56,154,156",520
3446,105,"683,37,677,417,255,105,451,923,157,342","127,151,156,165,36,284,163,195,163,163",519
1057,105,"683,539,811,907,452,406,508,154,710,290","127,148,3,219,146,127,219,164,127,3",543
185,105,"544,115,81,23,220,763,312,109,363,501","174,175,174,125,181,175,148,174,128,127",720
622,105,"683,539,811,491,452,480,907,791,931,312","127,148,3,146,146,148,219,189,56,148",535
2367,105,"923,312,813,539,295,629,349,480,363,451","195,148,154,148,127,148,127,148,128,163",398
5110,105,"923,37,887,502,170,417,551,312,656,802","195,151,3,36,39,165,195,148,3,127",349
5210,105,"683,37,677,770,90,409,642,913,502,800","127,151,156,129,36,195,195,219,36,156",523
2654,105,"683,539,811,491,406,178,791,804,501,767","127,148,3,146,127,155,189,148,127,148",541
5074,105,"683,37,677,63,891,342,500,555,11,856","127,151,156,269,267,163,155,33,156,39",553
4457,105,"683,37,731,697,312,629,751,440,363,295","127,151,219,60,148,148,148,136,128,127",690
1462,105,"683,37,677,770,342,30,891,255,354,794","127,151,156,129,163,21,267,36,202,39",554
1213,105,"683,37,677,63,76,433,17,30,834,342","127,151,156,269,36,33,60,21,36,163",644
1506,105,"910,312,751,466,705,37,196,502,789,735","127,148,148,42,44,151,114,36,156,148",388
1010,105,"923,37,887,79,170,376,834,193,553,794","195,151,3,155,39,164,36,21,117,39",270
1760,105,"683,37,677,417,731,105,157,451,383,328","127,151,156,165,219,284,163,163,189,39",600
1298,105,"923,37,629,502,328,363,452,312,25,791","195,151,148,36,39,128,146,148,148,189",430
3549,105,"683,539,811,501,406,168,312,791,705,290","127,148,3,127,127,165,148,189,44,3",633
5694,105,"683,37,731,421,636,451,848,157,3,406","127,151,219,195,56,163,44,163,155,127",606
3791,105,"683,539,811,491,406,452,501,907,466,532","127,148,3,146,127,146,127,219,42,219",639
4216,105,"683,37,677,63,891,342,161,555,856,794","127,151,156,269,267,163,156,33,39,39",553
1837,105,"683,37,677,417,923,105,451,157,889,328","127,151,156,165,195,284,163,163,148,39",499
2380,105,"683,539,811,491,406,867,178,501,907,312","127,148,3,146,127,155,155,127,219,148",535
2786,105,"683,37,677,63,41,500,856,161,169,439","127,151,156,269,44,155,39,156,164,153",691
3513,105,"923,770,328,502,37,417,887,342,288,834","195,129,39,36,151,165,3,163,125,36",523
3166,105,"683,37,677,63,891,555,856,794,800,433","127,151,156,269,267,33,39,39,156,33",472
111,105,"683,37,677,417,255,105,770,555,359,62","127,151,156,165,36,284,129,33,267,61",598
4671,105,"683,37,677,63,891,342,161,856,555,439","127,151,156,269,267,163,156,39,33,153",553
1507,105,"683,539,312,295,452,248,636,923,489,469","127,148,148,127,146,148,56,195,269,163",634
3266,105,"683,539,811,491,452,480,907,721,791,312","127,148,3,146,146,148,219,219,189,148",579
3187,105,"923,37,629,502,328,312,452,154,550,451","195,151,148,36,39,148,146,164,21,163",374
5211,105,"683,37,677,417,731,105,157,255,923,451","127,151,156,165,219,284,163,36,195,163",541
2831,105,"923,312,811,452,791,614,813,432,138,885","195,148,3,146,189,3,154,44,195,39",513
2347,105,"683,37,677,417,255,889,449,370,923,157","127,151,156,165,36,148,165,195,195,163",555
5507,105,"683,37,731,421,157,638,776,502,923,834","127,151,219,195,163,154,267,36,195,36",519
5195,105,"683,37,677,255,802,923,105,770,370,76","127,151,156,36,127,195,284,129,195,36",304
5544,105,"683,37,532,502,731,157,923,834,626,770","127,151,219,36,219,163,195,36,164,129",720
2914,105,"683,539,811,491,406,452,508,791,721,421","127,148,3,146,127,146,219,189,219,195",559
5496,105,"683,539,811,491,406,452,907,508,312,721","127,148,3,146,127,146,219,219,148,219",530
1138,105,"683,539,811,491,452,480,907,791,804,484","127,148,3,146,146,148,219,189,148,127",535
4419,105,"683,37,677,63,76,770,30,342,626,525","127,151,156,269,36,129,21,163,164,3",627
3276,105,"683,37,677,417,731,105,76,90,342,30","127,151,156,165,219,284,36,36,163,21",569
2918,105,"683,37,677,63,76,770,105,30,889,626","127,151,156,269,36,129,284,21,148,164",634
50,105,"683,37,677,770,79,30,834,657,76,11","127,151,156,129,155,21,36,56,36,156",304
1378,105,"683,539,312,396,907,636,363,452,791,295","127,148,148,267,219,56,128,146,189,127",588
1389,105,"683,539,811,710,923,690,489,290,348,137","127,148,3,127,195,219,269,3,44,39",618
4400,105,"683,37,677,63,76,770,30,342,71,626","127,151,156,269,36,129,21,163,156,164",654
565,105,"683,37,677,330,689,23,417,451,157,923","127,151,156,300,128,125,165,163,163,195",640
5627,105,"683,539,312,295,414,452,815,501,879,163","127,148,148,127,267,146,126,127,129,163",669
5456,105,"544,312,81,109,408,747,683,452,539,811","174,148,174,174,174,164,127,146,148,3",611
1362,105,"683,539,811,900,710,257,406,178,488,375","127,148,3,267,127,146,127,155,129,54",574
123,105,"683,76,731,157,370,451,368,636,889,530","127,36,219,163,195,163,3,56,148,284",466
3482,105,"683,539,811,491,406,452,501,508,312,690","127,148,3,146,127,146,127,219,148,219",547
1626,105,"683,37,76,770,889,90,853,492,342,330","127,151,36,129,148,36,44,54,127,163,300",540
6033,105,"683,539,312,295,414,931,791,396,742,200","127,148,148,127,267,56,189,267,164,54",661
5560,105,"683,539,312,295,414,931,791,396,742,815","127,148,148,127,267,56,189,267,164,126",616
4723,105,"683,539,811,710,923,770,290,766,30,898","127,148,3,127,195,129,3,284,21,39",498
1525,105,"683,539,312,295,414,452,710,501,815,879","127,148,148,127,267,146,127,127,126,129",600
3854,105,"683,37,731,421,157,923,636,497,789,638","127,151,219,195,163,195,56,128,156,154",544
184,105,"683,37,731,421,157,638,891,430,502,626","127,151,219,195,163,154,267,44,36,164",645
1025,105,"683,37,731,312,636,406,25,452,791,885","127,151,219,148,56,127,148,146,189,39",535
2100,105,"421,312,811,673,452,791,804,742,813,491","195,148,3,154,146,189,148,164,154,146",371
2034,105,"739,923,834,702,607,37,502,929,443,170","164,195,36,176,163,151,36,175,176,39",485
1554,105,"683,37,677,63,891,342,161,856,555,79","127,151,156,269,267,163,156,39,33,155",612
3938,105,"544,312,81,621,692,683,109,115,270,799","174,148,174,176,176,127,174,175,176,175",688
481,105,"683,539,811,710,923,690,406,770,756,178","127,148,3,127,195,219,127,129,58,155",463
3315,105,"683,37,677,63,891,342,500,555,255,794","127,151,156,269,267,163,155,33,36,39",541
966,105,"683,539,811,907,452,406,508,690,421,480","127,148,3,219,146,127,219,219,195,148",510
4238,105,"683,539,312,396,815,480,791,931,252,363","127,148,148,267,126,148,189,56,154,128",521
3693,105,"683,539,811,710,923,406,867,656,501,791","127,148,3,127,195,127,155,3,127,189",463
1674,105,"683,539,811,900,489,710,923,321,290,902","127,148,3,267,269,127,195,127,3,117",640
4328,105,"923,770,834,30,533,502,119,79,789,572","195,129,36,21,39,36,36,155,156,39",278
4352,105,"683,539,811,710,923,406,529,488,501,656","127,148,3,127,195,127,155,129,127,3",535
5529,105,"683,37,677,255,802,923,105,731,157,751","127,151,156,36,127,195,284,219,163,148",506
2677,105,"544,312,629,440,349,338,539,845,59,742","174,148,148,136,127,148,148,63,164,164",796
3486,105,"683,37,677,330,23,689,73,568,889,42","127,151,156,300,125,128,176,169,148,176",702
796,105,"683,37,677,63,76,770,30,433,626,359","127,151,156,269,36,129,21,33,164,267",635
2917,105,"683,37,677,770,90,889,485,657,417,555","127,151,156,129,36,148,189,56,165,33",519
2572,105,"683,37,677,255,802,923,105,770,370,76","127,151,156,36,127,195,284,129,195,36",275
4,105,"923,37,502,79,834,30,789,105,642,533","195,151,36,155,36,21,156,284,195,39",226
4277,105,"683,37,677,417,255,889,449,90,370,923","127,151,156,165,36,148,165,36,195,195",563
444,105,"683,37,677,417,731,105,76,90,342,507","127,151,156,165,219,284,36,36,163,126",526
6036,105,"683,37,677,63,76,770,105,30,342,834","127,151,156,269,36,129,284,21,163,36",493
2078,105,"683,37,677,770,90,409,834,923,563,502","127,151,156,129,36,195,36,195,154,36",516
2781,105,"683,539,312,295,815,501,791,931,742,252","127,148,148,127,126,127,189,56,164,154",555
1503,105,"683,37,677,63,891,342,161,856,555,439","127,151,156,269,267,163,156,39,33,153",553
2961,105,"683,37,677,63,76,770,30,245,626,342","127,151,156,269,36,129,21,217,164,163",678
2627,105,"544,692,115,245,719,79,770,663,342,572","174,176,175,217,181,155,129,176,163,39",689
1930,105,"683,37,731,421,157,638,923,789,636,451","127,151,219,195,163,154,195,156,56,163",471
2436,105,"910,572,433,228,740,626,230,448,132,555","127,39,33,269,36,164,114,3,44,33",300
4492,105,"683,37,677,417,255,105,288,76,802,731","127,151,156,165,36,284,125,36,127,219",531
4858,105,"683,37,731,421,636,157,502,328,923,368","127,151,219,195,56,163,36,39,195,3",594
1041,105,"683,37,677,63,41,891,430,770,30,342","127,151,156,269,44,267,44,129,21,163",669
987,105,"100,312,295,396,440,480,349,363,629,791","165,148,127,267,136,148,127,128,148,189",690
432,105,"683,539,811,710,348,923,770,526,766,690","127,148,3,127,44,195,129,63,284,219",507
6147,105,"683,37,677,417,255,105,370,889,551,502","127,151,156,165,36,284,195,148,195,36",576
870,105,"683,539,811,710,923,770,406,469,657,290","127,148,3,127,195,129,127,163,56,3",427
4088,105,"923,312,811,600,533,105,770,710,867,492","195,148,3,56,39,284,129,127,155,127",479
5126,105,"683,539,312,791,566,815,907,690,252,931","127,148,148,189,146,126,219,219,154,56",498
464,105,"683,37,731,421,636,157,3,328,451,848","127,151,219,195,56,163,155,39,163,44",608
4325,105,"683,37,731,312,636,406,3,751,328,629","127,151,219,148,56,127,155,148,39,148",571
2618,105,"683,37,677,330,90,853,889,731,492,802","127,151,156,300,36,44,54,148,219,127,127",586
4940,105,"683,37,677,417,731,105,76,157,923,530","127,151,156,165,219,284,36,163,195,284",601
1823,105,"683,37,677,63,891,342,770,889,417,90","127,151,156,269,267,163,129,148,165,36",612
1373,105,"923,312,813,614,629,349,907,295,452,480","195,148,154,3,148,127,219,127,146,148",469
2795,105,"683,37,677,770,90,409,642,433,626,207","127,151,156,129,36,195,195,33,164,127",510
5933,105,"683,90,502,157,409,370,133,523,740,433","127,36,36,163,195,195,163,21,36,33",448
1778,105,"683,37,731,312,636,406,25,452,791,885","127,151,219,148,56,127,148,146,189,39",563
4793,105,"544,312,81,257,406,295,408,471,799,702","174,148,174,146,127,127,174,176,175,176",667
2949,105,"683,37,677,63,76,770,923,502,834,891","127,151,156,269,36,129,195,36,36,267",600
1077,105,"683,37,731,421,636,157,923,406,502,530","127,151,219,195,56,163,195,127,36,284",290
3462,105,"683,37,677,770,90,889,97,850,731,457","127,151,156,129,36,148,39,36,219,156",539
2322,105,"683,37,28,312,923,501,811,104,636,23","127,151,163,148,195,127,3,163,56,125",693
199,105,"683,891,331,3,451,636,776,330,731,464","127,267,54,155,163,56,267,300,219,148",604
248,105,"683,539,811,710,923,690,489,290,30,770","127,148,3,127,195,219,269,3,21,129",612
4142,105,"683,37,532,731,312,406,452,878,372,3","127,151,219,219,148,127,146,137,155,155",464
4017,105,"683,539,312,396,907,636,452,295,923,469","127,148,148,267,219,56,146,127,195,163",519
767,105,"683,37,677,63,76,770,502,433,626,11","127,151,156,269,36,129,36,33,164,156",582
4698,105,"683,37,677,63,891,342,433,794,555,439","127,151,156,269,267,163,33,39,33,153",553
35,105,"683,539,811,452,312,480,791,349,501,742","127,148,3,146,148,148,189,127,127,164",620
2148,105,"683,37,731,421,157,923,638,629,636,751","127,151,219,195,163,195,154,148,56,148",520
4875,105,"683,37,677,30,342,76,626,79,409,433","127,151,156,21,163,36,164,155,195,33",423
5579,105,"683,539,811,710,923,406,508,529,501,791","127,148,3,127,195,127,219,155,127,189",585
5580,105,"683,37,677,330,90,910,76,492,342,359","127,151,156,300,36,127,36,127,163,267",608
1109,105,"683,37,677,330,23,923,501,312,546,889","127,151,156,300,125,195,127,148,146,148",555
6018,105,"923,37,502,30,572,291,342,500,439,528","195,151,36,21,39,21,163,155,153,127",312
2923,105,"683,37,731,421,636,451,848,330,157,328","127,151,219,195,56,163,44,300,163,39",669
1172,105,"683,37,677,770,79,30,342,255,71,800","127,151,156,129,155,21,163,36,156,156",506
714,105,"923,312,811,533,717,502,451,550,111,154","195,148,3,39,195,36,163,21,155,164",380
425,105,"683,37,677,770,30,834,255,76,409,11","127,151,156,129,21,36,36,36,195,156",304
5558,105,"683,539,312,396,815,480,791,59,295,742","127,148,148,267,126,148,189,164,127,164",561
3945,105,"683,539,811,710,489,30,923,290,690,469","127,148,3,127,269,21,195,3,219,163",582
730,105,"683,37,731,421,157,638,776,923,770,626","127,151,219,195,163,154,267,195,129,164",572
3475,105,"683,539,312,396,815,480,791,566,742,931","127,148,148,267,126,148,189,146,164,56",547
2062,105,"923,312,811,452,791,813,138,625,86,520","195,148,3,146,189,154,195,126,164,127",380
3456,105,"683,37,677,63,76,770,30,433,626,359","127,151,156,269,36,129,21,33,164,267",545
2726,105,"683,37,677,63,891,342,433,794,555,439","127,151,156,269,267,163,33,39,33,153",546
3852,105,"923,770,834,30,533,502,119,891,150,63","195,129,36,21,39,36,36,267,195,269",531
4540,106,"923,37,502,30,572,291,439,535,555,500","195,151,36,21,39,21,153,164,33,155",251
3507,106,"683,37,677,417,731,157,370,502,507,551","127,151,156,165,219,163,195,36,126,195",531
4932,106,"683,539,811,710,923,406,529,501,791,508","127,148,3,127,195,127,155,127,189,219",471
5784,106,"683,539,811,491,406,907,791,312,690,501","127,148,3,146,127,219,189,148,219,127",490
5424,106,"683,37,731,421,157,638,776,923,636,451","127,151,219,195,163,154,267,195,56,163",535
5481,106,"683,37,677,63,891,342,433,794,555,354","127,151,156,269,267,163,33,39,33,202",553
4511,106,"683,539,811,710,466,489,898,248,30,290","127,148,3,127,42,269,39,148,21,3",612
5430,106,"683,37,677,63,76,770,502,433,626,11","127,151,156,269,36,129,36,33,164,156",546
2873,106,"923,770,834,30,789,887,169,193,626,342","195,129,36,21,156,3,164,21,164,163",477
1235,106,"923,312,508,133,811,533,488,368,889,111","195,148,219,163,3,39,129,3,148,155",494
4355,106,"683,37,677,443,42,342,63,856,439,163","127,151,156,176,176,163,269,39,153,163",586
3184,106,"683,37,731,312,636,406,452,492,923,25","127,151,219,148,56,127,146,127,195,148",535
2179,106,"923,37,887,502,79,30,572,291,794,342","195,151,3,36,155,21,39,21,39,163",352
3210,106,"683,37,677,770,342,30,71,161,439,555","127,151,156,129,163,21,156,156,153,33",544
3735,106,"683,37,677,770,79,30,255,834,409,71","127,151,156,129,155,21,36,36,195,156",289
4486,106,"683,37,677,417,731,105,76,370,157,90","127,151,156,165,219,284,36,195,163,36",519
574,106,"683,37,677,30,342,385,161,555,439,291","127,151,156,21,163,39,156,33,153,21",483
633,106,"683,539,811,710,923,770,526,290,160,898","127,148,3,127,195,129,63,3,39,39",508
1133,106,"923,312,813,539,629,614,742,791,457,252","195,148,154,148,148,3,164,189,156,154",361
5148,106,"683,539,312,396,815,480,791,907,295,690","127,148,148,267,126,148,189,219,127,219",556
64,106,"683,37,421,502,406,629,923,157,464,133","127,151,195,36,127,148,195,163,148,163",494
5501,106,"683,37,677,30,342,79,385,800,433,555","127,151,156,21,163,155,39,156,33,33",463
1584,106,"923,312,813,539,295,629,907,480,363,452","195,148,154,148,127,148,219,148,128,146",413
729,106,"923,312,811,80,154,533,290,656,178,539","195,148,3,155,164,39,3,3,155,148",346
3759,106,"683,37,677,30,342,79,161,439,856,385","127,151,156,21,163,155,156,153,39,39",437
3009,106,"923,770,834,460,714,669,312,157,370,16","195,129,36,155,163,126,148,163,195,164",516
4554,106,"683,37,677,63,891,342,500,555,11,856","127,151,156,269,267,163,155,33,156,39",569
2626,106,"683,37,731,421,157,638,891,430,502,889","127,151,219,195,163,154,267,44,36,148",628
2261,106,"683,539,811,491,406,312,791,501,804,452","127,148,3,146,127,148,189,127,148,146",641
3610,106,"683,37,731,421,923,638,834,626,502,669","127,151,219,195,195,154,36,164,36,126",600
5528,106,"683,37,677,63,891,342,161,856,555,439","127,151,156,269,267,163,156,39,33,153",553
5711,106,"683,37,677,63,76,433,626,30,342,891","127,151,156,269,36,33,164,21,163,267",553
2930,106,"923,770,328,363,502,37,30,533,178,636","195,129,39,128,36,151,21,39,155,56",293
145,106,"683,37,677,770,79,30,834,657,433,385","127,151,156,129,155,21,36,56,33,39",500
5860,106,"923,312,813,539,629,480,742,791,566,59","195,148,154,148,148,148,164,189,146,164",354
5493,106,"683,37,677,417,255,105,770,555,370,525","127,151,156,165,36,284,129,33,195,3",544
1509,106,"544,692,115,245,719,79,439,561,572,37","174,176,175,217,181,155,153,63,39,151",594
3202,106,"683,539,312,396,43,336,252,742,163,257","127,148,148,267,163,176,154,164,163,146",669
541,106,"683,539,811,710,923,406,508,154,80,348","127,148,3,127,195,127,219,164,155,44",528
1595,106,"923,770,328,375,363,37,417,502,853,657","195,129,39,54,128,151,165,36,44,54,56",500
4837,106,"683,539,312,791,566,480,295,907,815,931","127,148,148,189,146,148,127,219,126,56",464
5610,106,"683,539,811,710,466,375,923,489,770,163","127,148,3,127,42,54,195,269,129,163",653
66,106,"683,539,811,491,406,452,501,907,466,756","127,148,3,146,127,146,127,219,42,58",653
4215,106,"683,37,677,770,90,409,642,433,207,293","127,151,156,129,36,195,195,33,127,3",415
5436,106,"683,539,811,491,406,529,312,804,501,791","127,148,3,146,127,155,148,148,127,189",547
2737,106,"683,539,811,710,923,406,867,529,690,804","127,148,3,127,195,127,155,155,219,148",535
573,106,"923,312,811,488,600,451,533,710,348,770","195,148,3,129,56,163,39,127,44,129",547
1670,106,"683,37,677,63,76,770,923,502,834,891","127,151,156,269,36,129,195,36,36,267",644
5744,106,"683,37,677,443,63,42,342,555,856,161","127,151,156,176,269,176,163,33,39,156",586
1223,106,"923,37,887,502,417,30,551,745,342,626","195,151,3,36,165,21,195,3,163,164",400
2837,106,"683,37,677,63,891,342,385,30,555,439","127,151,156,269,267,163,39,21,33,153",538
5167,106,"683,37,731,312,636,406,76,525,638,78","127,151,219,148,56,127,36,3,154,219",557
1374,106,"683,37,677,63,76,433,502,891,30,626","127,151,156,269,36,33,36,267,21,164",553
2938,106,"683,37,731,312,629,25,825,594,440,786","127,151,219,148,148,148,148,146,136,154",535
4883,106,"683,37,677,63,76,157,923,834,626,502","127,151,156,269,36,163,195,36,164,36",531
1715,106,"923,770,834,30,572,119,291,439,500,71","195,129,36,21,39,36,21,153,155,156",378
1563,106,"683,37,677,770,342,30,71,161,439,555","127,151,156,129,163,21,156,156,153,33",519
3981,106,"683,539,312,295,452,248,636,501,791,508","127,148,148,127,146,148,56,127,189,219",520
1993,106,"683,539,312,295,452,791,394,501,480,931","127,148,148,127,146,189,127,127,148,56",540
4228,106,"683,37,677,770,342,385,30,71,161,439","127,151,156,129,163,39,21,156,156,153",549
3557,106,"683,37,677,255,105,76,157,370,923,802","127,151,156,36,284,36,163,195,195,127",304
449,106,"683,37,731,421,157,638,776,502,923,834","127,151,219,195,163,154,267,36,195,36",541
944,106,"923,770,834,30,789,119,500,169,439,856","195,129,36,21,156,36,155,164,153,39",447
3243,106,"683,37,677,23,417,255,638,63,555,71","127,151,156,125,165,36,154,269,33,156",553
889,106,"683,37,731,421,157,638,776,502,923,636","127,151,219,195,163,154,267,36,195,56",519
3540,106,"683,37,731,421,157,638,776,502,923,834","127,151,219,195,163,154,267,36,195,36",553
4748,106,"923,770,834,30,789,119,63,439,342,169","195,129,36,21,156,36,269,153,163,164",521
3532,106,"683,37,677,770,90,409,642,433,502,834","127,151,156,129,36,195,195,33,36,36",528
1764,106,"683,37,677,417,255,105,451,923,97,157","127,151,156,165,36,284,163,195,39,163",541
1614,106,"683,37,677,63,891,342,161,555,301,255","127,151,156,269,267,163,156,33,44,36",571
5452,106,"683,37,677,417,731,105,76,370,157,776","127,151,156,165,219,284,36,195,163,267",519
5139,106,"683,37,677,417,255,105,770,555,370,525","127,151,156,165,36,284,129,33,195,3",472
2840,106,"923,37,887,502,834,439,417,30,789,160","195,151,3,36,36,153,165,21,156,39",355
2905,106,"683,37,731,312,636,406,848,306,328,525","127,151,219,148,56,127,44,267,39,3",628
1294,106,"683,37,677,63,76,770,105,30,79,834","127,151,156,269,36,129,284,21,155,36",570
2101,106,"683,539,811,491,406,452,907,508,791,480","127,148,3,146,127,146,219,219,189,148",574
5250,106,"923,312,813,614,629,742,791,452,539,480","195,148,154,3,148,164,189,146,148,148",338
2710,106,"683,539,312,396,815,480,791,931,252,457","127,148,148,267,126,148,189,56,154,156",520
3446,106,"683,37,677,417,255,105,451,923,157,342","127,151,156,165,36,284,163,195,163,163",519
1057,106,"683,539,811,907,452,406,508,154,710,290","127,148,3,219,146,127,219,164,127,3",543
185,106,"544,115,81,23,220,763,312,109,363,501","174,175,174,125,181,175,148,174,128,127",720
622,106,"683,539,811,491,452,480,907,791,931,312","127,148,3,146,146,148,219,189,56,148",535
2367,106,"923,312,813,539,295,629,349,480,363,451","195,148,154,148,127,148,127,148,128,163",398
5110,106,"923,37,887,502,170,417,551,312,656,802","195,151,3,36,39,165,195,148,3,127",349
5210,106,"683,37,677,770,90,409,642,913,502,800","127,151,156,129,36,195,195,219,36,156",523
2654,106,"683,539,811,491,406,867,907,452,501,312","127,148,3,146,127,155,219,146,127,148",541
5074,106,"683,37,677,63,891,342,161,856,605,79","127,151,156,269,267,163,156,39,155,155",553
4457,106,"683,37,731,697,312,629,751,440,363,295","127,151,219,60,148,148,148,136,128,127",690
1462,106,"683,37,677,770,342,30,891,255,354,794","127,151,156,129,163,21,267,36,202,39",554
1213,106,"683,37,677,63,76,433,17,30,834,342","127,151,156,269,36,33,60,21,36,163",644
1506,106,"910,312,751,466,705,37,196,502,789,735","127,148,148,42,44,151,114,36,156,148",388
1010,106,"923,37,887,79,170,376,834,193,553,794","195,151,3,155,39,164,36,21,117,39",270
1760,106,"683,37,677,417,731,105,157,451,383,328","127,151,156,165,219,284,163,163,189,39",600
1298,106,"923,37,629,502,328,363,452,312,25,791","195,151,148,36,39,128,146,148,148,189",430
3549,106,"683,539,811,501,406,168,312,791,705,290","127,148,3,127,127,165,148,189,44,3",633
5694,106,"683,37,731,421,636,451,848,157,306,406","127,151,219,195,56,163,44,163,267,127",606
3791,106,"683,539,811,491,406,452,501,907,466,532","127,148,3,146,127,146,127,219,42,219",639
4216,106,"683,37,677,63,891,342,161,555,856,794","127,151,156,269,267,163,156,33,39,39",553
1837,106,"683,37,677,417,923,105,451,157,889,328","127,151,156,165,195,284,163,163,148,39",499
2380,106,"683,539,811,491,406,867,178,501,907,312","127,148,3,146,127,155,155,127,219,148",535
2786,106,"683,37,677,63,41,500,856,161,169,439","127,151,156,269,44,155,39,156,164,153",691
3513,106,"923,770,328,502,37,417,887,342,288,834","195,129,39,36,151,165,3,163,125,36",523
3166,106,"683,37,677,63,891,555,856,794,800,433","127,151,156,269,267,33,39,39,156,33",472
111,106,"683,37,677,417,255,105,770,555,359,62","127,151,156,165,36,284,129,33,267,61",598
4671,106,"683,37,677,63,891,342,161,856,555,439","127,151,156,269,267,163,156,39,33,153",553
1507,106,"683,539,312,295,452,248,636,923,489,469","127,148,148,127,146,148,56,195,269,163",634
3266,106,"683,539,811,491,452,480,907,721,791,312","127,148,3,146,146,148,219,219,189,148",579
3187,106,"923,37,629,502,328,312,452,154,550,451","195,151,148,36,39,148,146,164,21,163",374
5211,106,"683,37,677,417,731,105,157,255,923,451","127,151,156,165,219,284,163,36,195,163",541
2831,106,"923,312,811,452,791,614,813,432,138,885","195,148,3,146,189,3,154,44,195,39",513
2347,106,"683,37,677,417,255,889,449,370,923,157","127,151,156,165,36,148,165,195,195,163",555
5507,106,"683,37,731,421,157,638,776,502,923,834","127,151,219,195,163,154,267,36,195,36",519
5195,106,"683,37,677,255,802,923,105,770,370,76","127,151,156,36,127,195,284,129,195,36",304
5544,106,"683,37,532,502,731,157,923,834,626,770","127,151,219,36,219,163,195,36,164,129",720
2914,106,"683,539,811,491,406,452,508,791,721,421","127,148,3,146,127,146,219,189,219,195",559
5496,106,"683,539,811,491,406,452,907,508,312,721","127,148,3,146,127,146,219,219,148,219",530
1138,106,"683,539,811,491,452,480,907,791,804,484","127,148,3,146,146,148,219,189,148,127",535
4419,106,"683,37,677,63,76,770,79,30,626,891","127,151,156,269,36,129,155,21,164,267",627
3276,106,"683,37,677,417,731,105,76,90,342,30","127,151,156,165,219,284,36,36,163,21",569
2918,106,"683,37,677,63,76,770,105,30,889,626","127,151,156,269,36,129,284,21,148,164",634
50,106,"683,37,677,770,30,834,255,76,409,11","127,151,156,129,21,36,36,36,195,156",304
1378,106,"683,539,312,396,907,636,363,452,791,295","127,148,148,267,219,56,128,146,189,127",588
1389,106,"683,539,811,710,923,690,489,290,348,137","127,148,3,127,195,219,269,3,44,39",618
4400,106,"683,37,677,63,76,770,30,342,71,605","127,151,156,269,36,129,21,163,156,155",654
565,106,"683,37,677,330,689,23,417,451,157,923","127,151,156,300,128,125,165,163,163,195",640
5627,106,"683,539,312,295,414,452,815,501,879,163","127,148,148,127,267,146,126,127,129,163",669
5456,106,"544,312,81,109,408,747,683,452,539,811","174,148,174,174,174,164,127,146,148,3",611
1362,106,"683,539,811,900,710,257,406,529,867,375","127,148,3,267,127,146,127,155,155,54",574
123,106,"683,76,731,157,370,451,368,636,889,637","127,36,219,163,195,163,3,56,148,155",466
3482,106,"683,539,811,491,406,452,501,508,312,690","127,148,3,146,127,146,127,219,148,219",547
1626,106,"683,37,76,770,889,90,853,492,342,330","127,151,36,129,148,36,44,54,127,163,300",540
6033,106,"683,539,312,295,414,931,791,396,742,200","127,148,148,127,267,56,189,267,164,54",661
5560,106,"683,539,312,295,414,931,791,396,742,815","127,148,148,127,267,56,189,267,164,126",616
4723,106,"683,539,811,710,923,770,290,766,30,898","127,148,3,127,195,129,3,284,21,39",498
1525,106,"683,539,312,295,414,452,710,501,815,879","127,148,148,127,267,146,127,127,126,129",600
3854,106,"683,37,731,421,157,923,636,497,789,638","127,151,219,195,163,195,56,128,156,154",544
184,106,"683,37,731,421,157,638,891,430,502,626","127,151,219,195,163,154,267,44,36,164",645
1025,106,"683,37,731,312,636,406,25,452,791,885","127,151,219,148,56,127,148,146,189,39",535
2100,106,"421,312,811,673,452,791,804,742,813,491","195,148,3,154,146,189,148,164,154,146",371
2034,106,"739,923,834,702,607,37,502,929,443,170","164,195,36,176,163,151,36,175,176,39",485
1554,106,"683,37,677,63,891,342,500,555,255,794","127,151,156,269,267,163,155,33,36,39",612
3938,106,"544,312,81,621,692,683,109,115,270,799","174,148,174,176,176,127,174,175,176,175",688
481,106,"683,539,811,710,923,690,406,770,756,178","127,148,3,127,195,219,127,129,58,155",463
3315,106,"683,37,677,63,891,342,161,555,255,163","127,151,156,269,267,163,156,33,36,163",541
966,106,"683,539,811,907,452,406,508,690,421,480","127,148,3,219,146,127,219,219,195,148",510
4238,106,"683,539,312,396,815,480,791,931,252,363","127,148,148,267,126,148,189,56,154,128",521
3693,106,"683,539,811,710,923,406,791,501,656,312","127,148,3,127,195,127,189,127,3,148",463
1674,106,"683,539,811,900,489,710,923,321,290,902","127,148,3,267,269,127,195,127,3,117",640
4328,106,"923,770,834,30,533,502,119,789,409,572","195,129,36,21,39,36,36,156,195,39",278
4352,106,"683,539,811,710,923,406,867,501,815,690","127,148,3,127,195,127,155,127,126,219",535
5529,106,"683,37,677,255,802,923,105,731,157,751","127,151,156,36,127,195,284,219,163,148",506
2677,106,"544,312,629,440,349,338,539,845,59,742","174,148,148,136,127,148,148,63,164,164",796
3486,106,"683,37,677,330,23,689,73,568,889,42","127,151,156,300,125,128,176,169,148,176",702
796,106,"683,37,677,63,76,770,30,433,626,359","127,151,156,269,36,129,21,33,164,267",635
2917,106,"683,37,677,770,90,889,485,657,417,555","127,151,156,129,36,148,189,56,165,33",519
2572,106,"683,37,677,255,802,923,105,770,370,76","127,151,156,36,127,195,284,129,195,36",275
4,106,"923,37,502,79,834,30,789,105,642,533","195,151,36,155,36,21,156,284,195,39",226
4277,106,"683,37,677,417,255,889,449,90,370,923","127,151,156,165,36,148,165,36,195,195",563
444,106,"683,37,677,417,731,105,76,90,342,507","127,151,156,165,219,284,36,36,163,126",526
6036,106,"683,37,677,63,76,770,105,30,342,834","127,151,156,269,36,129,284,21,163,36",493
2078,106,"683,37,677,770,90,409,834,923,563,502","127,151,156,129,36,195,36,195,154,36",516
2781,106,"683,539,312,295,815,501,791,931,742,252","127,148,148,127,126,127,189,56,164,154",555
1503,106,"683,37,677,63,891,342,500,161,856,439","127,151,156,269,267,163,155,156,39,153",553
2961,106,"683,37,677,63,76,770,30,245,626,342","127,151,156,269,36,129,21,217,164,163",678
2627,106,"544,692,115,245,719,79,770,663,342,572","174,176,175,217,181,155,129,176,163,39",689
1930,106,"683,37,731,421,157,638,923,789,636,451","127,151,219,195,163,154,195,156,56,163",471
2436,106,"910,572,433,228,740,626,605,293,525,677","127,39,33,269,36,164,155,3,3,156",300
4492,106,"683,37,677,417,255,105,288,76,802,731","127,151,156,165,36,284,125,36,127,219",531
4858,106,"683,37,731,421,636,157,502,328,3,406","127,151,219,195,56,163,36,39,155,127",594
1041,106,"683,37,677,63,41,891,430,770,30,342","127,151,156,269,44,267,44,129,21,163",669
987,106,"100,312,295,396,440,480,349,363,629,791","165,148,127,267,136,148,127,128,148,189",690
432,106,"683,539,811,710,348,923,770,526,766,690","127,148,3,127,44,195,129,63,284,219",507
6147,106,"683,37,677,417,255,105,370,889,551,502","127,151,156,165,36,284,195,148,195,36",576
870,106,"683,539,811,710,923,770,406,469,657,831","127,148,3,127,195,129,127,163,56,155",427
4088,106,"923,312,811,600,533,105,770,710,451,133","195,148,3,56,39,284,129,127,163,163",479
5126,106,"683,539,312,791,566,815,907,690,252,931","127,148,148,189,146,126,219,219,154,56",498
464,106,"683,37,731,421,636,157,476,751,406,328","127,151,219,195,56,163,54,148,127,39",608
4325,106,"683,37,731,312,636,406,25,501,885,629","127,151,219,148,56,127,148,127,39,148",571
2618,106,"683,37,677,330,90,853,889,637,802,923","127,151,156,300,36,44,54,148,155,127,195",586
4940,106,"683,37,677,417,731,105,76,157,923,530","127,151,156,165,219,284,36,163,195,284",601
1823,106,"683,37,677,63,891,342,770,889,417,90","127,151,156,269,267,163,129,148,165,36",612
1373,106,"923,312,813,614,629,349,907,295,452,480","195,148,154,3,148,127,219,127,146,148",469
2795,106,"683,37,677,770,90,409,642,433,626,207","127,151,156,129,36,195,195,33,164,127",510
5933,106,"683,90,502,157,409,370,133,523,740,433","127,36,36,163,195,195,163,21,36,33",448
1778,106,"683,37,731,312,636,406,25,452,791,885","127,151,219,148,56,127,148,146,189,39",563
4793,106,"544,312,81,257,406,295,408,471,799,702","174,148,174,146,127,127,174,176,175,176",667
2949,106,"683,37,677,63,76,770,923,502,834,891","127,151,156,269,36,129,195,36,36,267",600
1077,106,"683,37,731,421,636,157,923,406,502,530","127,151,219,195,56,163,195,127,36,284",290
3462,106,"683,37,677,770,90,889,97,850,731,457","127,151,156,129,36,148,39,36,219,156",539
2322,106,"683,37,28,312,923,501,811,104,636,23","127,151,163,148,195,127,3,163,56,125",693
199,106,"683,891,331,451,731,636,776,689,464,923","127,267,54,163,219,56,267,128,148,195",604
248,106,"683,539,811,710,923,690,489,290,30,770","127,148,3,127,195,219,269,3,21,129",612
4142,106,"683,37,532,731,312,406,452,878,372,508","127,151,219,219,148,127,146,137,155,219",464
4017,106,"683,539,312,396,907,636,452,295,923,469","127,148,148,267,219,56,146,127,195,163",519
767,106,"683,37,677,63,76,770,502,433,626,11","127,151,156,269,36,129,36,33,164,156",582
4698,106,"683,37,677,63,891,342,433,794,555,500","127,151,156,269,267,163,33,39,33,155",553
35,106,"683,539,811,452,312,480,791,349,501,742","127,148,3,146,148,148,189,127,127,164",620
2148,106,"683,37,731,421,157,923,638,629,636,751","127,151,219,195,163,195,154,148,56,148",520
4875,106,"683,37,677,30,342,76,626,433,642,71","127,151,156,21,163,36,164,33,195,156",423
5579,106,"683,539,811,710,923,406,508,501,791,491","127,148,3,127,195,127,219,127,189,146",585
5580,106,"683,37,677,330,90,910,76,492,342,359","127,151,156,300,36,127,36,127,163,267",608
1109,106,"683,37,677,330,23,923,501,312,546,889","127,151,156,300,125,195,127,148,146,148",555
6018,106,"923,37,502,30,572,291,342,439,528,161","195,151,36,21,39,21,163,153,127,156",312
2923,106,"683,37,731,421,636,451,848,330,157,328","127,151,219,195,56,163,44,300,163,39",669
1172,106,"683,37,677,770,342,30,71,605,794,626","127,151,156,129,163,21,156,155,39,164",506
714,106,"923,312,811,80,533,717,502,37,885,629","195,148,3,155,39,195,36,151,39,148",380
425,106,"683,37,677,770,30,834,255,76,409,11","127,151,156,129,21,36,36,36,195,156",304
5558,106,"683,539,312,396,815,480,791,59,295,742","127,148,148,267,126,148,189,164,127,164",561
3945,106,"683,539,811,710,489,30,923,290,690,469","127,148,3,127,269,21,195,3,219,163",582
730,106,"683,37,731,421,157,638,776,923,770,626","127,151,219,195,163,154,267,195,129,164",572
3475,106,"683,539,312,396,815,480,791,566,742,931","127,148,148,267,126,148,189,146,164,56",547
2062,106,"923,312,811,452,791,813,138,625,86,520","195,148,3,146,189,154,195,126,164,127",380
3456,106,"683,37,677,63,76,770,30,433,626,359","127,151,156,269,36,129,21,33,164,267",545
2726,106,"683,37,677,63,891,342,433,794,555,439","127,151,156,269,267,163,33,39,33,153",546
3852,106,"923,770,834,30,533,502,119,891,150,63","195,129,36,21,39,36,36,267,195,269",531
4540,107,"923,37,502,30,572,291,439,535,555,11","195,151,36,21,39,21,153,164,33,156",251
3507,107,"683,37,677,417,731,157,370,502,507,551","127,151,156,165,219,163,195,36,126,195",531
4932,107,"683,539,811,710,923,406,791,466,501,178","127,148,3,127,195,127,189,42,127,155",471
5784,107,"683,539,811,491,406,529,312,480,791,690","127,148,3,146,127,155,148,148,189,219",490
5424,107,"683,37,731,421,157,638,776,923,636,451","127,151,219,195,163,154,267,195,56,163",535
5481,107,"683,37,677,63,891,342,433,794,555,354","127,151,156,269,267,163,33,39,33,202",553
4511,107,"683,539,811,710,466,489,898,248,30,290","127,148,3,127,42,269,39,148,21,3",612
5430,107,"683,37,677,63,76,770,502,433,626,11","127,151,156,269,36,129,36,33,164,156",546
2873,107,"923,770,834,30,789,887,169,193,626,342","195,129,36,21,156,3,164,21,164,163",477
1235,107,"923,312,508,133,811,533,488,368,889,802","195,148,219,163,3,39,129,3,148,127",494
4355,107,"683,37,677,443,42,342,63,856,439,163","127,151,156,176,176,163,269,39,153,163",586
3184,107,"683,37,731,312,636,406,452,492,372,328","127,151,219,148,56,127,146,127,155,39",535
2179,107,"923,37,887,502,834,291,30,572,385,439","195,151,3,36,36,21,21,39,39,153",352
3210,107,"683,37,677,770,342,30,71,161,439,555","127,151,156,129,163,21,156,156,153,33",544
3735,107,"683,37,677,770,79,30,255,834,409,71","127,151,156,129,155,21,36,36,195,156",289
4486,107,"683,37,677,417,731,105,76,370,157,90","127,151,156,165,219,284,36,195,163,36",519
574,107,"683,37,677,30,342,79,385,891,555,439","127,151,156,21,163,155,39,267,33,153",483
633,107,"683,539,811,710,923,770,526,290,160,898","127,148,3,127,195,129,63,3,39,39",508
1133,107,"923,312,813,539,629,614,742,639,457,791","195,148,154,148,148,3,164,155,156,189",361
5148,107,"683,539,312,396,815,480,791,907,295,690","127,148,148,267,126,148,189,219,127,219",556
64,107,"683,37,421,502,406,3,629,885,867,154","127,151,195,36,127,155,148,39,155,164",494
5501,107,"683,37,677,30,342,385,161,555,439,291","127,151,156,21,163,39,156,33,153,21",463
1584,107,"923,312,813,539,295,629,907,480,363,452","195,148,154,148,127,148,219,148,128,146",413
729,107,"923,312,811,533,154,290,37,452,791,885","195,148,3,39,164,3,151,146,189,39",346
3759,107,"683,37,677,30,342,385,161,439,856,555","127,151,156,21,163,39,156,153,39,33",437
3009,107,"923,770,834,460,714,669,209,157,16,363","195,129,36,155,163,126,155,163,164,128",516
4554,107,"683,37,677,63,891,342,161,856,555,439","127,151,156,269,267,163,156,39,33,153",569
2626,107,"683,37,731,421,157,638,891,430,502,889","127,151,219,195,163,154,267,44,36,148",628
2261,107,"683,539,811,491,406,178,791,804,501,767","127,148,3,146,127,155,189,148,127,148",641
3610,107,"683,37,731,421,923,638,834,626,502,669","127,151,219,195,195,154,36,164,36,126",600
5528,107,"683,37,677,63,891,342,500,555,11,856","127,151,156,269,267,163,155,33,156,39",553
5711,107,"683,37,677,63,76,433,626,30,342,891","127,151,156,269,36,33,164,21,163,267",553
2930,107,"923,770,328,363,502,37,30,533,636,349","195,129,39,128,36,151,21,39,56,127",293
145,107,"683,37,677,770,79,30,834,657,433,385","127,151,156,129,155,21,36,56,33,39",500
5860,107,"923,312,813,539,629,480,742,791,867,922","195,148,154,148,148,148,164,189,155,154",354
5493,107,"683,37,677,417,255,105,770,555,370,525","127,151,156,165,36,284,129,33,195,3",544
1509,107,"544,692,115,245,719,63,439,443,572,561","174,176,175,217,181,269,153,176,39,63",594
3202,107,"683,539,312,396,43,336,252,742,163,257","127,148,148,267,163,176,154,164,163,146",669
541,107,"683,539,811,710,923,406,508,529,154,348","127,148,3,127,195,127,219,155,164,44",528
1595,107,"923,770,328,375,363,37,417,502,853,657","195,129,39,54,128,151,165,36,44,54,56",500
4837,107,"683,539,312,791,566,480,295,907,815,931","127,148,148,189,146,148,127,219,126,56",464
5610,107,"683,539,811,710,466,375,923,489,770,163","127,148,3,127,42,54,195,269,129,163",653
66,107,"683,539,811,491,406,452,501,907,466,756","127,148,3,146,127,146,127,219,42,58",653
4215,107,"683,37,677,770,90,409,642,433,207,293","127,151,156,129,36,195,195,33,127,3",415
5436,107,"683,539,811,491,406,529,312,804,501,791","127,148,3,146,127,155,148,148,127,189",547
2737,107,"683,539,811,710,923,406,791,488,178,501","127,148,3,127,195,127,189,129,155,127",535
573,107,"923,312,811,488,600,451,533,710,348,770","195,148,3,129,56,163,39,127,44,129",547
1670,107,"683,37,677,63,76,770,923,502,834,891","127,151,156,269,36,129,195,36,36,267",644
5744,107,"683,37,677,443,63,42,342,555,856,161","127,151,156,176,269,176,163,33,39,156",586
1223,107,"923,37,887,502,417,30,551,745,342,626","195,151,3,36,165,21,195,3,163,164",400
2837,107,"683,37,677,63,891,342,385,30,555,439","127,151,156,269,267,163,39,21,33,153",538
5167,107,"683,37,731,312,636,406,76,525,638,78","127,151,219,148,56,127,36,3,154,219",557
1374,107,"683,37,677,63,76,433,502,891,30,626","127,151,156,269,36,33,36,267,21,164",553
2938,107,"683,37,731,312,629,25,825,594,440,786","127,151,219,148,148,148,148,146,136,154",535
4883,107,"683,37,677,63,76,157,923,834,626,502","127,151,156,269,36,163,195,36,164,36",531
1715,107,"923,770,834,30,79,572,119,291,439,71","195,129,36,21,155,39,36,21,153,156",378
1563,107,"683,37,677,770,342,30,71,161,439,555","127,151,156,129,163,21,156,156,153,33",519
3981,107,"683,539,312,295,452,248,636,501,791,508","127,148,148,127,146,148,56,127,189,219",520
1993,107,"683,539,312,295,452,791,394,501,480,931","127,148,148,127,146,189,127,127,148,56",540
4228,107,"683,37,677,770,342,385,30,71,161,439","127,151,156,129,163,39,21,156,156,153",549
3557,107,"683,37,677,255,105,76,157,370,923,802","127,151,156,36,284,36,163,195,195,127",304
449,107,"683,37,731,421,157,638,776,502,238,923","127,151,219,195,163,154,267,36,155,195",541
944,107,"923,770,834,30,789,119,439,169,856,54","195,129,36,21,156,36,153,164,39,33",447
3243,107,"683,37,677,23,417,255,638,63,555,71","127,151,156,125,165,36,154,269,33,156",553
889,107,"683,37,731,421,157,638,776,502,923,636","127,151,219,195,163,154,267,36,195,56",519
3540,107,"683,37,731,421,157,638,776,502,238,923","127,151,219,195,163,154,267,36,155,195",553
4748,107,"923,770,834,30,789,119,63,439,342,169","195,129,36,21,156,36,269,153,163,164",521
3532,107,"683,37,677,770,90,409,642,433,502,834","127,151,156,129,36,195,195,33,36,36",528
1764,107,"683,37,677,417,255,105,451,923,97,157","127,151,156,165,36,284,163,195,39,163",541
1614,107,"683,37,677,63,891,342,161,555,301,255","127,151,156,269,267,163,156,33,44,36",571
5452,107,"683,37,677,417,731,105,76,370,157,776","127,151,156,165,219,284,36,195,163,267",519
5139,107,"683,37,677,417,255,105,770,555,370,525","127,151,156,165,36,284,129,33,195,3",472
2840,107,"923,37,887,502,79,30,834,789,626,617","195,151,3,36,155,21,36,156,164,148",355
2905,107,"683,37,731,312,636,406,848,306,328,525","127,151,219,148,56,127,44,267,39,3",628
1294,107,"683,37,677,63,76,770,105,30,342,834","127,151,156,269,36,129,284,21,163,36",570
2101,107,"683,539,811,491,406,452,907,508,791,480","127,148,3,146,127,146,219,219,189,148",574
5250,107,"923,312,813,614,629,742,791,452,539,480","195,148,154,3,148,164,189,146,148,148",338
2710,107,"683,539,312,396,815,480,791,931,252,457","127,148,148,267,126,148,189,56,154,156",520
3446,107,"683,37,677,417,255,105,451,923,157,342","127,151,156,165,36,284,163,195,163,163",519
1057,107,"683,539,811,907,452,406,508,154,710,290","127,148,3,219,146,127,219,164,127,3",543
185,107,"544,115,81,23,220,763,312,109,363,501","174,175,174,125,181,175,148,174,128,127",720
622,107,"683,539,811,491,452,480,907,791,931,312","127,148,3,146,146,148,219,189,56,148",535
2367,107,"923,312,813,539,295,629,349,480,363,451","195,148,154,148,127,148,127,148,128,163",398
5110,107,"923,37,887,502,170,417,551,312,656,802","195,151,3,36,39,165,195,148,3,127",349
5210,107,"683,37,677,770,90,409,642,913,502,800","127,151,156,129,36,195,195,219,36,156",523
2654,107,"683,539,811,491,406,907,452,501,312,713","127,148,3,146,127,219,146,127,148,58",541
5074,107,"683,37,677,63,891,342,500,555,605,255","127,151,156,269,267,163,155,33,155,36",553
4457,107,"683,37,731,697,312,629,751,440,363,295","127,151,219,60,148,148,148,136,128,127",690
1462,107,"683,37,677,770,342,30,891,255,354,794","127,151,156,129,163,21,267,36,202,39",554
1213,107,"683,37,677,63,76,433,17,30,834,342","127,151,156,269,36,33,60,21,36,163",644
1506,107,"910,312,751,466,705,37,196,502,789,735","127,148,148,42,44,151,114,36,156,148",388
1010,107,"923,37,887,834,170,193,716,794,535,523","195,151,3,36,39,21,117,39,164,21",270
1760,107,"683,37,677,417,731,105,157,451,383,328","127,151,156,165,219,284,163,163,189,39",600
1298,107,"923,37,629,502,328,363,452,312,25,791","195,151,148,36,39,128,146,148,148,189",430
3549,107,"683,539,811,501,406,168,312,791,705,290","127,148,3,127,127,165,148,189,44,3",633
5694,107,"683,37,731,421,636,451,848,157,3,406","127,151,219,195,56,163,44,163,155,127",606
3791,107,"683,539,811,491,406,452,501,907,466,532","127,148,3,146,127,146,127,219,42,219",639
4216,107,"683,37,677,63,891,342,500,555,605,439","127,151,156,269,267,163,155,33,155,153",553
1837,107,"683,37,677,417,923,105,451,157,889,328","127,151,156,165,195,284,163,163,148,39",499
2380,107,"683,539,811,491,406,178,501,312,508,452","127,148,3,146,127,155,127,148,219,146",535
2786,107,"683,37,677,63,41,161,856,342,169,430","127,151,156,269,44,156,39,163,164,44",691
3513,107,"923,770,328,502,37,417,887,342,288,834","195,129,39,36,151,165,3,163,125,36",523
3166,107,"683,37,677,63,891,555,856,794,800,433","127,151,156,269,267,33,39,39,156,33",472
111,107,"683,37,677,417,255,105,770,555,359,79","127,151,156,165,36,284,129,33,267,155",598
4671,107,"683,37,677,63,891,342,161,856,555,439","127,151,156,269,267,163,156,39,33,153",553
1507,107,"683,539,312,295,452,248,636,923,489,469","127,148,148,127,146,148,56,195,269,163",634
3266,107,"683,539,811,491,452,480,907,721,791,312","127,148,3,146,146,148,219,219,189,148",579
3187,107,"923,37,629,502,328,312,452,154,550,451","195,151,148,36,39,148,146,164,21,163",374
5211,107,"683,37,677,417,731,105,157,255,923,451","127,151,156,165,219,284,163,36,195,163",541
2831,107,"923,312,811,452,791,614,813,432,138,885","195,148,3,146,189,3,154,44,195,39",513
2347,107,"683,37,677,417,255,889,449,370,923,157","127,151,156,165,36,148,165,195,195,163",555
5507,107,"683,37,731,421,157,638,776,502,923,834","127,151,219,195,163,154,267,36,195,36",519
5195,107,"683,37,677,255,802,923,105,770,370,76","127,151,156,36,127,195,284,129,195,36",304
5544,107,"683,37,532,502,731,157,923,834,626,770","127,151,219,36,219,163,195,36,164,129",720
2914,107,"683,539,811,491,406,452,508,791,721,421","127,148,3,146,127,146,219,189,219,195",559
5496,107,"683,539,811,491,406,452,907,508,312,721","127,148,3,146,127,146,219,219,148,219",530
1138,107,"683,539,811,491,452,480,907,791,804,484","127,148,3,146,146,148,219,189,148,127",535
4419,107,"683,37,677,63,76,770,30,342,626,525","127,151,156,269,36,129,21,163,164,3",627
3276,107,"683,37,677,417,731,105,76,90,342,30","127,151,156,165,219,284,36,36,163,21",569
2918,107,"683,37,677,63,76,770,105,30,889,626","127,151,156,269,36,129,284,21,148,164",634
50,107,"683,37,677,770,30,834,255,76,409,11","127,151,156,129,21,36,36,36,195,156",304
1378,107,"683,539,312,396,907,636,363,452,791,295","127,148,148,267,219,56,128,146,189,127",588
1389,107,"683,539,811,710,923,690,489,290,348,137","127,148,3,127,195,219,269,3,44,39",618
4400,107,"683,37,677,63,76,770,30,342,71,605","127,151,156,269,36,129,21,163,156,155",654
565,107,"683,37,677,330,689,23,417,451,157,923","127,151,156,300,128,125,165,163,163,195",640
5627,107,"683,539,312,295,414,452,815,501,879,163","127,148,148,127,267,146,126,127,129,163",669
5456,107,"544,312,81,109,408,747,683,452,539,811","174,148,174,174,174,164,127,146,148,3",611
1362,107,"683,539,811,900,710,257,406,375,488,756","127,148,3,267,127,146,127,54,129,58",574
123,107,"683,76,731,157,370,451,368,636,889,530","127,36,219,163,195,163,3,56,148,284",466
3482,107,"683,539,811,491,406,452,501,508,312,529","127,148,3,146,127,146,127,219,148,155",547
1626,107,"683,37,76,770,889,90,853,492,342,330","127,151,36,129,148,36,44,54,127,163,300",540
6033,107,"683,539,312,295,414,931,791,396,742,200","127,148,148,127,267,56,189,267,164,54",661
5560,107,"683,539,312,295,414,931,791,396,742,815","127,148,148,127,267,56,189,267,164,126",616
4723,107,"683,539,811,710,923,770,290,766,30,898","127,148,3,127,195,129,3,284,21,39",498
1525,107,"683,539,312,295,414,452,710,501,815,879","127,148,148,127,267,146,127,127,126,129",600
3854,107,"683,37,731,421,157,923,636,497,789,638","127,151,219,195,163,195,56,128,156,154",544
184,107,"683,37,731,421,157,638,891,430,502,626","127,151,219,195,163,154,267,44,36,164",645
1025,107,"683,37,731,312,636,406,25,452,791,885","127,151,219,148,56,127,148,146,189,39",535
2100,107,"421,312,811,673,452,791,804,742,813,491","195,148,3,154,146,189,148,164,154,146",371
2034,107,"739,923,834,702,607,37,502,929,443,170","164,195,36,176,163,151,36,175,176,39",485
1554,107,"683,37,677,63,891,342,500,555,255,794","127,151,156,269,267,163,155,33,36,39",612
3938,107,"544,312,81,621,692,683,109,115,270,799","174,148,174,176,176,127,174,175,176,175",688
481,107,"683,539,811,710,923,690,406,770,756,657","127,148,3,127,195,219,127,129,58,56",463
3315,107,"683,37,677,63,891,342,500,555,255,794","127,151,156,269,267,163,155,33,36,39",541
966,107,"683,539,811,907,452,406,508,690,421,480","127,148,3,219,146,127,219,219,195,148",510
4238,107,"683,539,312,396,815,480,791,931,252,363","127,148,148,267,126,148,189,56,154,128",521
3693,107,"683,539,811,710,923,406,529,656,501,791","127,148,3,127,195,127,155,3,127,189",463
1674,107,"683,539,811,900,489,710,923,321,290,902","127,148,3,267,269,127,195,127,3,117",640
4328,107,"923,770,834,30,533,502,119,79,789,572","195,129,36,21,39,36,36,155,156,39",278
4352,107,"683,539,811,710,923,406,867,501,815,690","127,148,3,127,195,127,155,127,126,219",535
5529,107,"683,37,677,255,802,923,105,731,157,751","127,151,156,36,127,195,284,219,163,148",506
2677,107,"544,312,629,440,349,338,539,845,59,742","174,148,148,136,127,148,148,63,164,164",796
3486,107,"683,37,677,330,23,689,73,568,889,42","127,151,156,300,125,128,176,169,148,176",702
796,107,"683,37,677,63,76,770,79,30,657,433","127,151,156,269,36,129,155,21,56,33",635
2917,107,"683,37,677,770,90,889,485,657,417,555","127,151,156,129,36,148,189,56,165,33",519
2572,107,"683,37,677,255,802,923,105,770,370,76","127,151,156,36,127,195,284,129,195,36",275
4,107,"923,37,502,30,834,789,105,642,409,533","195,151,36,21,36,156,284,195,195,39",226
4277,107,"683,37,677,417,255,889,449,90,370,923","127,151,156,165,36,148,165,36,195,195",563
444,107,"683,37,677,417,731,105,76,90,342,507","127,151,156,165,219,284,36,36,163,126",526
6036,107,"683,37,677,63,76,770,105,30,342,834","127,151,156,269,36,129,284,21,163,36",493
2078,107,"683,37,677,770,90,409,834,923,563,502","127,151,156,129,36,195,36,195,154,36",516
2781,107,"683,539,312,295,815,501,791,931,742,252","127,148,148,127,126,127,189,56,164,154",555
1503,107,"683,37,677,63,891,342,500,161,856,439","127,151,156,269,267,163,155,156,39,153",553
2961,107,"683,37,677,63,76,770,30,245,626,342","127,151,156,269,36,129,21,217,164,163",678
2627,107,"544,692,115,245,719,79,770,663,342,572","174,176,175,217,181,155,129,176,163,39",689
1930,107,"683,37,731,421,157,638,923,789,636,451","127,151,219,195,163,154,195,156,56,163",471
2436,107,"910,572,433,228,740,626,230,448,132,79","127,39,33,269,36,164,114,3,44,155",300
4492,107,"683,37,677,417,255,105,288,76,802,731","127,151,156,165,36,284,125,36,127,219",531
4858,107,"683,37,731,421,636,157,502,328,923,368","127,151,219,195,56,163,36,39,195,3",594
1041,107,"683,37,677,63,41,891,430,770,30,342","127,151,156,269,44,267,44,129,21,163",669
987,107,"100,312,295,396,440,480,349,363,629,791","165,148,127,267,136,148,127,128,148,189",690
432,107,"683,539,811,710,348,923,770,526,766,690","127,148,3,127,44,195,129,63,284,219",507
6147,107,"683,37,677,417,255,105,370,889,551,502","127,151,156,165,36,284,195,148,195,36",576
870,107,"683,539,811,710,923,770,178,406,461,657","127,148,3,127,195,129,155,127,155,56",427
4088,107,"923,312,811,600,533,105,770,710,451,133","195,148,3,56,39,284,129,127,163,163",479
5126,107,"683,539,312,791,566,815,907,690,252,931","127,148,148,189,146,126,219,219,154,56",498
464,107,"683,37,731,421,636,157,476,751,406,328","127,151,219,195,56,163,54,148,127,39",608
4325,107,"683,37,731,312,636,406,3,751,328,629","127,151,219,148,56,127,155,148,39,148",571
2618,107,"683,37,677,330,90,853,889,637,802,923","127,151,156,300,36,44,54,148,155,127,195",586
4940,107,"683,37,677,417,731,105,76,157,923,530","127,151,156,165,219,284,36,163,195,284",601
1823,107,"683,37,677,63,891,342,770,889,417,90","127,151,156,269,267,163,129,148,165,36",612
1373,107,"923,312,813,614,629,349,907,295,452,480","195,148,154,3,148,127,219,127,146,148",469
2795,107,"683,37,677,770,90,409,642,433,626,207","127,151,156,129,36,195,195,33,164,127",510
5933,107,"683,90,502,157,409,370,133,523,740,433","127,36,36,163,195,195,163,21,36,33",448
1778,107,"683,37,731,312,636,406,25,452,791,885","127,151,219,148,56,127,148,146,189,39",563
4793,107,"544,312,81,257,406,295,408,471,799,702","174,148,174,146,127,127,174,176,175,176",667
2949,107,"683,37,677,63,76,770,923,502,834,891","127,151,156,269,36,129,195,36,36,267",600
1077,107,"683,37,731,421,636,157,3,406,923,502","127,151,219,195,56,163,155,127,195,36",290
3462,107,"683,37,677,770,90,889,97,850,731,457","127,151,156,129,36,148,39,36,219,156",539
2322,107,"683,37,28,312,923,501,3,811,104,614","127,151,163,148,195,127,155,3,163,3",693
199,107,"683,891,331,451,731,636,776,689,464,923","127,267,54,163,219,56,267,128,148,195",604
248,107,"683,539,811,710,923,690,489,290,30,770","127,148,3,127,195,219,269,3,21,129",612
4142,107,"683,37,532,731,312,406,452,878,923,508","127,151,219,219,148,127,146,137,195,219",464
4017,107,"683,539,312,396,907,636,452,295,923,469","127,148,148,267,219,56,146,127,195,163",519
767,107,"683,37,677,63,76,770,502,433,626,11","127,151,156,269,36,129,36,33,164,156",582
4698,107,"683,37,677,63,891,342,433,794,555,500","127,151,156,269,267,163,33,39,33,155",553
35,107,"683,539,811,452,312,480,791,349,501,742","127,148,3,146,148,148,189,127,127,164",620
2148,107,"683,37,731,421,157,923,638,629,143,372","127,151,219,195,163,195,154,148,155,155",520
4875,107,"683,37,677,30,342,76,626,433,642,71","127,151,156,21,163,36,164,33,195,156",423
5579,107,"683,539,811,710,923,406,508,501,791,491","127,148,3,127,195,127,219,127,189,146",585
5580,107,"683,37,677,330,90,910,76,492,342,359","127,151,156,300,36,127,36,127,163,267",608
1109,107,"683,37,677,330,23,923,501,312,546,889","127,151,156,300,125,195,127,148,146,148",555
6018,107,"923,37,502,79,30,572,439,119,342,528","195,151,36,155,21,39,153,36,163,127",312
2923,107,"683,37,731,421,636,451,848,330,157,328","127,151,219,195,56,163,44,300,163,39",669
1172,107,"683,37,677,770,79,30,342,255,71,800","127,151,156,129,155,21,163,36,156,156",506
714,107,"923,312,811,533,717,502,451,550,889,137","195,148,3,39,195,36,163,21,148,39",380
425,107,"683,37,677,770,30,834,255,76,409,11","127,151,156,129,21,36,36,36,195,156",304
5558,107,"683,539,312,396,815,480,791,59,295,742","127,148,148,267,126,148,189,164,127,164",561
3945,107,"683,539,811,710,489,30,923,290,690,469","127,148,3,127,269,21,195,3,219,163",582
730,107,"683,37,731,421,157,638,776,923,770,626","127,151,219,195,163,154,267,195,129,164",572
3475,107,"683,539,312,396,815,480,791,566,742,931","127,148,148,267,126,148,189,146,164,56",547
2062,107,"923,312,811,452,791,813,138,625,86,520","195,148,3,146,189,154,195,126,164,127",380
3456,107,"683,37,677,63,76,770,30,433,626,359","127,151,156,269,36,129,21,33,164,267",545
2726,107,"683,37,677,63,891,342,433,605,301,439","127,151,156,269,267,163,33,155,44,153",546
3852,107,"923,770,834,30,533,502,119,891,150,63","195,129,36,21,39,36,36,267,195,269",531
4540,108,"923,37,502,30,572,291,439,535,555,500","195,151,36,21,39,21,153,164,33,155",251
3507,108,"683,37,677,417,731,157,370,502,507,551","127,151,156,165,219,163,195,36,126,195",531
4932,108,"683,539,811,710,923,406,867,466,501,375","127,148,3,127,195,127,155,42,127,54",471
5784,108,"683,539,811,491,406,178,501,312,907,690","127,148,3,146,127,155,127,148,219,219",490
5424,108,"683,37,731,421,157,638,776,923,636,451","127,151,219,195,163,154,267,195,56,163",535
5481,108,"683,37,677,63,891,342,433,794,555,354","127,151,156,269,267,163,33,39,33,202",553
4511,108,"683,539,811,710,466,489,898,248,30,290","127,148,3,127,42,269,39,148,21,3",612
5430,108,"683,37,677,63,76,770,502,433,626,11","127,151,156,269,36,129,36,33,164,156",546
2873,108,"923,770,834,30,789,887,169,193,626,342","195,129,36,21,156,3,164,21,164,163",477
1235,108,"923,312,508,133,811,533,488,368,889,111","195,148,219,163,3,39,129,3,148,155",494
4355,108,"683,37,677,443,42,342,63,856,439,163","127,151,156,176,176,163,269,39,153,163",586
3184,108,"683,37,731,312,636,406,452,492,372,328","127,151,219,148,56,127,146,127,155,39",535
2179,108,"923,37,887,502,834,291,30,572,385,439","195,151,3,36,36,21,21,39,39,153",352
3210,108,"683,37,677,770,342,30,71,161,439,555","127,151,156,129,163,21,156,156,153,33",544
3735,108,"683,37,677,770,79,30,255,834,409,71","127,151,156,129,155,21,36,36,195,156",289
4486,108,"683,37,677,417,731,105,76,370,157,90","127,151,156,165,219,284,36,195,163,36",519
574,108,"683,37,677,30,342,385,161,555,439,291","127,151,156,21,163,39,156,33,153,21",483
633,108,"683,539,811,710,923,770,526,290,160,898","127,148,3,127,195,129,63,3,39,39",508
1133,108,"923,312,813,539,629,867,742,614,791,457","195,148,154,148,148,155,164,3,189,156",361
5148,108,"683,539,312,396,815,480,791,907,295,690","127,148,148,267,126,148,189,219,127,219",556
64,108,"683,37,421,502,406,3,629,885,312,501","127,151,195,36,127,155,148,39,148,127",494
5501,108,"683,37,677,30,342,385,161,555,439,291","127,151,156,21,163,39,156,33,153,21",463
1584,108,"923,312,813,539,295,629,907,480,363,452","195,148,154,148,127,148,219,148,128,146",413
729,108,"923,312,811,533,154,290,37,452,791,885","195,148,3,39,164,3,151,146,189,39",346
3759,108,"683,37,677,30,342,385,161,439,856,605","127,151,156,21,163,39,156,153,39,155",437
3009,108,"923,770,834,714,907,157,370,530,363,312","195,129,36,163,219,163,195,284,128,148",516
4554,108,"683,37,677,63,891,342,161,856,555,439","127,151,156,269,267,163,156,39,33,153",569
2626,108,"683,37,731,421,157,638,891,430,502,889","127,151,219,195,163,154,267,44,36,148",628
2261,108,"683,539,811,491,406,312,791,501,804,452","127,148,3,146,127,148,189,127,148,146",641
3610,108,"683,37,731,421,923,638,834,626,502,669","127,151,219,195,195,154,36,164,36,126",600
5528,108,"683,37,677,63,891,342,161,856,555,439","127,151,156,269,267,163,156,39,33,153",553
5711,108,"683,37,677,63,76,433,626,30,342,891","127,151,156,269,36,33,164,21,163,267",553
2930,108,"923,770,328,363,502,37,30,533,636,349","195,129,39,128,36,151,21,39,56,127",293
145,108,"683,37,677,770,342,385,30,90,433,834","127,151,156,129,163,39,21,36,33,36",500
5860,108,"923,312,813,539,629,480,742,529,452,566","195,148,154,148,148,148,164,155,146,146",354
5493,108,"683,37,677,417,255,105,770,555,370,525","127,151,156,165,36,284,129,33,195,3",544
1509,108,"544,692,115,245,719,63,439,443,572,561","174,176,175,217,181,269,153,176,39,63",594
3202,108,"683,539,312,396,43,336,252,742,163,257","127,148,148,267,163,176,154,164,163,146",669
541,108,"683,539,811,710,923,406,508,154,80,348","127,148,3,127,195,127,219,164,155,44",528
1595,108,"923,770,328,375,363,37,417,502,853,657","195,129,39,54,128,151,165,36,44,54,56",500
4837,108,"683,539,312,791,566,480,295,907,815,931","127,148,148,189,146,148,127,219,126,56",464
5610,108,"683,539,811,710,466,375,923,489,770,163","127,148,3,127,42,54,195,269,129,163",653
66,108,"683,539,811,491,406,452,501,907,466,756","127,148,3,146,127,146,127,219,42,58",653
4215,108,"683,37,677,770,90,409,642,433,207,293","127,151,156,129,36,195,195,33,127,3",415
5436,108,"683,539,811,491,406,867,178,907,312,452","127,148,3,146,127,155,155,219,148,146",547
2737,108,"683,539,811,710,923,406,791,488,690,491","127,148,3,127,195,127,189,129,219,146",535
573,108,"923,312,811,488,600,451,533,710,348,770","195,148,3,129,56,163,39,127,44,129",547
1670,108,"683,37,677,63,76,770,923,502,834,891","127,151,156,269,36,129,195,36,36,267",644
5744,108,"683,37,677,443,63,42,342,555,856,161","127,151,156,176,269,176,163,33,39,156",586
1223,108,"923,37,887,502,417,30,551,745,342,626","195,151,3,36,165,21,195,3,163,164",400
2837,108,"683,37,677,63,891,342,385,30,555,439","127,151,156,269,267,163,39,21,33,153",538
5167,108,"683,37,731,312,636,406,76,525,638,78","127,151,219,148,56,127,36,3,154,219",557
1374,108,"683,37,677,63,76,433,502,891,30,79","127,151,156,269,36,33,36,267,21,155",553
2938,108,"683,37,731,312,629,25,825,594,440,786","127,151,219,148,148,148,148,146,136,154",535
4883,108,"683,37,677,63,76,157,923,834,626,502","127,151,156,269,36,163,195,36,164,36",531
1715,108,"923,770,834,30,79,572,119,291,439,71","195,129,36,21,155,39,36,21,153,156",378
1563,108,"683,37,677,770,342,30,71,161,500,439","127,151,156,129,163,21,156,156,155,153",519
3981,108,"683,539,312,295,452,248,636,501,791,508","127,148,148,127,146,148,56,127,189,219",520
1993,108,"683,539,312,295,452,791,394,501,480,931","127,148,148,127,146,189,127,127,148,56",540
4228,108,"683,37,677,770,342,385,30,71,161,439","127,151,156,129,163,39,21,156,156,153",549
3557,108,"683,37,677,255,105,76,157,370,923,802","127,151,156,36,284,36,163,195,195,127",304
449,108,"683,37,731,421,157,638,776,502,923,834","127,151,219,195,163,154,267,36,195,36",541
944,108,"923,770,834,30,789,119,439,169,605,856","195,129,36,21,156,36,153,164,155,39",447
3243,108,"683,37,677,23,417,255,638,63,555,71","127,151,156,125,165,36,154,269,33,156",553
889,108,"683,37,731,421,157,638,776,502,923,636","127,151,219,195,163,154,267,36,195,56",519
3540,108,"683,37,731,421,157,638,776,502,238,923","127,151,219,195,163,154,267,36,155,195",553
4748,108,"923,770,834,30,789,119,63,500,342,439","195,129,36,21,156,36,269,155,163,153",521
3532,108,"683,37,677,770,90,409,642,433,502,834","127,151,156,129,36,195,195,33,36,36",528
1764,108,"683,37,677,417,255,105,451,923,97,157","127,151,156,165,36,284,163,195,39,163",541
1614,108,"683,37,677,63,891,342,500,555,301,255","127,151,156,269,267,163,155,33,44,36",571
5452,108,"683,37,677,417,731,105,76,370,157,776","127,151,156,165,219,284,36,195,163,267",519
5139,108,"683,37,677,417,255,105,770,555,370,525","127,151,156,165,36,284,129,33,195,3",472
2840,108,"923,37,887,502,79,30,834,789,626,617","195,151,3,36,155,21,36,156,164,148",355
2905,108,"683,37,731,312,636,406,848,306,328,525","127,151,219,148,56,127,44,267,39,3",628
1294,108,"683,37,677,63,76,770,105,30,79,834","127,151,156,269,36,129,284,21,155,36",570
2101,108,"683,539,811,491,406,452,907,508,791,480","127,148,3,146,127,146,219,219,189,148",574
5250,108,"923,312,813,614,629,742,791,452,539,480","195,148,154,3,148,164,189,146,148,148",338
2710,108,"683,539,312,396,815,480,791,931,252,457","127,148,148,267,126,148,189,56,154,156",520
3446,108,"683,37,677,417,255,105,451,923,157,342","127,151,156,165,36,284,163,195,163,163",519
1057,108,"683,539,811,907,452,406,508,154,710,290","127,148,3,219,146,127,219,164,127,3",543
185,108,"544,115,81,23,220,763,312,109,363,501","174,175,174,125,181,175,148,174,128,127",720
622,108,"683,539,811,491,452,480,907,791,931,312","127,148,3,146,146,148,219,189,56,148",535
2367,108,"923,312,813,539,295,629,178,363,480,349","195,148,154,148,127,148,155,128,148,127",398
5110,108,"923,37,887,502,170,417,551,312,656,802","195,151,3,36,39,165,195,148,3,127",349
5210,108,"683,37,677,770,90,409,642,913,502,800","127,151,156,129,36,195,195,219,36,156",523
2654,108,"683,539,811,491,406,907,452,501,312,713","127,148,3,146,127,219,146,127,148,58",541
5074,108,"683,37,677,63,891,342,161,856,605,79","127,151,156,269,267,163,156,39,155,155",553
4457,108,"683,37,731,697,312,629,751,440,363,295","127,151,219,60,148,148,148,136,128,127",690
1462,108,"683,37,677,770,342,30,891,255,354,794","127,151,156,129,163,21,267,36,202,39",554
1213,108,"683,37,677,63,76,433,17,30,834,342","127,151,156,269,36,33,60,21,36,163",644
1506,108,"910,312,751,466,705,37,196,502,789,735","127,148,148,42,44,151,114,36,156,148",388
1010,108,"923,37,887,834,170,193,716,794,535,523","195,151,3,36,39,21,117,39,164,21",270
1760,108,"683,37,677,417,731,105,157,451,383,328","127,151,156,165,219,284,163,163,189,39",600
1298,108,"923,37,629,502,328,363,452,312,25,791","195,151,148,36,39,128,146,148,148,189",430
3549,108,"683,539,811,501,406,168,312,791,705,290","127,148,3,127,127,165,148,189,44,3",633
5694,108,"683,37,731,421,636,451,848,157,306,406","127,151,219,195,56,163,44,163,267,127",606
3791,108,"683,539,811,491,406,452,501,907,466,532","127,148,3,146,127,146,127,219,42,219",639
4216,108,"683,37,677,63,891,342,500,555,11,856","127,151,156,269,267,163,155,33,156,39",553
1837,108,"683,37,677,417,923,105,451,157,889,328","127,151,156,165,195,284,163,163,148,39",499
2380,108,"683,539,811,491,406,867,907,312,791,804","127,148,3,146,127,155,219,148,189,148",535
2786,108,"683,37,677,63,41,161,856,79,430,169","127,151,156,269,44,156,39,155,44,164",691
3513,108,"923,770,328,502,37,417,887,342,288,834","195,129,39,36,151,165,3,163,125,36",523
3166,108,"683,37,677,63,891,555,856,794,800,433","127,151,156,269,267,33,39,39,156,33",472
111,108,"683,37,677,417,255,105,770,555,359,62","127,151,156,165,36,284,129,33,267,61",598
4671,108,"683,37,677,63,891,342,161,856,555,439","127,151,156,269,267,163,156,39,33,153",553
1507,108,"683,539,312,295,452,248,636,923,489,469","127,148,148,127,146,148,56,195,269,163",634
3266,108,"683,539,811,491,452,480,907,721,791,312","127,148,3,146,146,148,219,219,189,148",579
3187,108,"923,37,629,502,328,312,452,154,550,451","195,151,148,36,39,148,146,164,21,163",374
5211,108,"683,37,677,417,731,105,157,255,923,451","127,151,156,165,219,284,163,36,195,163",541
2831,108,"923,312,811,452,791,614,813,432,138,885","195,148,3,146,189,3,154,44,195,39",513
2347,108,"683,37,677,417,255,889,449,370,923,157","127,151,156,165,36,148,165,195,195,163",555
5507,108,"683,37,731,421,157,638,776,502,923,834","127,151,219,195,163,154,267,36,195,36",519
5195,108,"683,37,677,255,802,923,105,770,370,76","127,151,156,36,127,195,284,129,195,36",304
5544,108,"683,37,532,502,731,157,923,834,626,770","127,151,219,36,219,163,195,36,164,129",720
2914,108,"683,539,811,491,406,452,508,791,721,421","127,148,3,146,127,146,219,189,219,195",559
5496,108,"683,539,811,491,406,452,907,508,312,721","127,148,3,146,127,146,219,219,148,219",530
1138,108,"683,539,811,491,452,480,907,791,804,484","127,148,3,146,146,148,219,189,148,127",535
4419,108,"683,37,677,63,76,770,30,342,626,525","127,151,156,269,36,129,21,163,164,3",627
3276,108,"683,37,677,417,731,105,76,90,342,30","127,151,156,165,219,284,36,36,163,21",569
2918,108,"683,37,677,63,76,770,105,30,889,626","127,151,156,269,36,129,284,21,148,164",634
50,108,"683,37,677,770,79,30,834,657,76,11","127,151,156,129,155,21,36,56,36,156",304
1378,108,"683,539,312,396,907,636,363,452,791,295","127,148,148,267,219,56,128,146,189,127",588
1389,108,"683,539,811,710,923,690,489,290,348,137","127,148,3,127,195,219,269,3,44,39",618
4400,108,"683,37,677,63,76,770,30,342,71,626","127,151,156,269,36,129,21,163,156,164",654
565,108,"683,37,677,330,689,23,417,451,157,923","127,151,156,300,128,125,165,163,163,195",640
5627,108,"683,539,312,295,414,452,815,501,879,163","127,148,148,127,267,146,126,127,129,163",669
5456,108,"544,312,81,109,408,747,683,452,539,811","174,148,174,174,174,164,127,146,148,3",611
1362,108,"683,539,811,900,710,257,406,178,488,375","127,148,3,267,127,146,127,155,129,54",574
123,108,"683,76,731,157,370,451,368,636,889,637","127,36,219,163,195,163,3,56,148,155",466
3482,108,"683,539,811,491,406,452,501,508,312,690","127,148,3,146,127,146,127,219,148,219",547
1626,108,"683,37,76,770,889,90,853,492,342,330","127,151,36,129,148,36,44,54,127,163,300",540
6033,108,"683,539,312,295,414,931,791,396,742,200","127,148,148,127,267,56,189,267,164,54",661
5560,108,"683,539,312,295,414,931,791,396,742,815","127,148,148,127,267,56,189,267,164,126",616
4723,108,"683,539,811,710,923,770,290,766,30,898","127,148,3,127,195,129,3,284,21,39",498
1525,108,"683,539,312,295,414,452,710,501,815,879","127,148,148,127,267,146,127,127,126,129",600
3854,108,"683,37,731,421,157,923,636,497,789,638","127,151,219,195,163,195,56,128,156,154",544
184,108,"683,37,731,421,157,638,891,430,502,626","127,151,219,195,163,154,267,44,36,164",645
1025,108,"683,37,731,312,636,406,25,452,791,885","127,151,219,148,56,127,148,146,189,39",535
2100,108,"421,312,811,673,452,791,804,742,813,491","195,148,3,154,146,189,148,164,154,146",371
2034,108,"739,923,834,702,607,37,502,929,443,170","164,195,36,176,163,151,36,175,176,39",485
1554,108,"683,37,677,63,891,342,161,856,555,794","127,151,156,269,267,163,156,39,33,39",612
3938,108,"544,312,81,621,692,683,109,115,270,799","174,148,174,176,176,127,174,175,176,175",688
481,108,"683,539,811,710,923,690,406,770,756,657","127,148,3,127,195,219,127,129,58,56",463
3315,108,"683,37,677,63,891,342,161,555,255,163","127,151,156,269,267,163,156,33,36,163",541
966,108,"683,539,811,907,452,406,508,690,421,480","127,148,3,219,146,127,219,219,195,148",510
4238,108,"683,539,312,396,815,480,791,931,252,363","127,148,148,267,126,148,189,56,154,128",521
3693,108,"683,539,811,710,923,406,791,501,656,312","127,148,3,127,195,127,189,127,3,148",463
1674,108,"683,539,811,900,489,710,923,321,290,902","127,148,3,267,269,127,195,127,3,117",640
4328,108,"923,770,834,30,533,502,119,789,409,572","195,129,36,21,39,36,36,156,195,39",278
4352,108,"683,539,811,710,923,406,867,529,488,656","127,148,3,127,195,127,155,155,129,3",535
5529,108,"683,37,677,255,802,923,105,731,157,751","127,151,156,36,127,195,284,219,163,148",506
2677,108,"544,312,629,440,349,338,539,845,59,742","174,148,148,136,127,148,148,63,164,164",796
3486,108,"683,37,677,330,23,689,73,568,889,42","127,151,156,300,125,128,176,169,148,176",702
796,108,"683,37,677,63,76,770,79,30,657,433","127,151,156,269,36,129,155,21,56,33",635
2917,108,"683,37,677,770,90,889,485,657,417,555","127,151,156,129,36,148,189,56,165,33",519
2572,108,"683,37,677,255,802,923,105,770,370,76","127,151,156,36,127,195,284,129,195,36",275
4,108,"923,37,502,79,834,30,789,105,642,533","195,151,36,155,36,21,156,284,195,39",226
4277,108,"683,37,677,417,255,889,449,90,370,923","127,151,156,165,36,148,165,36,195,195",563
444,108,"683,37,677,417,731,105,76,90,342,507","127,151,156,165,219,284,36,36,163,126",526
6036,108,"683,37,677,63,76,770,105,30,342,834","127,151,156,269,36,129,284,21,163,36",493
2078,108,"683,37,677,770,90,409,834,923,563,502","127,151,156,129,36,195,36,195,154,36",516
2781,108,"683,539,312,295,815,501,791,931,742,252","127,148,148,127,126,127,189,56,164,154",555
1503,108,"683,37,677,63,891,342,500,161,856,439","127,151,156,269,267,163,155,156,39,153",553
2961,108,"683,37,677,63,76,770,79,245,30,342","127,151,156,269,36,129,155,217,21,163",678
2627,108,"544,692,115,245,719,770,342,572,663,439","174,176,175,217,181,129,163,39,176,153",689
1930,108,"683,37,731,421,157,638,923,789,636,451","127,151,219,195,163,154,195,156,56,163",471
2436,108,"910,572,433,228,740,626,230,448,132,555","127,39,33,269,36,164,114,3,44,33",300
4492,108,"683,37,677,417,255,105,288,76,802,731","127,151,156,165,36,284,125,36,127,219",531
4858,108,"683,37,731,421,636,157,502,328,923,368","127,151,219,195,56,163,36,39,195,3",594
1041,108,"683,37,677,63,41,891,430,770,30,342","127,151,156,269,44,267,44,129,21,163",669
987,108,"100,312,295,396,440,480,349,363,629,791","165,148,127,267,136,148,127,128,148,189",690
432,108,"683,539,811,710,348,923,770,526,766,690","127,148,3,127,44,195,129,63,284,219",507
6147,108,"683,37,677,417,255,105,370,889,551,502","127,151,156,165,36,284,195,148,195,36",576
870,108,"683,539,811,710,923,770,178,406,657,349","127,148,3,127,195,129,155,127,56,127",427
4088,108,"923,312,811,600,533,105,770,710,451,133","195,148,3,56,39,284,129,127,163,163",479
5126,108,"683,539,312,791,566,815,907,690,252,931","127,148,148,189,146,126,219,219,154,56",498
464,108,"683,37,731,421,636,157,476,751,406,328","127,151,219,195,56,163,54,148,127,39",608
4325,108,"683,37,731,312,636,406,25,501,885,629","127,151,219,148,56,127,148,127,39,148",571
2618,108,"683,37,677,330,90,853,889,731,492,802","127,151,156,300,36,44,54,148,219,127,127",586
4940,108,"683,37,677,417,731,105,76,157,923,530","127,151,156,165,219,284,36,163,195,284",601
1823,108,"683,37,677,63,891,342,770,889,417,90","127,151,156,269,267,163,129,148,165,36",612
1373,108,"923,312,813,614,629,349,907,295,452,480","195,148,154,3,148,127,219,127,146,148",469
2795,108,"683,37,677,770,90,409,642,433,626,207","127,151,156,129,36,195,195,33,164,127",510
5933,108,"683,90,502,157,409,370,133,523,740,433","127,36,36,163,195,195,163,21,36,33",448
1778,108,"683,37,731,312,636,406,25,452,791,885","127,151,219,148,56,127,148,146,189,39",563
4793,108,"544,312,81,257,406,295,408,471,799,702","174,148,174,146,127,127,174,176,175,176",667
2949,108,"683,37,677,63,76,770,923,502,834,891","127,151,156,269,36,129,195,36,36,267",600
1077,108,"683,37,731,421,636,157,923,406,502,530","127,151,219,195,56,163,195,127,36,284",290
3462,108,"683,37,677,770,90,889,97,850,731,457","127,151,156,129,36,148,39,36,219,156",539
2322,108,"683,37,28,312,923,501,811,104,636,23","127,151,163,148,195,127,3,163,56,125",693
199,108,"683,891,331,451,731,636,776,689,464,923","127,267,54,163,219,56,267,128,148,195",604
248,108,"683,539,811,710,923,690,489,290,30,770","127,148,3,127,195,219,269,3,21,129",612
4142,108,"683,37,532,731,312,406,452,878,372,508","127,151,219,219,148,127,146,137,155,219",464
4017,108,"683,539,312,396,907,636,452,295,923,469","127,148,148,267,219,56,146,127,195,163",519
767,108,"683,37,677,63,76,770,502,433,626,11","127,151,156,269,36,129,36,33,164,156",582
4698,108,"683,37,677,63,891,342,433,794,555,439","127,151,156,269,267,163,33,39,33,153",553
35,108,"683,539,811,452,312,480,791,349,501,742","127,148,3,146,148,148,189,127,127,164",620
2148,108,"683,37,731,421,157,923,638,629,143,328","127,151,219,195,163,195,154,148,155,39",520
4875,108,"683,37,677,30,342,76,626,79,409,433","127,151,156,21,163,36,164,155,195,33",423
5579,108,"683,539,811,710,923,406,508,501,791,491","127,148,3,127,195,127,219,127,189,146",585
5580,108,"683,37,677,330,90,910,76,492,342,359","127,151,156,300,36,127,36,127,163,267",608
1109,108,"683,37,677,330,23,923,501,312,546,889","127,151,156,300,125,195,127,148,146,148",555
6018,108,"923,37,502,30,572,291,342,500,439,528","195,151,36,21,39,21,163,155,153,127",312
2923,108,"683,37,731,421,636,451,848,330,157,328","127,151,219,195,56,163,44,300,163,39",669
1172,108,"683,37,677,770,79,30,342,255,71,800","127,151,156,129,155,21,163,36,156,156",506
714,108,"923,312,811,533,717,502,451,550,889,137","195,148,3,39,195,36,163,21,148,39",380
425,108,"683,37,677,770,79,30,255,834,409,71","127,151,156,129,155,21,36,36,195,156",304
5558,108,"683,539,312,396,815,480,791,59,295,742","127,148,148,267,126,148,189,164,127,164",561
3945,108,"683,539,811,710,489,30,923,290,690,469","127,148,3,127,269,21,195,3,219,163",582
730,108,"683,37,731,421,157,638,776,923,770,626","127,151,219,195,163,154,267,195,129,164",572
3475,108,"683,539,312,396,815,480,791,566,742,931","127,148,148,267,126,148,189,146,164,56",547
2062,108,"923,312,811,452,791,813,138,625,86,520","195,148,3,146,189,154,195,126,164,127",380
3456,108,"683,37,677,63,76,770,30,433,626,359","127,151,156,269,36,129,21,33,164,267",545
2726,108,"683,37,677,63,891,342,433,794,555,439","127,151,156,269,267,163,33,39,33,153",546
3852,108,"923,770,834,30,533,502,119,891,150,63","195,129,36,21,39,36,36,267,195,269",531
4540,109,"923,37,502,30,572,291,439,535,555,500","195,151,36,21,39,21,153,164,33,155",251
3507,109,"683,37,677,417,731,157,370,502,507,551","127,151,156,165,219,163,195,36,126,195",531
4932,109,"683,539,811,710,923,406,867,466,501,375","127,148,3,127,195,127,155,42,127,54",471
5784,109,"683,539,811,491,406,178,501,312,907,690","127,148,3,146,127,155,127,148,219,219",490
5424,109,"683,37,731,421,157,638,776,923,636,451","127,151,219,195,163,154,267,195,56,163",535
5481,109,"683,37,677,63,891,342,433,794,555,354","127,151,156,269,267,163,33,39,33,202",553
4511,109,"683,539,811,710,466,489,898,248,30,290","127,148,3,127,42,269,39,148,21,3",612
5430,109,"683,37,677,63,76,770,502,433,626,11","127,151,156,269,36,129,36,33,164,156",546
2873,109,"923,770,834,30,79,789,169,887,193,342","195,129,36,21,155,156,164,3,21,163",477
1235,109,"923,312,508,133,811,533,488,80,368,417","195,148,219,163,3,39,129,155,3,165",494
4355,109,"683,37,677,443,42,342,63,856,439,163","127,151,156,176,176,163,269,39,153,163",586
3184,109,"683,37,731,312,636,406,452,492,372,328","127,151,219,148,56,127,146,127,155,39",535
2179,109,"923,37,887,502,79,30,572,291,794,342","195,151,3,36,155,21,39,21,39,163",352
3210,109,"683,37,677,770,342,30,71,161,439,555","127,151,156,129,163,21,156,156,153,33",544
3735,109,"683,37,677,770,79,30,255,834,409,71","127,151,156,129,155,21,36,36,195,156",289
4486,109,"683,37,677,417,731,105,76,370,157,90","127,151,156,165,219,284,36,195,163,36",519
574,109,"683,37,677,30,342,79,385,891,555,439","127,151,156,21,163,155,39,267,33,153",483
633,109,"683,539,811,710,923,770,526,290,160,898","127,148,3,127,195,129,63,3,39,39",508
1133,109,"923,312,813,539,629,614,742,178,457,791","195,148,154,148,148,3,164,155,156,189",361
5148,109,"683,539,312,396,815,480,791,907,295,690","127,148,148,267,126,148,189,219,127,219",556
64,109,"683,37,421,502,406,3,629,885,312,501","127,151,195,36,127,155,148,39,148,127",494
5501,109,"683,37,677,30,342,79,385,800,433,555","127,151,156,21,163,155,39,156,33,33",463
1584,109,"923,312,813,539,295,629,907,480,363,452","195,148,154,148,127,148,219,148,128,146",413
729,109,"923,312,811,533,154,290,529,791,539,451","195,148,3,39,164,3,155,189,148,163",346
3759,109,"683,37,677,30,342,79,161,500,439,54","127,151,156,21,163,155,156,155,153,33",437
3009,109,"923,770,834,460,714,669,312,157,370,16","195,129,36,155,163,126,148,163,195,164",516
4554,109,"683,37,677,63,891,342,161,856,555,439","127,151,156,269,267,163,156,39,33,153",569
2626,109,"683,37,731,421,157,638,891,430,502,889","127,151,219,195,163,154,267,44,36,148",628
2261,109,"683,539,811,491,406,867,791,804,529,312","127,148,3,146,127,155,189,148,155,148",641
3610,109,"683,37,731,421,923,638,834,626,502,669","127,151,219,195,195,154,36,164,36,126",600
5528,109,"683,37,677,63,891,342,161,856,555,439","127,151,156,269,267,163,156,39,33,153",553
5711,109,"683,37,677,63,76,433,626,30,342,891","127,151,156,269,36,33,164,21,163,267",553
2930,109,"923,770,328,363,502,37,30,533,636,349","195,129,39,128,36,151,21,39,56,127",293
145,109,"683,37,677,770,79,30,834,657,433,385","127,151,156,129,155,21,36,56,33,39",500
5860,109,"923,312,813,539,629,480,742,791,867,922","195,148,154,148,148,148,164,189,155,154",354
5493,109,"683,37,677,417,255,105,770,555,370,525","127,151,156,165,36,284,129,33,195,3",544
1509,109,"544,692,115,245,719,79,439,561,572,37","174,176,175,217,181,155,153,63,39,151",594
3202,109,"683,539,312,396,43,336,252,742,163,257","127,148,148,267,163,176,154,164,163,146",669
541,109,"683,539,811,710,923,406,508,154,80,348","127,148,3,127,195,127,219,164,155,44",528
1595,109,"923,770,328,375,363,37,417,502,853,657","195,129,39,54,128,151,165,36,44,54,56",500
4837,109,"683,539,312,791,566,480,295,907,815,931","127,148,148,189,146,148,127,219,126,56",464
5610,109,"683,539,811,710,466,375,923,489,770,163","127,148,3,127,42,54,195,269,129,163",653
66,109,"683,539,811,491,406,452,501,907,466,756","127,148,3,146,127,146,127,219,42,58",653
4215,109,"683,37,677,770,90,409,642,433,207,293","127,151,156,129,36,195,195,33,127,3",415
5436,109,"683,539,811,491,406,178,501,312,508,452","127,148,3,146,127,155,127,148,219,146",547
2737,109,"683,539,811,710,923,406,867,178,501,488","127,148,3,127,195,127,155,155,127,129",535
573,109,"923,312,811,488,600,451,533,710,348,770","195,148,3,129,56,163,39,127,44,129",547
1670,109,"683,37,677,63,76,770,923,502,834,891","127,151,156,269,36,129,195,36,36,267",644
5744,109,"683,37,677,443,63,42,342,555,856,161","127,151,156,176,269,176,163,33,39,156",586
1223,109,"923,37,887,502,417,30,551,745,342,626","195,151,3,36,165,21,195,3,163,164",400
2837,109,"683,37,677,63,891,342,385,30,79,439","127,151,156,269,267,163,39,21,155,153",538
5167,109,"683,37,731,312,636,406,76,525,638,78","127,151,219,148,56,127,36,3,154,219",557
1374,109,"683,37,677,63,76,433,502,891,30,79","127,151,156,269,36,33,36,267,21,155",553
2938,109,"683,37,731,312,629,25,825,594,440,786","127,151,219,148,148,148,148,146,136,154",535
4883,109,"683,37,677,63,76,157,923,834,626,502","127,151,156,269,36,163,195,36,164,36",531
1715,109,"923,770,834,30,79,572,119,291,605,71","195,129,36,21,155,39,36,21,155,156",378
1563,109,"683,37,677,770,79,342,30,161,439,169","127,151,156,129,155,163,21,156,153,164",519
3981,109,"683,539,312,295,452,248,636,501,791,508","127,148,148,127,146,148,56,127,189,219",520
1993,109,"683,539,312,295,452,791,394,501,480,931","127,148,148,127,146,189,127,127,148,56",540
4228,109,"683,37,677,770,342,385,30,71,500,626","127,151,156,129,163,39,21,156,155,164",549
3557,109,"683,37,677,255,105,76,157,370,923,802","127,151,156,36,284,36,163,195,195,127",304
449,109,"683,37,731,421,157,638,776,502,923,834","127,151,219,195,163,154,267,36,195,36",541
944,109,"923,770,834,30,789,119,439,169,856,54","195,129,36,21,156,36,153,164,39,33",447
3243,109,"683,37,677,23,417,255,638,63,555,71","127,151,156,125,165,36,154,269,33,156",553
889,109,"683,37,731,421,157,638,776,502,923,636","127,151,219,195,163,154,267,36,195,56",519
3540,109,"683,37,731,421,157,638,776,502,923,834","127,151,219,195,163,154,267,36,195,36",553
4748,109,"923,770,834,30,789,119,63,500,342,439","195,129,36,21,156,36,269,155,163,153",521
3532,109,"683,37,677,770,90,409,642,433,502,834","127,151,156,129,36,195,195,33,36,36",528
1764,109,"683,37,677,417,255,105,451,923,97,157","127,151,156,165,36,284,163,195,39,163",541
1614,109,"683,37,677,63,891,342,161,555,301,255","127,151,156,269,267,163,156,33,44,36",571
5452,109,"683,37,677,417,731,105,76,370,157,776","127,151,156,165,219,284,36,195,163,267",519
5139,109,"683,37,677,417,255,105,770,555,370,525","127,151,156,165,36,284,129,33,195,3",472
2840,109,"923,37,887,502,834,439,417,30,789,160","195,151,3,36,36,153,165,21,156,39",355
2905,109,"683,37,731,312,636,406,848,306,328,525","127,151,219,148,56,127,44,267,39,3",628
1294,109,"683,37,677,63,76,770,105,30,342,834","127,151,156,269,36,129,284,21,163,36",570
2101,109,"683,539,811,491,406,452,907,508,791,480","127,148,3,146,127,146,219,219,189,148",574
5250,109,"923,312,813,614,629,742,791,452,539,480","195,148,154,3,148,164,189,146,148,148",338
2710,109,"683,539,312,396,815,480,791,931,252,457","127,148,148,267,126,148,189,56,154,156",520
3446,109,"683,37,677,417,255,105,451,923,157,342","127,151,156,165,36,284,163,195,163,163",519
1057,109,"683,539,811,907,452,406,508,154,710,290","127,148,3,219,146,127,219,164,127,3",543
185,109,"544,115,81,23,220,763,312,109,363,501","174,175,174,125,181,175,148,174,128,127",720
622,109,"683,539,811,491,452,480,907,791,931,312","127,148,3,146,146,148,219,189,56,148",535
2367,109,"923,312,813,539,295,629,349,480,363,451","195,148,154,148,127,148,127,148,128,163",398
5110,109,"923,37,887,502,170,417,551,312,656,802","195,151,3,36,39,165,195,148,3,127",349
5210,109,"683,37,677,770,90,409,642,913,502,800","127,151,156,129,36,195,195,219,36,156",523
2654,109,"683,539,811,491,406,907,452,501,312,713","127,148,3,146,127,219,146,127,148,58",541
5074,109,"683,37,677,63,891,342,500,555,11,856","127,151,156,269,267,163,155,33,156,39",553
4457,109,"683,37,731,697,312,629,751,440,363,295","127,151,219,60,148,148,148,136,128,127",690
1462,109,"683,37,677,770,342,30,891,255,354,794","127,151,156,129,163,21,267,36,202,39",554
1213,109,"683,37,677,63,76,433,17,30,834,342","127,151,156,269,36,33,60,21,36,163",644
1506,109,"910,312,751,466,705,37,196,502,789,735","127,148,148,42,44,151,114,36,156,148",388
1010,109,"923,37,887,834,170,193,716,794,535,523","195,151,3,36,39,21,117,39,164,21",270
1760,109,"683,37,677,417,731,105,157,451,383,328","127,151,156,165,219,284,163,163,189,39",600
1298,109,"923,37,629,502,328,363,452,312,25,791","195,151,148,36,39,128,146,148,148,189",430
3549,109,"683,539,811,501,406,168,312,791,705,290","127,148,3,127,127,165,148,189,44,3",633
5694,109,"683,37,731,421,636,451,848,157,306,406","127,151,219,195,56,163,44,163,267,127",606
3791,109,"683,539,811,491,406,452,501,907,466,532","127,148,3,146,127,146,127,219,42,219",639
4216,109,"683,37,677,63,891,342,161,555,856,794","127,151,156,269,267,163,156,33,39,39",553
1837,109,"683,37,677,417,923,105,451,157,889,328","127,151,156,165,195,284,163,163,148,39",499
2380,109,"683,539,811,491,406,907,791,200,804,501","127,148,3,146,127,219,189,54,148,127",535
2786,109,"683,37,677,63,41,161,856,342,169,430","127,151,156,269,44,156,39,163,164,44",691
3513,109,"923,770,328,502,37,417,887,342,288,834","195,129,39,36,151,165,3,163,125,36",523
3166,109,"683,37,677,63,891,555,856,794,800,433","127,151,156,269,267,33,39,39,156,33",472
111,109,"683,37,677,417,255,105,770,555,359,62","127,151,156,165,36,284,129,33,267,61",598
4671,109,"683,37,677,63,891,342,161,856,555,439","127,151,156,269,267,163,156,39,33,153",553
1507,109,"683,539,312,295,452,248,636,923,489,469","127,148,148,127,146,148,56,195,269,163",634
3266,109,"683,539,811,491,452,480,907,721,791,312","127,148,3,146,146,148,219,219,189,148",579
3187,109,"923,37,629,502,328,312,452,154,550,451","195,151,148,36,39,148,146,164,21,163",374
5211,109,"683,37,677,417,731,105,157,255,923,451","127,151,156,165,219,284,163,36,195,163",541
2831,109,"923,312,811,452,791,614,813,432,138,885","195,148,3,146,189,3,154,44,195,39",513
2347,109,"683,37,677,417,255,889,449,370,923,157","127,151,156,165,36,148,165,195,195,163",555
5507,109,"683,37,731,421,157,638,776,502,238,923","127,151,219,195,163,154,267,36,155,195",519
5195,109,"683,37,677,255,802,923,105,770,370,76","127,151,156,36,127,195,284,129,195,36",304
5544,109,"683,37,532,502,731,157,923,834,626,770","127,151,219,36,219,163,195,36,164,129",720
2914,109,"683,539,811,491,406,452,508,791,721,421","127,148,3,146,127,146,219,189,219,195",559
5496,109,"683,539,811,491,406,452,907,508,312,721","127,148,3,146,127,146,219,219,148,219",530
1138,109,"683,539,811,491,452,480,907,791,804,484","127,148,3,146,146,148,219,189,148,127",535
4419,109,"683,37,677,63,76,770,30,342,626,525","127,151,156,269,36,129,21,163,164,3",627
3276,109,"683,37,677,417,731,105,76,90,342,30","127,151,156,165,219,284,36,36,163,21",569
2918,109,"683,37,677,63,76,770,105,30,889,626","127,151,156,269,36,129,284,21,148,164",634
50,109,"683,37,677,770,79,30,834,657,76,11","127,151,156,129,155,21,36,56,36,156",304
1378,109,"683,539,312,396,907,636,363,452,791,295","127,148,148,267,219,56,128,146,189,127",588
1389,109,"683,539,811,710,923,690,489,290,348,137","127,148,3,127,195,219,269,3,44,39",618
4400,109,"683,37,677,63,76,770,79,30,626,342","127,151,156,269,36,129,155,21,164,163",654
565,109,"683,37,677,330,689,23,417,451,157,923","127,151,156,300,128,125,165,163,163,195",640
5627,109,"683,539,312,295,414,452,815,501,879,163","127,148,148,127,267,146,126,127,129,163",669
5456,109,"544,312,81,109,408,747,683,452,539,811","174,148,174,174,174,164,127,146,148,3",611
1362,109,"683,539,811,900,710,257,406,375,867,488","127,148,3,267,127,146,127,54,155,129",574
123,109,"683,76,731,157,370,451,368,636,889,530","127,36,219,163,195,163,3,56,148,284",466
3482,109,"683,539,811,491,406,452,501,508,312,690","127,148,3,146,127,146,127,219,148,219",547
1626,109,"683,37,76,770,889,90,853,492,342,330","127,151,36,129,148,36,44,54,127,163,300",540
6033,109,"683,539,312,295,414,931,791,396,742,200","127,148,148,127,267,56,189,267,164,54",661
5560,109,"683,539,312,295,414,931,791,396,742,815","127,148,148,127,267,56,189,267,164,126",616
4723,109,"683,539,811,710,923,770,290,766,30,898","127,148,3,127,195,129,3,284,21,39",498
1525,109,"683,539,312,295,414,452,710,501,815,879","127,148,148,127,267,146,127,127,126,129",600
3854,109,"683,37,731,421,157,923,636,497,789,638","127,151,219,195,163,195,56,128,156,154",544
184,109,"683,37,731,421,157,638,891,430,502,626","127,151,219,195,163,154,267,44,36,164",645
1025,109,"683,37,731,312,636,406,25,452,791,885","127,151,219,148,56,127,148,146,189,39",535
2100,109,"421,312,811,673,452,791,804,742,813,491","195,148,3,154,146,189,148,164,154,146",371
2034,109,"739,923,834,702,607,37,502,929,443,170","164,195,36,176,163,151,36,175,176,39",485
1554,109,"683,37,677,63,891,342,161,856,555,794","127,151,156,269,267,163,156,39,33,39",612
3938,109,"544,312,81,621,692,683,109,115,270,799","174,148,174,176,176,127,174,175,176,175",688
481,109,"683,539,811,710,923,690,406,770,756,657","127,148,3,127,195,219,127,129,58,56",463
3315,109,"683,37,677,63,891,342,161,555,255,163","127,151,156,269,267,163,156,33,36,163",541
966,109,"683,539,811,907,452,406,508,690,421,480","127,148,3,219,146,127,219,219,195,148",510
4238,109,"683,539,312,396,815,480,791,931,252,363","127,148,148,267,126,148,189,56,154,128",521
3693,109,"683,539,811,710,923,406,791,501,178,656","127,148,3,127,195,127,189,127,155,3",463
1674,109,"683,539,811,900,489,710,923,321,290,902","127,148,3,267,269,127,195,127,3,117",640
4328,109,"923,770,834,30,533,502,119,79,789,572","195,129,36,21,39,36,36,155,156,39",278
4352,109,"683,539,811,710,923,406,791,488,690,491","127,148,3,127,195,127,189,129,219,146",535
5529,109,"683,37,677,255,802,923,105,731,157,751","127,151,156,36,127,195,284,219,163,148",506
2677,109,"544,312,629,440,349,338,539,845,59,742","174,148,148,136,127,148,148,63,164,164",796
3486,109,"683,37,677,330,23,689,73,568,889,42","127,151,156,300,125,128,176,169,148,176",702
796,109,"683,37,677,63,76,770,30,433,626,359","127,151,156,269,36,129,21,33,164,267",635
2917,109,"683,37,677,770,90,889,485,657,417,555","127,151,156,129,36,148,189,56,165,33",519
2572,109,"683,37,677,255,802,923,105,770,370,76","127,151,156,36,127,195,284,129,195,36",275
4,109,"923,37,502,30,834,789,105,642,409,533","195,151,36,21,36,156,284,195,195,39",226
4277,109,"683,37,677,417,255,889,449,90,370,923","127,151,156,165,36,148,165,36,195,195",563
444,109,"683,37,677,417,731,105,76,90,342,507","127,151,156,165,219,284,36,36,163,126",526
6036,109,"683,37,677,63,76,770,105,30,79,834","127,151,156,269,36,129,284,21,155,36",493
2078,109,"683,37,677,770,90,409,834,923,563,502","127,151,156,129,36,195,36,195,154,36",516
2781,109,"683,539,312,295,815,501,791,931,742,252","127,148,148,127,126,127,189,56,164,154",555
1503,109,"683,37,677,63,891,342,500,161,856,439","127,151,156,269,267,163,155,156,39,153",553
2961,109,"683,37,677,63,76,770,30,245,626,342","127,151,156,269,36,129,21,217,164,163",678
2627,109,"544,692,115,245,719,770,342,572,663,439","174,176,175,217,181,129,163,39,176,153",689
1930,109,"683,37,731,421,157,638,923,789,636,451","127,151,219,195,163,154,195,156,56,163",471
2436,109,"910,572,433,228,740,626,230,448,132,79","127,39,33,269,36,164,114,3,44,155",300
4492,109,"683,37,677,417,255,105,288,76,802,731","127,151,156,165,36,284,125,36,127,219",531
4858,109,"683,37,731,421,636,157,502,328,3,406","127,151,219,195,56,163,36,39,155,127",594
1041,109,"683,37,677,63,41,891,430,770,30,342","127,151,156,269,44,267,44,129,21,163",669
987,109,"100,312,295,396,440,480,349,363,629,791","165,148,127,267,136,148,127,128,148,189",690
432,109,"683,539,811,710,348,923,770,526,766,690","127,148,3,127,44,195,129,63,284,219",507
6147,109,"683,37,677,417,255,105,370,889,551,502","127,151,156,165,36,284,195,148,195,36",576
870,109,"683,539,811,710,923,770,406,469,657,290","127,148,3,127,195,129,127,163,56,3",427
4088,109,"923,312,811,600,533,105,770,710,451,133","195,148,3,56,39,284,129,127,163,163",479
5126,109,"683,539,312,791,566,815,907,690,252,931","127,148,148,189,146,126,219,219,154,56",498
464,109,"683,37,731,421,636,157,476,751,406,328","127,151,219,195,56,163,54,148,127,39",608
4325,109,"683,37,731,312,636,406,25,501,885,629","127,151,219,148,56,127,148,127,39,148",571
2618,109,"683,37,677,330,90,853,889,3,731,157","127,151,156,300,36,44,54,148,155,219,163",586
4940,109,"683,37,677,417,731,105,76,157,923,530","127,151,156,165,219,284,36,163,195,284",601
1823,109,"683,37,677,63,891,342,770,889,417,90","127,151,156,269,267,163,129,148,165,36",612
1373,109,"923,312,813,614,629,349,907,295,452,480","195,148,154,3,148,127,219,127,146,148",469
2795,109,"683,37,677,770,90,409,642,433,626,207","127,151,156,129,36,195,195,33,164,127",510
5933,109,"683,90,502,157,409,370,133,523,740,433","127,36,36,163,195,195,163,21,36,33",448
1778,109,"683,37,731,312,636,406,25,452,791,885","127,151,219,148,56,127,148,146,189,39",563
4793,109,"544,312,81,257,406,295,408,471,799,702","174,148,174,146,127,127,174,176,175,176",667
2949,109,"683,37,677,63,76,770,923,502,834,891","127,151,156,269,36,129,195,36,36,267",600
1077,109,"683,37,731,421,636,157,923,406,502,530","127,151,219,195,56,163,195,127,36,284",290
3462,109,"683,37,677,770,90,889,97,850,731,457","127,151,156,129,36,148,39,36,219,156",539
2322,109,"683,37,28,312,923,501,3,811,104,614","127,151,163,148,195,127,155,3,163,3",693
199,109,"683,891,331,451,731,636,776,689,464,923","127,267,54,163,219,56,267,128,148,195",604
248,109,"683,539,811,710,923,690,489,290,30,770","127,148,3,127,195,219,269,3,21,129",612
4142,109,"683,37,532,731,312,406,452,878,915,451","127,151,219,219,148,127,146,137,155,156,163",464
4017,109,"683,539,312,396,907,636,452,295,923,469","127,148,148,267,219,56,146,127,195,163",519
767,109,"683,37,677,63,76,770,502,433,626,11","127,151,156,269,36,129,36,33,164,156",582
4698,109,"683,37,677,63,891,342,433,794,555,439","127,151,156,269,267,163,33,39,33,153",553
35,109,"683,539,811,452,312,480,791,349,501,742","127,148,3,146,148,148,189,127,127,164",620
2148,109,"683,37,731,421,157,923,638,629,636,751","127,151,219,195,163,195,154,148,56,148",520
4875,109,"683,37,677,30,342,76,626,433,642,71","127,151,156,21,163,36,164,33,195,156",423
5579,109,"683,539,811,710,923,406,508,529,178,804","127,148,3,127,195,127,219,155,155,148",585
5580,109,"683,37,677,330,90,910,76,492,342,359","127,151,156,300,36,127,36,127,163,267",608
1109,109,"683,37,677,330,23,923,501,312,546,889","127,151,156,300,125,195,127,148,146,148",555
6018,109,"923,37,502,30,572,291,342,439,528,161","195,151,36,21,39,21,163,153,127,156",312
2923,109,"683,37,731,421,636,451,848,330,157,328","127,151,219,195,56,163,44,300,163,39",669
1172,109,"683,37,677,770,342,30,71,605,794,626","127,151,156,129,163,21,156,155,39,164",506
714,109,"923,312,811,533,717,502,451,550,111,154","195,148,3,39,195,36,163,21,155,164",380
425,109,"683,37,677,770,30,834,255,76,409,11","127,151,156,129,21,36,36,36,195,156",304
5558,109,"683,539,312,396,815,480,791,59,295,742","127,148,148,267,126,148,189,164,127,164",561
3945,109,"683,539,811,710,489,30,923,290,690,469","127,148,3,127,269,21,195,3,219,163",582
730,109,"683,37,731,421,157,638,776,923,770,626","127,151,219,195,163,154,267,195,129,164",572
3475,109,"683,539,312,396,815,480,791,566,742,931","127,148,148,267,126,148,189,146,164,56",547
2062,109,"923,312,811,452,791,813,138,625,86,520","195,148,3,146,189,154,195,126,164,127",380
3456,109,"683,37,677,63,76,770,79,342,30,891","127,151,156,269,36,129,155,163,21,267",545
2726,109,"683,37,677,63,891,342,433,794,555,439","127,151,156,269,267,163,33,39,33,153",546
3852,109,"923,770,834,30,533,502,119,891,150,63","195,129,36,21,39,36,36,267,195,269",531
