user_id,seed,sampled_q_ids,sampled_subject_ids,student_total_questions
3507,100,"376,154,616,469,342,816,626,16,369,785","164,164,163,163,163,164,164,164,163,163",531
5784,100,"753,59,154,469,157,75,405,290,349,816","164,164,164,163,163,163,154,3,127,164",490
5424,100,"451,284,626,505,535,826,840,469,88,133","163,165,164,163,164,164,164,163,163,164,163",535
5481,100,"753,260,211,616,86,75,714,829,344,505","164,163,163,163,164,163,163,163,163,163,164",553
4511,100,"284,616,190,211,65,369,634,16,574,816","165,163,163,164,163,163,163,163,164,164,164",612
5430,100,"284,626,391,190,688,616,367,742,290,785","165,164,163,163,164,164,163,165,164,3,163",546
2873,100,"896,417,616,8,169,369,469,157,367,829","165,165,163,163,164,163,163,163,165,163",477
1235,100,"896,86,574,154,190,469,342,16,8,88","165,164,164,164,163,164,163,163,164,163,164",494
4355,100,"896,665,342,626,169,574,98,826,35,486","165,164,163,164,164,164,164,164,163,164",586
3184,100,"896,376,451,276,59,344,75,574,688,405","165,164,163,155,164,163,163,164,164,154",535
2179,100,"451,417,342,505,169,101,435,133,333,486","163,165,163,163,164,164,163,165,163,163,164",352
3210,100,"284,133,391,101,369,535,486,696,805,469","165,163,163,163,163,164,164,164,164,163",544
4486,100,"376,753,86,829,65,16,449,785,290,213","164,164,164,163,163,164,165,163,3,163",519
633,100,"190,688,344,469,616,154,405,276,840,367","163,164,164,163,163,163,164,154,155,163,165",508
1430,100,"447,418,344,342,616,921,626,133,333,805","164,164,163,163,163,163,164,163,163,164",412
1133,100,"284,154,742,59,260,753,211,405,276,634","165,164,164,164,163,164,163,154,155,163",361
5148,100,"753,469,616,16,65,260,211,75,634,405","164,163,163,164,163,163,163,163,163,154",556
64,100,"133,342,449,367,157,154,65,634,696,52","163,163,165,165,163,164,163,163,164,163,164",494
5501,100,"451,626,829,157,634,785,59,75,816,169","163,164,163,163,163,163,164,163,164,164",463
1584,100,"451,342,86,133,59,154,65,840,405,574","163,163,164,163,164,164,163,163,154,164",413
3104,100,"223,133,469,211,190,714,16,101,35,417","165,163,163,163,163,164,163,164,163,163,165",363
729,100,"376,133,154,86,284,616,88,574,290,101","164,163,164,164,165,163,164,164,3,163",346
4554,100,"376,451,505,574,8,169,52,101,826,449","164,163,163,164,164,163,164,163,164,163,164,165",569
2626,100,"451,535,154,157,829,742,367,211,816,88","163,164,164,163,163,164,165,163,164,164",628
2261,100,"284,163,65,154,276,616,190,539,182,80","165,163,163,164,155,163,163,164,148,153,155",641
5528,100,"896,626,284,8,133,616,921,165,785,75","165,164,165,163,163,163,163,164,163,163",553
5711,100,"896,505,574,535,554,826,616,190,840,435","165,163,164,164,164,165,164,163,163,164,163,165",553
2466,100,"376,211,65,714,505,449,213,634,816,391","164,163,163,163,163,164,165,163,163,164,163",375
145,100,"451,417,190,367,554,75,16,829,486,59","163,165,163,164,165,165,163,164,163,164,164",500
5860,100,"505,342,260,154,65,59,574,211,369,435","163,164,163,163,164,163,164,164,163,163,165",354
5493,100,"896,417,626,8,369,391,165,505,554,304","165,165,164,163,163,163,164,163,164,165,164",544
3202,100,"896,376,451,276,59,702,469,86,211,190","165,164,163,155,164,176,163,164,163,163,164",669
541,100,"284,417,753,391,101,165,449,75,369,840","165,165,164,163,163,164,165,163,163,163",528
2883,100,"223,100,417,284,688,742,367,189,753,524","165,165,165,165,164,164,165,165,164,165",389
1595,100,"451,626,391,574,829,688,921,165,535,344","163,164,163,164,163,164,163,164,164,163",500
4837,100,"451,417,284,469,714,75,16,405,276,101","163,165,165,163,163,163,164,154,155,163",464
5610,100,"451,190,626,574,921,449,101,486,840,16","163,163,164,164,164,163,165,163,164,163,164",653
66,100,"896,451,367,344,211,276,405,182,495,251","165,163,165,163,163,155,154,153,156,129",653
5436,100,"451,190,753,574,157,86,829,367,417,213","163,163,164,164,164,163,164,163,165,165,163",547
2737,100,"896,344,65,16,714,133,829,574,634,367","165,163,163,164,163,163,163,164,163,165",535
573,100,"376,505,921,8,753,16,86,903,59,688","164,163,164,163,163,164,164,164,129,164,164",547
1670,100,"376,417,688,168,753,284,616,190,395,449","164,165,164,165,164,165,163,163,164,165,165",644
5744,100,"896,163,344,133,417,342,98,169,840,356","165,163,163,163,165,163,164,164,163,164",586
1223,100,"376,342,451,344,574,742,417,435,369,211","164,163,163,163,164,164,165,165,163,163",400
376,100,"451,505,86,190,469,65,157,921,165,816","163,163,164,164,163,164,163,163,163,163,164,164",412
2837,100,"451,417,284,8,101,391,505,449,367,890","163,165,165,163,163,163,163,164,165,165,164",538
2931,100,"223,896,742,59,86,260,666,133,336,469","165,165,164,164,164,163,175,163,176,163",461
1374,100,"284,417,626,344,65,260,16,75,101,574","165,165,164,163,163,163,164,163,163,164",553
2938,100,"376,742,133,688,165,469,344,405,16,539","164,164,163,164,164,163,163,154,164,148",535
1563,100,"133,417,574,435,101,169,88,129,304,165","163,165,164,165,163,164,164,165,164,164",519
3981,100,"190,154,616,101,157,276,405,349,505,46","163,164,164,163,163,163,155,154,127,163,164,156",520
1993,100,"451,688,59,190,616,367,634,157,16,86","163,164,164,163,164,163,165,163,163,164,164",540
4228,100,"451,505,626,8,574,921,826,435,696,469","163,163,164,164,163,164,163,164,165,164,163",549
934,100,"896,284,616,753,535,165,16,157,75,369","165,165,163,164,164,164,164,163,163,163",577
449,100,"896,417,133,59,449,688,154,165,213,435","165,165,163,164,165,164,164,164,163,165",541
944,100,"896,376,616,785,8,101,369,826,554,714","165,164,163,163,163,163,163,164,165,163",447
3243,100,"616,86,626,535,8,369,805,260,333,75","163,164,164,164,163,163,164,163,163,163",553
889,100,"376,505,391,535,165,469,714,816,88,696","164,163,164,163,164,164,163,163,164,164,164",519
3540,100,"896,342,190,688,260,154,59,276,405,616","165,163,163,164,164,163,164,164,155,154,163",553
2861,100,"133,342,190,921,449,785,805,616,213,714","163,163,163,164,163,165,163,164,163,163,163",412
4748,100,"417,165,16,8,816,75,101,785,213,304","165,164,164,163,164,163,163,163,163,164",521
3532,100,"505,417,391,165,826,59,714,486,688,260","163,164,165,163,164,164,164,163,164,164,163",528
1764,100,"376,417,101,8,753,714,688,449,65,260","164,165,163,163,164,163,164,165,163,163",541
1614,100,"133,469,626,8,169,333,826,921,129,805","163,163,164,163,164,163,164,163,165,164",571
5452,100,"284,616,190,157,86,369,16,213,165,574","165,163,163,164,163,164,163,164,163,164,164",519
5139,100,"451,417,342,8,626,88,486,435,369,505","163,165,163,163,164,164,164,165,163,163,164",472
2840,100,"284,753,626,8,101,169,469,554,805,890","165,164,164,163,163,164,163,165,164,164",355
2905,100,"451,417,616,86,260,344,829,213,505,101","163,165,163,164,163,163,163,163,163,164,163",628
1538,100,"896,342,133,8,367,165,826,435,52,816","165,163,163,163,165,164,164,165,163,164,164",494
681,100,"896,505,391,133,753,165,696,816,59,805","165,163,164,163,163,164,164,164,164,164,164",514
2101,100,"451,342,626,535,826,785,333,714,829,816","163,163,164,164,164,163,163,163,163,164",574
5250,100,"376,284,616,344,634,157,574,405,539,46","164,165,163,163,163,163,164,154,148,156",338
2710,100,"284,59,65,688,211,369,133,829,367,276","165,164,163,164,163,163,163,163,165,155",520
3446,100,"133,190,344,829,59,16,714,574,157,435","163,163,164,163,163,164,164,163,164,163,165",519
1057,100,"896,284,449,469,688,367,554,75,169,213","165,165,165,163,164,165,165,163,164,163",543
671,100,"376,342,451,469,921,133,449,88,369,367","164,163,163,163,163,163,165,164,163,165",460
185,100,"896,376,451,284,59,75,16,213,367,505","165,164,163,165,164,163,164,163,165,163,164",720
622,100,"451,688,211,154,574,367,405,276,495,182","163,164,163,164,164,165,154,155,156,153",535
2367,100,"688,211,574,634,405,539,349,213,34,646","164,163,164,163,154,148,127,163,156,155",398
717,100,"254,417,418,188,101,826,598,168,505,75","164,165,164,165,163,164,165,165,163,164,163",461
5110,100,"284,133,154,260,75,342,785,157,16,435","165,163,164,163,163,163,163,163,164,165",349
2548,100,"376,417,505,59,190,86,840,616,52,16","164,165,163,164,164,163,164,164,163,163,163,164,164",228
5210,100,"451,753,616,16,165,785,535,88,816,805","163,164,163,164,164,163,164,164,164,164",523
2654,100,"896,376,59,190,284,369,165,157,405,829","165,164,164,163,164,165,163,164,163,154,163",541
5074,100,"451,505,616,165,785,333,826,486,805,304","163,163,164,163,164,163,163,164,164,164,164",553
4457,100,"376,451,742,154,803,276,182,163,86,753","164,163,164,164,148,155,153,163,164,164",690
1462,100,"616,260,369,574,344,785,165,8,921,696","163,163,163,164,163,163,164,163,163,164",554
1213,100,"133,342,417,505,391,333,921,88,574,129","163,163,165,163,164,163,163,163,164,164,165",644
1760,100,"896,376,284,154,157,101,367,213,840,405","165,164,165,164,163,163,165,163,163,154",600
1298,100,"284,616,154,742,86,344,369,211,101,213","165,163,164,164,164,163,163,163,163,163",430
2094,100,"190,742,86,574,75,714,367,369,213,405","163,164,164,164,164,163,163,165,163,163,154",537
3549,100,"284,190,211,154,75,634,369,574,417,829","165,163,164,163,164,163,163,163,164,165,163",633
5694,100,"133,417,829,86,16,260,367,369,449,88","163,165,163,164,164,163,165,163,165,164",606
112,100,"223,578,451,254,422,189,665,482,42,376","165,163,163,164,163,165,164,164,176,164",749
3791,100,"376,451,133,391,469,688,829,165,101,535","164,163,163,163,163,164,163,164,163,164",639
1269,100,"451,574,344,157,165,211,367,75,535,634","163,164,163,163,164,163,165,163,164,163",476
4216,100,"451,417,284,505,391,169,535,333,616,213","163,165,165,163,164,163,164,164,163,163,163",553
1837,100,"896,688,616,59,260,417,435,391,213,88","165,164,163,164,163,165,165,163,163,164",499
2380,100,"616,742,211,367,65,75,405,539,279,276","163,164,163,165,163,163,154,148,33,155",535
2786,100,"451,417,395,626,101,188,391,369,168,486","163,165,165,164,163,165,163,163,165,164",691
3513,100,"896,133,451,535,8,169,785,840,805,486","165,163,163,164,163,164,163,163,164,164",523
111,100,"451,417,342,921,101,449,435,165,696,505","163,165,163,163,163,165,165,164,164,163,164",598
4671,100,"376,451,921,616,52,435,59,714,554,826","164,163,163,163,163,164,165,164,163,165,164",553
1507,100,"133,616,469,65,714,75,290,574,405,276","163,163,163,163,163,163,3,164,154,155",634
3266,100,"753,154,190,65,75,405,276,182,495,80","164,164,163,164,163,163,154,155,153,156,155",579
3187,100,"376,417,688,505,753,391,714,554,367,86","164,165,164,163,164,164,163,163,165,165,164",374
5211,100,"376,211,616,714,369,816,829,626,405,276","164,163,163,163,163,164,163,164,154,155",541
2831,100,"505,626,688,154,714,616,165,435,88,369","163,164,164,164,164,163,163,164,165,164,163",513
2347,100,"451,284,342,16,616,165,154,369,634,696","163,165,163,164,163,164,164,163,163,164",555
5507,100,"469,342,554,101,169,826,486,165,129,890","163,163,165,163,164,164,164,164,165,164",519
5544,100,"451,417,616,190,16,574,157,52,714,554","163,165,163,163,164,164,164,163,163,164,163,165",720
2914,100,"284,342,449,554,59,574,65,86,213,211","165,163,165,165,164,164,163,164,163,163",559
5496,100,"896,376,753,344,634,714,101,816,405,923","165,164,164,163,163,163,163,164,154,195",530
1138,100,"376,284,133,505,626,165,826,213,369,333","164,165,163,163,164,164,164,164,163,163,163",535
4419,100,"376,417,783,626,616,190,16,169,86,753","164,165,165,164,163,163,164,164,164,164,164",627
3276,100,"133,342,626,616,714,16,260,101,435,816","163,163,164,163,163,164,163,163,165,164",569
1047,100,"223,7,578,888,418,899,352,864,126,52","165,165,163,163,164,169,170,163,165,163,164",782
2918,100,"896,133,574,921,535,435,367,696,826,88","165,163,164,163,164,165,165,164,164,164",634
1378,100,"451,284,190,260,211,369,157,634,16,505","163,165,163,164,163,163,163,163,163,164,163,164",588
1389,100,"376,284,154,469,344,367,505,616,290,785","164,165,164,163,163,165,163,164,163,3,163",618
4400,100,"376,342,391,101,449,486,129,921,369,213","164,163,163,163,165,164,165,163,163,163",654
565,100,"896,482,417,376,574,391,688,626,921,190","165,164,165,164,164,163,164,164,163,163,164",640
5627,100,"451,688,260,742,157,165,101,154,369,52","163,164,163,164,163,164,163,164,163,163,164",669
5456,100,"896,665,342,626,35,59,688,376,391,505","165,164,163,164,163,164,164,164,163,163,164",611
123,100,"376,260,753,65,16,391,626,634,449,75","164,163,164,163,164,163,164,163,165,163",466
3482,100,"284,190,391,260,616,921,816,86,344,75","165,163,164,163,163,163,163,164,164,163,163",547
6033,100,"896,451,574,190,505,16,133,803,584,279","165,163,164,163,164,163,164,164,163,148,117,33",661
5560,100,"451,742,344,688,803,456,353,913,349,646","163,164,163,164,148,269,63,219,127,155",616
4723,100,"896,417,505,449,688,157,816,342,65,88","165,165,163,164,165,164,163,164,163,163,164",498
1525,100,"896,376,451,276,86,284,65,469,634,405","165,164,163,155,164,165,163,163,163,154",600
3854,100,"469,417,688,829,626,157,165,535,634,840","163,165,164,163,164,163,164,164,163,163",544
184,100,"284,417,535,165,688,816,829,714,785,369","165,165,164,164,164,164,163,163,163,163",645
1025,100,"284,133,391,8,169,554,16,129,88,816","165,163,163,163,164,165,164,165,164,164",535
4422,100,"896,376,342,52,785,449,304,696,435,505","165,164,163,163,164,163,165,164,164,165,163,164",374
2100,100,"753,342,133,616,157,688,535,65,829,165","164,163,163,163,163,164,164,163,163,164",371
2034,100,"284,505,59,190,260,742,633,864,616,86","165,163,164,164,163,164,163,164,163,163,163,164",485
1554,100,"469,342,8,101,88,333,369,714,16,129","163,163,163,163,164,163,163,163,164,165",612
3938,100,"376,342,626,391,574,284,451,505,616,133","164,163,164,163,164,165,163,163,164,163,163",688
3315,100,"451,417,342,626,284,101,133,753,554,469","163,165,163,164,165,163,163,164,165,163",541
966,100,"260,59,369,574,449,921,634,554,840,213","163,164,163,164,165,163,163,165,163,163",510
4238,100,"896,376,190,86,65,75,539,349,803,367","165,164,163,164,164,163,163,148,127,148,165",521
3693,100,"451,417,284,742,449,165,86,634,101,435","163,165,165,164,165,164,164,163,163,165",463
1674,100,"284,190,753,505,417,714,342,688,435,154","165,163,164,164,163,164,165,163,163,164,165,164",640
4816,100,"254,451,284,59,16,785,8,168,554,816","164,163,165,164,164,163,163,165,165,164",550
4352,100,"451,133,86,349,276,405,539,279,182,495","163,163,164,127,155,154,148,33,153,156",535
2677,100,"896,376,688,65,154,163,75,260,276,702","165,164,164,163,164,163,163,163,155,176",796
3486,100,"376,665,482,190,133,417,921,169,356,826","164,164,164,163,164,163,165,163,164,164,164",702
796,100,"451,417,783,101,188,165,805,88,16,391","163,165,165,163,165,164,164,164,164,163",635
5561,100,"578,417,783,188,8,342,7,101,505,88","163,165,165,165,163,163,165,163,163,164,164",509
2917,100,"451,342,133,260,59,714,157,290,165,75","163,163,163,163,164,163,163,3,164,163",519
4277,100,"896,376,342,505,133,52,554,333,367,805","165,164,163,163,164,163,163,164,165,163,165,164",563
444,100,"284,154,688,86,714,344,816,213,435,290","165,164,164,164,163,163,164,163,165,3",526
2078,100,"753,342,154,157,634,714,785,88,344,449","164,163,164,163,163,163,163,164,163,165",516
2781,100,"451,616,190,753,469,211,840,16,626,405","163,163,163,164,164,163,163,163,164,164,154",555
1503,100,"451,417,342,8,626,169,165,785,435,505","163,165,163,163,164,164,164,163,165,163,164",553
2961,100,"896,451,75,284,163,157,626,554,391,8","165,163,163,165,163,163,164,165,163,163",678
2627,100,"376,665,391,8,698,356,419,98,269,940","164,164,163,163,176,164,176,164,176,176",689
4492,100,"133,688,742,469,165,391,785,101,554,369","163,164,164,163,164,163,163,163,165,163",531
4858,100,"896,616,451,753,921,829,165,785,435,714","165,163,163,164,163,163,164,163,165,163",594
1041,100,"284,133,626,921,101,826,486,367,129,805","165,163,164,163,163,164,164,165,165,164",669
987,100,"896,482,665,126,626,505,451,86,829,189","165,164,164,165,164,163,164,163,164,163,165",690
432,100,"376,342,133,211,816,290,344,405,276,626","164,163,163,163,164,3,163,154,155,164",507
970,100,"896,342,451,284,505,574,16,8,157,367","165,163,163,165,163,164,164,164,163,163,165",394
6147,100,"284,342,469,59,921,785,449,391,16,696","165,163,163,164,163,163,165,163,164,164",576
1709,100,"223,417,665,816,211,482,505,342,626,449","165,165,164,164,163,164,163,164,163,164,165",682
4088,100,"451,742,190,505,154,753,59,469,344,290","163,164,163,164,163,164,164,164,164,163,163,3",479
5126,100,"451,133,753,616,688,469,65,260,367,405","163,163,164,163,164,163,163,163,165,154",498
464,100,"753,626,391,574,157,688,535,8,65,805","164,164,163,164,163,164,164,163,163,164",608
4325,100,"86,626,688,260,65,75,574,405,276,290","164,164,164,163,163,163,164,154,155,3",571
2211,100,"578,342,356,447,482,742,451,254,896,42","163,163,164,164,164,164,163,164,165,176",717
2618,100,"896,342,816,86,65,154,714,369,75,840","165,163,164,164,163,164,163,163,163,163",586
4940,100,"284,417,753,469,449,714,554,75,435,369","165,165,164,163,165,163,165,163,165,163",601
1823,100,"133,190,469,367,785,805,714,213,535,86","163,163,164,163,165,163,164,163,163,164,164",612
2795,100,"896,417,133,921,391,169,840,367,86,157","165,165,163,163,163,164,163,165,164,163",510
2949,100,"896,469,753,785,88,449,435,840,367,16","165,163,164,163,164,165,165,163,165,164",600
4827,100,"376,505,344,65,574,211,260,469,405,276","164,163,164,163,163,164,163,163,163,154,155",412
1788,100,"223,100,896,451,284,190,524,35,8,574","165,165,165,163,165,163,164,165,163,163,164",187
3462,100,"451,616,574,65,133,344,86,157,405,391","163,163,164,163,163,163,164,163,154,163",539
2322,100,"447,254,65,168,829,688,773,190,367,86","164,164,163,165,163,164,164,163,164,165,164",693
248,100,"753,342,133,86,505,626,154,344,88,616","164,163,163,164,163,164,164,164,163,164,163",612
4017,100,"376,742,284,154,344,688,59,133,213,714","164,164,165,164,163,164,164,163,163,163",519
767,100,"896,342,391,284,921,826,486,133,190,714","165,163,163,165,163,164,164,163,163,164,163",582
4698,100,"284,417,133,505,101,449,169,165,88,369","165,165,163,163,164,163,165,164,164,164,163",553
35,100,"284,133,163,190,626,154,344,714,75,290","165,163,163,163,164,164,164,163,163,163,3",620
2148,100,"896,376,342,505,574,391,165,260,52,616","165,164,163,163,164,164,163,164,163,163,164,163",520
5579,100,"896,417,133,451,505,342,469,284,86,626","165,165,163,163,163,164,163,163,165,164,164",585
5580,100,"451,190,783,574,753,921,86,829,449,213","163,163,164,165,164,164,163,164,163,165,163",608
1109,100,"896,417,133,8,435,157,840,816,260,65","165,165,163,163,165,163,163,164,163,163",555
2923,100,"376,133,505,616,785,829,435,367,344,634","164,163,163,164,163,163,163,165,165,163,163",669
1172,100,"451,505,133,449,190,840,369,696,367,129","163,163,164,163,165,163,164,163,163,164,165,165",506
714,100,"376,284,574,435,75,688,742,157,260,369","164,165,164,165,163,164,164,163,163,163",380
5558,100,"133,469,154,742,65,157,405,456,353,213","163,163,164,164,163,163,154,269,63,163",561
3945,100,"376,284,59,753,190,260,276,290,405,539","164,165,164,164,163,164,163,155,3,154,148",582
730,100,"451,505,190,101,554,785,486,367,696,826","163,163,164,163,164,163,165,163,164,165,164,164",572
3475,100,"896,417,753,211,344,816,101,634,16,405","165,165,164,163,163,164,163,163,164,154",547
932,100,"896,626,574,8,785,88,367,333,129,696","165,164,164,163,163,164,165,163,165,164",568
2062,100,"284,616,688,133,574,714,211,921,342,290","165,163,164,163,164,163,163,163,163,3",380
3456,100,"896,376,626,785,449,52,486,826,369,129","165,164,164,163,165,163,164,164,164,163,165",545
1046,100,"133,190,626,391,449,574,52,333,826,486","163,163,164,164,163,165,164,163,164,163,164,164",401
2726,100,"342,260,86,65,16,742,211,921,449,101","163,163,164,163,164,164,163,163,165,163",546
3852,100,"505,342,8,157,469,449,829,59,260,785","163,164,163,163,163,163,165,163,164,163,163",531
5016,100,"896,86,574,284,344,59,367,211,405,276","165,164,164,165,163,164,165,163,154,155",264
3507,101,"896,376,59,133,284,260,688,574,469,535","165,164,164,163,165,163,164,164,163,164",531
5784,101,"376,451,742,190,753,405,816,626,714,279","164,163,164,163,164,164,154,164,164,163,33",490
5424,101,"896,626,505,469,88,16,696,816,213,129","165,164,163,164,163,164,164,164,164,163,165",535
5481,101,"376,451,154,753,742,75,65,714,626,554","164,163,164,164,164,163,163,163,164,165",553
4511,101,"896,376,59,753,133,469,342,505,101,554","165,164,164,164,163,163,163,163,164,163,165",612
5430,101,"376,753,469,574,391,165,190,369,785,88","164,164,163,164,163,164,163,164,163,163,164",546
2873,101,"896,284,133,469,8,391,714,449,16,805","165,165,163,163,163,163,163,165,164,164",477
1235,101,"896,451,133,753,469,921,616,165,714,535","165,163,163,164,163,163,163,164,163,164",494
4355,101,"376,342,417,133,665,391,626,98,356,554","164,163,165,163,164,163,164,164,164,165",586
3184,101,"376,742,616,133,469,65,714,634,101,16","164,164,163,163,163,163,163,163,163,164",535
2179,101,"896,417,626,574,165,133,391,101,369,157","165,165,164,164,164,163,163,163,163,163",352
3210,101,"616,342,59,449,554,101,826,805,88,304","163,163,164,165,165,163,164,164,164,164",544
4486,101,"451,417,86,449,65,154,742,367,213,101","163,165,164,165,163,164,164,165,163,163",519
633,101,"505,742,688,75,65,469,714,405,276,634","163,164,164,164,163,163,163,163,154,155,163",508
1430,101,"578,133,626,59,65,742,16,634,165,391","163,163,164,164,163,164,164,163,164,163",412
1133,101,"896,75,344,65,539,157,803,133,753,405","165,163,163,163,148,163,148,163,164,154",361
5148,101,"505,742,59,86,260,154,688,157,634,803","163,164,164,164,164,163,164,164,163,163,148",556
64,101,"133,342,8,59,829,86,742,391,75,333","163,163,163,164,163,164,164,163,163,163",494
5501,101,"451,417,284,505,574,449,554,369,714,469","163,165,165,163,164,164,165,165,163,163,163",463
1584,101,"284,86,59,344,688,539,46,349,803,523","165,164,164,163,164,148,156,127,148,21",413
3104,101,"100,342,505,141,65,753,574,86,189,344","165,163,163,164,165,163,164,164,164,165,163",363
729,101,"753,469,211,405,65,714,276,182,495,634","164,163,163,154,163,163,155,153,156,163",346
4554,101,"505,417,342,785,574,554,333,435,840,16","163,164,165,163,163,164,165,163,165,163,164",569
2626,101,"753,342,133,469,505,449,696,8,16,101","164,163,163,163,163,164,165,164,163,164,163",628
2261,101,"376,451,154,65,803,349,260,344,405,456","164,163,164,163,148,127,163,163,154,269",641
5528,101,"190,505,574,921,535,449,826,554,333,304","163,164,163,164,164,163,164,165,164,165,163,164",553
5711,101,"896,417,505,8,753,435,921,391,101,86","165,165,163,164,163,164,165,163,163,163,164",553
2466,101,"376,451,742,211,753,505,469,342,165,367","164,163,164,163,164,163,164,163,163,164,165",375
145,101,"505,344,714,342,829,626,157,367,16,213","163,164,163,163,163,163,164,163,165,164,163",500
5860,101,"451,59,505,367,634,290,449,52,405,599","163,164,163,164,165,163,3,165,163,164,154,155",354
5493,101,"451,284,86,190,626,714,785,169,435,554","163,165,164,163,164,164,163,163,164,165,165",544
3202,101,"896,163,260,753,276,59,702,190,405,479","165,163,163,164,155,164,176,163,164,154,163",669
541,101,"896,376,284,574,133,59,165,333,169,435","165,164,165,164,163,164,164,163,164,165",528
2883,101,"284,417,342,708,666,65,189,921,435,367","165,165,163,165,175,163,165,163,165,165",389
1595,101,"376,342,574,616,16,86,688,714,449,921","164,163,164,163,164,164,164,163,165,163",500
4837,101,"753,417,688,16,469,714,367,344,59,75","164,165,164,164,163,163,165,163,164,163",464
5610,101,"163,505,469,190,391,260,133,816,829,554","163,163,164,163,163,164,163,163,163,164,163,165",653
66,101,"163,417,449,816,344,634,574,435,86,75","163,165,165,164,163,163,164,165,164,163",653
5436,101,"896,284,469,213,369,16,829,88,921,405","165,165,163,163,163,164,163,164,163,154",547
2737,101,"451,505,469,742,190,65,344,59,634,367","163,163,164,163,164,163,164,163,163,164,163,165",535
573,101,"896,688,154,284,505,417,16,213,157,626","165,164,164,165,163,164,165,164,163,163,164",547
1670,101,"376,451,417,168,753,284,783,921,190,449","164,163,165,165,164,165,165,163,163,164,165",644
5744,101,"896,376,451,284,417,342,626,101,785,88","165,164,163,165,165,163,164,163,163,164",586
1223,101,"376,753,86,391,626,435,616,714,169,696","164,164,164,163,164,165,163,163,164,164",400
376,101,"451,417,688,469,714,449,65,369,344,435","163,165,164,163,163,165,163,163,163,165",412
2837,101,"896,626,505,391,52,165,88,369,805,840","165,164,163,164,163,163,164,164,164,163,164,163",538
2931,101,"100,451,482,574,344,616,505,342,101,8","165,163,164,164,163,163,163,164,163,163,163",461
1374,101,"451,342,753,86,16,449,535,369,696,101","163,163,164,164,164,165,164,163,164,163",553
2938,101,"376,451,753,86,714,75,190,405,290,816","164,163,164,164,163,163,163,164,154,3,164",535
1563,101,"896,626,505,921,449,101,785,554,129,16","165,164,163,164,163,165,163,163,165,165,164",519
3981,101,"451,154,284,344,816,405,290,16,165,417","163,164,165,163,164,154,3,164,164,165",520
1993,101,"753,59,133,211,626,65,505,405,276,182","164,164,163,163,164,163,163,164,154,155,153",540
4228,101,"896,376,284,921,535,52,554,890,190,75","165,164,165,163,164,163,164,165,164,163,164,163",549
934,101,"86,714,391,816,260,369,921,52,840,101","164,163,163,164,163,163,163,163,164,163,163",577
449,101,"896,376,59,133,574,86,65,154,88,634","165,164,164,163,164,164,163,164,164,163",541
944,101,"284,417,626,101,367,169,449,129,890,369","165,165,164,163,165,164,165,165,164,163",447
3243,101,"505,469,8,391,535,333,88,696,129,369","163,164,163,163,163,164,163,164,164,165,163",553
889,101,"190,688,469,260,75,405,276,829,290,840","163,164,164,163,163,163,154,155,163,3,163",519
3540,101,"896,133,451,190,688,211,154,75,405,276","165,163,163,163,164,164,163,164,163,154,155",553
2861,101,"284,133,626,753,52,714,369,805,190,16","165,163,164,164,163,164,163,163,164,163,164,164",412
4748,101,"896,284,574,921,133,165,333,486,469,213","165,165,164,163,163,164,163,164,163,163",521
3532,101,"376,417,165,535,8,753,52,101,169,157","164,165,164,164,163,164,163,164,163,164,163",528
1764,101,"376,451,626,574,505,101,826,696,75,616","164,163,164,164,163,164,163,164,164,163,163",541
1614,101,"451,469,616,165,535,169,129,816,890,369","163,163,163,164,164,164,165,164,164,163",571
5452,101,"896,451,133,753,469,344,59,505,417,616","165,163,163,164,163,163,164,163,164,165,163",519
5139,101,"896,133,616,165,59,714,169,333,805,486","165,163,163,164,164,163,164,163,164,164",472
2840,101,"896,284,616,391,714,921,554,157,840,86","165,165,163,163,163,163,165,163,163,164",355
2905,101,"753,133,190,505,86,344,211,816,367,75","164,163,163,164,163,164,164,163,163,164,165,163",628
1538,101,"896,417,626,535,101,369,505,714,284,133","165,165,164,164,163,163,163,164,163,165,163",494
681,101,"376,451,626,391,505,574,616,469,805,169","164,163,164,163,163,164,164,163,163,164,164",514
2101,101,"342,574,8,840,742,154,369,367,211,65","163,164,163,163,164,164,163,165,163,163",574
5250,101,"376,284,86,688,634,505,626,840,290,829","164,165,164,164,163,163,164,164,163,3,163",338
2710,101,"896,284,616,59,86,742,260,535,816,688","165,165,163,164,164,164,163,164,164,164",520
3446,101,"376,133,449,688,16,154,157,435,88,65","164,163,165,164,164,164,163,165,164,163",519
1057,101,"376,342,451,742,753,75,469,16,405,290","164,163,163,164,164,163,163,164,154,3",543
671,101,"451,417,616,86,190,505,714,157,369,435","163,165,163,164,163,164,163,164,163,163,163,165",460
185,101,"896,376,742,451,574,65,616,864,75,634","165,164,164,163,164,163,163,163,163,163",720
622,101,"376,133,59,742,190,157,75,921,391,260","164,163,164,164,163,164,163,163,163,163,163",535
2367,101,"753,688,59,190,157,75,101,634,405,213","164,164,164,163,164,163,163,163,163,154,163",398
717,101,"578,417,395,188,254,505,333,921,696,284","163,165,165,165,164,163,164,163,163,164,165",461
5110,101,"133,742,154,574,505,59,344,634,101,829","163,164,164,164,163,164,164,163,163,163,163",349
2548,101,"376,190,626,554,826,333,367,88,890,213","164,163,164,164,165,164,163,165,164,164,163",228
5210,101,"133,469,574,449,169,333,826,165,486,88","163,163,164,165,164,163,164,164,164,164",523
2654,101,"896,469,753,574,59,16,101,634,88,840","165,163,164,164,164,164,163,163,164,163",541
5074,101,"896,376,626,391,8,52,535,840,284,469","165,164,164,163,163,163,164,164,163,165,163",553
4457,101,"896,688,260,344,154,469,211,182,539,353","165,164,163,163,164,163,163,153,148,63",690
1462,101,"284,417,133,449,169,165,367,213,52,16","165,165,163,165,164,164,165,163,163,164,164",554
1213,101,"376,417,505,391,101,554,52,816,213,840","164,165,163,164,163,163,165,163,164,164,163,163",644
1760,101,"451,616,284,634,86,34,840,405,626,456","163,163,165,163,164,156,163,154,164,269",600
1298,101,"376,284,688,753,154,369,634,539,46,405","164,165,164,164,164,163,163,148,156,154",430
2094,101,"376,133,154,86,284,344,616,65,290,405","164,163,164,164,165,163,163,163,3,154",537
3549,101,"896,163,742,133,154,753,714,290,75,918","165,163,164,163,164,164,163,3,163,165",633
5694,101,"896,451,154,714,59,211,367,829,157,405","165,163,164,163,164,163,165,163,163,154",606
112,101,"223,366,447,133,899,418,16,208,342,665","165,164,164,163,169,164,164,169,163,164",749
3791,101,"482,469,742,284,616,574,753,290,344,840","164,163,164,165,163,164,164,3,163,163",639
1269,101,"451,284,449,8,165,535,469,435,714,688","163,165,165,163,164,164,163,165,163,164",476
4216,101,"896,417,626,505,449,826,52,369,367,714","165,165,164,163,164,165,164,163,164,163,165,163",553
1837,101,"469,742,86,829,101,921,435,75,535,554","163,164,164,163,163,163,165,163,164,165",499
2380,101,"133,190,344,260,276,405,349,539,279,182","163,163,164,163,163,155,154,127,148,33,153",535
2786,101,"896,626,574,449,469,826,598,52,129,88","165,164,164,165,163,164,165,163,164,165,164",691
3513,101,"284,86,157,369,554,59,742,211,52,8","165,164,163,163,165,164,164,163,163,164,163",523
111,101,"133,342,101,391,714,449,333,829,785,88","163,163,163,163,163,165,163,163,163,164",598
4671,101,"133,417,165,469,785,535,52,169,840,367","163,165,164,163,163,164,163,164,164,163,165",553
1507,101,"896,376,753,626,154,65,435,829,634,344","165,164,164,164,164,163,165,163,163,163",634
3266,101,"896,260,344,154,469,505,342,574,165,714","165,163,163,164,163,163,164,163,164,164,163",579
3187,101,"505,417,157,154,634,88,391,785,101,75","163,164,165,163,164,163,164,163,163,163,163",374
5211,101,"376,211,133,469,688,190,417,714,616,16","164,163,163,163,164,163,164,165,163,163,164",541
2831,101,"896,417,376,616,829,574,101,157,405,276","165,165,164,163,163,164,163,163,154,155",513
2347,101,"376,284,688,505,714,65,417,574,101,405","164,165,164,163,164,163,163,165,164,163,154",555
5507,101,"284,342,449,8,101,391,826,52,921,714","165,163,165,163,163,163,164,163,164,163,163",519
5544,101,"376,211,65,482,505,157,816,369,405,276","164,163,163,164,163,164,163,164,163,154,155",720
2914,101,"451,417,616,469,65,342,449,213,101,260","163,165,163,163,163,163,165,163,163,163",559
5496,101,"376,133,505,405,349,456,816,279,539,392","164,163,163,164,154,127,269,164,33,148,39",530
1138,101,"86,626,391,16,8,165,714,816,213,333","164,164,163,164,163,164,163,164,163,163",535
4419,101,"86,574,168,165,391,188,169,921,785,826","164,164,165,164,163,165,164,163,163,164",627
3276,101,"896,626,451,190,16,714,369,785,213,169","165,164,163,163,164,164,163,163,163,163,164",569
1047,101,"578,524,342,747,728,141,552,785,52,666","163,165,163,164,189,165,63,163,163,164,175",782
2918,101,"451,284,342,8,190,574,367,435,333,785","163,165,163,163,163,164,164,165,165,163,163",634
1378,101,"896,616,154,753,353,803,456,539,349,646","165,163,164,164,63,148,269,148,127,155",588
1389,101,"451,688,190,342,157,290,88,435,626,16","163,164,163,164,163,163,3,164,165,164,164",618
4400,101,"376,451,133,449,101,333,826,369,88,486","164,163,163,165,163,163,164,163,164,164",654
565,101,"896,417,133,157,163,342,451,449,16,52","165,165,163,163,163,163,163,165,164,163,164",640
5627,101,"451,505,574,163,535,829,688,86,59,157","163,163,164,164,163,164,163,164,164,164,163",669
5456,101,"376,451,417,688,505,616,190,449,157,16","164,163,165,164,163,164,163,163,164,165,163,164",611
123,101,"896,505,449,753,190,785,369,688,213,86","165,163,164,165,164,163,164,163,163,164,163,164",466
3482,101,"376,342,451,469,626,344,714,59,535,211","164,163,163,163,164,163,163,164,164,163",547
6033,101,"451,616,154,574,133,290,65,86,16,88","163,163,164,164,163,3,163,164,164,164",661
5560,101,"133,742,260,157,405,803,456,353,367,369","163,164,163,163,154,148,269,63,165,163",616
4723,101,"896,417,133,753,505,190,284,626,742,165","165,165,163,164,163,164,163,164,165,164,164,164",498
1525,101,"284,616,469,133,65,344,574,369,157,405","165,163,163,163,163,163,164,163,163,154",600
3854,101,"451,417,616,505,714,65,211,342,574,921","163,165,163,163,164,163,163,163,163,164,163",544
184,101,"896,417,616,8,163,505,451,133,157,574","165,165,163,163,163,163,164,163,163,163,164",645
1025,101,"376,284,133,469,505,574,449,169,785,805","164,165,163,163,163,164,164,165,164,163,164",535
4422,101,"376,190,626,574,921,535,52,890,696,88","164,163,164,164,164,163,164,163,164,164,164,164",374
2100,101,"417,742,16,344,342,391,213,75,554,369","165,164,164,163,163,163,163,163,165,163",371
2034,101,"376,665,451,417,688,133,157,16,435,59","164,164,163,165,164,163,163,164,165,164",485
1554,101,"896,626,284,133,169,469,840,753,75,213","165,164,165,163,164,163,163,164,163,163",612
3938,101,"896,505,8,35,753,189,535,469,864,344","165,163,164,163,163,164,165,164,163,163,163",688
3315,101,"133,190,616,154,785,157,260,165,391,449","163,163,164,163,164,163,163,163,164,163,165",541
966,101,"342,59,449,8,829,165,742,367,75,101","163,164,165,163,163,164,164,165,163,163",510
4238,101,"896,742,59,86,344,469,190,803,349,456","165,164,164,164,163,163,163,164,148,127,269",521
3693,101,"190,626,574,505,688,165,714,742,154,369","163,164,164,164,163,164,164,164,163,164,164,163",463
1674,101,"505,417,616,154,65,714,157,829,344,211","163,164,165,163,164,163,163,163,163,163,163",640
4816,101,"100,342,505,391,8,168,213,486,665,169","165,163,163,164,163,163,165,163,164,164,164",550
4352,101,"896,342,133,211,742,157,405,349,86,290","165,163,163,163,164,163,154,127,164,3",535
2677,101,"376,451,417,163,688,469,154,829,16,75","164,163,165,163,164,163,164,163,164,163",796
3486,101,"896,342,626,98,101,356,52,785,304,129","165,163,164,164,163,164,163,164,163,164,165",702
796,101,"342,395,101,714,391,88,157,168,742,188","163,165,163,163,163,164,163,165,164,165",635
5561,101,"578,783,7,16,714,447,101,418,391,213","163,165,165,164,163,164,163,164,163,163",509
2917,101,"753,417,505,535,304,696,435,816,616,344","164,165,163,164,164,164,164,165,164,163,163",519
4277,101,"284,753,449,190,165,921,554,829,101,367","165,164,165,163,164,164,163,165,163,163,165",563
444,101,"284,154,469,157,417,634,574,86,213,367","165,164,163,163,165,163,164,164,163,165",526
2078,101,"451,342,753,133,469,574,165,626,696,154","163,163,164,163,163,164,164,164,164,164",516
2781,101,"896,417,133,451,211,742,154,59,803,276","165,165,163,163,163,164,164,164,148,155",555
1503,101,"163,342,535,840,921,714,165,449,785,16","163,163,164,163,163,163,164,165,163,164",553
2961,101,"376,451,742,284,211,163,190,367,449,391","164,163,164,165,163,163,163,164,165,165,163",678
2627,101,"896,626,505,8,98,419,169,333,698,486","165,164,163,164,163,164,176,164,163,176,164",689
4492,101,"753,417,505,391,921,435,367,88,554,333","164,165,163,164,163,163,165,165,164,165,163",531
4858,101,"376,469,688,157,344,16,574,634,616,260","164,163,164,163,163,164,164,163,163,163",594
1041,101,"376,753,190,574,8,169,101,554,805,88","164,164,163,164,164,163,164,163,165,164,164",669
987,101,"223,417,698,626,59,163,708,694,419,8","165,165,176,164,164,163,165,165,176,163",690
432,101,"376,451,469,829,260,921,154,435,449,367","164,163,163,163,163,163,164,165,165,165",507
970,101,"376,451,284,133,8,753,816,16,101,52","164,163,165,163,163,164,164,164,163,163,164",394
6147,101,"505,342,154,65,816,88,535,52,554,367","163,164,163,164,163,164,164,164,163,164,165,165",576
1709,101,"100,342,451,665,133,482,126,816,747,435","165,163,163,164,163,164,165,164,164,165",682
4088,101,"896,376,133,65,616,101,714,369,840,342","165,164,163,163,163,163,163,163,163,163",479
5126,101,"451,342,753,469,154,65,344,574,405,157","163,163,164,163,164,163,163,164,154,163",498
464,101,"896,417,190,451,65,59,829,714,574,535","165,165,163,164,163,163,164,163,163,164,164",608
4325,101,"896,376,742,284,616,753,367,190,75,276","165,164,164,165,163,164,165,163,164,163,155",571
2211,101,"366,447,133,342,418,189,616,88,558,208","164,164,163,163,164,165,163,164,163,169",717
2618,101,"284,469,688,714,574,369,290,16,405,276","165,163,164,163,164,163,3,164,154,155",586
4940,101,"376,342,451,154,157,290,165,405,505,190","164,163,163,164,163,3,164,154,163,164,163,164",601
1823,101,"376,505,52,785,169,616,369,260,190,826","164,163,164,163,164,163,164,163,163,163,163,164,164",612
2795,101,"376,342,535,554,169,165,16,469,88,157","164,163,164,165,164,164,164,163,164,163",510
2949,101,"896,417,626,535,59,165,391,753,88,714","165,165,164,164,164,164,163,164,164,163",600
4827,101,"451,417,133,616,86,16,65,59,369,260","163,165,163,163,164,164,163,164,163,163",412
1788,101,"223,451,896,482,190,626,16,35,260,59","165,163,165,164,163,164,164,164,163,163,164",187
3462,101,"896,190,65,101,16,405,276,157,165,840","165,163,164,163,163,164,154,155,163,164,163",539
2322,101,"578,366,447,190,688,616,574,742,829,168","163,164,164,163,164,164,163,164,164,163,165",693
248,101,"896,417,376,190,133,469,101,333,696,86","165,165,164,163,164,163,163,163,163,164,164",612
4017,101,"896,417,133,921,391,469,190,52,260,486","165,165,163,163,163,163,163,164,163,164,163,164",519
767,101,"376,190,574,449,8,616,86,101,688,742","164,163,164,164,165,163,163,164,163,164,164",582
4698,101,"376,451,417,626,391,921,449,52,435,367","164,163,165,164,163,163,165,163,164,165,165",553
35,101,"896,376,342,505,753,260,469,154,405,616","165,164,163,163,164,164,163,163,164,154,163",620
2148,101,"753,190,616,469,154,714,260,75,290,405","164,163,164,163,163,164,163,163,163,3,154",520
5579,101,"451,342,753,86,574,921,816,344,59,165","163,163,164,164,164,163,164,163,164,164",585
5580,101,"451,505,783,395,574,88,188,367,213,826","163,163,164,165,165,164,164,165,165,163,164",608
1109,101,"284,417,626,163,505,616,574,169,840,753","165,165,164,163,163,164,163,164,164,163,164",555
2923,101,"284,190,469,505,626,535,785,75,154,59","165,163,164,163,163,164,164,164,163,163,164,164",669
1172,101,"284,342,505,101,554,921,369,367,88,616","165,163,163,164,163,165,163,163,165,164,163",506
714,101,"376,451,626,616,469,157,449,260,574,435","164,163,164,163,163,163,165,163,164,165",380
5558,101,"896,505,535,451,75,65,86,405,456,803","165,163,164,164,163,163,163,164,154,269,148",561
3945,101,"376,626,921,785,16,157,86,714,59,344","164,164,163,163,164,163,164,163,164,163",582
730,101,"376,451,284,133,59,829,154,435,535,816","164,163,165,163,164,163,164,165,164,164",572
3475,101,"896,342,505,451,829,8,753,260,469,369","165,163,163,164,163,163,163,164,163,163,163",547
932,101,"376,451,284,391,505,554,133,826,435,190","164,163,165,163,163,164,165,163,164,165,163,164",568
2062,101,"896,376,342,753,451,284,190,260,59,742","165,164,163,164,163,165,163,164,163,164,164",380
3456,101,"284,753,626,574,8,169,785,367,369,535","165,164,164,164,163,164,163,165,163,164",545
1046,101,"376,190,626,449,165,554,367,486,157,714","164,163,164,164,165,164,165,165,164,163,163",401
2726,101,"896,342,451,284,626,505,535,435,16,260","165,163,163,165,164,163,164,164,165,164,163",546
3852,101,"451,342,190,52,921,101,535,829,714,16","163,163,163,164,163,164,163,163,164,163,163,164",531
5016,101,"133,616,59,75,405,829,276,290,921,417","163,163,164,163,154,163,155,3,163,165",264
3507,102,"896,417,133,753,742,469,505,157,816,367","165,165,163,164,164,163,163,164,163,164,165",531
5784,102,"451,505,469,65,344,16,157,101,829,290","163,163,164,163,163,163,164,163,163,163,3",490
5424,102,"342,688,86,574,816,435,154,16,59,714","163,164,164,164,164,165,164,164,164,163",535
5481,102,"163,417,626,505,169,52,435,16,101,890","163,165,164,163,164,164,163,164,165,164,163,164",553
4511,102,"376,451,753,342,449,165,574,688,742,829","164,163,164,163,165,164,164,164,164,163",612
5430,102,"284,342,469,154,435,16,449,290,88,75","165,163,163,164,165,164,165,3,164,163",546
2873,102,"451,342,574,921,52,829,840,333,826,805","163,163,164,163,163,164,163,163,163,164,164",477
1235,102,"451,284,342,921,367,169,133,616,304,696","163,165,163,163,165,164,163,163,164,164",494
4355,102,"376,451,133,449,574,921,98,486,616,826","164,163,163,165,164,163,164,164,163,164",586
3184,102,"896,284,344,154,753,16,290,505,829,276","165,165,163,164,164,164,3,163,164,163,155",535
2179,102,"753,688,211,86,369,260,535,101,435,405","164,164,163,164,163,163,164,163,165,154",352
3210,102,"376,451,505,190,469,829,75,816,805,344","164,163,163,164,163,164,163,163,163,164,164,163",544
4486,102,"451,190,449,753,535,16,921,101,59,52","163,163,164,165,164,164,164,163,163,164,163,164",519
633,102,"451,284,469,742,154,688,714,616,840,405","163,165,163,164,164,164,163,163,163,154",508
1430,102,"896,342,391,8,101,921,165,304,133,86","165,163,163,163,163,163,164,164,163,164",412
1133,102,"451,59,154,65,133,86,505,369,816,405","163,164,164,163,163,164,163,164,163,164,154",361
5148,102,"896,451,742,154,65,803,584,628,373,279","165,163,164,164,163,148,117,155,148,33",556
64,102,"896,376,688,86,469,417,574,165,449,634","165,164,164,164,163,165,164,164,165,163",494
5501,102,"896,376,190,626,574,101,785,805,826,333","165,164,163,164,164,164,163,163,164,164,163",463
1584,102,"896,451,86,65,157,369,539,634,803,213","165,163,164,163,163,163,148,163,148,163",413
3104,102,"100,342,864,260,665,190,753,449,574,921","165,163,163,163,164,163,164,164,165,164,163",363
729,102,"133,688,154,616,65,417,829,290,367,405","163,164,164,163,163,165,163,3,165,154",346
4554,102,"753,133,505,626,391,616,52,169,86,785","164,163,163,164,164,163,163,163,164,164,164,163",569
2626,102,"376,451,163,260,469,284,634,574,714,59","164,163,163,163,163,165,163,164,163,164",628
2261,102,"376,742,284,616,469,688,86,260,101,634","164,164,165,163,163,164,164,163,163,163",641
5528,102,"896,417,616,753,449,451,469,696,554,805","165,165,163,164,165,163,163,164,165,164",553
5711,102,"451,417,626,616,688,535,52,574,391,8","163,165,164,163,164,164,163,164,164,163,163",553
2466,102,"451,688,65,469,626,342,785,554,367,75","163,164,163,163,164,163,163,165,165,163",375
145,102,"451,505,86,574,449,535,785,634,65,101","163,163,164,164,164,165,164,163,163,163,163",500
5860,102,"284,742,86,344,840,211,367,405,46,290","165,164,164,163,163,163,165,154,156,3",354
5493,102,"133,342,101,367,333,714,52,890,213,840","163,163,163,165,163,163,163,164,164,163,163",544
3202,102,"482,163,65,742,479,59,344,75,803,349","164,163,163,164,163,164,163,163,148,127",669
541,102,"451,133,469,86,449,829,260,369,8,554","163,163,163,164,165,163,163,163,163,165",528
2883,102,"100,417,342,708,367,666,584,279,189,616","165,165,163,165,165,175,117,33,165,163",389
1595,102,"451,284,505,260,369,921,75,367,829,157","163,165,163,164,163,163,163,163,165,163,163",500
4837,102,"451,505,469,742,688,190,133,154,574,157","163,163,164,163,164,164,163,164,163,164,164,163",464
5610,102,"505,417,688,449,574,391,816,829,101,367","163,164,165,164,165,164,163,164,163,163,165",653
66,102,"451,688,154,616,816,369,290,417,714,405","163,164,164,163,164,163,3,165,163,154",653
5436,102,"753,190,626,469,101,52,829,785,86,369","164,163,164,164,163,163,163,164,163,163,164,163",547
2737,102,"451,505,86,369,65,344,634,16,165,816","163,163,164,164,163,163,163,163,164,164,164",535
573,102,"133,505,469,626,157,86,405,456,367,353","163,163,164,163,164,163,164,154,269,165,63",547
1670,102,"376,342,395,753,86,391,157,133,16,505","164,163,165,164,164,163,163,163,164,163,164",644
5744,102,"451,284,342,626,391,574,921,169,505,190","163,165,163,164,163,164,163,164,163,164,163,164",586
1223,102,"451,417,342,86,59,435,688,16,616,367","163,165,163,164,164,165,164,164,163,165",400
376,102,"284,86,367,75,829,405,539,16,290,279","165,164,165,163,163,154,148,164,3,33",412
2837,102,"896,417,284,101,59,753,86,157,829,165","165,165,165,163,164,164,164,163,163,164",538
2931,102,"100,86,616,133,35,666,190,101,505,342","165,164,163,163,163,175,163,164,163,163,164,163",461
1374,102,"896,417,626,133,342,505,535,344,367,154","165,165,164,163,163,163,164,164,163,165,164",553
2938,102,"190,65,59,260,616,157,405,349,539,803","163,164,163,164,163,163,163,154,127,148,148",535
1563,102,"505,626,449,535,101,554,826,333,714,890","163,164,164,165,164,163,165,164,163,163,164",519
3981,102,"451,688,59,260,616,65,213,505,405,349","163,164,164,163,163,163,163,163,164,154,127",520
1993,102,"190,211,469,86,276,405,182,495,383,251","163,164,163,163,164,155,154,153,156,189,129",540
4228,102,"896,190,574,554,435,714,213,486,88,688","165,163,164,164,165,165,163,163,164,164,164",549
934,102,"896,284,133,391,753,785,101,469,367,169","165,165,163,163,164,163,163,163,165,164",577
449,102,"284,616,190,626,449,367,634,211,369,52","165,163,163,164,164,165,165,163,163,163,163,164",541
944,102,"896,505,391,574,535,554,486,129,304,435","165,163,164,163,164,164,165,164,165,164,165",447
3243,102,"376,451,284,449,574,921,169,88,805,535","164,163,165,165,164,163,164,164,164,164",553
889,102,"133,616,742,367,86,65,391,626,344,75","163,163,164,165,164,163,163,164,163,163",519
3540,102,"376,451,284,133,157,469,714,65,921,88","164,163,165,163,163,163,163,163,163,164",553
2861,102,"896,376,284,8,133,469,805,829,75,88","165,164,165,163,163,163,164,163,163,164",412
4748,102,"376,133,626,574,921,169,505,469,367,260","164,163,164,164,163,164,163,164,163,165,163",521
3532,102,"451,505,626,616,344,260,574,86,101,696","163,163,164,164,163,163,163,164,164,163,164",528
1764,102,"376,451,284,574,616,165,169,435,369,86","164,163,165,164,163,164,164,165,163,164",541
1614,102,"753,342,190,449,616,714,435,16,75,129","164,163,163,164,165,163,163,165,164,163,165",571
5452,102,"753,190,626,688,344,157,829,211,101,213","164,163,164,164,164,163,163,163,163,163,163",519
5139,102,"451,284,391,921,574,435,333,369,75,805","163,165,163,163,164,165,163,163,163,164",472
2840,102,"753,505,469,391,16,688,52,435,696,634","164,163,164,163,163,164,164,163,164,165,164,163",355
2905,102,"896,417,133,742,574,505,260,86,290,923","165,165,163,164,164,163,164,163,164,3,195",628
1538,102,"896,342,391,284,785,826,367,714,840,805","165,163,163,165,163,164,165,163,163,164",494
681,102,"896,417,616,59,714,626,52,469,65,696","165,165,163,164,163,164,163,164,163,163,164",514
2101,102,"505,417,342,8,535,714,435,486,157,688","163,164,165,163,163,164,163,165,164,163,164",574
5250,102,"616,469,742,154,211,65,260,405,803,369","163,163,164,164,163,163,163,154,148,163",338
2710,102,"896,133,190,391,753,165,59,688,634,65","165,163,163,164,163,164,164,164,164,163,163",520
3446,102,"376,342,688,574,154,165,742,290,75,213","164,163,164,164,164,164,164,3,163,163",519
1057,102,"376,342,133,260,753,284,190,405,290,349","164,163,163,163,164,165,163,164,154,3,127",543
671,102,"753,505,86,688,369,391,634,435,59,816","164,163,164,164,164,163,163,163,165,164,164",460
185,102,"896,451,284,616,742,753,154,59,75,211","165,163,165,163,164,164,164,164,163,163",720
622,102,"376,342,417,8,190,469,753,86,75,154","164,163,165,163,163,164,163,164,164,163,164",535
2367,102,"190,342,688,505,574,86,154,816,405,634","163,164,163,164,163,164,164,164,164,164,154,163",398
717,102,"447,773,417,16,598,449,899,391,88,129","164,164,165,164,165,165,169,163,164,165",461
5110,102,"505,59,369,405,829,276,840,539,182,80","163,164,164,163,154,163,155,163,148,153,155",349
2548,102,"896,342,505,133,829,753,921,8,742,101","165,163,163,164,163,163,164,163,163,164,163",228
5210,102,"451,417,284,391,785,449,367,574,369,75","163,165,165,163,163,165,165,164,163,163",523
2654,102,"896,133,449,59,714,165,86,8,435,840","165,163,165,164,163,164,164,163,165,163",541
5074,102,"896,342,284,8,921,554,88,369,435,75","165,163,165,163,163,165,164,163,165,163",553
4457,102,"896,688,86,284,65,163,469,753,276,182","165,164,164,165,163,163,163,164,155,153",690
1462,102,"376,284,753,574,829,616,435,469,554,333","164,165,164,164,163,163,165,163,165,163",554
1213,102,"284,342,554,8,59,840,469,574,213,535","165,163,165,163,164,163,163,164,163,164",644
1760,102,"376,211,154,816,634,16,369,921,535,213","164,163,164,164,163,164,163,163,164,163",600
1298,102,"133,59,574,714,65,344,290,101,405,634","163,164,164,163,163,163,3,163,154,163",430
2094,102,"505,742,260,65,574,714,75,367,405,276","163,164,164,163,163,164,163,163,165,154,155",537
3549,102,"896,376,451,133,65,753,190,75,574,505","165,164,163,163,163,164,163,164,163,164,163,164",633
5694,102,"896,451,260,344,469,574,840,634,405,276","165,163,163,163,163,164,163,163,154,155",606
112,102,"223,578,100,451,133,7,126,773,418,896","165,163,165,163,163,165,165,164,164,165",749
3791,102,"376,482,688,535,753,921,785,714,840,367","164,164,164,164,164,163,163,163,163,165",639
1269,102,"896,417,626,616,785,165,369,367,75,890","165,165,164,163,163,164,163,165,163,164",476
4216,102,"376,342,391,101,505,469,574,921,554,890","164,163,163,163,163,164,163,164,163,165,164",553
1837,102,"753,260,154,417,86,634,16,369,165,535","164,163,164,165,164,163,164,163,164,164",499
2380,102,"896,376,284,157,133,753,65,535,405,165","165,164,165,163,163,164,163,164,154,164",535
2786,102,"896,417,626,342,188,101,826,486,333,435","165,165,164,163,165,163,164,164,163,165",691
3513,102,"376,451,626,391,133,8,88,367,304,696","164,163,164,163,163,163,164,165,164,164",523
111,102,"133,190,626,391,505,921,8,101,486,369","163,163,164,164,163,163,164,163,163,163,164,163",598
4671,102,"451,284,505,616,165,16,554,169,260,816","163,165,163,164,163,164,164,165,164,163,164",553
1507,102,"896,505,133,211,190,344,816,75,405,276","165,163,164,163,163,163,164,163,164,163,154,155",634
3266,102,"451,284,342,753,688,59,616,344,574,101","163,165,163,164,164,164,163,163,164,163",579
3187,102,"284,616,133,688,367,16,435,829,785,921","165,163,163,164,165,164,165,163,163,163",374
5211,102,"896,86,574,753,190,284,133,342,505,449","165,164,164,164,163,164,165,163,163,163,164,165",541
2831,102,"451,505,574,16,165,157,435,816,344,75","163,163,164,164,164,164,163,165,164,163,163",513
2347,102,"284,417,626,260,435,101,405,829,535,165","165,165,164,163,165,163,154,163,164,164",555
5507,102,"451,284,505,574,101,333,369,805,840,16","163,165,163,164,164,163,163,163,164,163,164",519
5544,102,"376,451,482,342,165,154,816,634,65,626","164,163,164,163,164,164,164,163,163,164",720
2914,102,"451,417,284,86,59,165,75,344,634,574","163,165,165,164,164,164,163,163,163,164",559
5496,102,"896,626,616,535,451,829,714,16,75,211","165,164,163,164,163,163,163,164,163,163",530
1138,102,"896,626,574,469,101,785,88,805,213,304","165,164,164,163,163,163,164,164,163,164",535
4419,102,"190,783,505,101,165,785,168,369,554,52","163,164,165,163,164,163,164,163,165,163,165,163,164",627
3276,102,"376,451,133,391,449,165,333,554,190,816","164,163,163,163,165,164,163,165,163,164,164",569
1047,102,"223,626,126,864,435,505,524,921,98,169","165,164,165,163,165,163,164,165,163,164,164",782
2918,102,"284,133,391,921,435,169,714,88,213,535","165,163,163,163,165,164,163,164,163,164",634
1378,102,"753,211,133,154,65,344,369,829,405,276","164,163,163,164,163,163,163,163,154,155",588
1389,102,"376,451,154,157,284,367,616,211,290,923","164,163,164,163,165,165,163,163,3,195",618
4400,102,"896,417,376,688,157,535,52,435,921,554","165,165,164,164,163,164,163,164,165,163,165",654
565,102,"482,505,342,574,753,921,435,157,260,86","164,163,164,163,164,164,163,165,163,163,164",640
5627,102,"896,505,574,157,449,535,714,86,65,344","165,163,164,164,163,165,164,163,164,163,163",669
5456,102,"451,665,505,133,284,86,190,469,753,154","163,164,163,164,163,165,164,163,164,163,164,164",611
123,102,"376,260,133,190,626,86,16,101,154,435","164,163,163,163,164,164,164,164,163,164,165",466
3482,102,"896,626,451,133,190,616,165,535,344,369","165,164,163,163,163,164,163,164,164,163,163",547
6033,102,"896,451,367,688,86,616,634,469,405,456","165,163,165,164,164,163,163,163,154,269",661
5560,102,"417,65,260,367,405,574,539,456,646,290","165,163,163,165,154,164,148,269,155,3",616
4723,102,"284,626,211,616,505,157,165,574,75,8","165,164,163,163,163,164,163,164,164,163,163",498
1525,102,"451,742,284,211,574,65,190,753,276,405","163,164,165,163,164,163,163,164,164,155,154",600
3854,102,"896,376,190,342,157,344,714,634,369,616","165,164,163,164,163,163,163,163,163,163,163",544
184,102,"133,616,211,190,344,469,369,840,405,276","163,163,163,163,164,163,163,163,163,154,155",645
1025,102,"616,342,59,714,8,165,101,785,486,333","163,163,164,163,163,164,163,163,164,163",535
4422,102,"753,342,626,391,785,574,921,333,890,129","164,163,164,163,163,164,163,163,164,165",374
2100,102,"284,190,753,574,157,59,816,367,165,688","165,163,164,164,164,163,164,164,165,164,164",371
2034,102,"896,616,742,284,342,417,449,154,16,714","165,163,164,165,163,165,165,164,164,163",485
1554,102,"753,133,616,469,785,449,535,65,391,8","164,163,163,163,163,165,164,163,163,163",612
3938,102,"451,665,190,417,8,35,435,98,698,169","163,164,163,164,165,163,163,165,164,176,164",688
3315,102,"163,626,688,154,753,816,190,65,634,369","163,164,164,164,164,164,163,164,163,163,163",541
966,102,"190,417,688,260,86,211,369,75,829,903","163,164,165,164,163,164,163,163,163,163,129",510
4238,102,"451,742,349,456,803,913,753,816,840,405","163,164,127,269,148,219,164,164,163,154",521
3693,102,"284,417,753,616,342,65,16,574,435,211","165,165,164,163,163,163,164,164,165,163",463
1674,102,"451,342,469,688,154,742,574,634,816,165","163,163,163,164,164,164,164,163,164,164",640
4816,102,"254,133,921,8,168,616,101,163,469,554","164,163,163,163,165,163,163,163,163,165",550
4352,102,"753,154,342,921,290,75,405,539,279,276","164,164,163,163,3,163,154,148,33,155",535
2677,102,"896,376,688,451,344,742,16,190,59,154","165,164,164,163,163,164,164,163,164,164,164",796
3486,102,"896,665,59,52,753,376,356,304,696,333","165,164,164,163,164,164,164,164,164,164,163",702
796,102,"376,753,395,8,626,165,168,88,16,213","164,164,165,163,164,164,165,164,164,163",635
5561,102,"366,783,418,505,395,626,88,888,369,826","164,165,164,163,164,165,164,164,163,163,164",509
2917,102,"190,154,260,86,369,742,405,276,714,290","163,164,164,163,164,163,164,154,155,163,3",519
4277,102,"133,342,190,626,921,391,449,260,165,52","163,163,163,164,164,163,163,165,163,164,163,164",563
444,102,"896,376,342,753,86,344,921,16,616,367","165,164,163,164,164,163,163,164,163,165",526
2078,102,"260,59,16,391,65,157,435,785,367,75","163,164,164,163,163,163,165,163,165,163",516
2781,102,"376,742,616,86,190,157,405,284,803,182","164,164,163,164,163,164,163,154,165,148,153",555
1503,102,"451,190,469,921,8,101,52,486,333,369","163,163,164,163,163,163,163,163,164,164,163,163",553
2961,102,"451,211,59,65,753,634,829,435,342,816","163,163,164,163,164,163,163,165,163,164",678
2627,102,"451,665,505,52,8,698,419,449,486,269","163,164,163,164,163,164,163,176,176,165,164,176",689
4492,102,"133,59,75,840,16,391,101,785,169,165","163,164,163,163,164,163,163,163,164,164",531
4858,102,"451,753,574,86,344,59,157,367,840,405","163,164,164,164,163,164,163,165,163,154",594
1041,102,"753,342,616,535,52,101,921,826,785,696","164,163,163,164,163,164,163,163,164,163,164",669
987,102,"100,451,376,133,344,75,154,666,479,336","165,163,164,163,163,163,164,175,163,176",690
432,102,"376,284,753,574,469,688,616,157,65,435","164,165,164,164,163,164,163,163,163,165",507
970,102,"376,342,469,284,626,165,714,369,129,805","164,163,163,165,164,164,163,163,165,164",394
6147,102,"896,342,133,59,165,449,816,829,260,369","165,163,163,164,164,165,164,163,163,163",576
1709,102,"376,482,126,753,260,634,417,16,190,899","164,164,165,164,163,163,165,164,163,164,169",682
4088,102,"896,376,451,154,344,65,16,75,260,290","165,164,163,164,163,163,164,163,163,3",479
5126,102,"284,190,753,133,344,714,367,75,405,539","165,163,164,164,163,163,163,165,163,154,148",498
464,102,"417,714,86,59,367,211,213,165,405,840","165,163,164,164,165,163,163,164,154,163",608
4325,102,"896,616,344,154,574,753,16,101,840,290","165,163,163,164,164,164,164,163,163,3",571
2211,102,"366,447,896,7,342,254,189,482,451,773","164,164,165,165,163,164,165,164,163,164",717
2618,102,"896,417,133,451,211,260,405,276,290,829","165,165,163,163,163,163,154,155,3,163",586
4940,102,"376,342,505,157,535,391,154,816,213,449","164,163,163,164,163,164,163,164,164,163,165",601
1823,102,"133,342,469,626,449,785,616,86,714,369","163,163,163,164,165,163,163,164,163,163",612
2795,102,"284,469,574,449,391,554,486,840,616,16","165,163,164,165,163,165,164,163,163,164",510
2949,102,"469,165,921,8,157,840,829,75,369,903","163,164,163,163,163,163,163,163,163,129",600
4827,102,"284,342,505,154,65,86,405,574,165,276","165,163,163,164,164,163,164,154,164,164,155",412
1788,102,"190,626,864,714,505,524,708,86,816,16","163,164,164,163,163,163,164,165,165,164,164,164",187
3462,102,"342,626,154,688,157,829,260,554,52,88","163,164,164,164,163,163,163,165,163,164,164",539
2322,102,"366,447,254,168,742,616,190,225,422,753","164,164,164,165,164,163,163,164,163,163,164",693
248,102,"753,342,133,86,688,165,449,696,816,16","164,163,163,164,164,164,165,164,164,164",612
4017,102,"284,616,86,190,260,816,574,367,505,52","165,163,164,163,164,163,164,164,165,163,164,163,164",519
767,102,"896,133,616,574,391,101,840,554,829,435","165,163,163,164,163,163,163,165,163,165",582
4698,102,"451,417,133,469,785,616,449,554,826,304","163,165,163,163,163,163,165,165,164,164",553
35,102,"896,376,505,284,574,688,469,344,405,921","165,164,163,164,165,164,164,163,163,154,163",620
2148,102,"896,626,505,8,616,165,190,753,714,154","165,164,163,164,163,163,164,163,164,164,163,164",520
5579,102,"133,742,211,75,803,405,456,353,505,574","163,164,163,163,148,154,269,63,163,164,164",585
5580,102,"451,342,753,574,714,616,829,816,626,369","163,163,164,164,163,163,163,164,164,163",608
1109,102,"133,342,190,921,785,52,826,469,435,157","163,163,163,164,163,163,163,164,164,163,165,163",555
2923,102,"896,376,688,65,75,539,276,405,182,495","165,164,164,163,163,148,155,154,153,156",669
1172,102,"284,753,505,574,101,554,816,367,696,129","165,164,163,164,164,163,165,164,165,164,165",506
714,102,"284,417,574,8,101,435,165,785,391,535","165,165,164,163,163,165,164,163,163,164",380
5558,102,"505,574,688,154,101,829,369,435,646,405","163,164,164,164,164,163,163,163,165,155,154",561
3945,102,"376,451,688,154,505,284,367,616,190,344","164,163,164,164,163,164,165,165,163,163,164,163",582
730,102,"451,342,753,86,190,626,785,829,634,344","163,163,164,164,163,164,164,163,163,163,163",572
3475,102,"133,59,75,157,505,405,276,16,290,349","163,164,163,163,163,164,154,155,164,3,127",547
932,102,"482,688,417,535,165,16,369,157,714,840","164,164,165,164,164,164,163,163,163,163",568
2062,102,"896,417,626,157,451,369,435,367,213,405","165,165,164,163,163,163,165,165,163,154",380
3456,102,"376,505,391,921,535,554,88,840,675,805","164,163,164,163,163,164,165,164,163,165,164",545
1046,102,"376,190,626,535,826,88,840,696,129,890","164,163,164,164,164,164,164,163,164,165,164",401
2726,102,"451,342,574,65,391,75,8,696,169,554","163,163,164,163,163,163,163,164,164,165",546
3852,102,"896,417,829,688,157,367,59,342,554,101","165,165,163,164,163,165,164,163,165,163",531
5016,102,"753,688,190,616,742,714,157,367,65,634","164,164,163,164,163,164,163,163,165,163,163",264
3507,103,"190,65,616,417,469,714,505,785,369,8","163,164,163,163,165,163,163,163,164,163,163,163",531
5784,103,"896,451,344,688,284,133,840,539,279,405","165,163,163,164,165,163,163,148,33,154",490
5424,103,"284,753,626,921,574,8,101,742,88,59","165,164,164,163,164,163,163,164,164,164",535
5481,103,"376,342,190,16,435,417,626,391,8,535","164,163,163,164,164,165,165,164,163,163,164",553
4511,103,"753,133,391,829,714,435,52,8,59,696","164,163,163,163,163,165,163,164,163,164,164",612
5430,103,"896,342,133,574,469,785,190,260,86,157","165,163,163,164,163,163,163,164,163,164,163",546
2873,103,"190,342,626,391,535,169,826,616,469,890","163,164,163,164,163,164,164,164,163,163,164",477
1235,103,"376,284,505,616,554,714,367,52,688,260","164,165,163,164,163,165,163,165,163,164,164,163",494
4355,103,"896,417,376,190,574,626,921,333,189,133","165,165,164,163,164,164,164,163,163,165,163",586
3184,103,"896,688,154,344,157,714,616,634,165,626","165,164,164,163,163,163,163,163,164,164",535
2179,103,"451,284,133,921,616,169,469,190,52,369","163,165,163,163,163,164,163,163,164,163,164,163",352
3210,103,"469,342,626,101,554,574,369,165,890,129","163,163,164,163,165,164,163,164,164,165",544
4486,103,"896,626,451,753,616,469,574,165,688,449","165,164,163,164,163,163,164,164,164,165",519
633,103,"376,451,133,753,342,59,157,65,101,369","164,163,163,164,163,164,163,163,163,163",508
1430,103,"578,366,65,154,469,211,225,447,816,213","163,164,163,164,163,163,163,164,164,163",412
1133,103,"133,342,469,688,190,65,59,634,75,405","163,163,163,164,163,164,163,164,163,163,154",361
5148,103,"896,86,59,154,260,133,803,276,584,373","165,164,164,164,163,163,148,155,117,148",556
64,103,"616,417,829,157,260,101,75,391,535,435","163,165,163,163,163,163,163,163,164,165",494
5501,103,"133,342,417,626,101,826,486,52,449,714","163,163,165,164,163,164,164,163,164,165,163",463
1584,103,"133,59,211,344,75,349,405,840,803,505","163,164,163,163,163,127,154,163,148,163,164",413
3104,103,"223,616,742,133,482,190,714,665,86,189","165,163,164,163,164,163,164,163,164,164,165",363
729,103,"133,616,86,75,290,634,405,369,276,803","163,163,164,163,3,163,154,163,155,148",346
4554,103,"896,626,574,8,169,535,284,785,486,333","165,164,164,163,164,164,165,163,164,163",569
2626,103,"163,86,190,626,688,616,154,165,88,535","163,164,163,164,164,164,163,164,164,164,164",628
2261,103,"451,742,688,753,367,59,344,86,405,456","163,164,164,164,165,164,163,164,154,269",641
5528,103,"190,616,921,535,52,169,840,785,826,213","163,164,163,163,164,163,164,164,163,163,164,163",553
5711,103,"896,376,626,190,505,574,101,616,535,8","165,164,164,163,164,163,164,164,163,163,164,163",553
2466,103,"376,742,284,133,574,391,8,714,921,16","164,164,165,163,164,163,163,163,163,164",375
145,103,"190,342,626,688,367,449,369,333,169,88","163,164,163,164,164,165,165,163,163,164,164",500
5860,103,"896,451,65,211,539,803,284,46,405,523","165,163,163,163,148,148,165,156,154,21",354
5493,103,"133,417,626,449,785,169,435,840,826,616","163,165,164,165,163,164,165,163,164,163",544
3202,103,"163,742,86,344,59,469,75,353,276,405","163,164,164,163,164,163,163,63,155,154",669
541,103,"133,59,260,505,574,75,65,290,391,101","163,164,163,163,164,164,163,163,3,163,163",528
2883,103,"284,665,342,8,98,626,391,694,52,921","165,164,163,163,164,164,163,165,163,164,163",389
1595,103,"376,342,574,133,829,59,157,535,344,165","164,163,164,163,163,164,163,164,163,164",500
4837,103,"376,133,154,574,65,816,405,469,276,182","164,163,164,164,163,164,154,163,155,153",464
5610,103,"753,417,133,16,616,714,574,157,165,213","164,165,163,164,163,163,164,163,164,163",653
66,103,"133,688,616,154,505,626,260,86,65,634","163,164,163,164,163,164,164,163,164,163,163",653
5436,103,"896,376,154,59,190,753,469,921,449,260","165,164,164,164,163,164,164,163,163,165,163",547
2737,103,"896,376,260,688,469,276,284,133,574,213","165,164,163,164,163,155,165,163,164,163",535
573,103,"133,59,154,65,816,405,626,349,456,803","163,164,164,163,164,154,164,127,269,148",547
1670,103,"163,342,626,8,505,535,598,840,826,469","163,163,164,163,163,164,164,165,163,164,163",644
5744,103,"896,688,59,260,16,574,469,165,391,633","165,164,164,163,164,164,163,164,163,163",586
1223,103,"451,417,626,8,505,535,449,921,554,16","163,165,164,163,163,164,164,165,163,165,164",400
376,103,"896,505,284,211,469,344,696,213,101,405","165,163,164,165,163,163,163,164,163,163,154",412
2837,103,"133,469,391,449,535,805,696,890,435,840","163,163,163,165,164,164,164,164,165,163",538
2931,103,"100,86,742,35,59,260,666,896,336,479","165,164,164,163,164,163,175,165,176,163",461
1374,103,"376,342,133,86,829,449,165,535,16,616","164,163,163,164,163,165,164,164,164,163",553
2938,103,"376,451,284,688,211,369,634,574,505,405","164,163,165,164,163,163,163,164,163,164,154",535
1563,103,"417,16,391,101,826,554,486,890,88,714","165,164,163,163,164,165,164,164,164,163",519
3981,103,"451,154,260,133,157,86,367,405,816,349","163,164,163,163,163,164,165,154,164,127",520
1993,103,"284,626,688,154,190,344,369,634,921,290","165,164,164,164,163,164,163,163,163,163,3",540
4228,103,"896,376,626,8,785,921,826,165,367,554","165,164,164,163,163,163,164,164,165,165",549
934,103,"376,451,133,505,753,157,369,449,714,367","164,163,163,163,164,164,163,163,165,163,165",577
449,103,"376,742,133,574,211,829,688,59,435,101","164,164,163,164,163,163,164,164,165,163",541
944,103,"896,342,391,921,333,826,574,165,890,52","165,163,163,163,163,164,164,164,164,163,164",447
3243,103,"163,133,154,574,535,367,211,344,290,86","163,163,164,164,164,165,163,163,3,164",553
889,103,"376,417,133,154,86,505,634,391,435,840","164,165,163,164,164,163,164,163,163,165,163",519
3540,103,"451,284,86,190,154,688,829,75,276,405","163,165,164,163,164,164,164,163,163,155,154",553
2861,103,"133,342,417,840,169,469,391,785,88,304","163,163,165,163,164,163,163,163,164,164",412
4748,103,"284,714,391,785,101,169,435,486,157,535","165,163,163,163,163,164,165,164,163,164",521
3532,103,"616,86,574,369,211,344,157,435,165,449","163,164,164,163,163,163,163,165,164,165",528
1764,103,"896,417,284,8,133,59,505,753,451,165","165,165,165,163,163,164,163,164,164,163,164",541
1614,103,"376,451,284,626,505,165,88,367,369,469","164,163,165,164,163,164,164,164,165,163,163",571
5452,103,"376,133,284,86,688,616,574,829,211,921","164,163,165,164,164,163,164,163,163,163",519
5139,103,"376,753,190,165,8,101,88,554,333,840","164,164,163,164,164,163,163,164,165,163,163",472
2840,103,"451,284,391,753,16,616,449,688,785,101","163,165,163,164,164,163,165,164,163,163",355
2905,103,"376,742,284,417,154,574,469,101,342,86","164,164,165,165,164,164,163,163,163,164",628
1538,103,"376,342,626,8,88,486,805,435,213,75","164,163,164,163,164,164,164,165,163,163",494
681,103,"284,753,469,417,829,260,714,369,344,816","165,164,163,165,163,163,163,163,163,164",514
2101,103,"376,451,190,616,165,391,535,554,816,367","164,163,163,164,163,164,163,164,165,164,165",574
5250,103,"896,260,59,75,344,469,65,803,211,539","165,163,164,163,163,163,163,148,163,148",338
2710,103,"376,451,260,86,688,211,75,342,417,213","164,163,163,164,164,163,163,163,165,163",520
3446,103,"284,342,505,190,211,165,369,449,634,391","165,163,163,164,163,164,163,164,163,165,163,163",519
1057,103,"616,469,154,86,367,714,157,921,449,840","163,163,164,164,165,163,163,163,165,163",543
671,103,"616,469,342,260,574,154,634,86,921,535","163,163,163,163,164,164,163,164,163,164",460
185,103,"896,451,753,742,469,344,75,59,65,702","165,163,164,164,163,163,163,164,163,176",720
622,103,"896,342,921,451,211,367,405,469,276,182","165,163,163,163,163,165,154,163,155,153",535
2367,103,"284,616,154,133,714,829,634,405,46,840","165,163,164,163,163,163,163,154,156,163",398
717,103,"578,785,188,8,391,554,435,598,75,899","163,163,165,163,163,165,165,165,163,169",461
5110,103,"133,616,742,574,86,59,213,816,290,626","163,163,164,164,164,164,163,164,3,164",349
2548,103,"616,469,626,921,8,391,435,554,86,369","163,163,164,163,163,163,165,165,164,163",228
5210,103,"896,417,342,8,505,469,333,367,449,213","165,165,163,163,163,164,163,163,165,165,163",523
2654,103,"753,417,505,133,921,157,616,211,101,165","164,165,163,164,163,163,163,163,163,163,164",541
5074,103,"753,417,342,921,785,826,554,574,449,890","164,165,163,163,163,164,165,164,165,164",553
4457,103,"163,86,260,688,276,405,211,646,34,232","163,164,163,164,155,154,163,155,156,267",690
1462,103,"376,284,626,154,469,260,88,535,52,169","164,165,164,164,163,163,164,164,163,164,164",554
1213,103,"376,342,417,626,367,391,785,333,535,840","164,163,165,164,165,163,163,163,164,163",644
1760,103,"376,451,742,211,616,505,276,405,154,65","164,163,164,163,163,163,164,155,154,164,163",600
1298,103,"896,688,469,616,101,405,276,367,539,505","165,164,163,163,163,154,155,165,148,163,164",430
2094,103,"284,154,688,133,742,211,260,417,75,290","165,164,164,163,164,163,163,165,163,3",537
3549,103,"753,260,133,742,574,211,469,344,190,86","164,163,163,164,164,163,163,163,163,164,164",633
5694,103,"190,417,616,742,59,16,75,634,840,405","163,164,165,163,164,164,164,163,163,163,154",606
112,103,"223,447,100,896,418,342,899,254,773,376","165,164,165,165,164,163,169,164,164,164",749
3791,103,"451,482,417,714,626,165,921,101,8,469","163,164,165,163,164,164,163,163,163,163",639
1269,103,"376,451,626,921,101,169,133,840,826,486","164,163,164,163,163,164,163,163,164,164",476
4216,103,"451,284,342,626,921,574,826,486,333,88","163,165,163,164,163,164,164,164,163,164",553
1837,103,"284,190,753,688,505,626,86,367,574,829","165,163,164,164,164,163,164,164,164,165,164,163",499
2380,103,"284,616,469,59,154,75,65,803,276,182","165,163,163,164,164,163,163,148,155,153",535
2786,103,"896,417,626,188,391,169,826,554,333,129","165,165,164,165,163,164,164,165,163,165",691
3513,103,"896,417,133,505,284,449,367,469,165,391","165,165,163,163,164,165,165,165,163,164,163",523
111,103,"376,753,469,535,696,75,344,157,829,369","164,164,163,164,164,163,163,163,163,163",598
4671,103,"451,284,133,165,190,554,333,169,88,826","163,165,163,164,163,164,165,163,164,164,164",553
1507,103,"753,133,742,86,190,344,714,405,276,290","164,163,164,164,163,164,163,163,154,155,3",634
3266,103,"376,342,469,86,417,16,260,59,535,290","164,163,163,164,165,164,163,164,164,3",579
3187,103,"451,284,753,157,616,59,16,840,535,696","163,165,164,163,163,164,164,163,164,164",374
5211,103,"376,260,505,626,816,369,16,213,157,165","164,163,163,164,164,164,163,164,163,163,164",541
2831,103,"451,284,59,16,535,742,785,816,101,290","163,165,164,164,164,164,163,164,163,3",513
2347,103,"896,284,8,133,157,449,165,16,921,535","165,165,163,163,163,165,164,164,163,164",555
5507,103,"133,190,449,8,165,921,369,696,304,75","163,163,164,165,163,164,163,163,164,164,163",519
5544,103,"451,163,626,469,59,154,816,260,367,211","163,163,164,163,164,164,164,163,165,163",720
2914,103,"896,190,616,154,688,65,260,157,405,349","165,163,164,163,164,164,163,163,163,154,127",559
5496,103,"505,742,616,367,276,213,405,539,279,290","163,164,164,163,165,155,163,154,148,33,3",530
1138,103,"753,133,505,391,574,554,367,435,890,616","164,163,163,164,163,164,165,165,165,164,163",535
4419,103,"753,342,260,86,688,574,626,816,921,16","164,163,163,164,164,164,164,164,163,164",627
3276,103,"451,284,449,535,190,75,86,829,369,333","163,165,165,164,163,164,163,164,163,163,163",569
1047,103,"578,417,708,254,7,864,165,785,284,505","163,165,165,164,165,163,164,163,165,163,164",782
2918,103,"376,284,449,574,8,435,714,101,826,169","164,165,165,164,163,165,163,163,164,164",634
1378,103,"896,451,753,742,714,190,829,213,276,634","165,163,164,164,163,163,164,163,163,155,163",588
1389,103,"376,451,65,344,16,86,829,290,921,405","164,163,163,163,164,164,163,3,163,154",618
4400,103,"451,482,284,574,921,535,826,88,304,190","163,164,165,164,163,164,164,164,164,163,164",654
565,103,"284,417,688,616,154,157,469,742,86,211","165,165,164,163,164,163,163,164,164,163",640
5627,103,"133,742,154,211,260,505,626,290,344,634","163,164,164,163,163,163,164,164,3,163,163",669
5456,103,"451,665,469,86,574,417,16,154,449,626","163,164,163,164,164,165,164,164,165,164",611
123,103,"451,505,626,753,16,391,574,344,816,154","163,163,164,164,164,164,163,164,163,164,164",466
3482,103,"284,417,753,190,342,688,435,165,86,616","165,165,164,163,164,163,164,165,164,164,163",547
6033,103,"376,163,616,469,742,367,157,574,816,59","164,163,163,163,164,165,163,164,164,164",661
5560,103,"896,376,742,154,75,753,803,133,353,913","165,164,164,164,163,164,148,163,63,219",616
4723,103,"284,133,626,16,688,574,921,714,190,840","165,163,164,164,164,164,163,163,163,164,163",498
1525,103,"896,451,367,344,75,284,276,539,46,349","165,163,165,163,163,165,155,148,156,127",600
3854,103,"896,451,190,714,616,101,785,344,157,154","165,163,163,164,163,163,163,163,163,163,164",544
184,103,"753,342,688,505,816,634,165,829,367,290","164,163,164,163,164,164,163,164,163,165,3",645
1025,103,"896,376,59,451,616,190,921,449,8,785","165,164,164,163,163,163,164,163,165,163,163",535
4422,103,"376,451,284,391,921,75,826,486,714,16","164,163,165,163,163,163,164,164,163,164",374
2100,103,"896,626,133,816,211,688,65,469,86,829","165,164,163,164,163,164,163,163,164,163",371
2034,103,"451,665,753,133,284,189,417,616,165,633","163,164,164,163,165,165,165,163,164,163",485
1554,103,"451,921,574,449,52,829,785,154,59,840","163,163,164,165,163,164,163,163,164,164,163",612
3938,103,"896,376,342,391,626,8,505,574,133,35","165,164,163,163,164,163,163,164,164,163,163",688
3315,103,"376,342,391,284,554,451,449,714,16,829","164,163,163,165,165,163,165,163,164,163",541
966,103,"896,376,451,505,133,714,816,213,165,405","165,164,163,163,164,163,163,164,163,164,154",510
4238,103,"469,688,260,75,405,276,182,251,714,367","163,164,163,163,154,155,153,129,163,165",521
3693,103,"190,417,469,449,626,391,165,535,75,634","163,164,165,163,165,164,163,164,164,163,163",463
1674,103,"482,505,574,163,753,626,260,154,742,435","164,163,164,164,163,164,164,163,164,164,165",640
4816,103,"366,342,783,554,88,101,16,616,391,826","164,163,165,165,164,163,164,163,163,164",550
4352,103,"376,133,59,154,753,574,742,86,349,405","164,163,164,164,164,164,164,164,127,154",535
2677,103,"451,665,342,163,86,133,344,75,190,16","163,164,163,163,164,163,163,163,163,164,164",796
3486,103,"376,342,417,8,98,169,826,391,52,785","164,163,165,163,164,164,164,163,163,164,163",702
796,103,"896,505,391,133,574,451,190,921,8,165","165,163,164,163,163,164,163,163,164,163,163,164",635
5561,103,"366,447,896,783,505,254,418,773,190,101","164,164,165,165,163,164,164,164,164,163,164,163",509
2917,103,"616,469,417,626,157,816,75,16,829,634","163,163,165,164,163,164,163,164,163,163",519
4277,103,"896,574,535,391,165,449,829,88,59,367","165,164,164,163,164,165,163,164,164,165",563
444,103,"376,451,154,742,574,211,284,290,829,369","164,163,164,164,164,163,165,3,163,163",526
2078,103,"896,376,574,469,785,391,696,816,65,554","165,164,164,163,163,163,164,164,163,165",516
2781,103,"753,505,469,344,190,616,59,157,260,367","164,163,164,163,163,163,164,163,164,163,163,165",555
1503,103,"451,417,574,535,52,486,616,163,816,753","163,165,164,164,163,164,164,163,163,164,164",553
2961,103,"376,260,284,469,626,921,190,65,86,154","164,163,165,163,164,163,163,164,163,164,164",678
2627,103,"376,342,417,8,698,98,419,356,269,940","164,163,165,163,176,164,176,164,176,176",689
4492,103,"896,417,626,8,505,535,921,816,826,753","165,165,164,163,163,164,164,163,164,164,164",531
4858,103,"896,626,688,154,714,435,369,75,405,829","165,164,164,164,163,165,163,163,154,163",594
1041,103,"376,284,753,435,535,554,816,88,714,367","164,165,164,165,164,165,164,164,163,165",669
987,103,"223,417,698,626,59,35,100,141,666,344","165,165,176,164,164,163,165,165,175,163",690
432,103,"896,284,616,59,449,260,554,165,829,101","165,165,163,164,165,163,165,164,163,163",507
970,103,"896,505,284,8,616,435,101,535,816,921","165,163,164,165,163,163,165,163,164,164,163",394
6147,103,"376,505,626,921,169,165,785,88,554,890","164,163,164,164,163,164,164,163,164,165,164",576
1709,103,"451,665,753,417,190,449,16,626,165,101","163,164,164,165,163,164,165,164,164,164,163",682
4088,103,"451,284,86,574,101,405,276,290,16,646","163,165,164,164,163,154,155,3,164,155",479
5126,103,"376,451,574,535,169,449,157,753,59,816","164,163,164,164,164,165,163,164,164,164",498
464,103,"376,59,211,688,86,101,829,213,342,290","164,164,163,164,164,163,163,163,163,3",608
4325,103,"376,284,154,469,688,86,626,405,829,276","164,165,164,163,164,164,164,154,163,155",571
2211,103,"578,342,356,447,254,422,42,626,574,391","163,163,164,164,164,163,176,164,164,163",717
2618,103,"190,626,616,154,742,65,157,505,829,449","163,164,164,163,164,164,163,163,163,164,163,165",586
4940,103,"451,688,154,284,157,505,449,165,714,391","163,164,164,165,163,163,164,165,164,163,163",601
1823,103,"896,505,284,574,8,169,52,165,88,826","165,163,164,165,164,163,164,163,164,164,164,164",612
2795,103,"753,469,133,342,8,574,165,805,52,486","164,163,163,163,163,164,164,164,163,164,164",510
2949,103,"86,714,829,391,921,535,785,65,816,742","164,163,163,163,163,164,163,163,164,164",600
4827,103,"451,417,133,469,16,829,213,154,65,634","163,165,163,163,164,163,163,164,163,163",412
1788,103,"100,417,284,98,8,101,826,899,554,505","165,165,165,164,163,163,164,169,165,163,164",187
3462,103,"753,688,133,154,211,59,190,86,417,290","164,164,163,164,163,164,163,164,164,165,3",539
2322,103,"578,896,376,133,616,154,742,190,688,469","163,165,164,163,163,164,164,163,164,164,163",693
248,103,"284,417,753,616,342,688,157,165,435,65","165,165,164,163,163,164,163,164,165,163",612
4017,103,"753,417,165,59,86,154,65,88,523,349","164,165,164,164,164,164,163,164,21,127",519
767,103,"896,376,451,8,165,59,696,213,52,65","165,164,163,163,164,164,164,163,163,164,163",582
4698,103,"376,342,753,86,574,190,921,157,16,816","164,163,164,164,164,163,164,163,163,164,164",553
35,103,"451,616,59,211,190,260,417,634,449,101","163,163,164,163,163,164,163,165,163,165,163",620
2148,103,"896,376,133,688,65,52,260,367,634,75","165,164,163,164,163,163,164,163,165,163,163",520
5579,103,"451,342,154,369,211,626,785,88,829,367","163,163,164,163,163,164,163,164,163,165",585
5580,103,"896,783,626,505,616,101,284,469,785,753","165,165,164,163,164,163,163,165,163,163,164",608
1109,103,"376,133,626,284,469,574,165,169,435,816","164,163,164,165,163,164,164,164,165,164",555
2923,103,"284,163,190,417,342,16,435,714,344,260","165,163,163,164,165,163,164,165,163,163,163",669
1172,103,"451,469,574,921,75,169,333,486,367,304","163,163,164,163,163,164,163,164,165,164",506
714,103,"376,342,284,505,449,157,75,65,59,190","164,163,165,163,164,165,163,163,163,164,163,164",380
5558,103,"376,211,688,133,753,165,154,75,344,714","164,163,164,163,164,164,164,163,163,163",561
3945,103,"896,417,753,59,154,505,284,157,405,165","165,165,164,164,164,163,164,165,163,154,164",582
730,103,"896,376,342,505,753,435,688,16,696,260","165,164,163,163,164,164,165,164,164,164,163",572
3475,103,"753,59,211,65,469,369,417,714,626,405","164,164,163,163,163,163,165,163,164,154",547
932,103,"284,417,342,101,169,826,554,367,391,574","165,165,163,163,164,164,165,165,163,164",568
2062,103,"896,451,921,449,157,86,260,696,785,369","165,163,163,165,163,164,163,164,163,163",380
3456,103,"376,133,626,785,165,535,304,129,890,88","164,163,164,163,164,164,164,165,164,164",545
1046,103,"190,626,505,391,921,616,785,157,688,213","163,164,164,163,164,163,163,163,163,163,164,163",401
2726,103,"284,417,342,921,616,157,714,449,391,88","165,165,163,163,163,163,163,165,163,164",546
3852,103,"896,626,574,190,921,535,469,75,86,829","165,164,164,163,164,163,164,163,163,164,163",531
5016,103,"284,616,688,133,211,344,190,816,405,165","165,163,164,163,163,163,163,164,164,154,164",264
3507,104,"753,688,505,165,16,535,211,816,634,391","164,164,163,164,164,164,164,163,164,163,163",531
5784,104,"896,451,344,86,803,349,616,260,369,505","165,163,163,164,148,127,163,163,163,163,164",490
5424,104,"376,59,469,284,753,417,8,190,574,435","164,164,163,165,164,165,163,163,164,164,165",535
5481,104,"376,451,190,133,449,616,344,16,554,829","164,163,163,164,163,165,163,163,164,165,163",553
4511,104,"896,451,688,284,86,469,190,344,154,276","165,163,164,165,164,163,163,164,163,164,155",612
5430,104,"284,753,342,688,165,369,59,535,391,213","165,164,163,164,164,163,164,164,163,163",546
2873,104,"896,190,921,449,451,367,554,714,333,88","165,163,164,163,165,163,165,165,163,163,164",477
1235,104,"753,505,535,52,688,449,260,154,75,435","164,163,164,164,163,164,164,165,163,164,163,165",494
4355,104,"753,417,505,16,65,634,59,165,626,840","164,165,163,164,164,163,163,164,164,164,163",586
3184,104,"451,742,154,157,688,753,190,367,634,290","163,164,164,163,164,164,163,164,165,163,3",535
2179,104,"376,688,616,86,535,785,101,344,816,75","164,164,163,164,164,163,163,163,164,163",352
3210,104,"896,342,505,59,190,574,753,52,169,88","165,163,163,164,164,163,164,164,164,163,164,164,164",544
4486,104,"376,342,574,451,616,101,753,16,785,344","164,163,164,163,163,163,164,164,163,163",519
633,104,"376,59,133,211,616,190,753,367,213,405","164,164,163,163,163,163,164,164,165,163,154",508
1430,104,"284,417,342,626,190,101,486,773,714,304","165,165,163,164,163,164,163,164,164,163,164",412
1133,104,"451,211,284,154,65,276,539,803,46,523","163,163,165,164,163,155,148,148,156,21",361
5148,104,"451,211,574,284,65,753,505,405,349,133","163,163,164,165,163,164,163,164,154,127,163",556
64,104,"896,688,154,284,742,190,16,165,829,785","165,164,164,165,164,163,164,164,164,163,163",494
5501,104,"284,626,391,165,785,169,129,890,369,714","165,164,163,164,163,164,165,164,163,163",463
1584,104,"451,688,260,65,742,154,88,211,405,634","163,164,163,163,164,164,164,163,154,163",413
3104,104,"896,451,133,342,86,753,574,505,75,59","165,163,163,163,164,164,164,163,164,163,164",363
729,104,"376,342,86,59,505,260,16,634,290,211","164,163,164,164,163,164,163,164,163,3,163",346
4554,104,"896,417,133,921,574,101,826,435,535,696","165,165,163,163,164,163,164,165,164,164",569
2626,104,"896,626,133,753,190,367,86,535,785,449","165,164,163,164,163,164,165,164,164,163,165",628
2261,104,"896,376,451,211,742,816,284,232,279,290","165,164,163,163,164,164,165,267,33,3",641
5528,104,"376,342,284,785,921,435,213,535,805,816","164,163,165,163,163,165,163,164,164,164",553
5711,104,"451,417,190,921,535,169,785,86,714,59","163,165,163,164,163,164,164,163,164,163,164",553
2466,104,"260,59,574,75,785,367,696,52,344,816","163,164,164,163,163,165,164,163,164,163,164",375
145,104,"896,376,505,284,921,451,391,165,469,554","165,164,163,164,165,163,163,163,164,163,165",500
5860,104,"896,190,16,714,59,816,840,535,88,405","165,163,164,164,163,164,164,163,164,164,154",354
5493,104,"376,451,626,574,921,449,616,190,714,554","164,163,164,164,163,165,163,163,164,163,165",544
3202,104,"376,163,260,75,344,211,702,59,284,574","164,163,163,163,163,163,176,164,165,164",669
541,104,"505,342,688,260,165,535,816,696,714,921","163,164,163,164,163,164,164,164,164,163,163",528
2883,104,"284,417,342,126,98,708,35,666,633,803","165,165,163,165,164,165,163,175,163,148",389
1595,104,"896,376,505,284,753,921,391,449,451,369","165,164,163,164,165,164,163,163,165,163,163",500
4837,104,"505,59,469,616,276,405,182,251,495,803","163,164,164,163,163,155,154,153,129,156,148",464
5610,104,"376,163,626,574,101,785,333,616,816,840","164,163,164,164,163,163,163,163,164,163",653
66,104,"190,211,260,574,59,626,290,165,634,75","163,164,163,163,164,164,164,3,164,163,163",653
5436,104,"896,688,344,469,211,634,367,101,405,276","165,164,163,163,163,163,165,163,154,155",547
2737,104,"896,742,16,574,190,154,369,840,342,634","165,164,164,164,163,164,164,163,163,163,163",535
573,104,"376,284,505,574,469,165,75,714,190,154","164,165,163,164,164,163,164,163,163,163,164,164",547
1670,104,"896,616,742,284,65,133,829,783,344,435","165,163,164,165,163,163,163,165,163,165",644
5744,104,"896,376,688,344,742,284,65,417,342,8","165,164,164,163,164,165,163,165,163,163",586
1223,104,"133,190,616,688,391,86,829,449,369,290","163,163,164,163,164,163,164,163,165,163,3",400
376,104,"376,342,157,742,816,714,16,435,367,616","164,163,163,164,164,163,164,165,165,163",412
2837,104,"284,505,391,8,369,435,304,75,213,129","165,163,164,163,163,163,165,164,163,163,165",538
2931,104,"100,86,59,896,141,666,133,616,16,154","165,164,164,165,165,175,163,163,164,164",461
1374,104,"284,342,469,190,921,535,75,391,616,714","165,163,163,163,164,163,164,163,163,163,163",553
2938,104,"896,284,260,190,75,276,469,405,539,349","165,165,163,163,164,163,155,163,154,148,127",535
1563,104,"896,342,391,284,785,165,367,449,213,890","165,163,163,165,163,164,165,165,163,164",519
3981,104,"896,86,574,344,829,367,75,165,505,405","165,164,164,163,163,165,163,164,163,164,154",520
1993,104,"284,417,616,505,65,469,59,16,344,75","165,165,163,163,164,163,163,164,164,163,163",540
4228,104,"469,574,921,785,449,16,826,816,213,840","163,164,163,163,165,164,164,164,163,163",549
934,104,"896,417,133,505,469,688,449,342,816,154","165,165,163,163,164,163,164,165,163,164,164",577
449,104,"896,133,616,829,59,696,8,535,805,260","165,163,163,163,164,164,163,164,164,163",541
944,104,"376,342,417,8,101,391,369,554,284,449","164,163,165,163,163,163,163,165,165,165",447
3243,104,"451,133,688,16,574,391,449,52,157,75","163,163,164,164,164,163,165,163,164,163,163",553
889,104,"376,451,284,86,157,616,714,391,505,840","164,163,165,164,163,163,163,163,163,164,163",519
3540,104,"451,284,753,59,65,75,369,405,276,840","163,165,164,164,163,163,163,154,155,163",553
2861,104,"505,626,535,8,840,165,714,829,101,169","163,164,164,164,163,163,164,163,163,163,164",412
4748,104,"284,342,505,101,554,333,367,165,129,696","165,163,163,164,163,165,163,165,164,165,164",521
3532,104,"896,451,284,133,417,505,8,165,469,333","165,163,165,163,165,163,164,163,164,163,163",528
1764,104,"190,342,260,86,921,369,829,626,449,101","163,164,163,163,164,163,163,163,164,165,163",541
1614,104,"284,417,626,101,505,391,304,535,840,805","165,165,164,163,163,164,163,164,164,163,164",571
5452,104,"753,505,391,16,449,260,52,829,65,211","164,163,164,163,164,165,163,163,164,163,163,163",519
5139,104,"616,86,574,391,785,8,88,304,805,890","163,164,164,163,163,163,164,164,164,164",472
2840,104,"376,451,626,449,133,169,190,435,157,753","164,163,164,165,163,164,163,164,165,163,164",355
2905,104,"896,417,451,284,574,165,535,86,213,154","165,165,163,165,164,164,164,164,163,164",628
1538,104,"376,451,469,8,169,554,826,369,213,75","164,163,163,163,164,165,164,163,163,163",494
681,104,"896,376,574,190,165,86,435,816,88,696","165,164,164,163,164,164,164,165,164,164,164",514
2101,104,"451,342,133,101,469,921,535,840,696,260","163,163,163,163,163,163,164,163,164,163",574
5250,104,"451,86,405,523,539,8,626,46,34,803","163,164,154,21,148,163,164,156,156,148",338
2710,104,"451,133,190,574,616,469,714,59,260,829","163,163,163,164,164,163,163,163,164,163,163",520
3446,104,"376,505,391,785,469,449,75,840,52,826","164,163,164,163,163,163,165,163,163,163,164,164",519
1057,104,"753,260,59,86,574,190,276,405,75,349","164,163,164,164,164,163,164,155,154,163,127",543
671,104,"284,505,688,86,616,75,742,65,165,344","165,163,164,164,164,163,163,164,163,164,163",460
185,104,"376,742,260,211,753,154,65,702,946,632","164,164,163,163,164,164,163,176,174,169",720
622,104,"376,451,154,133,367,405,65,290,284,369","164,163,164,163,165,154,163,3,165,163",535
2367,104,"753,742,59,616,344,469,803,276,279,182","164,164,164,163,163,163,148,155,33,153",398
717,104,"447,783,7,826,342,391,890,213,505,168","164,165,165,164,163,163,164,163,163,164,165",461
5110,104,"753,417,65,16,714,342,101,165,88,435","164,165,163,164,163,163,163,164,164,165",349
2548,104,"896,342,391,8,505,59,688,449,816,829","165,163,163,163,163,164,164,164,165,164,163",228
5210,104,"753,190,469,574,449,101,333,714,840,616","164,163,164,163,164,165,163,163,163,163,163",523
2654,104,"376,742,469,16,369,405,276,829,182,495","164,164,163,164,163,154,155,163,153,156",541
5074,104,"163,505,626,391,535,52,554,486,304,333","163,163,164,164,163,164,163,164,165,164,164,163",553
4457,104,"376,451,616,211,284,688,59,574,505,133","164,163,163,163,165,164,164,164,163,164,163",690
1462,104,"616,417,342,785,169,574,59,391,367,714","163,165,163,163,164,164,164,163,165,163",554
1213,104,"896,482,505,391,8,616,921,753,75,903","165,164,163,164,163,163,163,163,164,163,129",644
1760,104,"896,626,284,816,688,260,829,405,574,349","165,164,165,164,164,163,163,154,164,127",600
1298,104,"451,417,616,505,626,688,921,260,101,840","163,165,163,163,164,164,164,163,163,163,163",430
2094,104,"376,451,626,505,469,16,260,165,391,75","164,163,164,163,164,163,164,163,164,163,163",537
3549,104,"376,342,133,260,742,284,634,367,505,232","164,163,163,163,164,165,163,165,163,164,267",633
5694,104,"133,505,574,829,688,714,742,59,211,290","163,163,164,164,163,164,163,164,164,163,3",606
112,104,"223,578,366,376,896,342,616,190,254,773","165,163,164,164,165,163,163,163,164,164,164",749
3791,104,"376,342,753,284,634,190,369,260,785,535","164,163,164,165,163,163,164,163,163,163,164",639
1269,104,"376,417,921,785,169,88,133,369,486,616","164,165,163,163,164,164,163,163,164,163",476
4216,104,"896,342,284,8,616,840,574,435,213,921","165,163,165,163,163,163,164,165,163,163",553
1837,104,"451,469,86,616,829,391,449,101,88,435","163,163,164,163,163,163,165,163,164,165",499
2380,104,"896,284,469,154,616,742,190,276,405,714","165,165,163,164,163,164,163,164,155,154,163",535
2786,104,"376,342,783,369,188,169,826,168,785,486","164,163,165,163,165,164,164,165,163,164",691
3513,104,"896,417,133,190,505,213,367,369,333,260","165,165,163,163,164,163,164,163,165,163,163,163",523
111,104,"190,469,505,574,367,165,785,805,88,696","163,164,163,163,164,164,165,164,163,164,164,164",598
4671,104,"896,284,8,391,921,535,52,696,75,16","165,165,163,163,163,164,163,164,164,163,164",553
1507,104,"376,284,634,714,369,101,405,276,290,539","164,165,163,163,163,163,154,155,3,148",634
3266,104,"284,417,616,505,469,213,190,59,829,391","165,165,163,163,164,163,163,163,164,164,163,163",579
3187,104,"896,505,391,449,753,165,101,154,367,344","165,163,164,163,165,164,164,163,164,165,163",374
5211,104,"616,342,16,59,165,921,290,367,75,405","163,163,164,164,164,163,3,165,163,154",541
2831,104,"753,154,86,344,165,213,785,405,829,290","164,164,164,163,164,163,163,154,163,3",513
2347,104,"451,342,133,469,165,190,449,435,101,696","163,163,163,163,164,163,164,165,165,163,164",555
5507,104,"376,190,626,574,8,169,486,52,304,449","164,163,164,164,164,163,164,164,163,164,164,165",519
5544,104,"896,688,133,163,505,616,714,367,634,816","165,164,163,163,163,164,163,163,165,163,164",720
2914,104,"896,284,753,211,369,714,921,75,344,367","165,165,164,163,163,163,163,163,163,165",559
5496,104,"896,505,616,469,742,65,829,367,260,449","165,163,164,163,163,164,163,163,165,163,165",530
1138,104,"376,59,753,417,190,469,785,435,75,101","164,164,164,165,163,164,163,163,165,163,163",535
4419,104,"896,417,783,8,626,59,133,714,284,376","165,165,165,163,164,164,163,163,165,164",627
3276,104,"896,417,376,505,616,16,284,213,805,535","165,165,164,163,164,163,164,165,163,164,164",569
1047,104,"447,482,666,742,254,7,133,163,417,190","164,164,175,164,164,165,163,163,165,163,164",782
2918,104,"896,417,342,505,391,101,535,284,75,469","165,165,163,163,164,163,163,164,165,163,163",634
1378,104,"451,284,469,190,574,154,369,367,276,840","163,165,163,163,164,164,164,163,165,155,163",588
1389,104,"284,190,469,59,688,16,742,369,367,816","165,163,164,163,164,164,164,164,163,165,164",618
4400,104,"284,342,626,8,101,785,369,304,535,505","165,163,164,163,163,163,163,164,164,163,164",654
565,104,"896,417,133,59,505,342,469,154,88,785","165,165,163,164,163,164,163,163,164,164,163",640
5627,104,"284,190,154,59,816,75,829,232,417,449","165,163,164,164,164,164,163,163,267,165,165",669
5456,104,"190,342,535,367,616,449,391,574,101,785","163,164,163,164,165,163,165,163,164,163,163",611
123,104,"896,133,616,391,8,435,86,165,101,688","165,163,163,163,163,165,164,164,163,164",466
3482,104,"190,417,688,505,616,469,816,449,367,157","163,164,165,164,163,164,163,163,164,165,165,163",547
6033,104,"896,163,284,417,133,742,65,16,714,505","165,163,165,165,163,164,163,164,163,163,164",661
5560,104,"896,688,75,190,276,634,753,369,539,353","165,164,163,163,164,155,163,164,163,148,63",616
4723,104,"451,342,535,753,714,16,785,65,75,101","163,163,164,164,163,164,163,163,163,163",498
1525,104,"284,616,742,753,190,86,634,714,276,405","165,163,164,164,163,164,164,163,163,155,154",600
3854,104,"190,417,616,449,342,469,88,634,785,211","163,164,165,163,165,163,163,164,163,163,163",544
184,104,"163,505,616,133,688,574,714,535,52,921","163,163,164,163,163,164,164,163,164,163,164,163",645
1025,104,"896,535,154,157,260,344,367,391,88,554","165,164,164,163,163,163,165,163,164,165",535
4422,104,"376,342,417,284,391,449,213,75,805,344","164,163,165,165,163,165,163,163,164,163",374
2100,104,"190,688,449,391,157,714,260,59,816,213","163,164,164,165,163,163,163,163,164,164,163",371
2034,104,"284,417,133,665,753,190,469,65,829,42","165,165,163,164,164,163,164,163,163,163,176",485
1554,104,"284,688,574,75,535,101,554,367,714,369","165,164,164,163,164,163,165,165,163,163",612
3938,104,"451,665,190,52,391,753,16,165,157,213","163,164,163,164,163,164,163,164,164,164,163,163",688
3315,104,"376,417,626,59,284,785,688,163,816,344","164,165,164,164,165,163,164,163,164,163",541
966,104,"451,284,342,8,616,157,165,535,921,688","163,165,163,163,163,163,164,164,163,164",510
4238,104,"753,417,626,391,165,86,59,344,829,367","164,165,164,163,164,164,164,163,163,165",521
3693,104,"190,342,505,65,16,634,616,157,344,829","163,164,163,163,164,163,164,163,163,163,163,163",463
1674,104,"376,417,753,16,391,574,367,157,86,816","164,165,164,164,163,164,165,163,164,164",640
4816,104,"254,783,8,284,451,342,101,742,86,391","164,165,163,165,163,163,163,164,164,163",550
4352,104,"133,59,211,574,816,157,405,290,456,279","163,164,163,164,164,163,154,3,269,33",535
2677,104,"896,616,86,154,133,367,211,284,479,539","165,163,164,164,163,165,163,165,163,148",796
3486,104,"376,482,753,86,417,921,574,98,435,101","164,164,164,164,165,163,164,164,165,163",702
796,104,"451,417,783,8,342,101,88,616,188,213","163,165,165,163,163,163,164,163,165,163",635
5561,104,"366,417,783,254,626,8,88,888,284,16","164,165,165,164,164,163,164,163,165,164",509
2917,104,"896,417,342,753,921,86,157,435,714,211","165,165,163,164,163,164,163,165,163,163",519
4277,104,"133,342,469,785,101,8,169,88,714,435","163,163,163,163,163,163,164,164,163,165",563
444,104,"896,284,451,59,816,616,367,574,829,405","165,165,163,164,164,163,165,164,163,154",526
2078,104,"376,451,417,753,505,616,16,535,157,554","164,163,165,164,163,164,163,164,164,163,165",516
2781,104,"376,451,211,405,276,182,495,251,80,383","164,163,163,154,155,153,156,129,155,189",555
1503,104,"896,376,505,391,449,369,304,367,890,213","165,164,163,164,163,165,163,164,165,164,163",553
2961,104,"376,742,190,65,714,344,86,417,165,405","164,164,163,164,163,163,163,164,165,164,154",678
2627,104,"376,342,417,98,419,391,698,826,269,940","164,163,165,164,176,163,176,164,176,176",689
4492,104,"133,688,211,86,417,344,165,714,449,88","163,164,163,164,165,163,164,163,165,164",531
4858,104,"451,505,626,469,344,59,16,367,369,840","163,163,164,164,163,163,164,164,165,163,163",594
1041,104,"896,342,616,574,785,333,826,449,486,367","165,163,163,164,163,163,164,165,164,165",669
987,104,"376,163,284,190,742,666,35,260,59,344","164,163,165,163,164,164,175,163,163,164,163",690
432,104,"896,376,133,616,451,86,714,344,742,634","165,164,163,163,163,164,163,163,164,163",507
970,104,"451,190,391,16,165,52,921,816,86,367","163,163,164,163,164,164,163,164,163,164,164,165",394
6147,104,"376,505,921,8,169,785,369,367,486,826","164,163,164,163,163,164,163,163,165,164,164",576
1709,104,"100,417,864,376,342,665,753,505,449,482","165,165,163,164,163,164,164,163,164,165,164",682
4088,104,"260,714,829,535,65,157,154,449,88,405","163,163,163,164,163,163,164,165,164,154",479
5126,104,"376,190,626,688,260,86,65,435,742,367","164,163,164,164,164,163,164,163,165,164,165",498
464,104,"376,284,133,75,405,369,157,276,634,495","164,165,163,163,154,163,163,155,163,156",608
4325,104,"505,469,8,165,816,688,840,213,367,101","163,164,163,163,164,164,164,163,163,165,163",571
2211,104,"578,417,356,59,747,35,552,785,626,165","163,165,164,164,164,163,63,163,164,164",717
2618,104,"896,417,190,574,165,367,260,154,65,742","165,165,163,164,164,164,165,163,164,163,164",586
4940,104,"896,626,190,133,554,785,369,826,213,816","165,164,163,164,163,165,163,163,164,163,164",601
1823,104,"896,417,376,574,391,785,333,129,52,840","165,165,164,164,163,163,163,165,163,164,163",612
2795,104,"342,626,154,86,829,16,344,816,921,696","163,164,164,164,163,164,163,164,163,164",510
2949,104,"896,505,284,451,190,921,101,840,714,435","165,163,164,165,163,163,164,163,163,163,163,165",600
4827,104,"376,417,753,829,449,154,535,369,626,101","164,165,164,163,165,164,164,163,164,163",412
1788,104,"451,665,126,16,435,574,101,708,88,633","163,164,165,164,165,164,163,165,164,163",187
3462,104,"451,742,688,154,65,190,616,260,829,86","163,164,164,164,163,163,164,163,163,163,164",539
2322,104,"447,65,469,688,376,742,284,7,168,165","164,163,163,164,164,164,165,165,165,164",693
248,104,"896,376,626,753,284,391,59,451,785,165","165,164,164,164,165,163,164,163,163,164",612
4017,104,"451,342,133,469,165,16,59,344,75,211","163,163,163,163,164,164,164,163,163,163",519
767,104,"284,417,626,435,826,391,88,213,333,52","165,165,164,165,164,163,164,163,163,163,164",582
4698,104,"376,451,505,165,133,169,190,753,840,16","164,163,163,164,164,163,164,163,164,164,163,164",553
35,104,"284,342,688,154,469,59,75,405,369,276","165,163,164,164,163,164,163,154,163,155",620
2148,104,"896,616,59,165,157,86,829,688,816,16","165,163,164,164,163,164,163,164,164,164",520
5579,104,"896,342,505,626,165,449,190,616,829,154","165,163,163,164,164,164,165,163,164,163,163,164",585
5580,104,"451,284,342,469,168,535,391,260,88,696","163,165,163,163,165,164,163,163,164,164",608
1109,104,"896,417,163,535,367,391,101,157,16,344","165,165,163,164,165,163,163,163,164,163",555
2923,104,"753,688,211,86,616,405,65,182,495,276","164,164,163,164,163,154,163,153,156,155",669
1172,104,"896,753,391,165,785,367,333,88,129,805","165,164,163,164,163,165,163,164,165,164",506
714,104,"451,342,753,133,367,369,688,154,714,696","163,163,164,163,165,163,164,164,163,164",380
5558,104,"451,574,86,539,349,353,405,456,753,213","163,164,164,148,127,63,154,269,164,163",561
3945,104,"616,342,344,16,714,369,816,626,290,405","163,163,163,164,163,163,164,164,3,154",582
730,104,"896,376,342,451,469,785,449,435,369,714","165,164,163,163,163,163,165,165,163,163",572
3475,104,"896,133,59,86,157,369,535,634,785,921","165,163,164,164,163,163,164,163,163,163",547
932,104,"376,342,505,169,101,785,129,714,165,75","164,163,163,164,164,163,163,165,163,164,163",568
2062,104,"376,133,626,284,59,86,260,211,369,213","164,163,164,165,164,164,163,163,163,163",380
3456,104,"505,417,8,165,52,921,304,890,696,449","163,164,165,163,164,163,164,163,164,164,164,165",545
1046,104,"190,505,616,921,8,169,435,369,260,714","163,164,163,164,163,163,163,164,165,163,163,163",401
2726,104,"451,284,469,574,165,785,714,333,826,367","163,165,163,164,164,163,163,163,164,165",546
3852,104,"190,417,469,505,574,342,101,367,154,391","163,164,165,163,163,164,164,163,163,165,164,163",531
5016,104,"284,190,59,157,921,449,88,8,435,213","165,163,164,164,163,163,165,164,163,165,163",264
3507,105,"284,505,391,688,16,165,344,785,8,554","165,163,164,163,164,164,164,163,163,163,165",531
5784,105,"451,742,154,133,59,405,505,417,290,165","163,164,164,163,164,154,163,164,165,3,164",490
5424,105,"133,342,190,417,435,16,785,816,688,88","163,163,163,164,165,165,164,163,164,164,164",535
5481,105,"896,417,342,505,921,785,696,369,486,449","165,165,163,163,164,163,163,164,163,164,165",553
4511,105,"896,616,86,284,469,260,634,417,391,405","165,163,164,165,163,163,163,165,163,154",612
5430,105,"753,133,469,574,921,449,535,52,816,213","164,163,163,164,163,165,164,163,164,164,163",546
2873,105,"284,616,133,59,688,574,626,88,52,829","165,163,163,164,164,164,164,164,163,164,163",477
1235,105,"376,626,165,435,367,52,816,154,59,696","164,164,164,165,165,163,164,164,164,164,164",494
4355,105,"451,665,342,391,626,98,356,101,486,304","163,164,163,163,164,164,164,163,164,164",586
3184,105,"190,154,616,86,260,634,921,342,157,714","163,164,164,163,164,163,163,163,163,163,163",535
2179,105,"896,505,391,574,133,921,449,785,826,190","165,163,164,163,164,163,163,165,163,164,163,164",352
3210,105,"451,190,626,52,469,554,826,435,714,696","163,163,164,164,163,164,163,165,164,165,163,164",544
4486,105,"469,16,157,52,260,154,59,688,554,213","163,164,163,163,164,163,164,164,164,165,163",519
633,105,"896,417,376,211,154,505,688,714,405,276","165,165,164,163,164,163,164,164,163,154,155",508
1430,105,"447,773,254,7,284,451,165,574,742,888","164,164,164,165,165,163,164,164,164,163",412
1133,105,"376,342,688,284,634,714,742,290,616,405","164,163,164,165,163,163,164,3,163,154",361
5148,105,"896,376,451,276,59,344,803,584,251,279","165,164,163,155,164,163,148,117,129,33",556
64,105,"896,616,65,753,157,714,469,785,574,921","165,163,163,164,163,163,163,163,164,163",494
5501,105,"896,86,829,154,391,714,101,435,333,169","165,164,163,164,163,163,163,165,163,164",463
1584,105,"376,211,688,344,65,539,349,46,505,803","164,163,164,163,163,148,127,156,163,164,148",413
3104,105,"100,864,133,665,189,505,451,921,574,391","165,163,163,164,165,163,164,163,163,164,163",363
729,105,"451,417,616,505,449,16,688,190,157,213","163,165,163,163,164,165,164,164,163,164,163,163",346
4554,105,"376,451,417,391,469,435,52,190,333,826","164,163,165,163,163,165,163,164,163,164,163,164",569
2626,105,"284,163,742,260,276,154,688,190,816,88","165,163,164,163,155,164,164,163,164,164,164",628
2261,105,"376,451,59,344,163,276,405,753,373,803","164,163,164,163,163,155,154,164,148,148",641
5528,105,"451,417,284,190,626,535,101,8,75,696","163,165,165,163,164,164,164,163,163,163,164",553
5711,105,"451,163,626,469,190,535,921,8,157,367","163,163,164,163,163,164,164,163,163,163,165",553
2466,105,"376,742,260,753,342,574,391,921,840,169","164,164,163,164,163,164,163,163,163,164",375
145,105,"376,417,626,284,435,469,785,616,154,688","164,165,164,165,165,163,163,163,164,164",500
5860,105,"376,742,59,133,86,369,405,803,469,65","164,164,164,163,164,163,154,148,163,163",354
5493,105,"417,342,8,574,169,840,435,785,486,86","165,163,163,164,164,163,165,163,164,164",544
3202,105,"376,260,284,154,86,469,75,276,369,803","164,163,165,164,164,163,163,155,163,148",669
541,105,"376,342,451,469,165,753,101,157,535,59","164,163,163,163,164,164,163,163,164,164",528
2883,105,"284,665,190,391,708,157,921,435,98,367","165,164,163,164,163,165,163,163,165,164,165",389
1595,105,"451,753,469,165,449,921,535,367,435,16","163,164,163,164,165,163,164,165,165,164",500
4837,105,"451,190,86,211,367,213,840,405,276,290","163,163,164,164,163,165,163,163,154,155,3",464
5610,105,"505,626,714,157,75,154,634,86,290,785","163,164,164,163,163,163,164,163,164,3,163",653
66,105,"376,163,133,742,688,367,405,574,165,535","164,163,163,164,164,165,154,164,164,164",653
5436,105,"896,154,75,190,714,367,16,369,211,405","165,164,163,163,164,163,165,164,163,163,154",547
2737,105,"376,260,616,211,469,344,190,213,816,405","164,163,163,163,163,163,163,164,163,164,154",535
573,105,"896,451,133,59,344,369,714,211,213,840","165,163,163,164,163,163,163,163,163,163",547
1670,105,"451,505,626,391,574,101,188,88,133,696","163,163,164,164,163,164,163,165,164,163,164",644
5744,105,"896,451,163,417,505,59,16,469,535,52","165,163,163,165,163,164,164,164,163,164,163,164",586
1223,105,"896,626,574,190,451,469,8,714,696,16","165,164,164,163,164,163,163,163,163,164,164",400
376,105,"284,86,714,505,59,369,75,921,405,539","165,164,163,163,164,164,163,163,163,154,148",412
2837,105,"896,376,284,8,535,169,52,826,554,129","165,164,165,163,164,164,163,164,164,165,165",538
2931,105,"451,665,753,417,449,742,59,342,213,101","163,164,164,165,165,164,164,163,163,163",461
1374,105,"284,417,574,8,505,165,785,826,688,333","165,165,164,163,163,164,164,163,164,164,163",553
2938,105,"896,86,65,539,803,373,276,646,182,133","165,164,163,148,148,148,155,155,153,163",535
1563,105,"133,417,626,101,449,785,805,129,696,333","163,165,164,163,165,163,164,165,164,163",519
3981,105,"376,451,211,405,154,190,349,456,279,523","164,163,163,154,164,163,164,127,269,33,21",520
1993,105,"133,742,154,86,469,344,367,574,405,535","163,164,164,164,163,163,165,164,154,164",540
4228,105,"753,342,626,391,469,535,333,826,369,688","164,163,164,163,163,164,163,164,163,164",549
934,105,"451,626,86,616,157,449,59,574,921,535","163,164,164,163,163,165,164,164,163,164",577
449,105,"896,505,284,688,816,634,369,16,696,785","165,163,164,165,164,164,163,163,164,164,163",541
944,105,"376,417,284,469,785,101,304,890,805,535","164,165,165,163,163,163,164,164,164,164",447
3243,105,"451,163,616,469,535,8,165,169,101,449","163,163,163,163,164,163,164,164,163,165",553
889,105,"896,688,284,133,211,469,574,369,405,276","165,164,165,163,163,163,164,163,154,155",519
3540,105,"284,742,65,260,344,369,157,213,505,405","165,164,163,163,163,163,163,163,163,164,154",553
2861,105,"616,688,16,449,535,169,213,369,554,696","163,164,164,165,164,164,163,163,165,164",412
4748,105,"284,753,469,785,8,435,554,742,344,211","165,164,163,163,163,165,165,164,163,163",521
3532,105,"753,190,626,260,688,157,367,829,101,8","164,163,164,164,163,164,163,165,163,163,163",528
1764,105,"896,376,574,616,190,133,469,86,369,923","165,164,164,163,163,164,163,163,164,163,195",541
1614,105,"505,469,8,785,52,486,333,554,129,304","163,164,163,163,163,163,164,164,163,165,165,164",571
5452,105,"753,469,688,86,154,616,88,449,260,574","164,163,164,164,164,163,164,165,163,164",519
5139,105,"896,451,574,391,921,165,554,88,890,75","165,163,164,163,163,164,165,164,164,163",472
2840,105,"896,417,505,284,574,101,165,554,714,260","165,165,163,164,165,164,163,164,165,163,163",355
2905,105,"896,376,505,154,369,344,405,923,535,276","165,164,163,164,164,163,163,154,195,164,155",628
1538,105,"616,417,574,391,101,88,486,554,52,829","163,165,164,163,163,164,164,165,163,164,163",494
681,105,"133,417,190,157,688,714,626,554,840,816","163,165,163,164,163,164,163,164,165,163,164",514
2101,105,"896,417,133,785,190,367,451,840,829,816","165,165,163,163,163,164,165,163,163,163,164",574
5250,105,"451,616,190,284,157,405,523,505,435,16","163,163,163,164,165,163,154,21,163,164,165,164",338
2710,105,"451,417,284,260,16,742,190,157,59,367","163,165,165,163,164,164,163,164,163,164,165",520
3446,105,"376,505,535,169,469,88,190,688,59,829","164,163,164,164,164,163,164,163,164,164,164,163",519
1057,105,"376,342,133,154,211,284,505,65,190,75","164,163,163,164,163,165,163,164,163,163,164,163",543
671,105,"616,469,154,165,86,634,16,65,75,88","163,163,164,164,164,163,164,163,163,164",460
185,105,"482,665,574,190,211,86,59,469,75,382","164,164,164,163,164,163,164,164,163,163,181",720
622,105,"376,133,190,284,449,86,157,574,391,290","164,163,163,164,165,165,164,163,164,163,3",535
2367,105,"284,616,688,344,75,190,133,65,260,405","165,163,164,163,163,163,164,163,163,163,154",398
717,105,"578,417,395,342,554,505,598,449,168,552","163,165,165,163,165,163,164,165,165,165,63",461
5110,105,"896,616,574,469,59,157,367,829,260,369","165,163,164,163,164,163,165,163,163,163",349
2548,105,"376,284,391,921,435,714,16,52,304,696","164,165,163,163,165,163,164,163,164,164,164",228
5210,105,"133,449,921,535,169,554,333,304,129,890","163,165,163,164,164,165,163,164,165,164",523
2654,105,"505,742,65,86,469,714,344,342,535,157","163,164,164,163,164,163,163,163,163,164,163",541
5074,105,"86,626,574,391,921,101,169,554,129,890","164,164,164,163,163,163,164,165,165,164",553
4457,105,"896,451,154,344,688,353,803,373,276,182","165,163,164,163,164,63,148,148,155,153",690
1462,105,"376,133,626,469,616,367,449,88,333,816","164,163,164,163,163,165,165,164,163,164",554
1213,105,"482,165,417,626,486,535,785,554,435,816","164,164,165,164,164,164,163,165,165,164",644
1760,105,"284,742,65,260,417,829,157,405,290,391","165,164,163,163,165,163,163,154,3,163",600
1298,105,"284,616,505,16,574,367,260,101,840,405","165,163,163,164,164,164,165,163,163,163,154",430
2094,105,"616,688,469,342,714,369,101,75,86,634","163,164,163,163,163,163,163,163,164,163",537
3549,105,"376,417,616,505,163,16,154,829,367,290","164,165,163,163,164,163,164,164,163,165,3",633
5694,105,"896,376,260,65,75,469,405,369,276,367","165,164,163,163,163,163,154,163,155,165",606
112,105,"223,366,447,417,616,133,418,16,899,753","165,164,164,165,163,163,164,164,169,164",749
3791,105,"482,133,417,753,16,342,616,391,829,696","164,163,165,164,164,163,163,163,163,164",639
1269,105,"284,342,260,505,626,535,785,101,435,714","165,163,163,163,164,164,164,163,163,165,163",476
4216,105,"376,342,417,626,101,921,284,554,816,52","164,163,165,164,163,163,165,165,164,163,164",553
1837,105,"451,284,616,190,505,714,921,435,840,75","163,165,163,163,164,163,164,163,163,165,163,163",499
2380,105,"896,376,626,535,449,133,165,451,86,260","165,164,164,164,165,163,164,163,164,163",535
2786,105,"896,395,165,626,101,188,805,367,785,554","165,165,164,164,163,165,164,165,163,165",691
3513,105,"896,342,391,59,505,616,554,16,101,260","165,163,163,164,163,164,163,165,164,163,163",523
111,105,"451,505,626,574,449,190,367,714,260,753","163,163,164,164,164,165,163,164,165,163,163,164",598
4671,105,"451,505,626,163,391,52,101,785,449,826","163,163,164,164,163,163,163,164,163,163,165,164",553
1507,105,"451,284,753,190,616,688,59,65,342,816","163,165,164,163,164,163,164,164,163,163,164",634
3266,105,"896,284,190,59,154,260,101,157,634,213","165,165,163,164,164,164,163,163,163,163,163",579
3187,105,"376,417,688,616,449,59,634,626,86,344","164,165,164,163,165,164,163,164,164,163",374
5211,105,"896,376,451,688,469,65,16,369,165,88","165,164,163,164,163,163,164,163,164,164",541
2831,105,"896,417,753,469,344,75,101,405,16,165","165,165,164,163,163,163,163,154,164,164",513
2347,105,"133,342,469,260,157,634,367,154,816,59","163,163,163,163,163,163,165,164,164,164",555
5507,105,"376,451,921,449,616,8,101,169,826,333","164,163,163,165,163,163,163,164,164,163",519
5544,105,"896,284,190,753,133,16,367,829,165,840","165,165,163,164,164,163,164,165,163,164,163",720
2914,105,"133,505,86,59,742,405,367,840,165,349","163,163,164,164,164,164,154,165,163,164,127",559
5496,105,"133,59,469,505,816,574,405,349,456,213","163,164,163,163,164,164,164,154,127,269,163",530
1138,105,"284,417,574,101,449,304,333,129,805,816","165,165,164,163,165,164,163,165,164,164",535
4419,105,"376,342,469,753,435,921,626,785,816,344","164,163,163,164,165,163,164,163,164,163",627
3276,105,"376,342,391,535,59,449,574,16,469,714","164,163,163,164,164,165,164,164,163,163",569
1047,105,"578,524,342,254,785,626,708,165,7,447","163,165,163,164,163,164,165,164,165,164",782
2918,105,"133,829,574,101,169,785,921,165,129,890","163,163,164,163,164,163,163,164,165,164",634
1378,105,"753,59,211,616,469,505,405,276,101,574","164,164,163,163,163,163,164,154,155,163,164",588
1389,105,"896,342,451,190,369,626,367,405,456,16","165,163,163,163,164,163,164,165,154,269,164",618
4400,105,"896,342,626,8,101,574,554,304,890,435","165,163,164,163,163,164,165,164,164,165",654
565,105,"482,574,342,157,260,284,163,785,290,190","164,164,163,163,163,165,163,163,3,163,164",640
5627,105,"133,157,714,369,290,405,417,165,213,449","163,163,163,163,3,154,165,164,163,165",669
5456,105,"896,284,133,190,367,574,535,449,391,747","165,165,163,163,164,165,164,164,165,163,164",611
123,105,"284,133,391,8,753,535,554,785,921,260","165,163,163,163,164,164,165,163,163,163",466
3482,105,"133,190,391,469,16,785,52,714,367,688","163,163,164,163,163,164,163,163,164,163,165,164",547
6033,105,"284,133,688,753,86,616,714,290,405,16","165,163,164,164,164,163,163,3,154,164",661
5560,105,"505,65,211,405,157,349,344,456,803,369","163,164,163,163,154,163,127,163,269,148,163",616
4723,105,"451,417,133,342,714,829,469,626,688,154","163,165,163,163,163,163,163,164,164,164",498
1525,105,"753,505,469,574,391,829,65,157,714,344","164,163,164,163,164,163,163,163,163,163,163",600
3854,105,"133,921,535,59,785,165,369,260,157,101","163,163,164,164,163,164,163,163,163,163",544
184,105,"896,284,8,133,742,469,65,157,16,75","165,165,163,163,164,163,163,163,164,163",645
1025,105,"451,342,505,52,449,574,554,367,369,16","163,163,163,164,163,164,165,164,165,165,163,164",535
4422,105,"376,451,505,101,554,616,304,816,840,16","164,163,163,164,163,165,163,164,164,163,164",374
2100,105,"896,626,469,211,154,344,101,213,696,449","165,164,163,163,164,163,163,163,164,165",371
2034,105,"451,417,133,753,616,864,213,190,260,86","163,165,163,164,163,163,163,163,164,163,164",485
1554,105,"616,16,391,921,435,165,169,840,369,486","163,164,163,163,165,164,164,163,163,164",612
3938,105,"284,616,753,59,157,417,574,190,626,921","165,163,164,164,163,165,164,163,164,164,163",688
3315,105,"451,284,505,86,829,574,8,101,785,367","163,165,163,164,164,163,164,163,163,163,165",541
966,105,"896,626,133,816,742,469,505,260,344,634","165,164,163,164,164,163,163,164,163,163,163",510
4238,105,"896,742,344,154,190,276,803,157,405,284","165,164,163,164,163,164,155,148,163,154,165",521
3693,105,"190,342,469,505,626,921,101,367,157,816","163,164,163,163,163,164,164,163,163,165,163,164",463
1674,105,"896,417,163,211,260,86,344,829,165,405","165,165,163,163,163,164,163,163,164,154",640
4816,105,"223,616,86,753,342,190,284,921,783,8","165,163,164,164,163,163,164,165,163,165,163",550
4352,105,"284,714,260,157,211,829,535,417,101,405","165,163,163,163,163,163,164,165,163,154",535
2677,105,"376,342,665,86,163,65,75,59,742,753","164,163,164,164,163,163,163,164,164,164",796
3486,105,"896,482,59,133,417,626,284,98,169,356","165,164,164,163,165,164,165,164,164,164",702
796,105,"451,417,395,8,133,574,190,165,840,435","163,165,165,163,163,164,163,164,164,163,165",635
5561,105,"366,447,451,342,417,284,7,753,469,626","164,164,163,163,165,165,165,164,163,164",509
2917,105,"451,505,626,16,86,190,154,59,785,367","163,163,164,164,164,164,163,164,164,164,163,165",519
4277,105,"133,505,616,449,469,75,16,535,88,688","163,163,164,163,165,163,163,164,164,164,164",563
444,105,"376,505,688,65,742,367,626,634,75,435","164,163,164,164,163,164,165,164,163,163,165",526
2078,105,"190,469,505,535,165,435,805,86,59,688","163,164,163,163,164,164,164,165,164,164,164,164",516
2781,105,"376,260,211,284,616,75,405,16,840,554","164,163,163,165,163,163,154,164,163,165",555
1503,105,"190,417,921,391,785,826,333,369,88,304","163,164,165,163,163,163,164,163,163,164,164",553
2961,105,"376,742,284,133,417,574,8,88,829,616","164,164,165,163,165,164,163,164,163,163",678
2627,105,"896,417,626,342,8,419,98,698,826,269","165,165,164,163,163,176,164,176,164,176",689
4492,105,"376,451,284,505,342,16,921,688,190,213","164,163,165,163,164,163,164,163,164,163,164,163",531
4858,105,"451,417,753,284,86,59,157,101,342,165","163,165,164,165,164,164,163,163,163,164",594
1041,105,"342,574,391,101,826,921,714,535,52,88","163,164,163,163,164,163,163,164,163,164,164",669
987,105,"100,469,742,666,35,896,260,405,482,369","165,163,164,175,163,165,163,154,164,163",690
432,105,"451,284,626,921,133,753,86,616,367,101","163,165,164,163,163,164,164,163,165,163",507
970,105,"896,417,376,616,133,753,714,367,333,816","165,165,164,163,163,164,163,165,163,164",394
6147,105,"896,284,616,391,785,169,435,344,213,742","165,165,163,163,163,164,165,163,163,164",576
1709,105,"223,626,747,356,169,435,921,826,890,35","165,164,164,164,164,165,163,164,164,163",682
4088,105,"376,133,154,742,284,157,65,369,75,290","164,163,164,164,165,163,163,163,163,3",479
5126,105,"284,190,154,65,260,16,367,840,101,816","165,163,164,164,163,163,164,165,163,163,164",498
464,105,"133,59,65,86,190,344,260,367,276,405","163,164,163,164,163,164,163,163,165,155,154",608
4325,105,"190,344,75,405,276,290,574,634,539,816","163,164,163,163,154,155,3,164,163,148,164",571
2211,105,"578,747,342,8,366,7,826,486,552,742","163,164,163,163,164,165,164,164,63,164",717
2618,105,"284,190,469,65,157,367,369,405,921,75","165,163,164,163,163,163,165,163,154,163,163",586
4940,105,"133,417,190,505,449,391,157,154,52,369","163,165,163,164,163,164,165,163,163,164,163,164,163",601
1823,105,"451,342,505,688,157,435,616,816,785,696","163,163,163,164,164,163,165,163,164,163,164",612
2795,105,"133,574,714,688,157,435,367,816,554,169","163,164,163,164,163,165,165,164,165,164",510
2949,105,"896,626,574,391,505,165,284,816,190,696","165,164,164,163,163,164,164,165,164,163,164,164",600
4827,105,"376,505,753,154,634,829,16,449,213,88","164,163,164,164,164,163,163,164,165,163,164",412
1788,105,"223,100,16,864,574,554,35,708,75,899","165,165,164,163,164,165,163,165,163,169",187
3462,105,"896,376,65,469,449,157,785,75,840,290","165,164,163,163,165,163,163,163,163,3",539
2322,105,"366,447,896,7,417,451,133,688,505,574","164,164,165,165,165,163,163,164,163,164,164",693
248,105,"376,417,688,505,165,535,435,59,829,75","164,165,164,163,164,164,164,165,164,163,163",612
4017,105,"896,417,284,451,165,688,154,101,344,260","165,165,165,163,164,164,164,163,163,163",519
767,105,"284,190,449,391,574,367,826,369,304,75","165,163,164,165,163,164,165,164,163,164,163",582
4698,105,"896,616,163,52,8,753,157,86,367,696","165,163,163,163,164,163,164,163,164,165,164",553
35,105,"896,417,163,157,52,154,742,165,75,101","165,165,163,163,163,164,164,164,164,163,163",620
2148,105,"190,688,86,65,714,367,742,213,391,34","163,164,164,164,163,163,165,164,163,163,156",520
5579,105,"896,376,59,190,260,284,276,405,101,213","165,164,164,163,164,163,165,155,154,163,163",585
5580,105,"753,342,688,86,190,921,435,714,391,52","164,163,164,164,163,164,163,165,163,163,163,164",608
1109,105,"451,190,391,449,574,535,840,753,16,688","163,163,164,163,165,164,164,163,164,164,164",555
2923,105,"896,260,65,133,634,714,342,88,840,213","165,163,163,163,163,163,163,164,163,163",669
1172,105,"896,376,505,391,8,190,449,133,826,284","165,164,163,164,163,163,163,164,165,163,164,165",506
714,105,"451,505,626,449,154,816,574,52,65,921","163,163,164,164,165,164,164,164,163,164,163,163",380
5558,105,"896,376,616,753,342,260,921,101,165,88","165,164,163,164,163,163,163,163,164,164",561
3945,105,"451,505,344,405,157,349,456,803,714,369","163,163,164,163,154,163,127,269,148,163,163",582
730,105,"753,417,742,367,342,260,165,535,785,840","164,165,164,165,163,163,164,164,163,163",572
3475,105,"190,688,344,260,65,211,714,405,276,367","163,164,164,163,163,163,163,163,154,155,165",547
932,105,"284,417,574,8,435,505,52,486,554,616","165,165,164,163,165,163,164,163,164,164,165,163",568
2062,105,"190,688,211,742,344,367,634,829,165,921","163,164,164,163,164,163,165,163,163,164,163",380
3456,105,"753,469,626,574,921,101,169,826,785,333","164,163,164,164,163,163,164,164,163,163",545
1046,105,"376,505,391,574,157,260,535,921,213,616","164,163,164,163,164,163,163,164,163,163,163",401
2726,105,"190,469,535,165,157,688,714,785,75,696","163,164,163,164,164,163,164,163,163,163,164",546
3852,105,"190,616,688,157,88,785,101,75,344,59","163,164,163,164,163,164,163,163,163,163,164",531
5016,105,"133,688,616,59,505,626,157,816,65,75","163,164,163,164,163,164,164,163,164,163,163",264
3507,106,"376,59,616,342,688,574,165,626,86,65","164,164,163,163,164,164,164,164,164,163",531
5784,106,"896,742,574,133,154,367,505,449,344,290","165,164,164,163,164,165,163,164,165,163,3",490
5424,106,"376,742,260,65,154,505,157,634,75,52","164,164,163,163,164,163,164,163,163,163,163,164",535
5481,106,"284,342,260,190,714,449,344,435,65,367","165,163,163,163,164,163,165,163,165,163,165",553
4511,106,"376,451,753,469,417,616,688,213,342,921","164,163,164,163,165,163,164,163,163,163",612
5430,106,"376,284,626,75,753,785,616,52,88,213","164,165,164,163,164,163,163,163,164,164,163",546
2873,106,"376,451,505,753,133,469,535,169,88,829","164,163,163,164,164,163,163,164,164,164,163",477
1235,106,"753,157,714,391,921,101,169,16,696,486","164,163,163,163,163,163,164,164,164,164",494
4355,106,"376,342,505,665,826,165,785,890,333,616","164,163,163,164,164,164,164,163,164,163,163",586
3184,106,"896,75,190,344,65,753,469,101,391,634","165,163,163,164,163,163,164,163,163,163,163",535
2179,106,"451,342,8,616,574,59,391,367,688,435","163,163,163,163,164,164,163,165,164,165",352
3210,106,"284,753,449,921,785,101,169,826,486,805","165,164,165,163,163,163,164,164,164,164",544
4486,106,"451,284,342,626,505,449,753,469,190,213","163,165,163,164,163,164,165,164,163,163,164,163",519
633,106,"376,742,260,154,688,157,405,753,284,634","164,164,163,164,164,163,154,164,165,163",508
1430,106,"133,342,505,8,169,785,333,714,890,616","163,163,163,164,163,164,163,163,163,164,163",412
1133,106,"417,626,342,921,574,86,154,367,539,213","165,164,163,163,164,164,164,165,148,163",361
5148,106,"896,742,65,211,803,276,584,279,495,251","165,164,163,163,148,155,117,33,156,129",556
64,106,"896,451,86,753,616,16,165,714,101,344","165,163,164,164,163,164,164,163,163,163",494
5501,106,"451,469,367,8,785,829,688,157,816,304","163,163,165,163,163,163,164,163,164,164",463
1584,106,"896,376,154,86,75,840,469,405,616,276","165,164,164,164,163,163,163,154,163,155",413
3104,106,"223,896,86,133,753,260,59,190,16,574","165,165,164,163,164,163,164,163,164,164,164",363
729,106,"376,417,753,616,469,86,211,505,290,449","164,165,164,163,163,164,163,163,164,3,165",346
4554,106,"284,417,626,921,367,785,535,304,333,829","165,165,164,163,165,163,164,164,163,163",569
2626,106,"896,417,342,753,163,75,785,88,714,840","165,165,163,164,163,163,163,164,163,163",628
2261,106,"896,417,616,753,190,65,405,349,344,86","165,165,163,164,163,164,163,154,127,163,164",641
5528,106,"451,417,688,157,449,626,367,535,554,213","163,165,164,163,165,164,165,164,165,163",553
5711,106,"896,190,616,449,535,8,157,714,391,101","165,163,164,163,165,164,163,163,163,163,163",553
2466,106,"376,211,190,714,417,165,840,535,169,367","164,163,163,164,163,165,164,163,164,164,165",375
145,106,"896,284,616,391,753,367,333,486,369,190","165,165,163,163,164,165,163,164,163,163,164",500
5860,106,"451,742,154,803,260,405,523,816,505,646","163,164,164,148,163,154,21,164,163,164,155",354
5493,106,"190,417,391,616,688,714,435,449,157,75","163,164,165,163,163,164,163,165,165,163,163",544
3202,106,"376,59,133,616,702,86,65,369,626,405","164,164,163,163,176,164,163,163,164,154",669
541,106,"284,417,133,157,505,435,154,688,75,88","165,165,163,163,163,164,165,164,164,163,164",528
2883,106,"223,829,666,702,290,16,665,157,126,840","165,163,175,176,3,164,164,163,165,163",389
1595,106,"896,376,284,921,449,554,826,435,840,133","165,164,165,163,165,165,164,165,163,163",500
4837,106,"376,260,59,405,829,213,16,276,165,646","164,163,164,154,163,163,164,155,164,155",464
5610,106,"753,505,469,344,190,535,921,157,88,8","164,163,164,163,163,163,164,164,163,163,164,163",653
66,106,"376,742,133,154,157,211,405,276,65,574","164,164,163,164,163,163,154,155,163,164",653
5436,106,"896,451,154,86,367,405,276,469,260,417","165,163,164,164,165,154,155,163,163,165",547
2737,106,"896,376,742,451,284,342,449,65,688,211","165,164,164,163,165,163,165,163,164,163",535
573,106,"616,469,342,165,816,16,785,435,829,714","163,163,163,164,164,164,163,165,163,163",547
1670,106,"376,342,783,451,469,168,921,626,616,190","164,163,165,163,163,165,163,164,163,163,164",644
5744,106,"284,665,688,154,163,505,190,840,52,165","165,164,164,164,163,163,164,163,164,163,163,164,164",586
1223,106,"896,376,342,753,626,190,88,696,634,59","165,164,163,164,164,163,164,164,164,163,164",400
376,106,"376,417,133,190,688,344,829,574,211,59","164,165,163,163,164,164,163,163,164,163,164",412
2837,106,"896,342,391,101,840,753,169,367,826,486","165,163,163,163,163,164,164,165,164,164",538
2931,106,"451,482,126,505,574,16,417,469,260,65","163,164,165,163,164,164,164,165,163,163,163",461
1374,106,"896,376,284,449,101,535,367,688,165,696","165,164,165,165,163,164,165,164,164,164",553
2938,106,"753,59,211,616,190,276,405,803,279,392","164,164,163,163,163,164,155,154,148,33,39",535
1563,106,"133,190,626,391,101,554,486,52,369,213","163,163,164,164,163,163,165,164,163,164,163,163",519
3981,106,"284,86,133,688,344,59,405,505,349,75","165,164,163,164,163,164,154,163,164,127,163",520
1993,106,"451,59,154,574,469,133,290,405,276,803","163,164,164,164,163,163,3,154,155,148",540
4228,106,"896,417,342,284,169,535,574,890,369,88","165,165,163,165,164,164,164,164,163,164",549
934,106,"190,165,829,742,65,75,344,369,59,816","163,164,164,163,164,163,163,163,163,164,164",577
449,106,"376,260,284,154,65,101,829,344,369,785","164,163,165,164,163,163,163,163,163,163",541
944,106,"376,342,626,8,574,554,129,435,696,714","164,163,164,163,164,165,165,165,164,163",447
3243,106,"688,626,165,535,52,816,75,785,840,260","164,164,164,164,163,164,164,163,163,163,163",553
889,106,"451,342,626,753,16,535,449,840,816,903","163,163,164,164,164,164,165,163,164,129",519
3540,106,"190,469,86,405,714,101,276,535,290,182","163,164,163,164,154,163,163,155,164,3,153",553
2861,106,"284,469,75,554,190,169,88,486,304,129","165,163,163,165,163,164,164,164,164,164,165",412
4748,106,"896,469,165,8,742,86,535,840,554,333","165,163,164,163,164,164,164,163,165,163",521
3532,106,"133,190,616,391,574,469,535,213,829,805","163,163,164,163,163,164,163,164,163,163,164",528
1764,106,"376,829,391,921,449,367,16,260,369,65","164,163,163,163,165,165,164,163,163,163",541
1614,106,"896,417,626,342,8,101,826,304,333,890","165,165,164,163,163,163,164,164,163,164",571
5452,106,"451,342,753,469,59,190,574,154,260,435","163,163,164,163,164,163,164,164,164,163,165",519
5139,106,"451,284,626,449,75,826,367,805,129,369","163,165,164,165,163,164,165,164,165,163",472
2840,106,"284,342,554,840,785,333,574,129,535,16","165,163,165,163,163,163,164,165,164,164",355
2905,106,"753,133,59,86,344,816,391,290,213,785","164,163,164,164,163,164,163,3,163,163",628
1538,106,"451,417,505,133,554,367,696,304,816,86","163,165,163,164,163,165,165,164,164,164,164",494
681,106,"376,417,688,16,616,391,367,211,290,785","164,165,164,164,163,163,165,163,3,163",514
2101,106,"133,190,505,921,535,826,816,213,260,435","163,163,164,163,164,163,164,164,164,163,163,165",574
5250,106,"133,190,449,535,688,165,829,714,86,59","163,163,164,165,164,164,164,163,163,164,164",338
2710,106,"896,417,376,616,753,260,816,469,86,405","165,165,164,163,164,163,164,163,164,154",520
3446,106,"451,284,391,449,574,101,65,154,367,785","163,165,163,165,164,163,163,164,165,163",519
1057,106,"505,344,75,574,101,405,539,276,829,921","163,164,163,163,164,163,154,148,155,163,163",543
671,106,"376,417,753,190,16,469,626,157,435,816","164,165,164,163,164,164,163,164,163,165,164",460
185,106,"376,451,665,753,742,482,101,65,702,189","164,163,164,164,164,164,163,163,176,165",720
622,106,"896,284,574,449,133,451,688,154,211,742","165,165,164,165,163,163,164,164,163,164",535
2367,106,"896,260,59,133,190,449,391,634,344,816","165,163,164,163,163,164,165,163,163,163,164",398
717,106,"578,366,899,418,651,554,826,101,16,696","163,164,169,164,169,165,164,163,164,164",461
5110,106,"451,284,342,391,616,449,921,829,753,75","163,165,163,163,163,165,163,163,164,163",349
2548,106,"284,133,469,785,101,165,826,88,129,435","165,163,163,163,163,164,164,164,165,165",228
5210,106,"451,284,133,391,785,169,554,165,333,129","163,165,163,163,163,164,165,164,163,165",523
2654,106,"190,688,742,211,469,276,405,182,495,383","163,164,164,164,163,163,155,154,153,156,189",541
5074,106,"896,342,391,8,785,574,369,367,52,129","165,163,163,163,163,164,163,165,163,164,165",553
4457,106,"451,688,260,86,405,616,190,783,265,290","163,164,163,164,154,163,163,164,165,128,3",690
1462,106,"376,133,505,8,101,486,449,367,535,714","164,163,163,164,163,163,164,165,165,164,163",554
1213,106,"896,376,190,52,753,165,88,486,435,714","165,164,163,164,163,164,164,164,164,164,165,163",644
1760,106,"133,742,190,505,86,816,714,405,535,101","163,164,163,164,163,164,164,164,163,154,164,163",600
1298,106,"753,688,65,190,405,276,369,101,539,574","164,164,163,163,164,154,155,163,163,148,164",430
2094,106,"376,133,688,469,284,634,211,290,714,405","164,163,164,163,165,163,163,3,163,154",537
3549,106,"163,469,616,190,742,753,367,154,59,344","163,163,163,163,164,164,164,165,164,164,163",633
5694,106,"896,688,742,86,616,65,190,840,284,714","165,164,164,164,163,163,163,164,163,165,163",606
112,106,"223,578,447,742,59,451,254,189,665,42","165,163,164,164,164,163,164,165,164,176",749
3791,106,"896,482,505,753,469,133,157,86,626,165","165,164,163,164,164,163,163,163,164,164,164",639
1269,106,"753,505,574,190,688,154,86,65,165,211","164,163,164,164,163,164,164,164,164,163,164,163",476
4216,106,"896,376,505,391,921,826,554,369,696,890","165,164,163,164,163,163,164,165,163,164,164",553
1837,106,"896,688,742,284,616,86,65,75,59,165","165,164,164,165,163,164,163,163,164,164",499
2380,106,"451,59,86,284,190,276,405,349,539,279","163,164,164,165,163,164,155,154,127,148,33",535
2786,106,"376,451,783,626,188,391,574,168,805,435","164,163,165,164,165,163,164,165,164,165",691
3513,106,"896,451,16,165,785,169,696,59,88,816","165,163,164,164,163,164,164,164,164,164",523
111,106,"896,626,284,469,333,75,16,688,213,829","165,164,165,163,163,163,164,164,163,163",598
4671,106,"163,417,535,391,921,840,785,367,554,890","163,165,164,163,163,163,163,165,165,164",553
1507,106,"376,451,260,86,616,921,391,535,75,369","164,163,163,164,163,163,163,164,163,163",634
3266,106,"896,86,190,211,59,753,469,276,405,369","165,164,163,164,163,164,164,163,155,154,163",579
3187,106,"376,133,449,535,59,785,367,260,157,75","164,163,165,164,164,163,165,163,163,163",374
5211,106,"284,133,921,688,367,154,435,816,344,369","165,163,163,164,165,164,165,164,163,163",541
2831,106,"133,417,688,86,65,16,157,88,405,367","163,165,164,164,163,164,163,164,154,165",513
2347,106,"376,211,154,65,101,634,369,829,75,391","164,163,164,163,163,163,163,163,163,163",555
5507,106,"896,133,829,8,169,535,369,129,213,816","165,163,163,163,164,164,163,165,163,164",519
5544,106,"753,469,154,16,714,574,616,449,535,785","164,163,164,164,163,164,163,165,164,163",720
2914,106,"753,688,742,344,803,133,369,190,75,714","164,164,164,163,148,163,163,163,164,163,163",559
5496,106,"896,284,451,157,574,154,344,369,213,634","165,165,163,163,164,164,163,163,163,163",530
1138,106,"284,133,505,574,333,88,367,840,616,469","165,163,163,164,164,163,164,165,163,163,163",535
4419,106,"284,190,753,133,505,626,714,86,168,88","165,163,164,164,163,163,164,164,163,164,165,164",627
3276,106,"376,451,626,86,154,157,344,16,165,696","164,163,164,164,164,163,163,164,164,164",569
1047,106,"447,482,100,189,633,225,666,7,133,451","164,164,165,165,163,163,175,165,163,163",782
2918,106,"753,133,505,449,8,16,213,921,535,785","164,163,163,164,165,163,164,163,163,164,163",634
1378,106,"376,742,284,65,211,154,634,616,75,539","164,164,165,163,163,164,163,163,163,148",588
1389,106,"451,688,59,505,157,342,634,535,829,290","163,164,164,163,164,163,163,163,164,163,3",618
4400,106,"376,417,133,284,449,574,616,333,169,826","164,165,163,165,165,164,163,163,164,164",654
565,106,"376,163,626,391,574,921,449,157,785,367","164,163,164,163,164,163,165,163,163,165",640
5627,106,"376,451,417,190,59,535,742,435,921,213","164,163,165,163,164,164,164,164,165,163,163",669
5456,106,"451,284,616,190,626,864,742,829,435,449","163,165,163,163,164,164,163,164,163,165,165",611
123,106,"376,742,260,133,829,86,157,88,59,634","164,164,163,163,163,164,163,164,164,163",466
3482,106,"469,535,59,369,391,154,816,88,435,696","163,164,164,163,163,164,164,164,165,164",547
6033,106,"753,260,742,190,574,157,449,165,16,213","164,163,164,163,164,164,163,165,164,164,163",661
5560,106,"451,616,154,59,803,353,456,913,75,86","163,163,164,164,148,63,269,219,163,164",616
4723,106,"451,616,574,449,165,535,714,65,101,211","163,163,164,165,164,164,163,163,163,163",498
1525,106,"190,688,742,260,276,714,634,539,803,456","163,164,164,164,163,155,163,163,148,148,269",600
3854,106,"451,190,469,165,52,829,260,75,840,435","163,163,164,163,164,163,164,163,163,163,163,165",544
184,106,"896,626,284,921,163,554,75,451,52,260","165,164,165,163,163,165,163,163,163,164,163",645
1025,106,"753,417,342,626,8,101,88,435,129,449","164,165,163,164,163,163,164,165,165,165",535
4422,106,"376,342,133,449,169,333,785,369,696,435","164,163,163,165,164,163,163,163,164,165",374
2100,106,"376,190,921,688,157,535,154,742,829,65","164,163,164,163,164,163,164,164,164,163,163",371
2034,106,"376,342,417,133,665,829,284,449,469,391","164,163,165,163,164,163,165,165,163,163",485
1554,106,"133,505,535,435,101,714,169,157,88,86","163,163,164,164,165,163,163,164,163,164,164",612
3938,106,"753,342,505,574,133,449,169,190,165,469","164,163,163,164,164,163,165,164,163,164,164,163",688
3315,106,"896,417,616,435,59,451,52,157,260,816","165,165,163,165,164,163,163,164,163,163,164",541
966,106,"451,417,616,505,688,65,59,829,634,88","163,165,163,163,164,164,163,164,163,163,164",510
4238,106,"896,451,742,344,803,157,456,913,367,16","165,163,164,163,148,163,269,219,165,164",521
3693,106,"896,342,86,688,157,16,65,369,634,449","165,163,164,164,163,164,163,163,163,165",463
1674,106,"451,482,342,260,157,284,65,190,840,154","163,164,163,163,163,165,163,163,164,163,164",640
4816,106,"223,451,254,133,190,783,165,369,616,88","165,163,164,163,163,164,165,164,163,163,164",550
4352,106,"896,505,616,133,154,753,86,65,634,405","165,163,164,163,163,164,164,164,163,163,154",535
2677,106,"482,665,626,688,59,86,344,456,353,270","164,164,164,164,164,164,163,269,63,176",796
3486,106,"482,59,133,616,342,829,8,165,554,356","164,164,163,163,163,163,163,164,165,164",702
796,106,"376,342,626,188,284,449,101,169,554,129","164,163,164,165,165,165,163,164,165,165",635
5561,106,"451,284,342,505,773,418,168,395,8,188","163,165,163,163,164,164,164,165,165,163,165",509
2917,106,"376,190,688,391,714,742,211,405,921,290","164,163,164,164,163,163,164,163,154,163,3",519
4277,106,"190,417,626,921,785,486,213,333,714,75","163,164,165,164,163,163,164,163,163,163,163",563
444,106,"133,59,505,86,840,405,714,276,803,495","163,164,163,164,164,163,154,163,155,148,156",526
2078,106,"451,342,753,190,626,260,616,344,435,696","163,163,164,163,164,164,163,163,163,165,164",516
2781,106,"133,59,260,211,75,574,469,405,276,182","163,164,163,163,163,164,163,154,155,153",555
1503,106,"376,417,190,785,165,449,333,890,435,816","164,165,163,164,163,164,165,163,164,165,164",553
2961,106,"284,133,342,574,165,190,829,157,535,816","165,163,163,164,164,163,164,163,163,164,164",678
2627,106,"665,154,86,469,747,921,785,101,805,554","164,164,164,163,164,163,163,163,164,165",689
4492,106,"451,505,574,165,169,840,616,157,88,333","163,163,164,164,164,164,163,163,163,164,163",531
4858,106,"284,616,753,634,65,211,840,816,290,369","165,163,164,163,163,163,163,164,3,163",594
1041,106,"133,469,574,391,785,169,826,486,890,696","163,163,164,163,163,164,164,164,164,164",669
987,106,"896,482,126,8,626,35,59,190,451,86","165,164,165,163,164,163,164,163,164,163,164",690
432,106,"451,505,86,190,469,154,714,574,276,405","163,163,164,164,163,164,163,164,163,164,155,154",507
970,106,"896,626,505,921,535,169,616,435,367,805","165,164,163,164,163,164,164,163,165,165,164",394
6147,106,"133,417,391,535,165,486,554,129,333,75","163,165,163,164,164,164,165,165,163,163",576
1709,106,"223,747,574,435,86,921,98,482,126,785","165,164,164,165,164,163,164,164,165,163",682
4088,106,"284,59,65,417,213,157,369,101,405,290","165,164,163,165,163,163,163,163,154,3",479
5126,106,"896,284,65,469,276,405,539,803,349,46","165,165,163,163,155,154,148,148,127,156",498
464,106,"284,133,59,65,369,16,626,391,165,213","165,163,164,163,163,164,164,163,164,163",608
4325,106,"376,742,190,616,469,634,505,16,435,34","164,164,163,164,163,163,163,163,164,164,165,156",571
2211,106,"578,417,8,254,626,482,163,422,75,469","163,165,163,164,164,164,163,163,163,163",717
2618,106,"896,284,451,616,742,688,86,213,369,405","165,165,163,163,164,164,164,163,163,154",586
4940,106,"896,417,505,16,714,449,342,165,157,816","165,165,163,164,164,163,165,163,164,163,164",601
1823,106,"896,342,753,469,157,190,449,16,391,840","165,163,164,163,163,163,164,165,164,163,163",612
2795,106,"376,284,753,190,921,165,742,59,213,369","164,165,164,163,164,163,164,164,164,163,163",510
2949,106,"616,342,626,921,101,574,535,435,785,367","163,163,164,163,163,164,164,165,163,165",600
4827,106,"376,133,449,154,367,101,8,213,75,65","164,163,165,164,165,163,163,163,163,163",412
1788,106,"451,284,626,505,35,435,708,864,369,785","163,165,164,163,164,163,165,165,163,163,163",187
3462,106,"505,626,154,157,714,260,816,574,344,369","163,164,164,164,163,163,163,164,164,163,163",539
2322,106,"366,783,451,688,616,829,921,157,133,59","164,165,163,164,163,163,163,163,163,164",693
248,106,"376,342,688,86,921,157,154,626,59,616","164,163,164,164,163,163,164,164,164,163",612
4017,106,"376,133,86,154,65,344,75,539,349,213","164,163,164,164,163,163,163,148,127,163",519
767,106,"753,417,391,449,169,826,304,486,816,840","164,165,163,165,164,164,164,164,164,163",582
4698,106,"896,133,574,469,785,367,16,921,391,165","165,163,164,163,163,165,164,163,163,164",553
35,106,"284,417,742,65,505,714,211,344,367,449","165,165,164,163,163,164,163,163,163,165,165",620
2148,106,"896,417,505,469,714,260,344,213,101,290","165,165,163,164,163,163,163,163,163,163,3",520
5579,106,"451,753,626,921,829,688,742,211,405,816","163,164,164,163,163,164,164,163,154,164",585
5580,106,"376,417,133,168,829,101,753,714,391,469","164,165,163,165,163,163,164,163,163,163",608
1109,106,"376,417,505,8,535,435,59,469,840,16","164,165,163,164,163,164,165,164,163,163,164",555
2923,106,"376,342,86,260,921,65,154,59,742,634","164,163,164,163,163,163,164,164,164,163",669
1172,106,"284,133,505,8,157,714,165,688,260,154","165,163,163,164,163,163,163,164,164,163,164",506
714,106,"505,417,391,688,921,52,714,829,816,840","163,164,165,163,164,163,163,164,163,163,164,163",380
5558,106,"133,342,86,714,65,211,157,626,405,634","163,163,164,163,163,163,163,164,154,163",561
3945,106,"451,59,574,133,367,816,86,344,342,165","163,164,164,163,165,164,164,163,163,164",582
730,106,"376,284,344,505,714,626,535,449,101,88","164,165,163,163,164,163,164,164,165,163,164",572
3475,106,"896,505,133,688,86,369,157,367,405,714","165,163,164,163,164,164,163,163,165,154,163",547
932,106,"376,133,505,574,169,785,486,616,535,753","164,163,163,164,164,164,163,164,163,164,164",568
2062,106,"896,190,616,154,753,688,260,86,344,405","165,163,164,163,164,164,164,163,164,163,154",380
3456,106,"896,376,190,535,101,88,826,157,714,435","165,164,163,164,164,163,164,164,163,163,165",545
1046,106,"896,417,626,342,8,101,169,190,16,213","165,165,164,163,163,163,164,163,164,164,163",401
2726,106,"714,626,391,921,101,785,486,890,805,52","163,164,163,163,163,163,164,164,164,163,164",546
3852,106,"376,342,417,451,449,133,157,86,554,688","164,163,165,163,165,163,163,164,165,164",531
5016,106,"753,133,344,405,276,190,840,101,367,634","164,163,163,154,155,163,164,163,163,165,163",264
3507,107,"451,753,469,626,260,369,344,816,785,391","163,164,163,164,163,163,163,164,163,163",531
5784,107,"896,451,59,260,65,616,714,634,16,157","165,163,164,163,163,163,163,163,164,163",490
5424,107,"896,376,59,451,190,469,574,165,101,840","165,164,164,163,163,164,163,164,164,163,163",535
5481,107,"284,342,260,154,190,75,921,785,16,816","165,163,163,164,163,164,163,163,163,164,164",553
4511,107,"376,451,742,574,211,816,165,367,535,405","164,163,164,164,163,164,164,165,164,154",612
5430,107,"451,753,574,449,165,157,16,785,840,75","163,164,164,165,164,163,164,163,163,163",546
2873,107,"896,417,535,169,157,451,816,16,826,742","165,165,164,164,163,163,164,164,164,164",477
1235,107,"753,616,574,86,829,714,165,785,8,696","164,163,164,164,163,163,164,163,163,164",494
4355,107,"896,417,376,753,342,626,574,8,189,133","165,165,164,164,163,164,164,163,165,163",586
3184,107,"753,133,626,391,829,86,921,616,785,367","164,163,164,163,163,164,163,163,163,165",535
2179,107,"133,342,417,8,190,367,435,554,486,157","163,163,165,163,163,164,165,165,165,164,163",352
3210,107,"451,190,469,574,8,16,840,75,369,333","163,163,164,163,164,163,164,163,163,163,163",544
4486,107,"451,505,449,469,165,190,753,785,816,840","163,163,164,165,163,164,163,164,164,163,164,163",519
633,107,"451,753,626,391,469,16,634,449,369,88","163,164,164,163,163,164,163,165,163,164",508
1430,107,"366,133,626,75,254,505,417,8,342,785","164,163,164,163,164,163,164,165,163,163,163",412
1133,107,"896,376,451,59,154,344,211,405,276,369","165,164,163,164,164,163,163,154,155,163",361
5148,107,"896,688,133,616,75,753,211,369,405,584","165,164,163,163,163,164,163,163,154,117",556
64,107,"451,284,753,190,616,435,86,714,696,101","163,165,164,163,164,163,165,164,163,164,163",494
5501,107,"376,451,133,505,342,391,554,88,213,714","164,163,163,163,164,163,163,165,164,163,163",463
1584,107,"469,742,154,157,260,65,405,276,182,495","163,164,164,163,163,163,154,155,153,156",413
3104,107,"223,451,896,469,344,59,714,75,369,666","165,163,165,163,163,164,163,163,163,175",363
729,107,"896,451,284,86,190,157,469,369,574,816","165,163,165,164,163,164,163,163,163,164,164",346
4554,107,"896,342,626,391,535,169,190,554,101,785","165,163,164,163,164,164,163,164,165,163,163",569
2626,107,"753,133,829,86,157,367,65,714,785,435","164,163,163,164,163,165,163,163,163,165",628
2261,107,"190,688,616,469,86,75,211,405,353,803","163,164,164,163,163,164,163,163,154,63,148",641
5528,107,"190,417,616,449,574,157,469,213,391,921","163,164,165,163,165,164,163,163,163,163,163",553
5711,107,"896,342,469,574,626,211,86,714,921,449","165,163,163,164,164,163,164,163,163,165",553
2466,107,"896,417,616,574,505,333,816,840,376,753","165,165,163,164,163,164,163,164,163,164,164",375
145,107,"451,505,753,190,616,921,829,714,52,435","163,163,164,164,163,164,163,163,163,163,163,164,165",500
5860,107,"376,451,616,211,469,803,133,369,405,539","164,163,163,163,163,148,163,163,154,148",354
5493,107,"451,505,753,535,829,75,169,840,816,696","163,163,164,164,164,163,163,164,163,164,164",544
3202,107,"482,163,154,75,86,344,616,803,353,190","164,163,164,163,164,163,163,148,63,163,164",669
541,107,"284,417,342,133,753,75,260,211,290,367","165,165,163,163,164,163,163,163,3,165",528
2883,107,"376,665,126,8,98,435,694,921,890,129","164,164,165,163,164,165,165,163,164,165",389
1595,107,"616,626,574,165,260,157,16,367,435,213","163,164,164,164,163,163,164,165,165,163",500
4837,107,"133,616,154,344,65,405,276,165,535,290","163,163,164,163,163,154,155,164,164,3",464
5610,107,"284,688,16,921,75,59,65,211,714,742","165,164,164,163,163,164,163,163,163,164",653
66,107,"376,59,284,753,190,469,829,101,157,213","164,164,165,164,163,164,163,163,163,163,163",653
5436,107,"451,742,211,753,65,59,505,616,634,157","163,164,163,164,163,164,163,164,163,163,163",547
2737,107,"376,260,133,86,342,505,634,213,75,8","164,163,163,164,163,163,164,163,163,163,163",535
573,107,"133,688,742,344,86,714,349,456,803,405","163,164,164,163,164,163,127,269,148,154",547
1670,107,"376,417,133,284,753,395,574,344,785,688","164,165,163,165,164,165,164,163,163,164",644
5744,107,"376,342,626,8,189,190,449,101,98,356","164,163,164,163,165,163,164,165,163,164,164",586
1223,107,"133,505,449,469,535,52,169,165,86,435","163,163,164,165,163,164,163,164,164,164,164,165",400
376,107,"376,342,451,59,190,65,714,574,829,75","164,163,163,164,163,164,163,163,164,163,163",412
2837,107,"896,376,342,52,101,535,165,826,486,304","165,164,163,163,164,163,164,164,164,164,164",538
2931,107,"223,100,742,86,451,260,896,469,666,369","165,165,164,164,163,163,165,163,175,163",461
1374,107,"284,417,342,163,626,688,753,133,921,391","165,165,163,163,164,164,164,163,163,163",553
2938,107,"753,469,86,405,456,190,279,349,276,392","164,163,164,154,269,163,164,33,127,155,39",535
1563,107,"753,417,921,101,16,169,826,486,52,304","164,165,163,163,164,164,164,164,163,164,164",519
3981,107,"133,688,154,211,574,405,816,157,349,456","163,164,164,163,164,154,164,163,127,269",520
1993,107,"451,742,59,154,133,367,290,405,75,276","163,164,164,164,163,165,3,154,163,155",540
4228,107,"376,342,505,101,785,165,714,696,805,129","164,163,163,164,163,163,164,163,164,164,165",549
934,107,"451,284,753,921,535,165,829,369,367,344","163,165,164,163,164,164,163,163,165,163",577
449,107,"284,688,369,344,417,16,449,535,52,101","165,164,163,163,165,164,165,164,163,164,163",541
944,107,"896,505,52,435,367,826,88,805,304,129","165,163,164,163,164,165,165,164,164,164,164,165",447
3243,107,"163,342,535,391,101,574,367,616,157,16","163,163,164,163,163,164,165,163,163,164",553
889,107,"133,742,190,344,405,276,101,165,539,290","163,164,163,164,163,154,155,163,164,148,3",519
3540,107,"376,417,133,688,742,211,154,86,16,574","164,165,163,164,164,163,164,164,164,164",553
2861,107,"896,626,190,616,785,367,826,714,816,469","165,164,163,164,163,163,165,164,163,164,163",412
4748,107,"133,86,165,435,785,714,333,826,52,486","163,164,164,165,163,163,163,164,163,164,164",521
3532,107,"896,260,65,16,211,634,829,505,449,165","165,163,163,164,163,163,163,163,164,165,164",528
1764,107,"284,753,154,260,469,86,574,449,75,290","165,164,164,163,163,164,164,165,163,3",541
1614,107,"376,417,921,435,367,333,369,714,213,840","164,165,163,165,165,163,163,163,163,163",571
5452,107,"896,376,688,133,86,59,449,65,260,165","165,164,164,163,164,164,165,163,163,164",519
5139,107,"133,505,616,52,8,169,101,696,129,435","163,163,164,163,163,164,163,164,163,164,165,165",472
2840,107,"451,505,626,391,574,52,840,826,88,829","163,163,164,164,163,164,163,164,163,164,164,163",355
2905,107,"376,59,284,417,753,505,616,211,469,75","164,164,165,165,164,163,164,163,163,163,163",628
1538,107,"451,342,8,101,785,554,304,714,367,535","163,163,163,163,163,165,164,163,165,164",494
681,107,"451,284,59,505,16,157,369,165,785,65","163,165,164,163,164,164,163,163,164,163,163",514
2101,107,"753,342,391,8,840,742,86,829,211,816","164,163,163,163,163,164,164,163,163,164",574
5250,107,"753,211,133,190,714,369,344,65,16,816","164,163,163,163,164,163,163,163,163,164,164",338
2710,107,"190,417,16,86,59,367,405,829,276,646","163,164,165,164,164,164,165,154,163,155,155",520
3446,107,"190,469,344,505,574,16,367,342,75,626","163,164,163,163,163,164,164,164,165,163,163,164",519
1057,107,"469,688,369,417,342,816,165,88,840,626","163,164,163,165,163,164,164,164,163,164",543
671,107,"896,417,616,451,59,157,469,714,449,213","165,165,163,163,164,163,163,163,165,163",460
185,107,"896,284,260,190,75,276,539,367,46,232","165,165,163,163,164,163,155,148,165,156,267",720
622,107,"376,417,284,574,469,449,190,840,367,616","164,165,165,164,163,165,163,164,163,165,163",535
2367,107,"896,688,59,616,75,211,276,367,157,213","165,164,164,163,163,163,155,165,163,163",398
717,107,"284,616,418,168,101,188,921,333,88,129","165,163,164,165,163,165,163,163,164,165",461
5110,107,"376,742,753,190,616,133,59,634,367,714","164,164,164,163,164,163,163,164,163,165,163",349
2548,107,"753,417,342,391,101,785,449,890,805,213","164,165,163,163,163,163,165,164,164,163",228
5210,107,"451,284,165,554,367,785,75,260,157,344","163,165,164,165,165,163,163,163,163,163",523
2654,107,"896,626,753,190,157,211,86,574,101,405","165,164,164,163,164,163,163,164,164,163,154",541
5074,107,"896,342,391,8,921,367,333,435,165,696","165,163,163,163,163,165,163,165,164,164",553
4457,107,"284,469,59,154,918,829,211,367,921,405","165,163,164,164,165,163,163,165,163,154",690
1462,107,"896,417,284,435,505,101,449,554,890,688","165,165,165,165,163,164,163,165,165,164,164",554
1213,107,"451,284,133,449,101,169,165,554,333,753","163,165,163,165,163,164,164,165,163,164",644
1760,107,"133,616,742,260,211,626,714,367,75,86","163,163,164,163,163,164,163,165,163,164",600
1298,107,"896,616,742,86,284,65,714,469,133,405","165,163,164,164,165,163,163,163,163,154",430
2094,107,"376,342,417,451,133,688,367,157,574,59","164,163,165,163,163,164,165,163,164,164",537
3549,107,"896,284,190,211,469,276,405,182,251,341","165,165,163,164,163,163,155,154,153,129,56",633
5694,107,"688,260,211,154,75,803,353,456,290,349","164,163,163,164,163,148,63,269,3,127",606
112,107,"578,366,896,418,451,417,616,190,864,469","163,164,165,164,163,165,163,163,164,163,163",749
3791,107,"163,342,688,469,742,634,616,435,535,367","163,163,164,163,164,163,163,165,164,165",639
1269,107,"896,376,284,391,574,785,165,753,75,840","165,164,165,163,164,163,164,164,163,163",476
4216,107,"896,417,616,505,921,169,785,369,486,133","165,165,163,163,164,163,164,163,163,164,163",553
1837,107,"896,688,190,284,16,714,369,213,101,840","165,164,163,164,165,164,163,163,163,163,163",499
2380,107,"376,284,59,714,211,634,260,405,505,290","164,165,164,163,163,163,163,154,163,164,3",535
2786,107,"896,505,391,449,169,168,714,165,213,890","165,163,164,163,165,164,165,163,164,163,164",691
3513,107,"451,284,342,626,8,391,785,369,714,840","163,165,163,164,163,163,163,163,163,163",523
111,107,"417,342,921,101,169,785,16,391,449,805","165,163,163,163,164,163,164,163,165,164",598
4671,107,"133,342,8,101,169,369,785,535,52,826","163,163,163,163,164,163,163,164,163,164,164",553
1507,107,"451,417,688,190,154,505,829,634,165,290","163,165,164,163,164,164,163,164,163,163,164,3",634
3266,107,"376,626,688,154,714,435,921,367,535,65","164,164,164,164,163,165,163,165,164,163",579
3187,107,"451,616,165,449,714,260,816,785,65,88","163,163,164,165,163,163,164,163,163,164",374
5211,107,"896,376,451,284,16,344,154,626,449,574","165,164,163,165,164,163,164,164,165,164",541
2831,107,"284,616,59,469,742,211,86,260,634,101","165,163,164,163,164,163,164,163,163,163",513
2347,107,"376,133,753,154,369,616,417,165,157,714","164,163,164,164,163,163,165,164,163,163",555
5507,107,"896,505,391,449,169,129,805,890,304,213","165,163,164,163,165,164,165,164,164,164,163",519
5544,107,"451,133,190,449,616,829,8,435,554,367","163,163,163,164,165,163,163,163,165,165,165",720
2914,107,"376,451,753,742,59,469,714,626,816,634","164,163,164,164,164,163,163,164,164,163",559
5496,107,"451,190,688,65,714,829,369,157,101,405","163,163,164,164,163,163,163,163,163,163,154",530
1138,107,"451,417,505,391,169,535,435,59,344,333","163,165,163,164,163,164,164,165,164,163,163",535
4419,107,"190,417,783,395,626,742,469,574,8,168","163,164,165,165,165,164,164,163,164,163,165",627
3276,107,"451,505,449,574,8,101,469,696,554,16","163,163,164,165,164,163,163,163,164,165,164",569
1047,107,"578,417,342,626,8,708,728,552,599,694","163,165,163,164,163,165,189,63,155,165",782
2918,107,"284,133,626,391,8,449,190,101,535,75","165,163,164,163,163,165,163,164,163,164,163",634
1378,107,"86,742,688,260,59,65,75,154,539,353","164,164,164,163,164,163,163,164,148,63",588
1389,107,"451,688,753,469,344,86,369,921,405,290","163,164,164,163,163,164,163,163,154,3",618
4400,107,"376,451,417,190,367,505,260,154,59,696","164,163,165,163,164,165,163,164,163,164,164,164",654
565,107,"896,190,449,753,469,163,52,829,840,260","165,163,164,165,164,163,163,163,164,163,163,163",640
5627,107,"896,284,133,154,211,816,688,190,232,405","165,165,163,164,163,164,164,163,164,267,154",669
5456,107,"896,417,616,753,59,284,65,352,864,816","165,165,163,164,164,165,163,170,163,164",611
123,107,"284,417,342,626,59,535,688,785,469,574","165,165,163,164,164,164,164,163,163,164",466
3482,107,"376,753,574,449,714,8,52,88,369,554","164,164,164,165,163,163,163,164,164,163,165",547
6033,107,"451,133,367,157,86,344,803,584,276,182","163,163,165,163,164,163,148,117,155,153",661
5560,107,"376,742,616,154,353,803,456,714,913,367","164,164,163,164,63,148,269,163,219,165",616
4723,107,"284,417,688,16,449,742,391,626,435,101","165,165,164,164,165,164,163,164,165,163",498
1525,107,"896,616,75,574,469,260,59,16,101,405","165,163,163,164,163,163,164,164,163,154",600
3854,107,"133,417,154,65,634,574,626,391,921,535","163,165,164,163,163,164,164,163,163,164",544
184,107,"896,417,284,921,133,163,505,451,469,59","165,165,165,163,163,163,163,164,163,163,164",645
1025,107,"376,284,133,753,417,921,505,169,449,88","164,165,163,164,165,163,163,164,164,165,164",535
4422,107,"376,342,391,554,449,333,52,574,696,805","164,163,163,165,165,163,163,164,164,164,164",374
2100,107,"376,451,417,616,16,469,449,101,154,742","164,163,165,163,164,163,165,163,164,164",371
2034,107,"376,451,417,133,284,391,574,753,616,16","164,163,165,163,165,163,164,164,163,164",485
1554,107,"896,417,616,469,535,101,435,165,333,805","165,165,163,163,164,163,165,164,163,164",612
3938,107,"896,417,626,98,419,698,270,356,269,940","165,165,164,164,176,176,176,164,176,176",688
3315,107,"451,505,163,753,616,157,391,714,344,634","163,163,164,163,164,163,163,163,163,163,163",541
966,107,"451,284,342,626,469,449,785,921,16,688","163,165,163,164,163,165,163,163,164,164",510
4238,107,"753,417,342,505,574,154,260,616,714,405","164,165,163,163,164,164,164,163,163,163,154",521
3693,107,"616,688,714,391,435,52,634,260,816,211","163,164,163,163,165,163,164,163,163,164,163",463
1674,107,"896,505,284,190,616,469,133,260,211,367","165,163,164,165,163,164,163,163,163,163,163,165",640
4816,107,"223,366,896,342,168,714,626,805,449,753","165,164,165,163,165,163,164,164,165,164",550
4352,107,"284,190,688,260,211,829,840,16,369,213","165,163,164,164,163,163,163,163,164,163,163",535
2677,107,"896,688,742,75,163,86,344,59,469,276","165,164,164,163,163,164,163,164,163,155",796
3486,107,"376,482,284,633,190,714,449,8,747,101","164,164,165,163,163,164,163,165,163,164,163",702
796,107,"896,417,783,626,342,826,486,469,840,616","165,165,165,164,163,164,164,163,163,163",635
5561,107,"578,417,783,395,7,342,88,366,888,785","163,165,165,165,165,163,164,164,163,163",509
2917,107,"896,376,391,535,165,840,333,435,696,805","165,164,163,164,164,163,163,165,164,164",519
4277,107,"896,133,391,59,451,86,535,165,88,369","165,163,163,164,163,164,164,164,164,163",563
444,107,"896,417,616,284,260,714,344,829,213,157","165,165,163,165,163,163,163,163,163,163",526
2078,107,"376,451,133,449,101,367,369,805,714,696","164,163,163,165,163,165,163,164,163,164",516
2781,107,"451,616,154,211,803,276,182,495,584,628","163,163,164,163,148,155,153,156,117,155",555
1503,107,"896,417,342,8,391,785,88,333,696,554","165,165,163,163,163,163,164,163,164,165",553
2961,107,"163,505,616,742,133,753,921,16,367,535","163,163,164,163,164,163,164,163,164,165,164",678
2627,107,"284,417,921,8,698,785,419,356,269,940","165,165,163,163,176,163,176,164,176,176",689
4492,107,"133,616,211,505,417,342,626,574,165,8","163,163,163,163,164,165,163,164,164,164,163",531
4858,107,"753,417,688,574,714,260,742,449,75,213","164,165,164,164,163,163,164,165,163,163",594
1041,107,"753,417,574,165,435,101,169,554,333,449","164,165,164,164,165,163,164,165,163,165",669
987,107,"100,451,616,714,742,344,59,260,369,133","165,163,163,163,164,163,164,163,163,163",690
432,107,"896,376,574,133,451,86,165,714,59,435","165,164,164,163,163,164,164,163,164,165",507
970,107,"896,190,616,449,52,16,816,165,88,688","165,163,164,163,165,163,164,164,164,164,164,164",394
6147,107,"133,417,505,165,435,890,616,469,213,75","163,165,163,164,164,165,164,163,163,163,163",576
1709,107,"223,417,574,864,816,211,482,633,435,626","165,165,164,163,164,163,164,163,165,164",682
4088,107,"133,742,154,417,469,367,65,157,405,276","163,164,164,165,163,165,163,163,154,155",479
5126,107,"133,59,154,65,260,157,840,349,405,539","163,164,164,163,163,163,163,127,154,148",498
464,107,"896,376,211,688,626,574,8,157,154,16","165,164,163,164,164,164,163,163,164,164",608
4325,107,"284,616,344,753,260,574,157,75,840,405","165,163,163,164,163,164,163,163,163,154",571
2211,107,"254,65,773,451,482,469,422,86,376,574","164,163,164,163,164,163,163,164,164,164",717
2618,107,"417,742,688,16,574,714,86,59,391,435","165,164,164,164,164,163,164,164,163,165",586
4940,107,"133,190,391,469,921,101,169,88,435,213","163,163,164,163,163,163,163,164,164,165,163",601
1823,107,"896,417,284,535,169,190,616,826,333,890","165,165,165,164,164,163,164,163,164,163,164",612
2795,107,"376,417,535,8,101,785,696,816,333,157","164,165,164,163,163,163,164,164,163,163",510
2949,107,"896,626,574,535,616,133,59,753,260,213","165,164,164,164,163,163,164,164,163,163",600
4827,107,"376,133,505,190,574,785,101,554,367,714","164,163,163,164,163,164,164,163,163,165,165,163",412
1788,107,"100,864,284,505,98,356,714,133,333,694","165,163,165,163,164,164,164,163,163,163,165",187
3462,107,"616,469,157,391,154,816,785,369,449,211","163,163,163,163,164,164,163,163,165,163",539
2322,107,"284,7,133,688,753,168,342,154,260,165","165,165,163,164,164,165,163,164,163,164",693
248,107,"190,469,626,816,157,86,829,88,75,554","163,164,163,164,164,163,164,163,164,163,165",612
4017,107,"190,165,688,367,260,742,65,101,211,290","163,164,164,164,165,163,164,163,163,163,3",519
767,107,"896,417,616,574,921,169,826,554,505,367","165,165,163,164,163,164,164,165,163,164,165",582
4698,107,"376,342,753,86,435,260,816,16,785,88","164,163,164,164,165,163,164,164,163,164",553
35,107,"505,688,260,616,276,367,634,213,840,405","163,164,164,163,163,155,165,163,163,163,154",620
2148,107,"753,417,133,154,190,367,405,290,574,634","164,165,163,164,163,164,165,154,3,164,163",520
5579,107,"896,626,190,469,165,369,157,742,714,405","165,164,163,164,163,164,163,163,164,163,154",585
5580,107,"284,753,783,395,101,165,714,469,616,16","165,164,165,165,163,164,163,163,163,164",608
1109,107,"896,376,284,574,921,169,157,75,714,696","165,164,165,164,163,164,163,163,163,164",555
2923,107,"376,342,284,65,154,742,211,574,290,367","164,163,165,163,164,164,163,164,3,165",669
1172,107,"376,133,505,391,449,486,129,369,535,816","164,163,163,164,163,165,164,165,163,164,164",506
714,107,"896,451,86,742,154,157,469,369,16,405","165,163,164,164,164,163,163,163,164,154",380
5558,107,"376,284,133,417,688,165,840,367,391,554","164,165,163,165,164,164,163,165,163,165",561
3945,107,"376,342,451,260,753,133,469,344,405,290","164,163,163,163,164,163,163,163,154,3",582
730,107,"896,417,190,157,165,688,52,391,88,634","165,165,163,164,163,164,164,163,164,163,164,163",572
3475,107,"505,86,616,417,260,714,213,16,405,276","163,164,164,163,165,163,163,163,164,154,155",547
932,107,"451,342,626,505,921,785,714,213,890,616","163,163,164,163,164,163,163,163,163,164,163",568
2062,107,"376,505,535,921,75,344,714,157,213,405","164,163,164,164,163,163,163,163,163,163,154",380
3456,107,"896,342,616,574,785,826,369,435,469,451","165,163,163,164,163,164,163,165,163,163",545
1046,107,"753,469,86,829,367,16,333,486,840,714","164,163,164,163,165,164,163,164,163,163",401
2726,107,"376,417,284,165,190,840,816,829,213,169","164,165,165,164,163,164,163,164,163,163,164",546
3852,107,"896,417,376,190,449,753,16,391,714,154","165,165,164,163,164,165,164,164,163,163,164",531
5016,107,"753,260,469,86,574,157,133,405,276,182","164,163,163,164,164,163,163,154,155,153",264
3507,108,"376,616,417,829,405,276,840,646,290,535","164,163,165,163,154,155,163,155,3,164",531
5784,108,"284,616,753,742,133,405,816,157,714,290","165,163,164,164,163,154,164,163,163,3",490
5424,108,"284,342,469,505,785,714,391,154,367,101","165,163,163,163,164,163,163,163,164,165,163",535
5481,108,"284,417,133,8,190,165,391,486,535,616","165,165,163,163,163,164,164,163,164,164,163",553
4511,108,"163,417,616,190,714,344,505,157,449,535","163,165,163,163,164,163,163,163,164,163,165,164",612
5430,108,"376,133,449,688,86,785,367,101,88,333","164,163,165,164,164,163,165,163,164,163",546
2873,108,"896,133,190,921,449,101,169,840,333,486","165,163,163,164,163,165,163,164,163,163,164",477
1235,108,"133,342,626,921,165,486,840,714,88,86","163,163,164,163,164,164,163,163,164,164",494
4355,108,"896,417,616,163,157,449,747,52,8,190","165,165,163,163,163,165,164,163,164,163,163,164",586
3184,108,"896,376,451,276,75,405,753,688,816,16","165,164,163,155,163,154,164,164,164,164",535
2179,108,"451,505,626,921,169,133,333,486,367,369","163,163,164,164,163,164,163,163,164,165,163",352
3210,108,"284,417,921,435,785,469,826,840,805,213","165,165,163,165,163,163,164,163,164,163",544
4486,108,"753,417,133,469,574,59,785,435,65,816","164,165,163,163,164,164,163,165,163,164",519
633,108,"896,376,616,753,574,157,86,260,714,75","165,164,163,164,164,163,164,163,163,163",508
1430,108,"254,896,418,505,921,574,369,714,773,16","164,165,164,163,164,163,164,163,163,164,164",412
1133,108,"284,154,59,344,367,840,101,405,276,290","165,164,164,163,165,163,163,154,155,3",361
5148,108,"896,376,742,154,260,616,190,803,276,634","165,164,164,164,163,163,163,164,148,155,163",556
64,108,"376,417,505,65,714,829,367,211,165,696","164,165,163,164,163,163,163,165,163,164,164",494
5501,108,"133,342,8,101,169,88,213,369,805,890","163,163,163,163,164,164,163,163,164,164",463
1584,108,"376,59,86,469,75,133,803,840,349,405","164,164,164,163,163,163,148,163,127,154",413
3104,108,"223,100,417,742,753,211,133,16,284,391","165,165,165,164,164,163,163,164,165,163",363
729,108,"451,417,753,469,86,344,190,284,101,405","163,165,164,163,164,163,163,164,165,163,154",346
4554,108,"376,451,417,190,8,169,840,616,163,688","164,163,165,163,164,163,164,163,163,163,164",569
2626,108,"896,417,626,284,86,369,435,688,342,165","165,165,164,165,164,163,165,164,163,164",628
2261,108,"376,451,742,190,260,276,405,232,279,539","164,163,164,163,164,163,155,154,267,33,148",641
5528,108,"133,417,714,59,574,165,101,333,169,52","163,165,163,164,164,164,163,163,164,163,164",553
5711,108,"451,417,391,8,535,840,616,169,88,213","163,165,163,163,164,163,163,164,164,163",553
2466,108,"896,417,626,101,785,88,616,213,260,486","165,165,164,163,163,164,163,163,163,164",375
145,108,"896,376,284,574,616,88,52,816,369,190","165,164,165,164,163,164,163,164,164,163,163,164",500
5860,108,"896,742,59,86,133,75,505,290,16,840","165,164,164,164,163,163,163,164,3,164,163",354
5493,108,"753,342,574,8,169,921,535,59,16,101","164,163,164,163,164,163,164,164,164,163",544
3202,108,"284,190,65,742,154,479,803,349,353,753","165,163,164,163,164,164,163,148,127,63,164",669
541,108,"896,342,505,574,535,921,435,157,75,59","165,163,163,164,164,164,163,165,163,163,164",528
2883,108,"100,417,505,708,16,435,694,52,921,101","165,165,163,164,165,164,165,165,163,164,163,163",389
1595,108,"753,342,469,785,101,169,367,333,826,805","164,163,163,163,163,164,165,163,164,164",500
4837,108,"376,742,154,417,714,86,344,16,405,276","164,164,164,165,163,164,163,164,154,155",464
5610,108,"896,284,8,921,535,101,88,333,816,688","165,165,163,163,164,163,164,163,164,164",653
66,108,"376,260,59,688,369,829,342,626,634,405","164,163,164,164,163,163,163,164,163,154",653
5436,108,"896,616,742,133,342,505,829,714,405,449","165,163,164,163,163,163,164,163,163,154,165",547
2737,108,"896,260,59,133,505,65,714,921,449,391","165,163,164,163,163,164,163,163,163,165,163",535
573,108,"190,688,616,714,59,742,75,405,349,456","163,164,164,163,163,164,164,163,154,127,269",547
1670,108,"284,417,133,753,616,469,626,165,157,8","165,165,163,164,163,163,164,164,163,163",644
5744,108,"451,284,342,626,8,505,133,190,469,554","163,165,163,164,163,163,164,163,163,164,163,165",586
1223,108,"284,133,449,469,101,190,86,829,260,157","165,163,165,163,163,163,164,164,163,163,163",400
376,108,"451,190,753,469,391,165,369,344,211,435","163,163,164,164,163,163,164,163,163,163,165",412
2837,108,"376,284,469,574,101,535,165,554,88,157","164,165,163,164,163,164,164,165,164,163",538
2931,108,"223,100,742,344,451,469,133,75,666,336","165,165,164,163,163,163,163,163,175,176",461
1374,108,"163,626,616,157,154,816,344,714,367,391","163,164,163,163,164,164,163,163,165,163",553
2938,108,"451,753,260,65,574,634,535,405,696,829","163,164,163,163,164,163,164,154,164,163",535
1563,108,"376,451,391,101,785,554,52,890,696,805","164,163,163,163,163,165,163,164,164,164,164",519
3981,108,"896,344,65,714,574,211,367,634,405,157","165,163,163,163,164,163,165,163,154,163",520
1993,108,"376,451,154,688,816,753,405,276,101,165","164,163,164,164,164,164,154,155,163,164",540
4228,108,"284,753,626,391,574,921,535,169,88,101","165,164,164,163,164,163,164,164,164,163",549
934,108,"896,284,616,574,753,535,133,75,165,696","165,165,163,164,164,164,163,163,164,164",577
449,108,"133,829,616,16,449,59,157,165,634,921","163,163,163,164,165,164,163,164,163,163",541
944,108,"376,451,133,391,921,369,486,714,805,890","164,163,163,163,163,163,164,163,164,164",447
3243,108,"376,342,417,284,826,554,304,333,213,129","164,163,165,165,164,165,164,163,163,165",553
889,108,"505,342,8,469,688,574,344,65,369,903","163,164,163,163,163,164,164,163,163,163,129",519
3540,108,"451,342,190,260,65,616,574,101,367,535","163,163,163,164,163,163,163,164,163,165,164",553
2861,108,"284,133,342,626,505,333,88,714,696,52","165,163,163,164,163,164,163,164,163,164,163,164",412
4748,108,"469,574,165,8,157,535,921,213,816,169","163,164,164,163,163,164,163,163,164,164",521
3532,108,"284,753,391,449,574,785,469,616,75,86","165,164,163,165,164,163,163,163,163,164",528
1764,108,"284,753,59,469,154,574,75,190,921,290","165,164,164,163,164,164,163,163,164,163,3",541
1614,108,"896,626,921,616,449,101,785,826,367,52","165,164,163,163,165,163,163,164,165,163,164",571
5452,108,"896,376,284,344,65,616,290,505,714,369","165,164,165,163,163,163,3,163,164,163,163",519
5139,108,"896,342,505,52,554,785,890,449,535,675","165,163,163,164,163,164,165,163,164,165,164,165",472
2840,108,"896,376,449,101,169,367,696,688,816,344","165,164,165,163,164,165,164,164,164,163",355
2905,108,"376,742,133,211,59,417,574,165,367,634","164,164,163,163,164,165,164,164,165,163",628
1538,108,"376,616,344,785,75,369,169,333,129,304","164,163,163,163,163,163,164,163,165,164",494
681,108,"284,753,133,367,344,714,435,88,449,840","165,164,163,165,163,163,165,164,165,163",514
2101,108,"896,626,505,8,753,391,190,469,435,157","165,164,163,164,163,164,163,163,164,163,165,163",574
5250,108,"896,742,59,157,284,276,803,840,16,46","165,164,164,163,165,155,148,163,164,156",338
2710,108,"505,86,688,211,276,405,182,574,616,921","163,164,164,164,163,155,154,153,164,163,163",520
3446,108,"616,417,626,154,369,714,435,260,165,101","163,165,164,164,163,163,165,163,164,163",519
1057,108,"376,417,574,190,133,616,349,803,456,369","164,165,164,163,164,163,163,127,148,269,163",543
671,108,"896,469,574,753,785,101,391,367,369,921","165,163,164,164,163,163,163,165,163,163",460
185,108,"284,163,133,154,190,367,211,344,35,702","165,163,163,164,163,164,165,163,163,163,176",720
622,108,"896,376,284,785,449,616,688,59,816,65","165,164,165,163,165,163,164,164,164,163",535
2367,108,"896,451,190,342,154,59,75,417,165,101","165,163,163,164,163,164,164,163,165,164,163",398
717,108,"75,101,785,435,188,826,598,696,129,890","163,163,163,165,165,164,165,164,165,164",461
5110,108,"133,688,616,59,157,505,367,405,290,276","163,164,163,164,163,163,164,165,154,3,155",349
2548,108,"451,342,8,133,505,190,829,574,16,714","163,163,163,163,163,164,163,164,163,164,164,163",228
5210,108,"284,505,535,8,190,157,75,154,65,367","165,163,164,164,163,163,164,163,163,164,163,165",523
2654,108,"896,133,616,753,8,157,86,535,714,391","165,163,163,164,163,163,164,164,163,163",541
5074,108,"896,342,626,505,101,535,129,890,304,816","165,163,164,163,164,163,164,165,164,164,164",553
4457,108,"376,163,742,86,154,616,65,469,260,688","164,163,164,164,164,163,163,163,163,164",690
1462,108,"753,190,626,469,435,86,449,785,101,333","164,163,164,164,163,165,164,165,163,163,163",554
1213,108,"376,482,165,535,921,554,486,88,890,616","164,164,164,164,163,165,164,164,164,163",644
1760,108,"896,417,616,451,688,284,405,157,344,539","165,165,163,163,164,165,154,163,163,148",600
1298,108,"376,451,417,133,190,742,260,405,369,574","164,163,165,163,163,164,164,163,154,163,164",430
2094,108,"376,133,154,753,157,505,405,369,714,290","164,163,164,164,163,163,164,154,163,163,3",537
3549,108,"896,451,753,75,714,101,59,65,829,405","165,163,164,163,163,163,164,163,163,154",633
5694,108,"896,616,65,16,133,829,369,405,276,165","165,163,163,164,163,163,163,154,155,164",606
112,108,"578,366,189,896,376,665,505,126,616,449","163,164,165,165,164,164,163,164,165,163,165",749
3791,108,"284,163,190,616,505,753,535,634,154,86","165,163,163,164,163,163,164,164,164,163,164,164",639
1269,108,"896,342,190,260,616,165,101,785,626,921","165,163,163,164,163,163,164,163,163,164,163",476
4216,108,"284,505,16,554,535,785,333,367,129,816","165,163,164,164,165,164,163,163,165,165,164",553
1837,108,"469,688,154,86,417,829,369,435,213,75","163,164,164,164,165,163,163,165,163,163",499
2380,108,"376,417,505,101,469,616,157,154,634,405","164,165,163,164,163,163,163,163,164,163,154",535
2786,108,"896,417,783,505,574,169,805,890,535,333","165,165,165,163,164,164,164,164,164,164,163",691
3513,108,"451,284,133,449,16,921,574,260,52,59","163,165,163,165,164,163,164,163,163,164,164",523
111,108,"376,451,417,921,391,8,369,616,157,840","164,163,165,163,163,163,163,163,163,163",598
4671,108,"896,505,391,921,535,367,616,805,75,260","165,163,164,163,163,164,165,163,164,163,163",553
1507,108,"284,65,260,367,157,921,417,290,165,405","165,163,163,165,163,163,165,3,164,154",634
3266,108,"376,505,574,616,449,59,260,157,535,634","164,163,164,164,163,165,164,163,163,164,163",579
3187,108,"376,342,505,8,52,574,696,805,435,284","164,163,163,164,163,163,164,164,164,164,165,165",374
5211,108,"376,688,190,417,469,65,157,634,505,449","164,164,163,164,165,163,163,163,163,163,164,165",541
2831,108,"284,616,753,260,86,634,816,405,276,829","165,163,164,163,164,163,164,154,155,163",513
2347,108,"896,505,451,190,133,449,574,753,16,59","165,163,164,163,163,164,163,165,164,164,164,164",555
5507,108,"896,284,8,921,133,554,367,805,369,435","165,165,163,163,163,165,165,164,163,165",519
5544,108,"133,469,59,86,344,714,616,921,435,816","163,163,164,164,163,163,163,163,165,164",720
2914,108,"376,451,260,86,344,742,505,75,405,157","164,163,163,164,163,164,163,164,163,154,163",559
5496,108,"451,753,469,165,260,688,154,101,213,840","163,164,163,164,163,164,164,163,163,163",530
1138,108,"626,574,921,449,101,165,486,367,16,333","164,164,163,165,163,164,164,165,164,163",535
4419,108,"896,783,8,505,626,451,376,342,714,165","165,165,163,163,164,164,163,164,163,163,164",627
3276,108,"376,688,165,921,535,785,59,260,816,840","164,164,164,163,164,163,164,163,164,163",569
1047,108,"366,447,451,342,417,665,284,626,126,505","164,164,163,163,165,164,165,164,165,163,164",782
2918,108,"376,342,417,921,785,391,367,369,805,190","164,163,165,163,163,163,165,163,164,163,164",634
1378,108,"896,284,154,75,469,634,753,190,276,539","165,165,164,163,163,163,164,163,164,155,148",588
1389,108,"753,133,86,469,816,369,405,840,290,435","164,163,164,163,164,163,154,163,3,165",618
4400,108,"376,342,417,451,505,190,829,284,75,16","164,163,165,163,163,164,163,164,163,165,163,164",654
565,108,"896,482,626,8,169,469,840,190,826,486","165,164,164,163,164,163,163,163,164,164,164",640
5627,108,"896,417,163,284,688,634,16,574,435,626","165,165,163,165,164,163,164,164,165,164",669
5456,108,"896,665,342,626,133,753,688,284,451,574","165,164,163,164,163,164,164,165,163,164",611
123,108,"896,376,451,284,469,101,86,391,535,840","165,164,163,165,163,163,164,163,164,163",466
3482,108,"896,626,616,505,211,284,688,154,816,369","165,164,163,163,164,163,165,164,164,164,163",547
6033,108,"896,163,154,344,190,342,469,574,840,505","165,163,164,163,163,164,163,163,164,163,163,164",661
5560,108,"284,190,211,86,276,367,539,46,353,456","165,163,164,163,164,155,165,148,156,63,269",616
4723,108,"190,65,211,369,417,101,367,405,157,290","163,164,163,163,163,165,163,165,154,163,3",498
1525,108,"896,616,742,284,86,190,154,276,133,290","165,163,164,165,164,163,164,164,155,163,3",600
3854,108,"376,505,190,753,59,469,921,8,86,816","164,163,164,163,164,164,164,163,163,163,164,164",544
184,108,"284,417,626,921,574,435,714,826,86,616","165,165,164,163,164,165,163,164,164,163",645
1025,108,"284,417,574,391,367,169,304,696,805,816","165,165,164,163,165,164,164,164,164,164",535
4422,108,"753,190,449,535,52,816,486,304,890,369","164,163,164,165,164,163,164,164,164,164,164,163",374
2100,108,"376,417,284,829,260,574,634,290,59,16","164,165,165,163,163,164,163,3,164,164",371
2034,108,"896,451,688,284,133,449,469,626,391,98","165,163,164,165,163,165,163,164,163,164",485
1554,108,"896,417,626,505,391,169,469,367,304,284","165,165,164,163,164,163,164,163,165,164,165",612
3938,108,"896,376,626,391,574,133,829,157,190,616","165,164,164,163,164,163,163,163,163,164,163",688
3315,108,"896,376,133,921,449,616,753,369,190,451","165,164,163,163,165,163,164,163,163,164,163",541
966,108,"133,86,260,65,469,101,157,840,405,829","163,164,163,163,163,163,163,163,154,163",510
4238,108,"469,688,260,344,157,405,369,182,276,495","163,164,163,163,163,154,163,153,155,156",521
3693,108,"505,59,417,829,574,714,369,165,535,405","163,164,164,165,163,164,163,163,164,164,154",463
1674,108,"284,616,86,190,634,505,75,816,88,165","165,163,164,163,164,163,163,164,163,164,164,164",640
4816,108,"223,100,451,254,342,168,8,616,369,333","165,165,163,164,163,165,163,163,163,163",550
4352,108,"451,616,59,65,417,165,714,367,86,344","163,163,164,163,165,164,163,165,164,163",535
2677,108,"482,665,342,505,157,753,65,59,742,290","164,164,163,163,164,163,164,163,164,164,3",796
3486,108,"896,482,451,284,342,469,785,98,367,805","165,164,163,165,163,163,163,164,165,164",702
796,108,"896,417,395,714,342,88,169,391,367,168","165,165,165,163,163,164,164,163,165,165",635
5561,108,"578,395,342,16,783,188,826,391,52,367","163,165,163,164,165,165,164,163,163,164,165",509
2917,108,"133,742,344,86,211,369,405,276,923,714","163,164,163,164,163,163,154,155,195,163",519
4277,108,"376,505,391,574,157,714,616,260,696,169","164,163,164,163,164,163,163,163,163,164,164",563
444,108,"896,376,342,505,753,469,86,59,190,688","165,164,163,163,164,164,163,164,164,163,164,164",526
2078,108,"753,469,165,449,88,829,52,169,840,157","164,163,164,165,164,163,163,164,164,163,163",516
2781,108,"896,417,505,16,714,688,213,260,634,86","165,165,163,164,164,163,164,163,163,163,164",555
1503,108,"896,133,616,59,88,75,805,826,369,129","165,163,163,164,164,163,164,164,163,165",553
2961,108,"896,376,451,276,86,405,154,344,816,16","165,164,163,155,164,154,164,163,164,164",678
2627,108,"451,417,342,8,98,698,419,169,391,826","163,165,163,163,164,176,176,164,163,164",689
4492,108,"616,86,574,16,816,88,554,826,213,333","163,164,164,164,164,164,165,164,163,163",531
4858,108,"190,688,469,742,154,65,574,101,829,417","163,164,164,163,164,164,163,164,163,163,165",594
1041,108,"376,417,574,8,101,169,391,486,435,16","164,165,164,163,163,164,163,164,165,164",669
987,108,"100,469,742,59,479,666,35,336,260,451","165,163,164,164,163,175,163,176,163,163",690
432,108,"896,342,451,505,688,369,626,829,435,101","165,163,163,163,164,164,163,164,163,165,163",507
970,108,"896,376,133,616,367,554,469,826,840,688","165,164,163,163,165,165,163,164,163,164",394
6147,108,"896,417,284,921,391,101,449,367,369,554","165,165,165,163,163,163,165,165,163,165",576
1709,108,"223,342,665,864,816,482,626,921,449,8","165,163,164,163,164,164,164,163,165,163",682
4088,108,"376,417,133,154,65,469,367,290,829,816","164,165,163,164,163,163,165,3,163,164",479
5126,108,"505,260,469,154,157,276,405,539,803,349","163,164,163,163,164,163,155,154,148,148,127",498
464,108,"896,417,616,505,190,753,714,626,165,785","165,165,163,163,164,163,164,164,163,164,164,163",608
4325,108,"896,688,742,284,616,86,211,276,405,165","165,164,164,165,163,164,163,155,154,164",571
2211,108,"578,747,342,7,826,552,890,863,457,200","163,164,163,165,164,63,164,42,156,54",717
2618,108,"284,742,714,369,405,16,921,276,290,505","165,164,163,163,154,164,163,155,3,163,164",586
4940,108,"133,342,86,190,626,449,616,101,696,169","163,163,164,163,164,164,165,163,163,164,164",601
1823,108,"376,284,626,505,8,391,486,840,333,805","164,165,164,163,164,163,163,164,163,163,164",612
2795,108,"376,342,505,190,133,101,840,535,333,213","164,163,163,164,163,164,163,163,163,164,163,163",510
2949,108,"896,417,342,367,391,535,753,165,435,714","165,165,163,165,163,164,164,164,165,163",600
4827,108,"376,505,154,75,840,405,290,101,449,535","164,163,164,164,163,163,154,3,163,165,164",412
1788,108,"451,626,714,864,742,574,435,816,554,35","163,164,163,163,164,164,165,164,165,163",187
3462,108,"190,616,469,574,59,634,369,714,342,829","163,164,163,163,164,164,163,163,163,163,163",539
2322,108,"578,366,896,376,7,829,190,688,254,65","163,164,165,164,165,163,163,164,164,164,163",693
248,108,"896,376,190,52,753,469,826,435,157,840","165,164,163,164,163,164,164,163,164,165,163,163",612
4017,108,"376,616,86,344,369,840,405,276,634,803","164,163,164,163,163,163,154,155,163,148",519
767,108,"133,505,626,8,574,616,840,469,169,213","163,163,164,164,163,164,163,163,163,164,163",582
4698,108,"376,505,391,16,574,154,157,260,65,435","164,163,164,163,164,164,164,163,163,163,165",553
35,108,"451,616,154,59,405,469,182,276,584,398","163,163,164,164,154,163,153,155,117,270",620
2148,108,"376,451,688,59,190,290,574,75,260,86","164,163,164,164,163,164,3,164,163,163,164",520
5579,108,"376,451,133,260,469,753,417,688,211,634","164,163,163,163,163,164,165,164,163,163",585
5580,108,"896,417,168,829,133,574,260,785,88,816","165,165,165,163,163,164,163,163,164,164",608
1109,108,"376,342,417,535,785,435,133,840,451,753","164,163,165,164,163,165,163,163,163,164",555
2923,108,"896,376,59,133,505,417,391,165,469,88","165,164,164,163,163,164,165,163,164,163,164",669
1172,108,"896,376,342,391,8,190,133,333,554,890","165,164,163,163,163,163,164,163,163,165,164",506
714,108,"505,342,154,165,16,59,211,369,742,367","163,164,163,164,164,164,164,163,163,164,165",380
5558,108,"753,133,505,449,16,157,921,344,59,101","164,163,163,164,165,164,163,163,163,164,163",561
3945,108,"896,342,574,260,816,688,211,369,344,165","165,163,164,163,164,164,163,163,163,164",582
730,108,"133,505,616,469,8,165,101,333,554,367","163,163,164,163,163,163,164,163,163,165,165",572
3475,108,"376,260,211,505,65,190,405,276,16,539","164,163,163,163,164,163,163,164,154,155,164,148",547
932,108,"284,626,449,8,391,88,369,52,129,696","165,164,165,163,163,164,163,163,164,165,164",568
2062,108,"451,284,616,133,714,344,367,101,840,213","163,165,163,163,163,163,165,163,163,163",380
3456,108,"284,714,921,165,785,554,826,367,890,333","165,163,163,164,163,165,164,165,164,163",545
1046,108,"896,342,133,574,785,367,753,714,435,157","165,163,163,164,163,165,164,163,165,163",401
2726,108,"753,342,505,742,211,574,344,921,634,391","164,163,163,164,164,163,164,163,163,163,163",546
3852,108,"451,190,626,391,616,921,367,785,213,826","163,163,164,164,163,163,163,165,163,163,164",531
5016,108,"451,211,59,133,65,405,157,344,753,276","163,163,164,163,163,154,163,163,164,155",264
3507,109,"284,505,449,190,65,59,165,554,260,435","165,163,164,165,163,164,163,164,164,165,163,165",531
5784,109,"451,133,86,349,803,753,75,913,539,279","163,163,164,127,148,164,163,219,148,33",490
5424,109,"284,133,449,505,921,165,169,367,213,52","165,163,165,163,164,163,164,164,165,163,163,164",535
5481,109,"616,688,86,574,417,342,435,65,165,88","163,164,164,164,165,163,165,163,164,164",553
4511,109,"896,376,59,211,714,86,469,16,391,435","165,164,164,163,163,164,163,164,163,165",612
5430,109,"190,211,59,16,816,535,449,391,554,88","163,164,163,164,164,164,164,165,163,165,164",546
2873,109,"753,616,574,165,449,16,260,154,211,742","164,163,164,164,165,164,163,164,163,164",477
1235,109,"376,342,626,8,101,52,574,829,88,714","164,163,164,163,163,163,164,164,163,164,163",494
4355,109,"896,665,342,417,626,391,169,535,921,98","165,164,163,165,164,163,164,164,163,164",586
3184,109,"451,688,154,753,157,505,574,616,65,714","163,164,164,164,163,163,164,164,163,163,163",535
2179,109,"451,921,449,714,101,688,785,260,369,88","163,163,165,163,163,164,163,163,163,164",352
3210,109,"896,626,8,753,165,840,101,88,696,826","165,164,163,164,164,163,163,164,164,164",544
4486,109,"753,133,616,574,157,449,59,785,52,88","164,163,163,164,163,165,164,163,163,164,164",519
633,109,"376,742,133,369,65,190,405,276,16,634","164,164,163,163,163,163,164,154,155,164,163",508
1430,109,"254,342,418,626,59,742,449,225,921,785","164,163,164,164,164,164,165,163,163,163",412
1133,109,"616,688,59,65,260,75,829,16,405,634","163,164,164,163,163,163,163,164,154,163",361
5148,109,"376,451,211,574,284,405,456,344,803,373","164,163,163,164,165,154,269,163,148,148",556
64,109,"896,154,133,634,505,829,367,101,840,88","165,164,163,163,163,164,163,165,163,163,164",494
5501,109,"284,342,505,921,169,785,486,369,88,535","165,163,163,164,163,164,163,164,163,164,164",463
1584,109,"376,260,211,469,65,75,405,276,190,182","164,163,163,163,163,163,154,155,163,164,153",413
3104,109,"896,451,753,75,141,16,666,702,405,42","165,163,164,163,165,164,175,176,154,176",363
729,109,"284,190,133,59,688,260,469,157,211,840","165,163,164,163,164,164,163,163,163,163,163",346
4554,109,"896,626,574,921,391,449,554,213,486,753","165,164,164,163,163,165,165,163,164,164",569
2626,109,"896,284,157,574,634,86,16,211,88,213","165,165,163,164,163,164,164,163,164,163",628
2261,109,"376,742,574,190,154,616,469,688,276,405","164,164,164,163,164,164,163,163,164,155,154",641
5528,109,"133,417,190,616,574,165,535,213,8,903","163,165,163,164,163,164,164,164,163,163,129",553
5711,109,"896,469,163,391,449,101,714,88,333,451","165,163,163,163,165,163,163,164,163,163",553
2466,109,"376,742,284,417,190,449,16,785,369,826","164,164,165,165,163,164,165,164,163,163,164",375
145,109,"469,417,626,344,816,260,101,16,688,165","163,165,164,163,164,163,163,164,164,164",500
5860,109,"896,451,616,65,803,211,157,539,46,523","165,163,163,163,148,163,163,148,156,21",354
5493,109,"133,190,616,469,8,101,921,165,785,826","163,163,164,163,163,163,163,163,164,163,164",544
3202,109,"451,59,702,482,284,469,86,260,634,539","163,164,176,164,165,163,164,163,163,148",669
541,109,"896,342,133,211,816,290,86,535,369,785","165,163,163,163,164,3,164,164,163,163",528
2883,109,"376,342,524,16,101,708,35,189,157,840","164,163,165,164,163,165,163,165,163,163",389
1595,109,"284,342,367,688,574,16,75,742,154,59","165,163,165,164,164,164,163,164,164,164",500
4837,109,"284,190,154,59,75,133,276,405,840,369","165,163,164,164,164,163,163,155,154,163,163",464
5610,109,"376,342,451,688,133,574,626,535,785,714","164,163,163,164,163,164,164,164,163,163",653
66,109,"376,260,688,469,505,342,165,65,16,369","164,163,164,163,163,164,163,164,163,164,163",653
5436,109,"896,376,688,86,284,59,469,211,101,290","165,164,164,164,165,164,163,163,163,3",547
2737,109,"505,742,260,65,417,59,342,785,449,435","163,164,164,163,163,165,164,163,163,165,165",535
573,109,"190,616,157,391,405,290,417,829,435,449","163,164,163,163,163,154,3,165,163,165,165",547
1670,109,"451,417,168,163,505,342,449,688,742,535","163,165,165,163,163,164,163,165,164,164,164",644
5744,109,"896,376,451,133,864,921,574,626,98,101","165,164,163,163,163,163,164,164,164,163",586
1223,109,"376,417,921,190,86,133,435,688,505,165","164,165,163,163,164,164,163,165,164,163,164,164",400
376,109,"753,133,626,8,785,829,688,634,367,16","164,163,164,163,163,163,164,163,165,164",412
2837,109,"896,342,391,8,574,826,449,333,213,714","165,163,163,163,164,164,165,163,163,163",538
2931,109,"223,100,469,86,260,35,666,336,616,900","165,165,163,164,163,163,175,176,163,267",461
1374,109,"376,59,391,165,8,435,154,367,65,333","164,164,163,164,163,165,164,165,163,163",553
2938,109,"376,211,86,634,157,840,213,16,405,367","164,163,164,163,163,163,163,164,154,165",535
1563,109,"896,342,284,535,574,88,805,890,696,75","165,163,165,164,164,164,164,164,164,163",519
3981,109,"376,451,59,154,688,405,65,344,634,829","164,163,164,164,164,154,163,163,163,163",520
1993,109,"896,505,616,133,688,157,369,165,405,840","165,163,164,163,163,164,163,163,164,154,163",540
4228,109,"284,133,626,449,921,535,101,169,52,826","165,163,164,165,163,164,163,164,163,164,164",549
934,109,"284,753,626,688,469,785,101,574,75,816","165,164,164,164,163,163,163,164,163,164",577
449,109,"451,417,284,65,688,469,190,157,574,367","163,165,165,163,164,163,163,164,163,164,165",541
944,109,"616,469,165,921,101,449,826,486,805,75","163,163,164,163,163,165,164,164,164,163",447
3243,109,"284,753,391,449,535,554,333,840,369,696","165,164,163,165,164,165,163,163,163,164",553
889,109,"896,688,616,574,753,260,469,101,829,405","165,164,163,164,164,163,163,163,163,154",519
3540,109,"133,616,59,190,344,260,157,714,405,829","163,163,164,163,164,163,163,163,163,154,163",553
2861,109,"376,342,8,16,535,213,165,688,816,52","164,163,163,164,164,163,164,164,164,163,164",412
4748,109,"451,190,626,391,101,52,88,435,129,816","163,163,164,164,163,163,163,164,164,165,165,164",521
3532,109,"376,451,574,190,469,921,753,52,367,169","164,163,164,163,164,163,163,164,163,164,165,164",528
1764,109,"284,688,16,86,449,59,165,367,260,554","165,164,164,164,165,164,164,165,163,165",541
1614,109,"376,505,574,101,785,486,696,129,805,367","164,163,164,164,163,163,164,164,165,164,165",571
5452,109,"376,753,190,391,435,626,16,157,829,59","164,164,163,164,163,165,164,164,163,163,164",519
5139,109,"896,376,342,921,101,486,369,435,16,675","165,164,163,163,163,164,163,165,164,165",472
2840,109,"451,342,8,505,169,574,165,535,333,890","163,163,163,163,164,164,164,164,164,163,164",355
2905,109,"896,342,260,59,211,688,829,154,535,785","165,163,163,164,163,164,163,164,164,163",628
1538,109,"284,753,505,469,169,554,367,52,75,190","165,164,163,164,163,164,165,165,163,164,163,163,164",494
681,109,"133,417,190,157,469,574,435,260,65,88","163,165,163,164,163,163,164,165,163,163,164",514
2101,109,"376,451,133,342,753,574,165,367,16,826","164,163,163,163,164,164,164,165,164,164",574
5250,109,"469,688,742,86,154,405,101,290,574,88","163,164,164,164,164,154,163,3,164,164",338
2710,109,"451,753,469,344,714,211,574,367,276,405","163,164,163,163,163,163,164,165,155,154",520
3446,109,"753,133,190,469,616,785,391,714,634,369","164,163,163,164,163,163,163,163,163,163,163",519
1057,109,"376,451,154,86,367,417,435,616,714,449","164,163,164,164,165,165,165,163,163,165",543
671,109,"753,417,133,16,616,714,391,213,535,75","164,165,163,164,163,163,163,163,164,163",460
185,109,"376,451,665,753,616,211,260,59,479,190","164,163,164,164,163,163,163,164,163,163,164",720
622,109,"376,451,154,59,157,284,469,65,344,785","164,163,164,164,163,165,163,163,163,163",535
2367,109,"896,451,133,753,154,65,469,714,369,840","165,163,163,164,164,163,163,163,163,163",398
717,109,"447,418,7,696,598,59,88,651,888,552","164,164,165,164,165,164,164,169,163,63",461
5110,109,"284,417,688,190,154,16,449,391,634,86","165,165,164,163,164,164,164,165,163,163,164",349
2548,109,"896,505,451,469,574,101,785,16,88,714","165,163,164,163,163,164,163,163,164,164,163",228
5210,109,"616,688,626,921,391,785,169,129,714,890","163,164,164,163,163,163,164,165,163,164",523
2654,109,"284,133,342,574,714,435,391,785,75,65","165,163,163,164,163,165,163,163,163,163",541
5074,109,"376,451,417,626,391,8,435,890,574,129","164,163,165,164,163,163,165,164,164,165",553
4457,109,"896,376,616,211,574,714,276,405,16,539","165,164,163,163,164,163,155,154,164,148",690
1462,109,"753,505,626,344,435,211,165,449,101,8","164,163,164,164,163,165,163,164,165,163,163",554
1213,109,"896,417,505,391,169,535,696,52,333,376","165,165,163,164,163,164,164,164,163,164,163,164",644
1760,109,"753,133,59,505,574,86,816,165,405,369","164,163,164,163,164,164,164,164,164,154,163",600
1298,109,"376,753,688,260,75,86,405,369,344,101","164,164,164,163,163,164,154,163,163,163",430
2094,109,"896,376,284,344,260,16,211,469,213,405","165,164,165,163,163,164,163,163,163,154",537
3549,109,"896,616,284,344,65,753,469,16,405,276","165,163,165,163,163,164,163,164,154,155",633
5694,109,"896,75,59,753,367,574,157,405,276,213","165,163,164,164,165,164,163,154,155,163",606
112,109,"223,447,100,896,7,418,899,208,708,524","165,164,165,165,165,164,169,169,165,165",749
3791,109,"482,505,163,417,616,154,469,634,86,165","164,163,164,163,165,163,164,163,163,164,164",639
1269,109,"284,469,785,101,921,367,333,88,213,129","165,163,163,163,163,165,163,164,163,165",476
4216,109,"451,284,391,469,554,333,826,88,52,190","163,165,163,163,165,163,164,164,163,164,163,164",553
1837,109,"753,742,469,616,59,157,626,391,435,535","164,164,163,163,164,163,164,163,165,164",499
2380,109,"451,211,284,154,65,276,405,803,279,182","163,163,165,164,163,155,154,148,33,153",535
2786,109,"451,342,783,8,626,165,505,826,486,554","163,163,165,163,164,164,163,164,164,164,165",691
3513,109,"376,417,753,16,829,714,535,333,785,805","164,165,164,164,163,163,164,163,163,164",523
111,109,"284,417,626,435,165,785,169,554,505,52","165,165,164,165,164,163,164,165,163,164,163,164",598
4671,109,"896,376,133,616,785,469,165,753,52,169","165,164,163,163,163,163,164,164,163,164,164",553
1507,109,"284,616,190,211,86,469,213,405,276,101","165,163,163,164,163,164,163,163,154,155,163",634
3266,109,"896,376,284,86,469,342,921,157,742,190","165,164,165,164,163,163,163,163,164,163,164",579
3187,109,"451,753,626,154,435,785,165,65,921,634","163,164,164,164,165,163,164,163,163,163",374
5211,109,"284,342,190,75,65,816,449,211,101,785","165,163,163,164,163,163,164,165,163,163,163",541
2831,109,"753,688,211,469,75,405,840,16,505,342","164,164,163,163,163,154,163,164,163,164,163",513
2347,109,"451,417,342,86,133,435,626,157,16,260","163,165,163,164,163,165,164,163,164,163",555
5507,109,"451,284,469,921,101,826,486,304,696,213","163,165,163,163,163,164,164,164,164,163",519
5544,109,"376,742,284,211,616,190,133,921,154,688","164,164,165,163,163,163,164,163,163,164,164",720
2914,109,"451,417,688,86,65,829,101,634,505,405","163,165,164,164,163,163,163,163,163,164,154",559
5496,109,"451,417,505,133,157,714,16,405,165,535","163,165,163,164,163,163,163,164,154,164,164",530
1138,109,"753,626,574,921,435,101,486,840,367,829","164,164,164,163,165,163,164,163,165,163",535
4419,109,"896,417,395,816,783,342,921,435,101,535","165,165,165,164,165,163,163,165,163,164",627
3276,109,"376,342,417,16,59,157,574,391,101,742","164,163,165,164,164,163,164,163,163,164",569
1047,109,"366,342,896,665,7,864,284,417,524,254","164,163,165,164,165,163,165,165,165,164",782
2918,109,"896,342,505,101,449,486,369,16,816,840","165,163,163,164,163,165,164,163,164,164,163",634
1378,109,"376,59,284,190,276,539,349,46,353,101","164,164,165,163,164,155,148,127,156,63,163",588
1389,109,"190,616,86,829,369,211,816,16,405,165","163,164,163,164,163,163,163,164,164,154,164",618
4400,109,"896,626,616,449,8,165,369,554,367,213","165,164,163,165,163,164,163,165,165,163",654
565,109,"753,342,133,86,921,190,391,157,88,616","164,163,163,164,163,163,164,163,163,164,163",640
5627,109,"896,284,163,451,535,714,688,211,742,369","165,165,163,163,164,163,164,163,164,163",669
5456,109,"133,665,342,391,52,688,16,747,157,154","163,164,163,163,163,164,164,164,164,163,164",611
123,109,"896,59,449,86,829,921,154,369,101,391","165,164,165,164,163,163,164,163,163,163",466
3482,109,"451,342,133,469,574,165,391,535,101,154","163,163,163,163,164,164,163,164,163,164",547
6033,109,"284,342,469,742,574,211,816,157,59,290","165,163,163,164,164,163,164,163,164,3",661
5560,109,"284,616,154,688,276,369,539,46,353,803","165,163,164,164,155,163,148,156,63,148",616
4723,109,"133,505,469,367,16,696,714,213,260,435","163,163,164,163,165,164,164,163,163,163,165",498
1525,109,"376,616,65,714,367,829,276,405,505,157","164,163,163,163,165,163,155,154,163,164,163",600
3854,109,"284,616,753,154,86,714,505,840,369,405","165,163,164,164,164,163,163,164,163,163,154",544
184,109,"284,133,163,616,342,157,75,290,634,535","165,163,163,163,163,163,163,3,163,164",645
1025,109,"451,133,391,449,921,535,165,753,190,554","163,163,163,165,163,164,164,164,163,164,165",535
4422,109,"451,133,574,165,101,367,826,714,129,890","163,163,164,164,163,165,164,163,165,164",374
2100,109,"133,59,190,469,165,505,816,634,101,75","163,164,163,164,163,164,163,164,164,163,163,163",371
2034,109,"376,342,626,8,189,574,190,367,753,211","164,163,164,163,165,164,163,164,165,164,163",485
1554,109,"190,535,829,75,449,367,921,785,554,65","163,164,164,163,163,165,165,163,163,165,163",612
3938,109,"896,417,342,98,419,356,698,940,269,826","165,165,163,164,176,164,176,176,176,164",688
3315,109,"896,284,190,59,451,101,86,714,65,634","165,165,163,164,164,163,163,164,163,163,163",541
966,109,"451,417,688,829,157,75,367,391,785,634","163,165,164,163,163,163,165,163,163,163",510
4238,109,"753,342,133,742,86,65,367,190,349,840","164,163,163,164,164,163,165,163,164,127,163",521
3693,109,"376,284,469,101,333,16,260,714,816,52","164,165,163,163,163,164,163,163,164,163,164",463
1674,109,"896,482,626,816,59,157,65,342,86,634","165,164,164,164,164,163,163,163,164,163",640
4816,109,"896,665,342,574,169,190,101,163,165,260","165,164,163,164,164,163,164,163,163,164,163",550
4352,109,"451,211,367,405,65,753,714,456,279,523","163,163,165,154,163,164,163,269,33,21",535
2677,109,"896,451,753,260,189,574,505,276,702,182","165,163,164,163,165,164,163,164,155,176,153",796
3486,109,"451,665,482,284,417,391,98,356,169,52","163,164,164,165,165,163,164,164,164,163,164",702
796,109,"451,417,284,505,188,391,469,165,101,785","163,165,165,163,164,165,163,163,164,163,163",635
5561,109,"578,417,783,188,7,254,626,101,391,168","163,165,165,165,165,164,164,163,163,165",509
2917,109,"896,376,626,451,505,391,921,435,367,903","165,164,164,163,163,164,163,163,165,165,129",519
4277,109,"376,342,451,284,449,16,59,101,88,52","164,163,163,165,165,164,164,163,164,163,164",563
444,109,"133,616,154,190,367,75,574,65,405,276","163,163,164,163,164,165,163,164,163,154,155",526
2078,109,"896,417,616,59,157,391,260,213,742,554","165,165,163,164,163,163,163,163,164,165",516
2781,109,"376,154,65,405,574,276,182,251,495,80","164,164,163,154,164,155,153,129,156,155",555
1503,109,"896,626,574,391,505,785,554,449,304,696","165,164,164,163,163,164,163,165,165,164,164",553
2961,109,"163,342,469,616,816,65,165,369,449,75","163,163,163,163,164,163,164,163,165,163",678
2627,109,"376,417,921,8,698,98,419,269,391,842","164,165,163,163,176,164,176,176,163,176",689
4492,109,"896,626,190,616,101,88,367,304,840,696","165,164,163,164,163,163,164,165,164,163,164",531
4858,109,"896,342,451,284,574,86,634,75,367,213","165,163,163,165,164,164,163,163,165,163",594
1041,109,"896,417,505,8,391,921,574,890,535,554","165,165,163,164,163,163,163,164,164,164,165",669
987,109,"896,417,342,284,451,469,59,344,141,742","165,165,163,165,163,163,164,163,165,164",690
432,109,"469,688,59,16,342,211,165,634,290,367","163,164,164,164,163,163,164,163,3,165",507
970,109,"376,417,753,505,449,154,157,816,165,213","164,165,164,163,164,165,164,163,164,164,163",394
6147,109,"896,342,86,626,535,88,435,16,554,169","165,163,164,164,164,164,165,164,165,164",576
1709,109,"896,126,451,133,753,747,163,616,816,284","165,165,163,163,164,164,163,163,164,165",682
4088,109,"376,469,688,157,86,16,829,367,816,435","164,163,164,163,164,164,163,165,164,165",479
5126,109,"190,342,260,574,626,616,344,369,16,405","163,164,163,163,164,164,163,163,163,164,154",498
464,109,"896,626,391,190,469,154,260,714,157,59","165,164,163,163,164,163,164,163,163,163,164",608
4325,109,"896,376,344,469,190,276,634,369,367,840","165,164,163,163,163,164,155,163,163,165,163",571
2211,109,"254,65,773,665,482,42,896,616,753,574","164,163,164,164,164,176,165,163,164,164",717
2618,109,"896,626,753,154,260,405,714,276,816,505","165,164,164,164,163,154,163,155,164,163,164",586
4940,109,"284,469,449,75,16,367,333,169,52,486","165,163,165,163,164,165,163,164,163,164,164",601
1823,109,"896,626,505,284,554,714,333,304,840,435","165,164,163,164,165,165,163,163,164,163,165",612
2795,109,"451,417,284,8,165,574,435,826,449,190","163,165,165,163,164,164,165,164,165,163,164",510
2949,109,"896,284,469,616,753,16,785,435,921,696","165,165,163,163,164,164,163,165,163,164",600
4827,109,"896,417,753,505,86,574,391,816,165,742","165,165,164,163,164,164,164,163,164,164,164",412
1788,109,"896,482,574,524,785,469,190,481,75,805","165,164,164,165,163,163,163,164,168,163,164",187
3462,109,"284,190,154,260,59,469,753,133,742,688","165,163,164,164,163,164,163,164,163,164,164",539
2322,109,"753,342,133,688,86,469,65,742,211,714","164,163,163,164,164,163,163,164,163,163",693
248,109,"376,829,574,344,165,785,435,260,88,157","164,163,164,163,164,163,165,163,164,163",612
4017,109,"896,376,451,284,753,714,626,634,211,405","165,164,163,165,164,163,164,163,163,154",519
767,109,"896,342,626,391,505,486,574,554,284,435","165,163,164,163,163,164,164,164,165,165,165",582
4698,109,"376,417,284,469,165,367,616,75,840,16","164,165,165,163,164,165,163,163,163,164",553
35,109,"376,342,688,133,59,742,574,367,634,75","164,163,164,163,164,164,164,165,163,163",620
2148,109,"753,133,688,505,16,157,154,435,344,369","164,163,164,163,164,164,163,164,165,163,163",520
5579,109,"376,451,86,616,417,505,16,165,213,154","164,163,164,163,165,163,164,164,164,163,164",585
5580,109,"376,342,451,284,417,505,783,626,165,260","164,163,163,165,165,163,164,165,164,164,163",608
1109,109,"753,417,921,391,535,133,469,88,169,616","164,165,163,163,164,163,163,164,164,163",555
2923,109,"284,154,86,469,133,829,157,714,342,369","165,164,164,163,163,163,163,163,163,163",669
1172,109,"896,417,190,16,284,101,391,816,435,59","165,165,163,164,164,165,163,163,164,165,164",506
714,109,"451,417,342,59,154,435,16,369,260,616","163,165,163,164,164,165,164,163,163,163",380
5558,109,"376,742,75,405,816,349,290,539,353,456","164,164,163,154,164,127,3,148,63,269",561
3945,109,"190,59,344,369,505,276,405,840,349,456","163,164,164,163,163,163,164,155,154,163,127,269",582
730,109,"376,342,753,505,574,435,535,157,714,101","164,163,164,163,164,164,165,164,163,163,163",572
3475,109,"376,451,753,469,616,165,634,344,154,75","164,163,164,163,163,164,163,163,164,163",547
932,109,"451,616,16,449,369,367,101,75,260,213","163,163,164,165,163,165,163,163,163,163",568
2062,109,"469,626,688,714,86,369,213,290,574,405","163,164,164,163,164,163,163,3,164,154",380
3456,109,"133,190,616,449,574,52,826,840,435,157","163,163,164,163,165,164,163,164,164,163,165,163",545
1046,109,"896,417,342,284,785,367,535,449,304,369","165,165,163,165,163,165,164,165,164,163",401
2726,109,"376,451,574,921,616,469,75,88,714,190","164,163,164,163,163,163,163,164,163,163,164",546
3852,109,"896,376,133,101,190,165,451,86,435,75","165,164,163,163,163,164,164,163,164,165,163",531
5016,109,"451,688,616,574,133,86,75,405,714,276","163,164,163,164,163,164,163,154,163,155",264
