user_id,seed,sampled_q_ids,sampled_subject_ids,student_total_questions
4540,100,"376,688,157,535,829,367,840,52,923,405","164,164,163,164,163,165,163,163,164,195,154",251
3507,100,"896,417,376,451,753,59,133,211,616,260","165,165,164,163,164,164,163,163,163,163",531
4932,100,"896,376,688,451,284,133,86,75,469,417","165,164,164,163,165,163,164,163,163,165",471
5784,100,"896,376,742,451,574,211,284,59,344,86","165,164,164,163,164,163,165,164,163,164",490
5424,100,"896,417,626,342,574,921,8,505,535,391","165,165,164,163,164,163,163,163,164,164,163",535
5481,100,"896,417,626,342,574,921,8,505,535,435","165,165,164,163,164,163,163,163,164,164,165",553
4511,100,"896,376,742,163,451,284,688,616,190,86","165,164,164,163,163,165,164,163,163,164,164",612
5430,100,"896,417,376,190,451,753,505,391,342,133","165,165,164,163,164,163,164,163,164,163,163,163",546
2873,100,"896,417,626,342,8,101,169,826,88,805","165,165,164,163,163,163,164,164,164,164",477
1235,100,"896,376,688,451,284,133,342,101,8,169","165,164,164,163,165,163,163,163,163,164",494
4355,100,"896,665,342,417,505,52,391,8,35,626","165,164,163,165,163,164,163,164,163,163,163,164",586
3184,100,"896,376,742,59,86,344,154,451,405,211","165,164,164,164,164,163,164,163,154,163",535
2179,100,"896,417,626,342,8,840,376,574,284,435","165,165,164,163,163,163,164,164,165,165",352
3210,100,"896,417,626,342,8,840,574,826,469,486","165,165,164,163,163,163,164,164,163,164",544
3735,100,"376,688,157,535,52,840,829,367,903,923","164,164,163,164,163,164,163,163,165,129,195",289
4486,100,"896,417,376,190,342,616,574,505,391,626","165,165,164,163,164,163,163,164,163,164,163,164",519
574,100,"896,417,626,342,8,101,826,391,486,890","165,165,164,163,163,163,164,163,164,164",483
633,100,"896,417,376,451,753,616,505,190,65,86","165,165,164,163,164,163,163,164,163,164,163,164",508
1133,100,"896,376,688,451,59,154,742,367,65,86","165,164,164,163,164,164,164,165,163,164",361
5148,100,"896,376,742,59,86,344,154,65,803,373","165,164,164,164,164,163,164,163,148,148",556
64,100,"896,376,688,451,284,86,133,157,344,469","165,164,164,163,165,164,163,163,163,163",494
5501,100,"896,417,626,342,8,101,169,391,826,486","165,165,164,163,163,163,164,163,164,164",463
1584,100,"896,376,742,59,86,344,154,469,260,688","165,164,164,164,164,163,164,163,163,164",413
729,100,"896,376,688,451,284,742,344,616,86,59","165,164,164,163,165,164,163,163,164,164",346
3759,100,"896,417,626,342,8,101,826,391,486,890","165,165,164,163,163,163,164,163,164,164",437
3009,100,"896,376,342,505,469,753,451,133,688,921","165,164,163,163,164,163,164,163,163,164,163",516
4554,100,"896,417,626,342,8,101,169,826,88,805","165,165,164,163,163,163,164,164,164,164",569
2626,100,"896,417,626,59,342,163,753,86,921,435","165,165,164,164,163,163,164,164,163,165",628
2261,100,"896,417,376,163,451,154,616,742,65,434","165,165,164,163,163,164,163,164,163,129",641
3610,100,"896,417,376,163,451,133,211,742,154,260","165,165,164,163,163,163,163,164,164,163",600
5528,100,"896,417,376,190,342,616,574,391,451,101","165,165,164,163,164,163,163,164,163,163,163",553
5711,100,"896,417,626,59,342,163,505,816,574,535","165,165,164,164,163,163,163,164,164,164,164",553
2930,100,"376,688,157,535,829,367,840,52,923,405","164,164,163,164,163,165,163,163,164,195,154",293
145,100,"896,417,626,59,342,8,133,376,616,505","165,165,164,164,163,163,163,164,163,163,164",500
5860,100,"896,376,742,59,260,154,86,344,65,803","165,164,164,164,163,164,164,163,163,148",354
5493,100,"896,417,626,342,8,101,169,826,391,52","165,165,164,163,163,163,164,164,163,163,164",544
1509,100,"896,482,665,52,535,574,8,35,505,376","165,164,164,163,164,164,164,163,163,163,164,164",594
3202,100,"896,376,742,59,163,86,344,154,469,479","165,164,164,164,163,164,163,164,163,163",669
541,100,"896,417,626,342,574,921,8,505,535,435","165,165,164,163,164,163,163,163,164,164,165",528
1595,100,"896,417,626,342,8,840,376,574,284,435","165,165,164,163,163,163,164,164,165,165",500
4837,100,"896,376,742,451,284,616,86,65,59,344","165,164,164,163,165,163,164,163,164,163",464
5610,100,"896,417,376,190,342,753,505,574,391,626","165,165,164,163,164,163,164,163,164,164,163,164",653
66,100,"896,376,742,59,163,451,616,211,688,290","165,164,164,164,163,163,163,163,164,3",653
4215,100,"896,376,505,574,133,753,469,52,8,157","165,164,163,164,164,163,164,163,163,164,163,163",415
5436,100,"896,376,688,451,742,59,574,154,65,75","165,164,164,163,164,164,164,164,163,163",547
2737,100,"896,376,742,451,284,133,449,753,417,342","165,164,164,163,165,163,165,164,165,163",535
573,100,"896,376,688,451,284,342,133,154,753,469","165,164,164,163,165,163,163,164,164,163",547
1670,100,"896,376,688,451,284,342,783,921,395,753","165,164,164,163,165,163,165,163,165,164",644
5744,100,"896,376,688,451,284,133,342,98,486,189","165,164,164,163,165,163,163,164,164,165",586
1223,100,"896,417,626,342,574,505,921,376,391,785","165,165,164,163,164,163,164,163,164,163,163",400
2837,100,"896,417,626,342,8,101,369,169,391,826","165,165,164,163,163,163,163,164,163,164",538
5167,100,"896,417,626,59,342,451,133,284,86,574","165,165,164,164,163,163,163,165,164,164",557
1374,100,"896,417,626,59,342,163,505,816,574,535","165,165,164,164,163,163,163,164,164,164,164",553
2938,100,"896,376,742,451,284,616,86,65,59,344","165,164,164,163,165,163,164,163,164,163",535
4883,100,"896,417,626,8,376,574,435,505,59,284","165,165,164,163,164,164,165,163,164,164,165",531
1715,100,"376,688,157,535,829,367,840,52,903,923","164,164,163,164,163,165,163,163,164,129,195",378
1563,100,"896,417,626,342,8,101,169,391,826,486","165,165,164,163,163,163,164,163,164,164",519
3981,100,"896,376,742,451,574,211,154,367,284,59","165,164,164,163,164,163,164,165,165,164",520
1993,100,"896,417,376,451,211,154,65,753,688,616","165,165,164,163,163,164,163,164,164,163",540
4228,100,"896,417,626,342,8,101,169,826,88,805","165,165,164,163,163,163,164,164,164,164",549
3557,100,"376,688,157,535,829,367,840,52,903,646","164,164,163,164,163,165,163,163,164,129,155",304
449,100,"896,417,376,451,753,59,133,505,616,190","165,165,164,163,164,164,163,163,164,163,163,164",541
944,100,"896,417,626,342,8,101,169,391,826,486","165,165,164,163,163,163,164,163,164,164",447
3243,100,"896,417,626,342,8,101,369,169,391,826","165,165,164,163,163,163,163,164,163,164",553
889,100,"896,376,688,451,284,86,133,190,154,344","165,164,164,163,165,164,163,163,164,164,163",519
3540,100,"896,417,376,190,451,753,616,59,133,688","165,165,164,163,164,163,164,163,164,163,164",553
4748,100,"896,417,626,342,8,840,574,826,101,169","165,165,164,163,163,163,164,164,163,164",521
3532,100,"896,376,688,451,284,342,133,574,417,921","165,164,164,163,165,163,163,164,165,163",528
1764,100,"896,417,626,342,574,921,505,8,535,376","165,165,164,163,164,163,163,164,163,164,164",541
1614,100,"896,417,626,342,8,101,169,391,826,486","165,165,164,163,163,163,164,163,164,164",571
5452,100,"896,376,688,451,284,86,344,59,154,157","165,164,164,163,165,164,163,164,164,163",519
5139,100,"896,417,626,342,8,101,169,391,826,486","165,165,164,163,163,163,164,163,164,164",472
2840,100,"896,417,376,190,342,616,574,391,451,101","165,165,164,163,164,163,163,164,163,163,163",355
2905,100,"896,417,376,451,753,616,133,190,505,469","165,165,164,163,164,163,163,163,164,163,164,163",628
1294,100,"896,417,376,190,451,133,616,449,342,574","165,165,164,163,164,163,163,163,165,163,164",570
2101,100,"896,417,626,342,8,840,376,469,133,505","165,165,164,163,163,163,164,163,163,163,164",574
5250,100,"896,376,742,59,86,344,154,469,260,688","165,164,164,164,164,163,164,163,163,164",338
2710,100,"896,417,376,451,753,59,211,133,469,616","165,165,164,163,164,164,163,163,163,163",520
3446,100,"896,376,688,451,284,342,133,574,417,921","165,164,164,163,165,163,163,164,165,163",519
1057,100,"896,417,626,59,154,616,451,190,742,211","165,165,164,164,164,163,163,163,164,164,163",543
185,100,"896,376,742,163,451,284,753,616,190,260","165,164,164,163,163,165,164,163,163,164,163",720
622,100,"896,417,626,342,8,840,376,574,921,535","165,165,164,163,163,163,164,164,163,164",535
2367,100,"896,376,688,451,284,742,86,59,344,75","165,164,164,163,165,164,164,164,163,163",398
5110,100,"896,417,376,451,753,616,505,190,65,86","165,165,164,163,164,163,163,164,163,164,163,164",349
5210,100,"896,417,626,342,8,840,574,826,469,486","165,165,164,163,163,163,164,164,163,164",523
2654,100,"896,417,626,59,342,451,753,505,284,435","165,165,164,164,163,163,164,163,164,165,165",541
5074,100,"896,417,626,342,8,101,169,391,826,486","165,165,164,163,163,163,164,163,164,164",553
4457,100,"896,376,742,59,163,86,65,154,344,75","165,164,164,164,163,164,163,164,163,163",690
1462,100,"896,417,626,59,342,8,169,52,921,616","165,165,164,164,163,163,164,163,164,163,163",554
1213,100,"896,482,417,626,342,8,826,469,574,486","165,164,165,164,163,163,164,163,164,164",644
1506,100,"376,163,742,65,616,284,165,101,417,342","164,163,164,163,163,165,164,163,165,163",388
1010,100,"896,376,574,133,829,367,714,535,451,86","165,164,164,163,163,165,163,164,163,164",270
1760,100,"896,417,376,451,211,154,65,753,688,742","165,165,164,163,163,164,163,164,164,164",600
1298,100,"896,376,688,451,284,742,86,190,344,59","165,164,164,163,165,164,164,163,164,163,164",430
3549,100,"896,376,451,284,163,59,86,190,742,344","165,164,163,165,163,164,164,163,164,164,163",633
5694,100,"896,376,742,59,260,154,86,616,753,344","165,164,164,164,163,164,164,163,164,163",606
3791,100,"896,482,417,505,451,376,616,574,342,816","165,164,165,163,164,163,164,163,164,163,164",639
4216,100,"896,417,626,342,8,840,574,826,101,391","165,165,164,163,163,163,164,164,163,163",553
1837,100,"896,376,742,451,284,616,260,86,753,65","165,164,164,163,165,163,163,164,164,163",499
2380,100,"896,417,626,342,574,505,921,376,391,535","165,165,164,163,164,163,164,163,164,163,164",535
2786,100,"896,417,395,8,783,188,169,342,101,826","165,165,165,163,165,165,164,163,163,164",691
3513,100,"896,417,376,190,342,616,574,505,391,451","165,165,164,163,164,163,163,164,163,164,163,163",523
3166,100,"896,417,626,59,284,505,8,376,574,435","165,165,164,164,165,163,164,163,164,164,165",472
111,100,"896,417,626,342,8,101,169,826,391,52","165,165,164,163,163,163,164,164,163,163,164",598
4671,100,"896,417,626,59,342,8,169,52,921,785","165,165,164,164,163,163,164,163,164,163,163",553
1507,100,"896,417,376,451,753,616,505,190,65,86","165,165,164,163,164,163,163,164,163,164,163,164",634
3266,100,"896,376,688,451,284,342,133,574,417,753","165,164,164,163,165,163,163,164,165,164",579
3187,100,"896,417,376,190,342,616,574,391,626,101","165,165,164,163,164,163,163,164,163,164,163",374
5211,100,"896,376,742,59,260,451,133,284,342,86","165,164,164,164,163,163,163,165,163,164",541
2831,100,"896,417,376,451,753,59,133,505,616,16","165,165,164,163,164,164,163,163,164,163,164",513
2347,100,"896,417,626,59,342,451,753,133,505,469","165,165,164,164,163,163,164,163,163,164,163",555
5507,100,"896,417,626,342,8,101,169,391,826,486","165,165,164,163,163,163,164,163,164,164",519
5195,100,"376,688,157,535,52,829,840,367,923,405","164,164,163,164,163,164,163,163,165,195,154",304
5544,100,"896,376,742,163,451,284,688,616,417,16","165,164,164,163,163,165,164,163,165,164",720
2914,100,"896,417,376,451,753,59,133,505,616,211","165,165,164,163,164,164,163,163,164,163,163",559
5496,100,"896,417,626,342,8,101,369,169,574,190","165,165,164,163,163,163,163,164,164,163,164",530
1138,100,"896,417,626,342,8,840,376,469,133,505","165,165,164,163,163,163,164,163,163,163,164",535
4419,100,"896,417,395,816,783,626,59,616,753,342","165,165,165,164,165,164,164,163,164,163",627
3276,100,"896,417,376,190,342,616,574,391,626,101","165,165,164,163,164,163,163,164,163,164,163",569
2918,100,"896,417,626,342,8,840,574,826,101,169","165,165,164,163,163,163,164,164,163,164",634
50,100,"376,688,157,535,829,367,840,52,903,923","164,164,163,164,163,165,163,163,164,129,195",304
1378,100,"896,376,742,451,284,616,86,65,59,344","165,164,164,163,165,163,164,163,164,163",588
1389,100,"896,417,376,190,342,753,505,574,391,626","165,165,164,163,164,163,164,163,164,164,163,164",618
4400,100,"896,482,417,505,451,376,616,574,342,626","165,164,165,163,164,163,164,163,164,163,164",654
565,100,"896,482,417,505,574,376,391,616,688,449","165,164,165,163,164,164,164,163,163,164,165",640
5627,100,"896,417,376,190,451,753,616,133,688,163","165,165,164,163,164,163,164,163,163,164,163",669
5456,100,"896,665,342,417,505,59,376,391,190,451","165,164,163,165,163,164,164,164,163,163,164,163",611
1362,100,"896,376,451,86,211,405,574,688,260,495","165,164,163,164,163,154,164,164,163,156",574
123,100,"896,417,626,59,342,8,133,376,190,616","165,165,164,164,163,163,163,164,163,164,163",466
3482,100,"896,417,376,190,342,753,505,451,284,574","165,165,164,163,164,163,164,163,164,163,165,164",547
1626,100,"896,376,742,451,284,133,753,342,260,86","165,164,164,163,165,163,164,163,163,164",540
6033,100,"896,376,742,163,451,574,616,417,688,211","165,164,164,163,163,164,163,165,164,163",661
5560,100,"896,376,742,59,86,344,154,65,803,353","165,164,164,164,164,163,164,163,148,63",616
4723,100,"896,417,376,190,451,753,505,391,342,626","165,165,164,163,164,163,164,163,164,163,163,164",498
1525,100,"896,376,742,451,574,211,154,367,284,59","165,164,164,163,164,163,164,165,165,164",600
3854,100,"896,376,688,451,284,86,344,59,154,157","165,164,164,163,165,164,163,164,164,163",544
184,100,"896,417,626,342,574,921,505,133,163,816","165,165,164,163,164,163,163,164,163,163,164",645
1025,100,"896,417,626,342,8,101,169,391,826,486","165,165,164,163,163,163,164,163,164,164",535
2100,100,"896,417,376,190,342,616,574,391,451,101","165,165,164,163,164,163,163,164,163,163,163",371
2034,100,"896,376,688,451,284,342,417,753,133,665","165,164,164,163,165,163,165,164,163,164",485
1554,100,"896,417,626,342,8,101,169,826,88,805","165,165,164,163,163,163,164,164,164,164",612
3938,100,"896,665,342,417,8,35,626,356,419,698","165,164,163,165,163,163,164,164,176,176",688
481,100,"896,417,376,451,211,742,65,688,574,816","165,165,164,163,163,164,163,164,164,164",463
3315,100,"896,417,626,59,342,8,169,52,505,163","165,165,164,164,163,163,164,163,164,163,164,163",541
966,100,"896,417,376,451,753,59,133,211,616,260","165,165,164,163,164,164,163,163,163,163",510
4238,100,"896,376,688,451,742,59,803,154,344,65","165,164,164,163,164,164,148,164,163,163",521
3693,100,"896,417,376,190,342,753,505,451,284,574","165,165,164,163,164,163,164,163,164,163,165,164",463
1674,100,"896,482,417,505,574,376,52,616,449,190","165,164,165,163,164,164,164,163,164,163,165,163,164",640
4328,100,"376,688,157,535,829,367,840,52,923,405","164,164,163,164,163,165,163,163,164,195,154",278
4352,100,"896,417,376,190,342,753,451,688,154,211","165,165,164,163,164,163,164,163,164,164,163",535
5529,100,"376,342,391,535,169,52,840,616,921,165","164,163,163,164,164,163,164,163,163,163,164",506
2677,100,"896,376,688,451,284,742,163,65,86,260","165,164,164,163,165,164,163,163,164,163",796
3486,100,"896,482,59,665,342,417,8,98,356,169","165,164,164,164,163,165,163,164,164,164",702
796,100,"896,417,395,8,783,101,626,342,188,505","165,165,165,163,165,163,164,163,165,163,164",635
2917,100,"896,417,626,59,342,451,753,505,574,133","165,165,164,164,163,163,164,163,164,164,163",519
2572,100,"376,688,157,829,535,367,840,52,923,405","164,164,163,163,164,165,163,163,164,195,154",275
4,100,"376,688,157,367,829,535,840,52,923,405","164,164,163,165,163,164,163,163,164,195,154",226
4277,100,"896,417,626,342,574,921,8,101,169,435","165,165,164,163,164,163,163,163,164,165",563
444,100,"896,417,376,190,451,211,154,616,688,753","165,165,164,163,164,163,163,164,163,164,164",526
6036,100,"376,342,688,157,154,921,165,535,344,367","164,163,164,163,164,163,164,164,163,165",493
2078,100,"896,417,376,190,342,753,505,574,449,626","165,165,164,163,164,163,164,163,164,164,165,164",516
2781,100,"896,417,376,451,211,154,742,616,753,65","165,165,164,163,163,164,164,163,164,163",555
1503,100,"896,417,626,342,8,101,169,826,391,486","165,165,164,163,163,163,164,164,163,164",553
2961,100,"896,376,742,163,451,574,616,367,688,211","165,164,164,163,163,164,163,165,164,163",678
2627,100,"896,665,342,417,8,698,419,169,98,940","165,164,163,165,163,176,176,164,164,176",689
1930,100,"896,376,688,451,284,86,344,59,133,742","165,164,164,163,165,164,163,164,163,164",471
2436,100,"896,482,417,626,8,101,826,486,785,890","165,164,165,164,163,163,164,164,163,164",300
4492,100,"896,417,626,342,574,921,505,8,535,376","165,165,164,163,164,163,163,164,163,164,164",531
4858,100,"896,417,376,190,451,753,505,391,342,133","165,165,164,163,164,163,164,163,164,163,163,163",594
1041,100,"896,417,626,342,8,101,169,391,826,486","165,165,164,163,163,163,164,163,164,164",669
987,100,"223,417,126,698,940,8,626,35,189,100","165,165,165,176,176,163,164,163,165,165",690
432,100,"896,417,376,190,451,753,505,133,616,688","165,165,164,163,164,163,164,163,164,163,163,164",507
6147,100,"896,417,626,342,574,921,8,101,169,435","165,165,164,163,164,163,163,163,164,165",576
870,100,"896,376,505,574,8,785,486,826,52,129","165,164,163,164,164,163,163,164,164,163,164,165",427
4088,100,"896,376,688,451,59,154,157,742,574,284","165,164,164,163,164,164,163,164,164,165",479
5126,100,"896,376,688,451,284,86,344,59,154,616","165,164,164,163,165,164,163,164,164,163",498
464,100,"896,417,376,451,753,616,505,133,16,190","165,165,164,163,164,163,163,164,163,164,163,164",608
4325,100,"896,376,742,451,284,616,86,753,65,190","165,164,164,163,165,163,164,164,163,163,164",571
2618,100,"896,417,376,451,211,154,742,65,616,190","165,165,164,163,163,164,164,163,163,163,164",586
4940,100,"896,417,376,190,342,753,505,574,391,626","165,165,164,163,164,163,164,163,164,164,163,164",601
1823,100,"896,417,626,342,574,921,8,101,169,435","165,165,164,163,164,163,163,163,164,165",612
1373,100,"376,342,688,284,634,753,154,157,59,816","164,163,164,165,163,164,164,163,164,164",469
2795,100,"896,417,626,59,342,8,169,52,921,785","165,165,164,164,163,163,164,163,164,163,163",510
5933,100,"896,417,626,342,574,505,921,8,616,284","165,165,164,163,164,163,164,163,163,163,165",448
1778,100,"896,376,342,505,753,451,574,133,469,86","165,164,163,163,164,164,163,164,163,163,164",563
4793,100,"376,163,482,665,616,505,747,342,574,753","164,163,164,164,163,163,164,164,163,164,164",667
2949,100,"896,417,626,342,8,840,376,574,921,101","165,165,164,163,163,163,164,164,163,163",600
1077,100,"376,688,157,405,367,535,829,840,523,923","164,164,163,154,165,164,163,163,21,195",290
3462,100,"896,376,688,451,59,154,157,290,574,133","165,164,164,163,164,164,163,3,164,163",539
2322,100,"578,366,447,451,896,168,7,376,133,254","163,164,164,163,165,165,165,164,163,164",693
199,100,"896,482,59,133,395,451,816,344,65,168","165,164,164,163,165,163,164,163,163,165",604
248,100,"896,417,376,190,342,753,505,574,449,626","165,165,164,163,164,163,164,163,164,164,165,164",612
4142,100,"896,376,742,59,86,344,75,469,616,688","165,164,164,164,164,163,163,163,163,164",464
4017,100,"896,417,626,59,154,742,190,616,753,342","165,165,164,164,164,164,163,164,163,164,163",519
767,100,"896,417,626,342,8,840,574,826,101,391","165,165,164,163,163,163,164,164,163,163",582
4698,100,"896,417,626,342,574,505,921,8,376,535","165,165,164,163,164,163,164,163,163,164,164",553
35,100,"896,417,376,190,342,753,451,688,163,154","165,165,164,163,164,163,164,163,164,163,164",620
2148,100,"896,417,376,190,451,211,154,616,688,133","165,165,164,163,164,163,163,164,163,164,163",520
4875,100,"896,417,626,59,342,451,753,505,435,785","165,165,164,164,163,163,164,163,164,165,163",423
5579,100,"896,417,376,451,753,616,505,133,16,190","165,165,164,163,164,163,163,164,163,164,163,164",585
5580,100,"896,417,168,376,574,451,783,8,505,714","165,165,165,164,164,163,165,163,163,164,163",608
1109,100,"896,417,626,59,342,8,133,376,616,505","165,165,164,164,163,163,163,164,163,163,164",555
6018,100,"896,376,342,391,8,785,826,554,52,129","165,164,163,163,163,163,164,165,163,164,165",312
2923,100,"896,376,688,451,284,742,163,190,574,342","165,164,164,163,165,164,163,163,164,164,163",669
1172,100,"896,417,376,190,342,616,574,391,626,8","165,165,164,163,164,163,163,164,163,164,163",506
714,100,"896,376,688,451,284,133,342,86,753,505","165,164,164,163,165,163,163,164,164,163,164",380
425,100,"376,688,157,535,52,840,829,367,903,923","164,164,163,164,163,164,163,163,165,129,195",304
5558,100,"896,417,376,451,211,154,742,616,753,65","165,165,164,163,163,164,164,163,164,163",561
3945,100,"896,417,376,190,451,211,154,616,688,133","165,165,164,163,164,163,163,164,163,164,163",582
730,100,"896,417,376,190,342,753,505,574,391,626","165,165,164,163,164,163,164,163,164,164,163,164",572
3475,100,"896,417,376,451,753,59,211,133,742,260","165,165,164,163,164,164,163,163,164,163",547
2062,100,"896,417,626,59,154,616,451,376,342,435","165,165,164,164,164,163,163,164,163,165",380
3456,100,"896,417,626,342,8,101,169,391,826,486","165,165,164,163,163,163,164,163,164,164",545
2726,100,"896,417,626,342,574,921,8,101,169,435","165,165,164,163,164,163,163,163,164,165",546
3852,100,"896,417,376,190,342,616,574,505,391,451","165,165,164,163,164,163,163,164,163,164,163,163",531
4540,101,"376,688,157,535,829,367,840,52,923,405","164,164,163,164,163,165,163,163,164,195,154",251
3507,101,"896,417,376,451,753,59,133,211,616,260","165,165,164,163,164,164,163,163,163,163",531
4932,101,"896,376,688,451,284,133,86,75,469,417","165,164,164,163,165,163,164,163,163,165",471
5784,101,"896,376,742,451,574,211,284,59,344,86","165,164,164,163,164,163,165,164,163,164",490
5424,101,"896,417,626,342,574,921,8,505,535,391","165,165,164,163,164,163,163,163,164,164,163",535
5481,101,"896,417,626,342,574,921,8,505,535,435","165,165,164,163,164,163,163,163,164,164,165",553
4511,101,"896,376,742,163,451,284,688,616,190,86","165,164,164,163,163,165,164,163,163,164,164",612
5430,101,"896,417,376,190,451,753,505,391,342,133","165,165,164,163,164,163,164,163,164,163,163,163",546
2873,101,"896,417,626,342,8,101,169,826,88,805","165,165,164,163,163,163,164,164,164,164",477
1235,101,"896,376,688,451,284,133,342,101,8,169","165,164,164,163,165,163,163,163,163,164",494
4355,101,"896,665,342,417,505,52,391,8,35,626","165,164,163,165,163,164,163,164,163,163,163,164",586
3184,101,"896,376,742,59,86,344,154,451,405,211","165,164,164,164,164,163,164,163,154,163",535
2179,101,"896,417,626,342,8,840,376,574,284,435","165,165,164,163,163,163,164,164,165,165",352
3210,101,"896,417,626,342,8,840,574,826,469,486","165,165,164,163,163,163,164,164,163,164",544
3735,101,"376,688,157,535,52,840,829,367,903,923","164,164,163,164,163,164,163,163,165,129,195",289
4486,101,"896,417,376,190,342,616,574,505,391,626","165,165,164,163,164,163,163,164,163,164,163,164",519
574,101,"896,417,626,342,8,101,826,391,486,890","165,165,164,163,163,163,164,163,164,164",483
633,101,"896,417,376,451,753,616,505,190,65,86","165,165,164,163,164,163,163,164,163,164,163,164",508
1133,101,"896,376,688,451,59,154,742,367,65,86","165,164,164,163,164,164,164,165,163,164",361
5148,101,"896,376,742,59,86,344,154,65,803,373","165,164,164,164,164,163,164,163,148,148",556
64,101,"896,376,688,451,284,86,133,157,344,469","165,164,164,163,165,164,163,163,163,163",494
5501,101,"896,417,626,342,8,101,169,391,826,486","165,165,164,163,163,163,164,163,164,164",463
1584,101,"896,376,742,59,86,344,154,469,260,688","165,164,164,164,164,163,164,163,163,164",413
729,101,"896,376,688,451,284,742,344,616,86,59","165,164,164,163,165,164,163,163,164,164",346
3759,101,"896,417,626,342,8,101,826,391,486,890","165,165,164,163,163,163,164,163,164,164",437
3009,101,"896,376,342,505,469,753,451,133,688,921","165,164,163,163,164,163,164,163,163,164,163",516
4554,101,"896,417,626,342,8,101,169,826,88,805","165,165,164,163,163,163,164,164,164,164",569
2626,101,"896,417,626,59,342,163,753,86,921,435","165,165,164,164,163,163,164,164,163,165",628
2261,101,"896,417,376,163,451,154,616,742,65,434","165,165,164,163,163,164,163,164,163,129",641
3610,101,"896,417,376,163,451,133,211,742,154,260","165,165,164,163,163,163,163,164,164,163",600
5528,101,"896,417,376,190,342,616,574,391,451,101","165,165,164,163,164,163,163,164,163,163,163",553
5711,101,"896,417,626,59,342,163,505,816,574,535","165,165,164,164,163,163,163,164,164,164,164",553
2930,101,"376,688,157,535,829,367,840,52,923,405","164,164,163,164,163,165,163,163,164,195,154",293
145,101,"896,417,626,59,342,8,133,376,616,505","165,165,164,164,163,163,163,164,163,163,164",500
5860,101,"896,376,742,59,260,154,86,344,65,803","165,164,164,164,163,164,164,163,163,148",354
5493,101,"896,417,626,342,8,101,169,826,391,52","165,165,164,163,163,163,164,164,163,163,164",544
1509,101,"896,482,665,52,535,574,8,35,505,376","165,164,164,163,164,164,164,163,163,163,164,164",594
3202,101,"896,376,742,59,163,86,344,154,469,479","165,164,164,164,163,164,163,164,163,163",669
541,101,"896,417,626,342,574,921,8,505,535,435","165,165,164,163,164,163,163,163,164,164,165",528
1595,101,"896,417,626,342,8,840,376,574,284,435","165,165,164,163,163,163,164,164,165,165",500
4837,101,"896,376,742,451,284,616,86,65,59,344","165,164,164,163,165,163,164,163,164,163",464
5610,101,"896,417,376,190,342,753,505,574,391,626","165,165,164,163,164,163,164,163,164,164,163,164",653
66,101,"896,376,742,59,163,451,616,211,688,290","165,164,164,164,163,163,163,163,164,3",653
4215,101,"896,376,505,574,133,753,469,52,8,157","165,164,163,164,164,163,164,163,163,164,163,163",415
5436,101,"896,376,688,451,742,59,574,154,65,75","165,164,164,163,164,164,164,164,163,163",547
2737,101,"896,376,742,451,284,133,449,753,417,342","165,164,164,163,165,163,165,164,165,163",535
573,101,"896,376,688,451,284,342,133,154,753,469","165,164,164,163,165,163,163,164,164,163",547
1670,101,"896,376,688,451,284,342,783,921,395,753","165,164,164,163,165,163,165,163,165,164",644
5744,101,"896,376,688,451,284,133,342,98,486,189","165,164,164,163,165,163,163,164,164,165",586
1223,101,"896,417,626,342,574,505,921,376,391,785","165,165,164,163,164,163,164,163,164,163,163",400
2837,101,"896,417,626,342,8,101,369,169,391,826","165,165,164,163,163,163,163,164,163,164",538
5167,101,"896,417,626,59,342,451,133,284,86,574","165,165,164,164,163,163,163,165,164,164",557
1374,101,"896,417,626,59,342,163,505,816,574,535","165,165,164,164,163,163,163,164,164,164,164",553
2938,101,"896,376,742,451,284,616,86,65,59,344","165,164,164,163,165,163,164,163,164,163",535
4883,101,"896,417,626,8,376,574,435,505,59,284","165,165,164,163,164,164,165,163,164,164,165",531
1715,101,"376,688,157,535,829,367,840,52,903,923","164,164,163,164,163,165,163,163,164,129,195",378
1563,101,"896,417,626,342,8,101,169,391,826,486","165,165,164,163,163,163,164,163,164,164",519
3981,101,"896,376,742,451,574,211,154,367,276,260","165,164,164,163,164,163,164,165,155,163",520
1993,101,"896,417,376,451,211,154,65,753,688,616","165,165,164,163,163,164,163,164,164,163",540
4228,101,"896,417,626,342,8,101,169,826,88,805","165,165,164,163,163,163,164,164,164,164",549
3557,101,"376,688,157,535,829,367,840,52,903,646","164,164,163,164,163,165,163,163,164,129,155",304
449,101,"896,417,376,451,753,59,133,505,616,190","165,165,164,163,164,164,163,163,164,163,163,164",541
944,101,"896,417,626,342,8,101,169,391,826,486","165,165,164,163,163,163,164,163,164,164",447
3243,101,"896,417,626,342,8,101,369,169,391,826","165,165,164,163,163,163,163,164,163,164",553
889,101,"896,376,688,451,284,86,133,190,154,344","165,164,164,163,165,164,163,163,164,164,163",519
3540,101,"896,417,376,190,451,753,616,59,133,688","165,165,164,163,164,163,164,163,164,163,164",553
4748,101,"896,417,626,342,8,840,574,826,101,169","165,165,164,163,163,163,164,164,163,164",521
3532,101,"896,376,688,451,284,342,133,574,417,921","165,164,164,163,165,163,163,164,165,163",528
1764,101,"896,417,626,342,574,921,505,8,535,376","165,165,164,163,164,163,163,164,163,164,164",541
1614,101,"896,417,626,342,8,101,169,391,826,486","165,165,164,163,163,163,164,163,164,164",571
5452,101,"896,376,688,451,284,86,344,59,154,157","165,164,164,163,165,164,163,164,164,163",519
5139,101,"896,417,626,342,8,101,169,391,826,486","165,165,164,163,163,163,164,163,164,164",472
2840,101,"896,417,376,190,342,616,574,391,451,101","165,165,164,163,164,163,163,164,163,163,163",355
2905,101,"896,417,376,451,753,616,133,190,505,469","165,165,164,163,164,163,163,163,164,163,164,163",628
1294,101,"896,417,376,190,451,133,616,449,342,574","165,165,164,163,164,163,163,163,165,163,164",570
2101,101,"896,417,626,342,8,840,376,469,133,505","165,165,164,163,163,163,164,163,163,163,164",574
5250,101,"896,376,742,59,86,344,154,469,260,688","165,164,164,164,164,163,164,163,163,164",338
2710,101,"896,417,376,451,753,59,211,133,469,616","165,165,164,163,164,164,163,163,163,163",520
3446,101,"896,376,688,451,284,342,133,574,417,921","165,164,164,163,165,163,163,164,165,163",519
1057,101,"896,417,626,59,154,616,451,190,742,211","165,165,164,164,164,163,163,163,164,164,163",543
185,101,"896,376,742,163,451,284,753,616,190,260","165,164,164,163,163,165,164,163,163,164,163",720
622,101,"896,417,626,342,8,840,376,574,921,535","165,165,164,163,163,163,164,164,163,164",535
2367,101,"896,376,688,451,284,742,86,59,344,75","165,164,164,163,165,164,164,164,163,163",398
5110,101,"896,417,376,451,753,616,505,190,65,86","165,165,164,163,164,163,163,164,163,164,163,164",349
5210,101,"896,417,626,342,8,840,574,826,469,486","165,165,164,163,163,163,164,164,163,164",523
2654,101,"896,417,626,59,342,451,753,505,284,435","165,165,164,164,163,163,164,163,164,165,165",541
5074,101,"896,417,626,342,8,101,169,391,826,486","165,165,164,163,163,163,164,163,164,164",553
4457,101,"896,376,742,59,163,86,65,154,344,75","165,164,164,164,163,164,163,164,163,163",690
1462,101,"896,417,626,59,342,8,169,52,921,616","165,165,164,164,163,163,164,163,164,163,163",554
1213,101,"896,482,417,626,342,8,826,469,574,486","165,164,165,164,163,163,164,163,164,164",644
1506,101,"376,163,742,65,616,284,165,101,417,342","164,163,164,163,163,165,164,163,165,163",388
1010,101,"896,376,574,133,829,367,714,535,451,86","165,164,164,163,163,165,163,164,163,164",270
1760,101,"896,417,376,451,211,154,65,753,688,742","165,165,164,163,163,164,163,164,164,164",600
1298,101,"896,376,688,451,284,742,86,190,344,59","165,164,164,163,165,164,164,163,164,163,164",430
3549,101,"896,376,451,284,163,59,86,190,742,344","165,164,163,165,163,164,164,163,164,164,163",633
5694,101,"896,376,742,59,260,154,86,616,753,344","165,164,164,164,163,164,164,163,164,163",606
3791,101,"896,482,417,505,451,376,616,574,342,816","165,164,165,163,164,163,164,163,164,163,164",639
4216,101,"896,417,626,342,8,840,574,826,101,391","165,165,164,163,163,163,164,164,163,163",553
1837,101,"896,376,742,451,284,616,260,86,753,65","165,164,164,163,165,163,163,164,164,163",499
2380,101,"896,417,626,342,574,505,921,376,391,535","165,165,164,163,164,163,164,163,164,163,164",535
2786,101,"896,417,395,8,783,188,169,342,101,826","165,165,165,163,165,165,164,163,163,164",691
3513,101,"896,417,376,190,342,616,574,505,391,451","165,165,164,163,164,163,163,164,163,164,163,163",523
3166,101,"896,417,626,59,284,505,8,376,574,435","165,165,164,164,165,163,164,163,164,164,165",472
111,101,"896,417,626,342,8,101,169,826,391,52","165,165,164,163,163,163,164,164,163,163,164",598
4671,101,"896,417,626,59,342,8,169,52,921,785","165,165,164,164,163,163,164,163,164,163,163",553
1507,101,"896,417,376,451,753,616,505,190,65,86","165,165,164,163,164,163,163,164,163,164,163,164",634
3266,101,"896,376,688,451,284,342,133,574,417,753","165,164,164,163,165,163,163,164,165,164",579
3187,101,"896,417,376,190,342,616,574,391,626,101","165,165,164,163,164,163,163,164,163,164,163",374
5211,101,"896,376,742,59,260,451,133,284,342,86","165,164,164,164,163,163,163,165,163,164",541
2831,101,"896,417,376,451,753,59,133,505,616,16","165,165,164,163,164,164,163,163,164,163,164",513
2347,101,"896,417,626,59,342,451,753,133,505,469","165,165,164,164,163,163,164,163,163,164,163",555
5507,101,"896,417,626,342,8,101,169,391,826,486","165,165,164,163,163,163,164,163,164,164",519
5195,101,"376,688,157,535,52,829,840,367,923,405","164,164,163,164,163,164,163,163,165,195,154",304
5544,101,"896,376,742,163,451,284,688,616,417,16","165,164,164,163,163,165,164,163,165,164",720
2914,101,"896,417,376,451,753,59,133,505,616,211","165,165,164,163,164,164,163,163,164,163,163",559
5496,101,"896,417,626,342,8,101,369,169,574,190","165,165,164,163,163,163,163,164,164,163,164",530
1138,101,"896,417,626,342,8,840,376,469,133,505","165,165,164,163,163,163,164,163,163,163,164",535
4419,101,"896,417,395,816,783,626,59,616,753,342","165,165,165,164,165,164,164,163,164,163",627
3276,101,"896,417,376,190,342,616,574,391,626,101","165,165,164,163,164,163,163,164,163,164,163",569
2918,101,"896,417,626,342,8,840,574,826,101,169","165,165,164,163,163,163,164,164,163,164",634
50,101,"376,688,157,535,829,367,840,52,903,923","164,164,163,164,163,165,163,163,164,129,195",304
1378,101,"896,376,742,451,284,616,86,65,59,344","165,164,164,163,165,163,164,163,164,163",588
1389,101,"896,417,376,190,342,753,505,574,391,626","165,165,164,163,164,163,164,163,164,164,163,164",618
4400,101,"896,482,417,505,451,376,616,574,342,626","165,164,165,163,164,163,164,163,164,163,164",654
565,101,"896,482,417,505,574,376,391,616,688,449","165,164,165,163,164,164,164,163,163,164,165",640
5627,101,"896,417,376,190,451,753,616,133,688,163","165,165,164,163,164,163,164,163,163,164,163",669
5456,101,"896,665,342,417,505,59,376,391,190,451","165,164,163,165,163,164,164,164,163,163,164,163",611
1362,101,"896,376,451,86,211,405,574,688,260,495","165,164,163,164,163,154,164,164,163,156",574
123,101,"896,417,626,59,342,8,133,376,190,616","165,165,164,164,163,163,163,164,163,164,163",466
3482,101,"896,417,376,190,342,753,505,451,284,574","165,165,164,163,164,163,164,163,164,163,165,164",547
1626,101,"896,376,742,451,284,133,753,342,260,86","165,164,164,163,165,163,164,163,163,164",540
6033,101,"896,376,742,163,451,574,616,417,688,211","165,164,164,163,163,164,163,165,164,163",661
5560,101,"896,376,742,59,86,344,154,65,803,353","165,164,164,164,164,163,164,163,148,63",616
4723,101,"896,417,376,190,451,753,505,391,342,626","165,165,164,163,164,163,164,163,164,163,163,164",498
1525,101,"896,376,742,451,574,211,154,367,284,59","165,164,164,163,164,163,164,165,165,164",600
3854,101,"896,376,688,451,284,86,344,59,154,157","165,164,164,163,165,164,163,164,164,163",544
184,101,"896,417,626,342,574,921,505,133,163,816","165,165,164,163,164,163,163,164,163,163,164",645
1025,101,"896,417,626,342,8,101,169,391,826,486","165,165,164,163,163,163,164,163,164,164",535
2100,101,"896,417,376,190,342,616,574,391,451,101","165,165,164,163,164,163,163,164,163,163,163",371
2034,101,"896,376,688,451,284,342,417,753,133,665","165,164,164,163,165,163,165,164,163,164",485
1554,101,"896,417,626,342,8,101,169,826,88,805","165,165,164,163,163,163,164,164,164,164",612
3938,101,"896,665,342,417,8,35,626,356,419,698","165,164,163,165,163,163,164,164,176,176",688
481,101,"896,417,376,451,211,742,65,688,574,816","165,165,164,163,163,164,163,164,164,164",463
3315,101,"896,417,626,59,342,8,169,52,505,163","165,165,164,164,163,163,164,163,164,163,164,163",541
966,101,"896,417,376,451,753,59,133,211,616,260","165,165,164,163,164,164,163,163,163,163",510
4238,101,"896,376,688,451,742,59,803,154,344,65","165,164,164,163,164,164,148,164,163,163",521
3693,101,"896,417,376,190,342,753,505,451,284,574","165,165,164,163,164,163,164,163,164,163,165,164",463
1674,101,"896,482,417,505,574,376,52,616,449,190","165,164,165,163,164,164,164,163,164,163,165,163,164",640
4328,101,"376,688,157,535,829,367,840,52,923,405","164,164,163,164,163,165,163,163,164,195,154",278
4352,101,"896,417,376,190,342,753,451,688,154,211","165,165,164,163,164,163,164,163,164,164,163",535
5529,101,"376,342,391,535,169,52,840,616,921,165","164,163,163,164,164,163,164,163,163,163,164",506
2677,101,"896,376,688,451,284,742,163,65,86,260","165,164,164,163,165,164,163,163,164,163",796
3486,101,"896,482,59,665,342,417,8,98,356,169","165,164,164,164,163,165,163,164,164,164",702
796,101,"896,417,395,8,783,101,626,342,188,505","165,165,165,163,165,163,164,163,165,163,164",635
2917,101,"896,417,626,59,342,451,753,505,574,133","165,165,164,164,163,163,164,163,164,164,163",519
2572,101,"376,688,157,829,535,367,840,52,923,405","164,164,163,163,164,165,163,163,164,195,154",275
4,101,"376,688,157,367,829,535,840,52,923,405","164,164,163,165,163,164,163,163,164,195,154",226
4277,101,"896,417,626,342,574,921,8,101,169,435","165,165,164,163,164,163,163,163,164,165",563
444,101,"896,417,376,190,451,211,154,616,688,753","165,165,164,163,164,163,163,164,163,164,164",526
6036,101,"376,342,688,157,154,921,165,535,344,367","164,163,164,163,164,163,164,164,163,165",493
2078,101,"896,417,376,190,342,753,505,574,449,626","165,165,164,163,164,163,164,163,164,164,165,164",516
2781,101,"896,417,376,451,211,154,742,616,753,65","165,165,164,163,163,164,164,163,164,163",555
1503,101,"896,417,626,342,8,101,169,826,391,486","165,165,164,163,163,163,164,164,163,164",553
2961,101,"896,376,742,163,451,574,616,367,688,211","165,164,164,163,163,164,163,165,164,163",678
2627,101,"896,665,342,417,8,698,419,169,98,940","165,164,163,165,163,176,176,164,164,176",689
1930,101,"896,376,688,451,284,86,344,59,133,742","165,164,164,163,165,164,163,164,163,164",471
2436,101,"896,482,417,626,8,101,826,486,785,890","165,164,165,164,163,163,164,164,163,164",300
4492,101,"896,417,626,342,574,921,505,8,535,376","165,165,164,163,164,163,163,164,163,164,164",531
4858,101,"896,417,376,190,451,753,505,391,342,133","165,165,164,163,164,163,164,163,164,163,163,163",594
1041,101,"896,417,626,342,8,101,169,391,826,486","165,165,164,163,163,163,164,163,164,164",669
987,101,"223,417,126,698,940,8,626,35,189,100","165,165,165,176,176,163,164,163,165,165",690
432,101,"896,417,376,190,451,753,505,133,616,688","165,165,164,163,164,163,164,163,164,163,163,164",507
6147,101,"896,417,626,342,574,921,8,101,169,435","165,165,164,163,164,163,163,163,164,165",576
870,101,"896,376,505,574,8,785,486,826,52,129","165,164,163,164,164,163,163,164,164,163,164,165",427
4088,101,"896,376,688,451,59,154,157,742,574,284","165,164,164,163,164,164,163,164,164,165",479
5126,101,"896,376,688,451,284,86,344,59,154,616","165,164,164,163,165,164,163,164,164,163",498
464,101,"896,417,376,451,753,616,505,133,16,190","165,165,164,163,164,163,163,164,163,164,163,164",608
4325,101,"896,376,742,451,284,616,86,753,65,190","165,164,164,163,165,163,164,164,163,163,164",571
2618,101,"896,417,376,451,211,154,742,65,616,190","165,165,164,163,163,164,164,163,163,163,164",586
4940,101,"896,417,376,190,342,753,505,574,391,626","165,165,164,163,164,163,164,163,164,164,163,164",601
1823,101,"896,417,626,342,574,921,8,101,169,435","165,165,164,163,164,163,163,163,164,165",612
1373,101,"376,342,688,284,634,753,154,157,59,816","164,163,164,165,163,164,164,163,164,164",469
2795,101,"896,417,626,59,342,8,169,52,921,785","165,165,164,164,163,163,164,163,164,163,163",510
5933,101,"896,417,626,342,574,505,921,8,616,284","165,165,164,163,164,163,164,163,163,163,165",448
1778,101,"896,376,342,505,753,451,574,133,469,86","165,164,163,163,164,164,163,164,163,163,164",563
4793,101,"376,163,482,665,616,505,747,342,574,753","164,163,164,164,163,163,164,164,163,164,164",667
2949,101,"896,417,626,342,8,840,376,574,921,101","165,165,164,163,163,163,164,164,163,163",600
1077,101,"376,688,157,405,367,535,829,840,523,923","164,164,163,154,165,164,163,163,21,195",290
3462,101,"896,376,688,451,59,154,157,290,574,133","165,164,164,163,164,164,163,3,164,163",539
2322,101,"578,366,447,451,896,168,7,376,133,254","163,164,164,163,165,165,165,164,163,164",693
199,101,"896,482,59,133,395,451,816,344,65,168","165,164,164,163,165,163,164,163,163,165",604
248,101,"896,417,376,190,342,753,505,574,449,626","165,165,164,163,164,163,164,163,164,164,165,164",612
4142,101,"896,376,742,59,86,344,75,469,616,688","165,164,164,164,164,163,163,163,163,164",464
4017,101,"896,417,626,59,154,742,190,616,753,342","165,165,164,164,164,164,163,164,163,164,163",519
767,101,"896,417,626,342,8,840,574,826,101,391","165,165,164,163,163,163,164,164,163,163",582
4698,101,"896,417,626,342,574,505,921,8,376,535","165,165,164,163,164,163,164,163,163,164,164",553
35,101,"896,417,376,190,342,753,451,688,163,154","165,165,164,163,164,163,164,163,164,163,164",620
2148,101,"896,417,376,190,451,211,154,616,688,133","165,165,164,163,164,163,163,164,163,164,163",520
4875,101,"896,417,626,59,342,451,753,505,435,785","165,165,164,164,163,163,164,163,164,165,163",423
5579,101,"896,417,376,451,753,616,505,133,16,190","165,165,164,163,164,163,163,164,163,164,163,164",585
5580,101,"896,417,168,376,574,451,783,8,505,714","165,165,165,164,164,163,165,163,163,164,163",608
1109,101,"896,417,626,59,342,8,133,376,616,505","165,165,164,164,163,163,163,164,163,163,164",555
6018,101,"896,376,342,391,8,785,826,554,52,129","165,164,163,163,163,163,164,165,163,164,165",312
2923,101,"896,376,688,451,284,742,163,190,574,342","165,164,164,163,165,164,163,163,164,164,163",669
1172,101,"896,417,376,190,342,616,574,391,626,8","165,165,164,163,164,163,163,164,163,164,163",506
714,101,"896,376,688,451,284,133,342,86,753,505","165,164,164,163,165,163,163,164,164,163,164",380
425,101,"376,688,157,535,52,840,829,367,903,923","164,164,163,164,163,164,163,163,165,129,195",304
5558,101,"896,417,376,451,211,154,742,616,753,65","165,165,164,163,163,164,164,163,164,163",561
3945,101,"896,417,376,190,451,211,154,616,688,133","165,165,164,163,164,163,163,164,163,164,163",582
730,101,"896,417,376,190,342,753,505,574,391,626","165,165,164,163,164,163,164,163,164,164,163,164",572
3475,101,"896,417,376,451,753,59,211,133,742,260","165,165,164,163,164,164,163,163,164,163",547
2062,101,"896,417,626,59,154,616,451,376,342,435","165,165,164,164,164,163,163,164,163,165",380
3456,101,"896,417,626,342,8,101,169,391,826,486","165,165,164,163,163,163,164,163,164,164",545
2726,101,"896,417,626,342,574,921,8,101,169,435","165,165,164,163,164,163,163,163,164,165",546
3852,101,"896,417,376,190,342,616,574,505,391,451","165,165,164,163,164,163,163,164,163,164,163,163",531
4540,102,"376,688,157,535,829,367,840,52,923,405","164,164,163,164,163,165,163,163,164,195,154",251
3507,102,"896,417,376,451,753,59,133,211,616,260","165,165,164,163,164,164,163,163,163,163",531
4932,102,"896,376,688,451,284,133,86,75,469,417","165,164,164,163,165,163,164,163,163,165",471
5784,102,"896,376,742,451,574,211,284,59,344,86","165,164,164,163,164,163,165,164,163,164",490
5424,102,"896,417,626,342,574,921,8,505,535,391","165,165,164,163,164,163,163,163,164,164,163",535
5481,102,"896,417,626,342,574,921,8,505,535,435","165,165,164,163,164,163,163,163,164,164,165",553
4511,102,"896,376,742,163,451,284,688,616,190,86","165,164,164,163,163,165,164,163,163,164,164",612
5430,102,"896,417,376,190,451,753,505,391,342,133","165,165,164,163,164,163,164,163,164,163,163,163",546
2873,102,"896,417,626,342,8,101,169,826,88,805","165,165,164,163,163,163,164,164,164,164",477
1235,102,"896,376,688,451,284,133,342,101,8,169","165,164,164,163,165,163,163,163,163,164",494
4355,102,"896,665,342,417,505,52,391,8,35,626","165,164,163,165,163,164,163,164,163,163,163,164",586
3184,102,"896,376,742,59,86,344,154,451,405,211","165,164,164,164,164,163,164,163,154,163",535
2179,102,"896,417,626,342,8,840,376,574,284,435","165,165,164,163,163,163,164,164,165,165",352
3210,102,"896,417,626,342,8,840,574,826,469,486","165,165,164,163,163,163,164,164,163,164",544
3735,102,"376,688,157,535,52,840,829,367,903,923","164,164,163,164,163,164,163,163,165,129,195",289
4486,102,"896,417,376,190,342,616,574,505,391,626","165,165,164,163,164,163,163,164,163,164,163,164",519
574,102,"896,417,626,342,8,101,826,391,486,890","165,165,164,163,163,163,164,163,164,164",483
633,102,"896,417,376,451,753,616,505,190,65,86","165,165,164,163,164,163,163,164,163,164,163,164",508
1133,102,"896,376,688,451,59,154,742,367,65,86","165,164,164,163,164,164,164,165,163,164",361
5148,102,"896,376,742,59,86,344,154,65,803,276","165,164,164,164,164,163,164,163,148,155",556
64,102,"896,376,688,451,284,86,133,157,344,469","165,164,164,163,165,164,163,163,163,163",494
5501,102,"896,417,626,342,8,101,169,391,826,486","165,165,164,163,163,163,164,163,164,164",463
1584,102,"896,376,742,59,86,344,154,469,260,688","165,164,164,164,164,163,164,163,163,164",413
729,102,"896,376,688,451,284,742,344,616,86,59","165,164,164,163,165,164,163,163,164,164",346
3759,102,"896,417,626,342,8,101,826,391,486,890","165,165,164,163,163,163,164,163,164,164",437
3009,102,"896,376,342,505,469,753,451,133,688,921","165,164,163,163,164,163,164,163,163,164,163",516
4554,102,"896,417,626,342,8,101,169,826,88,805","165,165,164,163,163,163,164,164,164,164",569
2626,102,"896,417,626,59,342,163,753,86,921,435","165,165,164,164,163,163,164,164,163,165",628
2261,102,"896,417,376,163,451,154,616,742,65,434","165,165,164,163,163,164,163,164,163,129",641
3610,102,"896,417,376,163,451,133,211,742,154,260","165,165,164,163,163,163,163,164,164,163",600
5528,102,"896,417,376,190,342,616,574,391,451,101","165,165,164,163,164,163,163,164,163,163,163",553
5711,102,"896,417,626,59,342,163,505,816,574,535","165,165,164,164,163,163,163,164,164,164,164",553
2930,102,"376,688,157,535,829,367,840,52,923,405","164,164,163,164,163,165,163,163,164,195,154",293
145,102,"896,417,626,59,342,8,133,376,616,505","165,165,164,164,163,163,163,164,163,163,164",500
5860,102,"896,376,742,59,260,154,86,344,65,803","165,164,164,164,163,164,164,163,163,148",354
5493,102,"896,417,626,342,8,101,169,826,391,52","165,165,164,163,163,163,164,164,163,163,164",544
1509,102,"896,482,665,52,535,574,8,35,505,376","165,164,164,163,164,164,164,163,163,163,164,164",594
3202,102,"896,376,742,59,163,86,344,154,469,479","165,164,164,164,163,164,163,164,163,163",669
541,102,"896,417,626,342,574,921,8,505,535,435","165,165,164,163,164,163,163,163,164,164,165",528
1595,102,"896,417,626,342,8,840,376,574,284,435","165,165,164,163,163,163,164,164,165,165",500
4837,102,"896,376,742,451,284,616,86,65,59,344","165,164,164,163,165,163,164,163,164,163",464
5610,102,"896,417,376,190,342,753,505,574,391,626","165,165,164,163,164,163,164,163,164,164,163,164",653
66,102,"896,376,742,59,163,451,616,211,688,290","165,164,164,164,163,163,163,163,164,3",653
4215,102,"896,376,505,574,133,753,469,52,8,157","165,164,163,164,164,163,164,163,163,164,163,163",415
5436,102,"896,376,688,451,742,59,574,154,65,75","165,164,164,163,164,164,164,164,163,163",547
2737,102,"896,376,742,451,284,133,449,753,417,342","165,164,164,163,165,163,165,164,165,163",535
573,102,"896,376,688,451,284,342,133,154,753,469","165,164,164,163,165,163,163,164,164,163",547
1670,102,"896,376,688,451,284,342,783,921,395,753","165,164,164,163,165,163,165,163,165,164",644
5744,102,"896,376,688,451,284,133,342,98,486,189","165,164,164,163,165,163,163,164,164,165",586
1223,102,"896,417,626,342,574,505,921,376,391,785","165,165,164,163,164,163,164,163,164,163,163",400
2837,102,"896,417,626,342,8,101,369,169,391,826","165,165,164,163,163,163,163,164,163,164",538
5167,102,"896,417,626,59,342,451,133,284,86,574","165,165,164,164,163,163,163,165,164,164",557
1374,102,"896,417,626,59,342,163,505,816,574,535","165,165,164,164,163,163,163,164,164,164,164",553
2938,102,"896,376,742,451,284,616,86,65,59,344","165,164,164,163,165,163,164,163,164,163",535
4883,102,"896,417,626,8,376,574,435,505,59,284","165,165,164,163,164,164,165,163,164,164,165",531
1715,102,"376,688,157,535,829,367,840,52,903,923","164,164,163,164,163,165,163,163,164,129,195",378
1563,102,"896,417,626,342,8,101,169,391,826,486","165,165,164,163,163,163,164,163,164,164",519
3981,102,"896,376,742,451,574,211,154,367,284,59","165,164,164,163,164,163,164,165,165,164",520
1993,102,"896,417,376,451,211,154,65,753,688,616","165,165,164,163,163,164,163,164,164,163",540
4228,102,"896,417,626,342,8,101,169,826,88,805","165,165,164,163,163,163,164,164,164,164",549
3557,102,"376,688,157,535,829,367,840,52,903,923","164,164,163,164,163,165,163,163,164,129,195",304
449,102,"896,417,376,451,753,59,133,505,616,190","165,165,164,163,164,164,163,163,164,163,163,164",541
944,102,"896,417,626,342,8,101,169,391,826,486","165,165,164,163,163,163,164,163,164,164",447
3243,102,"896,417,626,342,8,101,369,169,391,826","165,165,164,163,163,163,163,164,163,164",553
889,102,"896,376,688,451,284,86,133,190,154,344","165,164,164,163,165,164,163,163,164,164,163",519
3540,102,"896,417,376,190,451,753,616,59,133,688","165,165,164,163,164,163,164,163,164,163,164",553
4748,102,"896,417,626,342,8,840,574,826,101,169","165,165,164,163,163,163,164,164,163,164",521
3532,102,"896,376,688,451,284,342,133,574,417,921","165,164,164,163,165,163,163,164,165,163",528
1764,102,"896,417,626,342,574,921,505,8,535,376","165,165,164,163,164,163,163,164,163,164,164",541
1614,102,"896,417,626,342,8,101,169,391,826,486","165,165,164,163,163,163,164,163,164,164",571
5452,102,"896,376,688,451,284,86,344,59,154,157","165,164,164,163,165,164,163,164,164,163",519
5139,102,"896,417,626,342,8,101,169,391,826,486","165,165,164,163,163,163,164,163,164,164",472
2840,102,"896,417,376,190,342,616,574,391,451,101","165,165,164,163,164,163,163,164,163,163,163",355
2905,102,"896,417,376,451,753,616,133,190,505,469","165,165,164,163,164,163,163,163,164,163,164,163",628
1294,102,"896,417,376,190,451,133,616,449,342,574","165,165,164,163,164,163,163,163,165,163,164",570
2101,102,"896,417,626,342,8,840,376,469,133,505","165,165,164,163,163,163,164,163,163,163,164",574
5250,102,"896,376,742,59,86,344,154,469,260,688","165,164,164,164,164,163,164,163,163,164",338
2710,102,"896,417,376,451,753,59,211,133,469,616","165,165,164,163,164,164,163,163,163,163",520
3446,102,"896,376,688,451,284,342,133,574,417,921","165,164,164,163,165,163,163,164,165,163",519
1057,102,"896,417,626,59,154,616,451,190,742,211","165,165,164,164,164,163,163,163,164,164,163",543
185,102,"896,376,742,163,451,284,753,616,190,260","165,164,164,163,163,165,164,163,163,164,163",720
622,102,"896,417,626,342,8,840,376,574,921,535","165,165,164,163,163,163,164,164,163,164",535
2367,102,"896,376,688,451,284,742,86,59,344,75","165,164,164,163,165,164,164,164,163,163",398
5110,102,"896,417,376,451,753,616,505,190,65,86","165,165,164,163,164,163,163,164,163,164,163,164",349
5210,102,"896,417,626,342,8,840,574,826,469,486","165,165,164,163,163,163,164,164,163,164",523
2654,102,"896,417,626,59,342,451,753,505,284,435","165,165,164,164,163,163,164,163,164,165,165",541
5074,102,"896,417,626,342,8,101,169,391,826,486","165,165,164,163,163,163,164,163,164,164",553
4457,102,"896,376,742,59,163,86,65,154,344,75","165,164,164,164,163,164,163,164,163,163",690
1462,102,"896,417,626,59,342,8,169,52,921,616","165,165,164,164,163,163,164,163,164,163,163",554
1213,102,"896,482,417,626,342,8,826,469,574,486","165,164,165,164,163,163,164,163,164,164",644
1506,102,"376,163,742,65,616,284,165,101,417,342","164,163,164,163,163,165,164,163,165,163",388
1010,102,"896,376,574,133,829,367,714,535,451,86","165,164,164,163,163,165,163,164,163,164",270
1760,102,"896,417,376,451,211,154,65,753,688,742","165,165,164,163,163,164,163,164,164,164",600
1298,102,"896,376,688,451,284,742,86,190,344,59","165,164,164,163,165,164,164,163,164,163,164",430
3549,102,"896,376,451,284,163,59,86,190,742,344","165,164,163,165,163,164,164,163,164,164,163",633
5694,102,"896,376,742,59,260,154,86,616,753,344","165,164,164,164,163,164,164,163,164,163",606
3791,102,"896,482,417,505,451,376,616,574,342,816","165,164,165,163,164,163,164,163,164,163,164",639
4216,102,"896,417,626,342,8,840,574,826,101,391","165,165,164,163,163,163,164,164,163,163",553
1837,102,"896,376,742,451,284,616,260,86,753,65","165,164,164,163,165,163,163,164,164,163",499
2380,102,"896,417,626,342,574,505,921,376,391,535","165,165,164,163,164,163,164,163,164,163,164",535
2786,102,"896,417,395,8,783,188,169,342,101,826","165,165,165,163,165,165,164,163,163,164",691
3513,102,"896,417,376,190,342,616,574,505,391,451","165,165,164,163,164,163,163,164,163,164,163,163",523
3166,102,"896,417,626,59,284,505,8,376,574,435","165,165,164,164,165,163,164,163,164,164,165",472
111,102,"896,417,626,342,8,101,169,826,391,52","165,165,164,163,163,163,164,164,163,163,164",598
4671,102,"896,417,626,59,342,8,169,52,921,785","165,165,164,164,163,163,164,163,164,163,163",553
1507,102,"896,417,376,451,753,616,505,190,65,86","165,165,164,163,164,163,163,164,163,164,163,164",634
3266,102,"896,376,688,451,284,342,133,574,417,753","165,164,164,163,165,163,163,164,165,164",579
3187,102,"896,417,376,190,342,616,574,391,626,101","165,165,164,163,164,163,163,164,163,164,163",374
5211,102,"896,376,742,59,260,451,133,284,342,86","165,164,164,164,163,163,163,165,163,164",541
2831,102,"896,417,376,451,753,59,133,505,616,16","165,165,164,163,164,164,163,163,164,163,164",513
2347,102,"896,417,626,59,342,451,753,133,505,469","165,165,164,164,163,163,164,163,163,164,163",555
5507,102,"896,417,626,342,8,101,169,391,826,486","165,165,164,163,163,163,164,163,164,164",519
5195,102,"376,688,157,535,52,829,840,367,923,405","164,164,163,164,163,164,163,163,165,195,154",304
5544,102,"896,376,742,163,451,284,688,616,417,16","165,164,164,163,163,165,164,163,165,164",720
2914,102,"896,417,376,451,753,59,133,505,616,211","165,165,164,163,164,164,163,163,164,163,163",559
5496,102,"896,417,626,342,8,101,369,169,574,190","165,165,164,163,163,163,163,164,164,163,164",530
1138,102,"896,417,626,342,8,840,376,469,133,505","165,165,164,163,163,163,164,163,163,163,164",535
4419,102,"896,417,395,816,783,626,59,616,753,342","165,165,165,164,165,164,164,163,164,163",627
3276,102,"896,417,376,190,342,616,574,391,626,101","165,165,164,163,164,163,163,164,163,164,163",569
2918,102,"896,417,626,342,8,840,574,826,101,169","165,165,164,163,163,163,164,164,163,164",634
50,102,"376,688,157,535,829,367,840,52,903,923","164,164,163,164,163,165,163,163,164,129,195",304
1378,102,"896,376,742,451,284,616,86,65,59,344","165,164,164,163,165,163,164,163,164,163",588
1389,102,"896,417,376,190,342,753,505,574,391,626","165,165,164,163,164,163,164,163,164,164,163,164",618
4400,102,"896,482,417,505,451,376,616,574,342,626","165,164,165,163,164,163,164,163,164,163,164",654
565,102,"896,482,417,505,574,376,391,616,688,449","165,164,165,163,164,164,164,163,163,164,165",640
5627,102,"896,417,376,190,451,753,616,133,688,163","165,165,164,163,164,163,164,163,163,164,163",669
5456,102,"896,665,342,417,505,59,376,391,190,451","165,164,163,165,163,164,164,164,163,163,164,163",611
1362,102,"896,376,451,276,86,405,211,574,688,495","165,164,163,155,164,154,163,164,164,156",574
123,102,"896,417,626,59,342,8,133,376,190,616","165,165,164,164,163,163,163,164,163,164,163",466
3482,102,"896,417,376,190,342,753,505,451,284,574","165,165,164,163,164,163,164,163,164,163,165,164",547
1626,102,"896,376,742,451,284,133,753,342,260,86","165,164,164,163,165,163,164,163,163,164",540
6033,102,"896,376,742,163,451,574,616,417,688,211","165,164,164,163,163,164,163,165,164,163",661
5560,102,"896,376,742,59,86,344,154,65,803,353","165,164,164,164,164,163,164,163,148,63",616
4723,102,"896,417,376,190,451,753,505,391,342,626","165,165,164,163,164,163,164,163,164,163,163,164",498
1525,102,"896,376,742,451,574,211,154,367,284,59","165,164,164,163,164,163,164,165,165,164",600
3854,102,"896,376,688,451,284,86,344,59,154,157","165,164,164,163,165,164,163,164,164,163",544
184,102,"896,417,626,342,574,921,505,133,163,816","165,165,164,163,164,163,163,164,163,163,164",645
1025,102,"896,417,626,342,8,101,169,391,826,486","165,165,164,163,163,163,164,163,164,164",535
2100,102,"896,417,376,190,342,616,574,391,451,101","165,165,164,163,164,163,163,164,163,163,163",371
2034,102,"896,376,688,451,284,342,417,753,133,665","165,164,164,163,165,163,165,164,163,164",485
1554,102,"896,417,626,342,8,101,169,826,88,805","165,165,164,163,163,163,164,164,164,164",612
3938,102,"896,665,342,417,8,35,626,356,419,698","165,164,163,165,163,163,164,164,176,176",688
481,102,"896,417,376,451,211,742,65,688,574,816","165,165,164,163,163,164,163,164,164,164",463
3315,102,"896,417,626,59,342,8,169,52,505,163","165,165,164,164,163,163,164,163,164,163,164,163",541
966,102,"896,417,376,451,753,59,133,211,616,260","165,165,164,163,164,164,163,163,163,163",510
4238,102,"896,376,688,451,742,59,803,154,344,65","165,164,164,163,164,164,148,164,163,163",521
3693,102,"896,417,376,190,342,753,505,451,284,574","165,165,164,163,164,163,164,163,164,163,165,164",463
1674,102,"896,482,417,505,574,376,52,616,449,190","165,164,165,163,164,164,164,163,164,163,165,163,164",640
4328,102,"376,688,157,535,829,367,840,52,923,405","164,164,163,164,163,165,163,163,164,195,154",278
4352,102,"896,417,376,190,342,753,451,688,154,211","165,165,164,163,164,163,164,163,164,164,163",535
5529,102,"376,342,391,535,169,52,840,616,921,165","164,163,163,164,164,163,164,163,163,163,164",506
2677,102,"896,376,688,451,284,742,163,65,86,260","165,164,164,163,165,164,163,163,164,163",796
3486,102,"896,482,59,665,342,417,8,98,356,169","165,164,164,164,163,165,163,164,164,164",702
796,102,"896,417,395,8,783,101,626,342,188,505","165,165,165,163,165,163,164,163,165,163,164",635
2917,102,"896,417,626,59,342,451,753,505,574,133","165,165,164,164,163,163,164,163,164,164,163",519
2572,102,"376,688,157,829,535,367,840,52,923,405","164,164,163,163,164,165,163,163,164,195,154",275
4,102,"376,688,157,367,829,535,840,52,923,405","164,164,163,165,163,164,163,163,164,195,154",226
4277,102,"896,417,626,342,574,921,8,101,169,435","165,165,164,163,164,163,163,163,164,165",563
444,102,"896,417,376,190,451,211,154,616,688,753","165,165,164,163,164,163,163,164,163,164,164",526
6036,102,"376,342,688,157,154,921,165,535,344,367","164,163,164,163,164,163,164,164,163,165",493
2078,102,"896,417,376,190,342,753,505,574,449,626","165,165,164,163,164,163,164,163,164,164,165,164",516
2781,102,"896,417,376,451,211,154,742,616,753,65","165,165,164,163,163,164,164,163,164,163",555
1503,102,"896,417,626,342,8,101,169,826,391,486","165,165,164,163,163,163,164,164,163,164",553
2961,102,"896,376,742,163,451,574,616,367,688,211","165,164,164,163,163,164,163,165,164,163",678
2627,102,"896,665,342,417,8,698,419,169,98,940","165,164,163,165,163,176,176,164,164,176",689
1930,102,"896,376,688,451,284,86,344,59,133,742","165,164,164,163,165,164,163,164,163,164",471
2436,102,"896,482,417,626,8,101,826,486,785,890","165,164,165,164,163,163,164,164,163,164",300
4492,102,"896,417,626,342,574,921,505,8,535,376","165,165,164,163,164,163,163,164,163,164,164",531
4858,102,"896,417,376,190,451,753,505,391,342,133","165,165,164,163,164,163,164,163,164,163,163,163",594
1041,102,"896,417,626,342,8,101,169,391,826,486","165,165,164,163,163,163,164,163,164,164",669
987,102,"223,417,126,698,940,8,626,35,189,100","165,165,165,176,176,163,164,163,165,165",690
432,102,"896,417,376,190,451,753,505,133,616,688","165,165,164,163,164,163,164,163,164,163,163,164",507
6147,102,"896,417,626,342,574,921,8,101,169,435","165,165,164,163,164,163,163,163,164,165",576
870,102,"896,376,505,574,8,785,486,826,52,129","165,164,163,164,164,163,163,164,164,163,164,165",427
4088,102,"896,376,688,451,59,154,157,742,574,284","165,164,164,163,164,164,163,164,164,165",479
5126,102,"896,376,688,451,284,86,344,59,154,616","165,164,164,163,165,164,163,164,164,163",498
464,102,"896,417,376,451,753,616,505,133,16,190","165,165,164,163,164,163,163,164,163,164,163,164",608
4325,102,"896,376,742,451,284,616,86,753,65,190","165,164,164,163,165,163,164,164,163,163,164",571
2618,102,"896,417,376,451,211,154,742,65,616,190","165,165,164,163,163,164,164,163,163,163,164",586
4940,102,"896,417,376,190,342,753,505,574,391,626","165,165,164,163,164,163,164,163,164,164,163,164",601
1823,102,"896,417,626,342,574,921,8,101,169,435","165,165,164,163,164,163,163,163,164,165",612
1373,102,"376,342,688,284,634,753,154,157,59,816","164,163,164,165,163,164,164,163,164,164",469
2795,102,"896,417,626,59,342,8,169,52,921,785","165,165,164,164,163,163,164,163,164,163,163",510
5933,102,"896,417,626,342,574,505,921,8,616,284","165,165,164,163,164,163,164,163,163,163,165",448
1778,102,"896,376,342,505,753,451,574,133,469,86","165,164,163,163,164,164,163,164,163,163,164",563
4793,102,"376,163,482,665,616,505,747,342,574,753","164,163,164,164,163,163,164,164,163,164,164",667
2949,102,"896,417,626,342,8,840,376,574,921,101","165,165,164,163,163,163,164,164,163,163",600
1077,102,"376,688,157,405,367,535,829,840,523,923","164,164,163,154,165,164,163,163,21,195",290
3462,102,"896,376,688,451,59,154,157,290,574,133","165,164,164,163,164,164,163,3,164,163",539
2322,102,"578,366,447,451,896,168,7,376,133,254","163,164,164,163,165,165,165,164,163,164",693
199,102,"896,482,59,133,395,451,816,344,65,168","165,164,164,163,165,163,164,163,163,165",604
248,102,"896,417,376,190,342,753,505,574,449,626","165,165,164,163,164,163,164,163,164,164,165,164",612
4142,102,"896,376,742,59,86,344,75,469,616,688","165,164,164,164,164,163,163,163,163,164",464
4017,102,"896,417,626,59,154,742,190,616,753,342","165,165,164,164,164,164,163,164,163,164,163",519
767,102,"896,417,626,342,8,840,574,826,101,391","165,165,164,163,163,163,164,164,163,163",582
4698,102,"896,417,626,342,574,505,921,8,376,535","165,165,164,163,164,163,164,163,163,164,164",553
35,102,"896,417,376,190,342,753,451,688,163,154","165,165,164,163,164,163,164,163,164,163,164",620
2148,102,"896,417,376,190,451,211,154,616,688,133","165,165,164,163,164,163,163,164,163,164,163",520
4875,102,"896,417,626,59,342,451,753,505,435,785","165,165,164,164,163,163,164,163,164,165,163",423
5579,102,"896,417,376,451,753,616,505,133,16,190","165,165,164,163,164,163,163,164,163,164,163,164",585
5580,102,"896,417,168,376,574,451,783,8,505,714","165,165,165,164,164,163,165,163,163,164,163",608
1109,102,"896,417,626,59,342,8,133,376,616,505","165,165,164,164,163,163,163,164,163,163,164",555
6018,102,"896,376,342,391,8,785,826,554,52,129","165,164,163,163,163,163,164,165,163,164,165",312
2923,102,"896,376,688,451,284,742,163,190,574,342","165,164,164,163,165,164,163,163,164,164,163",669
1172,102,"896,417,376,190,342,616,574,391,626,8","165,165,164,163,164,163,163,164,163,164,163",506
714,102,"896,376,688,451,284,133,342,86,753,505","165,164,164,163,165,163,163,164,164,163,164",380
425,102,"376,688,157,535,52,840,829,367,903,923","164,164,163,164,163,164,163,163,165,129,195",304
5558,102,"896,417,376,451,211,154,742,616,753,65","165,165,164,163,163,164,164,163,164,163",561
3945,102,"896,417,376,190,451,211,154,616,688,133","165,165,164,163,164,163,163,164,163,164,163",582
730,102,"896,417,376,190,342,753,505,574,391,626","165,165,164,163,164,163,164,163,164,164,163,164",572
3475,102,"896,417,376,451,753,59,211,133,742,260","165,165,164,163,164,164,163,163,164,163",547
2062,102,"896,417,626,59,154,616,451,376,342,435","165,165,164,164,164,163,163,164,163,165",380
3456,102,"896,417,626,342,8,101,169,391,826,486","165,165,164,163,163,163,164,163,164,164",545
2726,102,"896,417,626,342,574,921,8,101,169,435","165,165,164,163,164,163,163,163,164,165",546
3852,102,"896,417,376,190,342,616,574,505,391,451","165,165,164,163,164,163,163,164,163,164,163,163",531
4540,103,"376,688,157,535,829,367,840,52,923,405","164,164,163,164,163,165,163,163,164,195,154",251
3507,103,"896,417,376,451,753,59,133,211,616,260","165,165,164,163,164,164,163,163,163,163",531
4932,103,"896,376,688,451,284,133,86,75,469,417","165,164,164,163,165,163,164,163,163,165",471
5784,103,"896,376,742,451,574,211,284,59,344,86","165,164,164,163,164,163,165,164,163,164",490
5424,103,"896,417,626,342,574,921,8,505,535,391","165,165,164,163,164,163,163,163,164,164,163",535
5481,103,"896,417,626,342,574,921,8,505,535,435","165,165,164,163,164,163,163,163,164,164,165",553
4511,103,"896,376,742,163,451,284,688,616,190,86","165,164,164,163,163,165,164,163,163,164,164",612
5430,103,"896,417,376,190,451,753,505,391,342,133","165,165,164,163,164,163,164,163,164,163,163,163",546
2873,103,"896,417,626,342,8,101,169,826,88,805","165,165,164,163,163,163,164,164,164,164",477
1235,103,"896,376,688,451,284,133,342,101,8,169","165,164,164,163,165,163,163,163,163,164",494
4355,103,"896,665,342,417,505,52,391,8,35,626","165,164,163,165,163,164,163,164,163,163,163,164",586
3184,103,"896,376,742,59,86,344,154,451,405,211","165,164,164,164,164,163,164,163,154,163",535
2179,103,"896,417,626,342,8,840,376,574,284,435","165,165,164,163,163,163,164,164,165,165",352
3210,103,"896,417,626,342,8,840,574,826,469,486","165,165,164,163,163,163,164,164,163,164",544
3735,103,"376,688,157,535,52,840,829,367,903,923","164,164,163,164,163,164,163,163,165,129,195",289
4486,103,"896,417,376,190,342,616,574,505,391,626","165,165,164,163,164,163,163,164,163,164,163,164",519
574,103,"896,417,626,342,8,101,826,391,486,890","165,165,164,163,163,163,164,163,164,164",483
633,103,"896,417,376,451,753,616,505,190,65,86","165,165,164,163,164,163,163,164,163,164,163,164",508
1133,103,"896,376,688,451,59,154,742,367,65,86","165,164,164,163,164,164,164,165,163,164",361
5148,103,"896,376,742,59,86,344,154,65,803,276","165,164,164,164,164,163,164,163,148,155",556
64,103,"896,376,688,451,284,86,133,157,344,469","165,164,164,163,165,164,163,163,163,163",494
5501,103,"896,417,626,342,8,101,169,391,826,486","165,165,164,163,163,163,164,163,164,164",463
1584,103,"896,376,742,59,86,344,154,469,260,688","165,164,164,164,164,163,164,163,163,164",413
729,103,"896,376,688,451,284,742,344,616,86,59","165,164,164,163,165,164,163,163,164,164",346
3759,103,"896,417,626,342,8,101,826,391,486,890","165,165,164,163,163,163,164,163,164,164",437
3009,103,"896,376,342,505,469,753,451,133,688,921","165,164,163,163,164,163,164,163,163,164,163",516
4554,103,"896,417,626,342,8,101,169,826,88,805","165,165,164,163,163,163,164,164,164,164",569
2626,103,"896,417,626,59,342,163,753,86,921,435","165,165,164,164,163,163,164,164,163,165",628
2261,103,"896,417,376,163,451,154,616,742,65,434","165,165,164,163,163,164,163,164,163,129",641
3610,103,"896,417,376,163,451,133,211,742,154,260","165,165,164,163,163,163,163,164,164,163",600
5528,103,"896,417,376,190,342,616,574,391,451,101","165,165,164,163,164,163,163,164,163,163,163",553
5711,103,"896,417,626,59,342,163,505,816,574,535","165,165,164,164,163,163,163,164,164,164,164",553
2930,103,"376,688,157,535,829,367,840,52,923,405","164,164,163,164,163,165,163,163,164,195,154",293
145,103,"896,417,626,59,342,8,133,376,616,505","165,165,164,164,163,163,163,164,163,163,164",500
5860,103,"896,376,742,59,260,154,86,344,65,803","165,164,164,164,163,164,164,163,163,148",354
5493,103,"896,417,626,342,8,101,169,826,391,52","165,165,164,163,163,163,164,164,163,163,164",544
1509,103,"896,482,665,52,535,574,8,35,505,376","165,164,164,163,164,164,164,163,163,163,164,164",594
3202,103,"896,376,742,59,163,86,344,154,469,479","165,164,164,164,163,164,163,164,163,163",669
541,103,"896,417,626,342,574,921,8,505,535,435","165,165,164,163,164,163,163,163,164,164,165",528
1595,103,"896,417,626,342,8,840,376,574,284,435","165,165,164,163,163,163,164,164,165,165",500
4837,103,"896,376,742,451,284,616,86,65,59,344","165,164,164,163,165,163,164,163,164,163",464
5610,103,"896,417,376,190,342,753,505,574,391,626","165,165,164,163,164,163,164,163,164,164,163,164",653
66,103,"896,376,742,59,163,451,616,211,688,290","165,164,164,164,163,163,163,163,164,3",653
4215,103,"896,376,505,574,133,753,469,52,8,157","165,164,163,164,164,163,164,163,163,164,163,163",415
5436,103,"896,376,688,451,742,59,574,154,65,75","165,164,164,163,164,164,164,164,163,163",547
2737,103,"896,376,742,451,284,133,449,753,417,342","165,164,164,163,165,163,165,164,165,163",535
573,103,"896,376,688,451,284,342,133,154,753,469","165,164,164,163,165,163,163,164,164,163",547
1670,103,"896,376,688,451,284,342,783,921,395,753","165,164,164,163,165,163,165,163,165,164",644
5744,103,"896,376,688,451,284,133,342,98,486,189","165,164,164,163,165,163,163,164,164,165",586
1223,103,"896,417,626,342,574,505,921,376,391,785","165,165,164,163,164,163,164,163,164,163,163",400
2837,103,"896,417,626,342,8,101,369,169,391,826","165,165,164,163,163,163,163,164,163,164",538
5167,103,"896,417,626,59,342,451,133,284,86,574","165,165,164,164,163,163,163,165,164,164",557
1374,103,"896,417,626,59,342,163,505,816,574,535","165,165,164,164,163,163,163,164,164,164,164",553
2938,103,"896,376,742,451,284,616,86,65,59,344","165,164,164,163,165,163,164,163,164,163",535
4883,103,"896,417,626,8,376,574,435,505,59,284","165,165,164,163,164,164,165,163,164,164,165",531
1715,103,"376,688,157,535,829,367,840,52,903,923","164,164,163,164,163,165,163,163,164,129,195",378
1563,103,"896,417,626,342,8,101,169,391,826,486","165,165,164,163,163,163,164,163,164,164",519
3981,103,"896,376,742,451,574,211,154,367,284,59","165,164,164,163,164,163,164,165,165,164",520
1993,103,"896,417,376,451,211,154,65,753,688,616","165,165,164,163,163,164,163,164,164,163",540
4228,103,"896,417,626,342,8,101,169,826,88,805","165,165,164,163,163,163,164,164,164,164",549
3557,103,"376,688,157,535,829,367,840,52,903,923","164,164,163,164,163,165,163,163,164,129,195",304
449,103,"896,417,376,451,753,59,133,505,616,190","165,165,164,163,164,164,163,163,164,163,163,164",541
944,103,"896,417,626,342,8,101,169,391,826,486","165,165,164,163,163,163,164,163,164,164",447
3243,103,"896,417,626,342,8,101,369,169,391,826","165,165,164,163,163,163,163,164,163,164",553
889,103,"896,376,688,451,284,86,133,190,154,344","165,164,164,163,165,164,163,163,164,164,163",519
3540,103,"896,417,376,190,451,753,616,59,133,688","165,165,164,163,164,163,164,163,164,163,164",553
4748,103,"896,417,626,342,8,840,574,826,101,169","165,165,164,163,163,163,164,164,163,164",521
3532,103,"896,376,688,451,284,342,133,574,417,921","165,164,164,163,165,163,163,164,165,163",528
1764,103,"896,417,626,342,574,921,505,8,535,376","165,165,164,163,164,163,163,164,163,164,164",541
1614,103,"896,417,626,342,8,101,169,391,826,486","165,165,164,163,163,163,164,163,164,164",571
5452,103,"896,376,688,451,284,86,344,59,154,157","165,164,164,163,165,164,163,164,164,163",519
5139,103,"896,417,626,342,8,101,169,391,826,486","165,165,164,163,163,163,164,163,164,164",472
2840,103,"896,417,376,190,342,616,574,391,451,101","165,165,164,163,164,163,163,164,163,163,163",355
2905,103,"896,417,376,451,753,616,133,190,505,469","165,165,164,163,164,163,163,163,164,163,164,163",628
1294,103,"896,417,376,190,451,133,616,449,342,574","165,165,164,163,164,163,163,163,165,163,164",570
2101,103,"896,417,626,342,8,840,376,469,133,505","165,165,164,163,163,163,164,163,163,163,164",574
5250,103,"896,376,742,59,86,344,154,469,260,688","165,164,164,164,164,163,164,163,163,164",338
2710,103,"896,417,376,451,753,59,211,133,469,616","165,165,164,163,164,164,163,163,163,163",520
3446,103,"896,376,688,451,284,342,133,574,417,921","165,164,164,163,165,163,163,164,165,163",519
1057,103,"896,417,626,59,154,616,451,190,742,211","165,165,164,164,164,163,163,163,164,164,163",543
185,103,"896,376,742,163,451,284,753,616,190,260","165,164,164,163,163,165,164,163,163,164,163",720
622,103,"896,417,626,342,8,840,376,574,921,535","165,165,164,163,163,163,164,164,163,164",535
2367,103,"896,376,688,451,284,742,86,59,344,75","165,164,164,163,165,164,164,164,163,163",398
5110,103,"896,417,376,451,753,616,505,190,65,86","165,165,164,163,164,163,163,164,163,164,163,164",349
5210,103,"896,417,626,342,8,840,574,826,469,486","165,165,164,163,163,163,164,164,163,164",523
2654,103,"896,417,626,59,342,451,753,505,284,435","165,165,164,164,163,163,164,163,164,165,165",541
5074,103,"896,417,626,342,8,101,169,391,826,486","165,165,164,163,163,163,164,163,164,164",553
4457,103,"896,376,742,59,163,86,65,154,344,75","165,164,164,164,163,164,163,164,163,163",690
1462,103,"896,417,626,59,342,8,169,52,921,616","165,165,164,164,163,163,164,163,164,163,163",554
1213,103,"896,482,417,626,342,8,826,469,574,486","165,164,165,164,163,163,164,163,164,164",644
1506,103,"376,163,742,65,616,284,165,101,417,342","164,163,164,163,163,165,164,163,165,163",388
1010,103,"896,376,574,133,829,367,714,535,451,86","165,164,164,163,163,165,163,164,163,164",270
1760,103,"896,417,376,451,211,154,65,753,688,742","165,165,164,163,163,164,163,164,164,164",600
1298,103,"896,376,688,451,284,742,86,190,344,59","165,164,164,163,165,164,164,163,164,163,164",430
3549,103,"896,376,451,284,163,59,86,190,742,344","165,164,163,165,163,164,164,163,164,164,163",633
5694,103,"896,376,742,59,260,154,86,616,753,344","165,164,164,164,163,164,164,163,164,163",606
3791,103,"896,482,417,505,451,376,616,574,342,816","165,164,165,163,164,163,164,163,164,163,164",639
4216,103,"896,417,626,342,8,840,574,826,101,391","165,165,164,163,163,163,164,164,163,163",553
1837,103,"896,376,742,451,284,616,260,86,753,65","165,164,164,163,165,163,163,164,164,163",499
2380,103,"896,417,626,342,574,505,921,376,391,535","165,165,164,163,164,163,164,163,164,163,164",535
2786,103,"896,417,395,8,783,188,169,342,101,826","165,165,165,163,165,165,164,163,163,164",691
3513,103,"896,417,376,190,342,616,574,505,391,451","165,165,164,163,164,163,163,164,163,164,163,163",523
3166,103,"896,417,626,59,284,505,8,376,574,435","165,165,164,164,165,163,164,163,164,164,165",472
111,103,"896,417,626,342,8,101,169,826,391,52","165,165,164,163,163,163,164,164,163,163,164",598
4671,103,"896,417,626,59,342,8,169,52,921,785","165,165,164,164,163,163,164,163,164,163,163",553
1507,103,"896,417,376,451,753,616,505,190,65,86","165,165,164,163,164,163,163,164,163,164,163,164",634
3266,103,"896,376,688,451,284,342,133,574,417,753","165,164,164,163,165,163,163,164,165,164",579
3187,103,"896,417,376,190,342,616,574,391,626,101","165,165,164,163,164,163,163,164,163,164,163",374
5211,103,"896,376,742,59,260,451,133,284,342,86","165,164,164,164,163,163,163,165,163,164",541
2831,103,"896,417,376,451,753,59,133,505,616,16","165,165,164,163,164,164,163,163,164,163,164",513
2347,103,"896,417,626,59,342,451,753,133,505,469","165,165,164,164,163,163,164,163,163,164,163",555
5507,103,"896,417,626,342,8,101,169,391,826,486","165,165,164,163,163,163,164,163,164,164",519
5195,103,"376,688,157,535,52,829,840,367,923,405","164,164,163,164,163,164,163,163,165,195,154",304
5544,103,"896,376,742,163,451,284,688,616,417,16","165,164,164,163,163,165,164,163,165,164",720
2914,103,"896,417,376,451,753,59,133,505,616,211","165,165,164,163,164,164,163,163,164,163,163",559
5496,103,"896,417,626,342,8,101,369,169,574,190","165,165,164,163,163,163,163,164,164,163,164",530
1138,103,"896,417,626,342,8,840,376,469,133,505","165,165,164,163,163,163,164,163,163,163,164",535
4419,103,"896,417,395,816,783,626,59,616,753,342","165,165,165,164,165,164,164,163,164,163",627
3276,103,"896,417,376,190,342,616,574,391,626,101","165,165,164,163,164,163,163,164,163,164,163",569
2918,103,"896,417,626,342,8,840,574,826,101,169","165,165,164,163,163,163,164,164,163,164",634
50,103,"376,688,157,535,829,367,840,52,903,923","164,164,163,164,163,165,163,163,164,129,195",304
1378,103,"896,376,742,451,284,616,86,65,59,344","165,164,164,163,165,163,164,163,164,163",588
1389,103,"896,417,376,190,342,753,505,574,391,626","165,165,164,163,164,163,164,163,164,164,163,164",618
4400,103,"896,482,417,505,451,376,616,574,342,626","165,164,165,163,164,163,164,163,164,163,164",654
565,103,"896,482,417,505,574,376,391,616,688,449","165,164,165,163,164,164,164,163,163,164,165",640
5627,103,"896,417,376,190,451,753,616,133,688,163","165,165,164,163,164,163,164,163,163,164,163",669
5456,103,"896,665,342,417,505,59,376,391,190,451","165,164,163,165,163,164,164,164,163,163,164,163",611
1362,103,"896,376,451,86,211,405,574,688,260,495","165,164,163,164,163,154,164,164,163,156",574
123,103,"896,417,626,59,342,8,133,376,190,616","165,165,164,164,163,163,163,164,163,164,163",466
3482,103,"896,417,376,190,342,753,505,451,284,574","165,165,164,163,164,163,164,163,164,163,165,164",547
1626,103,"896,376,742,451,284,133,753,342,260,86","165,164,164,163,165,163,164,163,163,164",540
6033,103,"896,376,742,163,451,574,616,417,688,211","165,164,164,163,163,164,163,165,164,163",661
5560,103,"896,376,742,59,86,344,154,65,803,353","165,164,164,164,164,163,164,163,148,63",616
4723,103,"896,417,376,190,451,753,505,391,342,626","165,165,164,163,164,163,164,163,164,163,163,164",498
1525,103,"896,376,742,451,574,211,154,367,284,59","165,164,164,163,164,163,164,165,165,164",600
3854,103,"896,376,688,451,284,86,344,59,154,157","165,164,164,163,165,164,163,164,164,163",544
184,103,"896,417,626,342,574,921,505,133,163,816","165,165,164,163,164,163,163,164,163,163,164",645
1025,103,"896,417,626,342,8,101,169,391,826,486","165,165,164,163,163,163,164,163,164,164",535
2100,103,"896,417,376,190,342,616,574,391,451,101","165,165,164,163,164,163,163,164,163,163,163",371
2034,103,"896,376,688,451,284,342,417,753,133,665","165,164,164,163,165,163,165,164,163,164",485
1554,103,"896,417,626,342,8,101,169,826,88,805","165,165,164,163,163,163,164,164,164,164",612
3938,103,"896,665,342,417,8,35,626,356,419,698","165,164,163,165,163,163,164,164,176,176",688
481,103,"896,417,376,451,211,742,65,688,574,816","165,165,164,163,163,164,163,164,164,164",463
3315,103,"896,417,626,59,342,8,169,52,505,163","165,165,164,164,163,163,164,163,164,163,164,163",541
966,103,"896,417,376,451,753,59,133,211,616,260","165,165,164,163,164,164,163,163,163,163",510
4238,103,"896,376,688,451,742,59,803,154,344,65","165,164,164,163,164,164,148,164,163,163",521
3693,103,"896,417,376,190,342,753,505,451,284,574","165,165,164,163,164,163,164,163,164,163,165,164",463
1674,103,"896,482,417,505,574,376,52,616,449,190","165,164,165,163,164,164,164,163,164,163,165,163,164",640
4328,103,"376,688,157,535,829,367,840,52,923,405","164,164,163,164,163,165,163,163,164,195,154",278
4352,103,"896,417,376,190,342,753,451,688,154,211","165,165,164,163,164,163,164,163,164,164,163",535
5529,103,"376,342,391,535,169,52,840,616,921,165","164,163,163,164,164,163,164,163,163,163,164",506
2677,103,"896,376,688,451,284,742,163,65,86,260","165,164,164,163,165,164,163,163,164,163",796
3486,103,"896,482,59,665,342,417,8,98,356,169","165,164,164,164,163,165,163,164,164,164",702
796,103,"896,417,395,8,783,101,626,342,188,505","165,165,165,163,165,163,164,163,165,163,164",635
2917,103,"896,417,626,59,342,451,753,505,574,133","165,165,164,164,163,163,164,163,164,164,163",519
2572,103,"376,688,157,829,535,367,840,52,923,405","164,164,163,163,164,165,163,163,164,195,154",275
4,103,"376,688,157,367,829,535,840,52,923,405","164,164,163,165,163,164,163,163,164,195,154",226
4277,103,"896,417,626,342,574,921,8,101,169,435","165,165,164,163,164,163,163,163,164,165",563
444,103,"896,417,376,190,451,211,154,616,688,753","165,165,164,163,164,163,163,164,163,164,164",526
6036,103,"376,342,688,157,154,921,165,535,344,367","164,163,164,163,164,163,164,164,163,165",493
2078,103,"896,417,376,190,342,753,505,574,449,626","165,165,164,163,164,163,164,163,164,164,165,164",516
2781,103,"896,417,376,451,211,154,742,616,753,65","165,165,164,163,163,164,164,163,164,163",555
1503,103,"896,417,626,342,8,101,169,826,391,486","165,165,164,163,163,163,164,164,163,164",553
2961,103,"896,376,742,163,451,574,616,367,688,211","165,164,164,163,163,164,163,165,164,163",678
2627,103,"896,665,342,417,8,698,419,169,98,940","165,164,163,165,163,176,176,164,164,176",689
1930,103,"896,376,688,451,284,86,344,59,133,742","165,164,164,163,165,164,163,164,163,164",471
2436,103,"896,482,417,626,8,101,826,486,785,890","165,164,165,164,163,163,164,164,163,164",300
4492,103,"896,417,626,342,574,921,505,8,535,376","165,165,164,163,164,163,163,164,163,164,164",531
4858,103,"896,417,376,190,451,753,505,391,342,133","165,165,164,163,164,163,164,163,164,163,163,163",594
1041,103,"896,417,626,342,8,101,169,391,826,486","165,165,164,163,163,163,164,163,164,164",669
987,103,"223,417,126,698,940,8,626,35,189,100","165,165,165,176,176,163,164,163,165,165",690
432,103,"896,417,376,190,451,753,505,133,616,688","165,165,164,163,164,163,164,163,164,163,163,164",507
6147,103,"896,417,626,342,574,921,8,101,169,435","165,165,164,163,164,163,163,163,164,165",576
870,103,"896,376,505,574,8,785,486,826,52,129","165,164,163,164,164,163,163,164,164,163,164,165",427
4088,103,"896,376,688,451,59,154,157,742,574,284","165,164,164,163,164,164,163,164,164,165",479
5126,103,"896,376,688,451,284,86,344,59,154,616","165,164,164,163,165,164,163,164,164,163",498
464,103,"896,417,376,451,753,616,505,133,16,190","165,165,164,163,164,163,163,164,163,164,163,164",608
4325,103,"896,376,742,451,284,616,86,753,65,190","165,164,164,163,165,163,164,164,163,163,164",571
2618,103,"896,417,376,451,211,154,742,65,616,190","165,165,164,163,163,164,164,163,163,163,164",586
4940,103,"896,417,376,190,342,753,505,574,391,626","165,165,164,163,164,163,164,163,164,164,163,164",601
1823,103,"896,417,626,342,574,921,8,101,169,435","165,165,164,163,164,163,163,163,164,165",612
1373,103,"376,342,688,284,634,753,154,157,59,816","164,163,164,165,163,164,164,163,164,164",469
2795,103,"896,417,626,59,342,8,169,52,921,785","165,165,164,164,163,163,164,163,164,163,163",510
5933,103,"896,417,626,342,574,505,921,8,616,284","165,165,164,163,164,163,164,163,163,163,165",448
1778,103,"896,376,342,505,753,451,574,133,469,86","165,164,163,163,164,164,163,164,163,163,164",563
4793,103,"376,163,482,665,616,505,747,342,574,753","164,163,164,164,163,163,164,164,163,164,164",667
2949,103,"896,417,626,342,8,840,376,574,921,101","165,165,164,163,163,163,164,164,163,163",600
1077,103,"376,688,157,405,367,535,829,840,523,923","164,164,163,154,165,164,163,163,21,195",290
3462,103,"896,376,688,451,59,154,157,290,574,133","165,164,164,163,164,164,163,3,164,163",539
2322,103,"578,366,447,451,896,168,7,376,133,254","163,164,164,163,165,165,165,164,163,164",693
199,103,"896,482,59,133,395,451,816,344,65,168","165,164,164,163,165,163,164,163,163,165",604
248,103,"896,417,376,190,342,753,505,574,449,626","165,165,164,163,164,163,164,163,164,164,165,164",612
4142,103,"896,376,742,59,86,344,75,469,616,688","165,164,164,164,164,163,163,163,163,164",464
4017,103,"896,417,626,59,154,742,190,616,753,342","165,165,164,164,164,164,163,164,163,164,163",519
767,103,"896,417,626,342,8,840,574,826,101,391","165,165,164,163,163,163,164,164,163,163",582
4698,103,"896,417,626,342,574,505,921,8,376,535","165,165,164,163,164,163,164,163,163,164,164",553
35,103,"896,417,376,190,342,753,451,688,163,154","165,165,164,163,164,163,164,163,164,163,164",620
2148,103,"896,417,376,190,451,211,154,616,688,133","165,165,164,163,164,163,163,164,163,164,163",520
4875,103,"896,417,626,59,342,451,753,505,435,785","165,165,164,164,163,163,164,163,164,165,163",423
5579,103,"896,417,376,451,753,616,505,133,16,190","165,165,164,163,164,163,163,164,163,164,163,164",585
5580,103,"896,417,168,376,574,451,783,8,505,714","165,165,165,164,164,163,165,163,163,164,163",608
1109,103,"896,417,626,59,342,8,133,376,616,505","165,165,164,164,163,163,163,164,163,163,164",555
6018,103,"896,376,342,391,8,785,826,554,52,129","165,164,163,163,163,163,164,165,163,164,165",312
2923,103,"896,376,688,451,284,742,163,190,574,342","165,164,164,163,165,164,163,163,164,164,163",669
1172,103,"896,417,376,190,342,616,574,391,626,8","165,165,164,163,164,163,163,164,163,164,163",506
714,103,"896,376,688,451,284,133,342,86,753,505","165,164,164,163,165,163,163,164,164,163,164",380
425,103,"376,688,157,535,52,840,829,367,903,923","164,164,163,164,163,164,163,163,165,129,195",304
5558,103,"896,417,376,451,211,154,742,616,753,65","165,165,164,163,163,164,164,163,164,163",561
3945,103,"896,417,376,190,451,211,154,616,688,133","165,165,164,163,164,163,163,164,163,164,163",582
730,103,"896,417,376,190,342,753,505,574,391,626","165,165,164,163,164,163,164,163,164,164,163,164",572
3475,103,"896,417,376,451,753,59,211,133,742,260","165,165,164,163,164,164,163,163,164,163",547
2062,103,"896,417,626,59,154,616,451,376,342,435","165,165,164,164,164,163,163,164,163,165",380
3456,103,"896,417,626,342,8,101,169,391,826,486","165,165,164,163,163,163,164,163,164,164",545
2726,103,"896,417,626,342,574,921,8,101,169,435","165,165,164,163,164,163,163,163,164,165",546
3852,103,"896,417,376,190,342,616,574,505,391,451","165,165,164,163,164,163,163,164,163,164,163,163",531
4540,104,"376,688,157,535,829,367,840,52,923,405","164,164,163,164,163,165,163,163,164,195,154",251
3507,104,"896,417,376,451,753,59,133,211,616,260","165,165,164,163,164,164,163,163,163,163",531
4932,104,"896,376,688,451,284,133,86,75,469,417","165,164,164,163,165,163,164,163,163,165",471
5784,104,"896,376,742,451,574,211,284,59,344,86","165,164,164,163,164,163,165,164,163,164",490
5424,104,"896,417,626,342,574,921,8,505,535,391","165,165,164,163,164,163,163,163,164,164,163",535
5481,104,"896,417,626,342,574,921,8,505,535,435","165,165,164,163,164,163,163,163,164,164,165",553
4511,104,"896,376,742,163,451,284,688,616,190,86","165,164,164,163,163,165,164,163,163,164,164",612
5430,104,"896,417,376,190,451,753,505,391,342,133","165,165,164,163,164,163,164,163,164,163,163,163",546
2873,104,"896,417,626,342,8,101,169,826,88,805","165,165,164,163,163,163,164,164,164,164",477
1235,104,"896,376,688,451,284,133,342,101,8,169","165,164,164,163,165,163,163,163,163,164",494
4355,104,"896,665,342,417,505,52,391,8,35,626","165,164,163,165,163,164,163,164,163,163,163,164",586
3184,104,"896,376,742,59,86,344,154,451,405,211","165,164,164,164,164,163,164,163,154,163",535
2179,104,"896,417,626,342,8,840,376,574,284,435","165,165,164,163,163,163,164,164,165,165",352
3210,104,"896,417,626,342,8,840,574,826,469,486","165,165,164,163,163,163,164,164,163,164",544
3735,104,"376,688,157,535,52,840,829,367,903,923","164,164,163,164,163,164,163,163,165,129,195",289
4486,104,"896,417,376,190,342,616,574,505,391,626","165,165,164,163,164,163,163,164,163,164,163,164",519
574,104,"896,417,626,342,8,101,826,391,486,890","165,165,164,163,163,163,164,163,164,164",483
633,104,"896,417,376,451,753,616,505,190,65,86","165,165,164,163,164,163,163,164,163,164,163,164",508
1133,104,"896,376,688,451,59,154,742,367,65,86","165,164,164,163,164,164,164,165,163,164",361
5148,104,"896,376,742,59,86,344,154,65,803,373","165,164,164,164,164,163,164,163,148,148",556
64,104,"896,376,688,451,284,86,133,157,344,469","165,164,164,163,165,164,163,163,163,163",494
5501,104,"896,417,626,342,8,101,169,391,826,486","165,165,164,163,163,163,164,163,164,164",463
1584,104,"896,376,742,59,86,344,154,469,260,688","165,164,164,164,164,163,164,163,163,164",413
729,104,"896,376,688,451,284,742,344,616,86,59","165,164,164,163,165,164,163,163,164,164",346
3759,104,"896,417,626,342,8,101,826,391,486,890","165,165,164,163,163,163,164,163,164,164",437
3009,104,"896,376,342,505,469,753,451,133,688,921","165,164,163,163,164,163,164,163,163,164,163",516
4554,104,"896,417,626,342,8,101,169,826,88,805","165,165,164,163,163,163,164,164,164,164",569
2626,104,"896,417,626,59,342,163,753,86,921,435","165,165,164,164,163,163,164,164,163,165",628
2261,104,"896,417,376,163,451,154,616,742,65,434","165,165,164,163,163,164,163,164,163,129",641
3610,104,"896,417,376,163,451,133,211,742,154,260","165,165,164,163,163,163,163,164,164,163",600
5528,104,"896,417,376,190,342,616,574,391,451,101","165,165,164,163,164,163,163,164,163,163,163",553
5711,104,"896,417,626,59,342,163,505,816,574,535","165,165,164,164,163,163,163,164,164,164,164",553
2930,104,"376,688,157,535,829,367,840,52,923,405","164,164,163,164,163,165,163,163,164,195,154",293
145,104,"896,417,626,59,342,8,133,376,616,505","165,165,164,164,163,163,163,164,163,163,164",500
5860,104,"896,376,742,59,260,154,86,344,65,803","165,164,164,164,163,164,164,163,163,148",354
5493,104,"896,417,626,342,8,101,169,826,391,52","165,165,164,163,163,163,164,164,163,163,164",544
1509,104,"896,482,665,52,535,574,8,35,505,376","165,164,164,163,164,164,164,163,163,163,164,164",594
3202,104,"896,376,742,59,163,86,344,154,469,479","165,164,164,164,163,164,163,164,163,163",669
541,104,"896,417,626,342,574,921,8,505,535,435","165,165,164,163,164,163,163,163,164,164,165",528
1595,104,"896,417,626,342,8,840,376,574,284,435","165,165,164,163,163,163,164,164,165,165",500
4837,104,"896,376,742,451,284,616,86,65,59,344","165,164,164,163,165,163,164,163,164,163",464
5610,104,"896,417,376,190,342,753,505,574,391,626","165,165,164,163,164,163,164,163,164,164,163,164",653
66,104,"896,376,742,59,163,451,616,211,688,290","165,164,164,164,163,163,163,163,164,3",653
4215,104,"896,376,505,574,133,753,469,52,8,157","165,164,163,164,164,163,164,163,163,164,163,163",415
5436,104,"896,376,688,451,742,59,574,154,65,75","165,164,164,163,164,164,164,164,163,163",547
2737,104,"896,376,742,451,284,133,449,753,417,342","165,164,164,163,165,163,165,164,165,163",535
573,104,"896,376,688,451,284,342,133,154,753,469","165,164,164,163,165,163,163,164,164,163",547
1670,104,"896,376,688,451,284,342,783,921,395,753","165,164,164,163,165,163,165,163,165,164",644
5744,104,"896,376,688,451,284,133,342,98,486,189","165,164,164,163,165,163,163,164,164,165",586
1223,104,"896,417,626,342,574,505,921,376,391,785","165,165,164,163,164,163,164,163,164,163,163",400
2837,104,"896,417,626,342,8,101,369,169,391,826","165,165,164,163,163,163,163,164,163,164",538
5167,104,"896,417,626,59,342,451,133,284,86,574","165,165,164,164,163,163,163,165,164,164",557
1374,104,"896,417,626,59,342,163,505,816,574,535","165,165,164,164,163,163,163,164,164,164,164",553
2938,104,"896,376,742,451,284,616,86,65,59,344","165,164,164,163,165,163,164,163,164,163",535
4883,104,"896,417,626,8,376,574,435,505,59,284","165,165,164,163,164,164,165,163,164,164,165",531
1715,104,"376,688,157,535,829,367,840,52,903,923","164,164,163,164,163,165,163,163,164,129,195",378
1563,104,"896,417,626,342,8,101,169,391,826,486","165,165,164,163,163,163,164,163,164,164",519
3981,104,"896,376,742,451,574,211,154,367,284,59","165,164,164,163,164,163,164,165,165,164",520
1993,104,"896,417,376,451,211,154,65,753,688,616","165,165,164,163,163,164,163,164,164,163",540
4228,104,"896,417,626,342,8,101,169,826,88,805","165,165,164,163,163,163,164,164,164,164",549
3557,104,"376,688,157,535,829,367,840,52,903,923","164,164,163,164,163,165,163,163,164,129,195",304
449,104,"896,417,376,451,753,59,133,505,616,190","165,165,164,163,164,164,163,163,164,163,163,164",541
944,104,"896,417,626,342,8,101,169,391,826,486","165,165,164,163,163,163,164,163,164,164",447
3243,104,"896,417,626,342,8,101,369,169,391,826","165,165,164,163,163,163,163,164,163,164",553
889,104,"896,376,688,451,284,86,133,190,154,344","165,164,164,163,165,164,163,163,164,164,163",519
3540,104,"896,417,376,190,451,753,616,59,133,688","165,165,164,163,164,163,164,163,164,163,164",553
4748,104,"896,417,626,342,8,840,574,826,101,169","165,165,164,163,163,163,164,164,163,164",521
3532,104,"896,376,688,451,284,342,133,574,417,921","165,164,164,163,165,163,163,164,165,163",528
1764,104,"896,417,626,342,574,921,505,8,535,376","165,165,164,163,164,163,163,164,163,164,164",541
1614,104,"896,417,626,342,8,101,169,391,826,486","165,165,164,163,163,163,164,163,164,164",571
5452,104,"896,376,688,451,284,86,344,59,154,157","165,164,164,163,165,164,163,164,164,163",519
5139,104,"896,417,626,342,8,101,169,391,826,486","165,165,164,163,163,163,164,163,164,164",472
2840,104,"896,417,376,190,342,616,574,391,451,101","165,165,164,163,164,163,163,164,163,163,163",355
2905,104,"896,417,376,451,753,616,133,190,505,469","165,165,164,163,164,163,163,163,164,163,164,163",628
1294,104,"896,417,376,190,451,133,616,449,342,574","165,165,164,163,164,163,163,163,165,163,164",570
2101,104,"896,417,626,342,8,840,376,469,133,505","165,165,164,163,163,163,164,163,163,163,164",574
5250,104,"896,376,742,59,86,344,154,469,260,688","165,164,164,164,164,163,164,163,163,164",338
2710,104,"896,417,376,451,753,59,211,133,469,616","165,165,164,163,164,164,163,163,163,163",520
3446,104,"896,376,688,451,284,342,133,574,417,921","165,164,164,163,165,163,163,164,165,163",519
1057,104,"896,417,626,59,154,616,451,190,742,211","165,165,164,164,164,163,163,163,164,164,163",543
185,104,"896,376,742,163,451,284,753,616,190,260","165,164,164,163,163,165,164,163,163,164,163",720
622,104,"896,417,626,342,8,840,376,574,921,535","165,165,164,163,163,163,164,164,163,164",535
2367,104,"896,376,688,451,284,742,86,59,344,75","165,164,164,163,165,164,164,164,163,163",398
5110,104,"896,417,376,451,753,616,505,190,65,86","165,165,164,163,164,163,163,164,163,164,163,164",349
5210,104,"896,417,626,342,8,840,574,826,469,486","165,165,164,163,163,163,164,164,163,164",523
2654,104,"896,417,626,59,342,451,753,505,284,435","165,165,164,164,163,163,164,163,164,165,165",541
5074,104,"896,417,626,342,8,101,169,391,826,486","165,165,164,163,163,163,164,163,164,164",553
4457,104,"896,376,742,59,163,86,65,154,344,75","165,164,164,164,163,164,163,164,163,163",690
1462,104,"896,417,626,59,342,8,169,52,921,616","165,165,164,164,163,163,164,163,164,163,163",554
1213,104,"896,482,417,626,342,8,826,469,574,486","165,164,165,164,163,163,164,163,164,164",644
1506,104,"376,163,742,65,616,284,165,101,417,342","164,163,164,163,163,165,164,163,165,163",388
1010,104,"896,376,574,133,829,367,714,535,451,86","165,164,164,163,163,165,163,164,163,164",270
1760,104,"896,417,376,451,211,154,65,753,688,742","165,165,164,163,163,164,163,164,164,164",600
1298,104,"896,376,688,451,284,742,86,190,344,59","165,164,164,163,165,164,164,163,164,163,164",430
3549,104,"896,376,451,284,163,59,86,190,742,344","165,164,163,165,163,164,164,163,164,164,163",633
5694,104,"896,376,742,59,260,154,86,616,753,344","165,164,164,164,163,164,164,163,164,163",606
3791,104,"896,482,417,505,451,376,616,574,342,816","165,164,165,163,164,163,164,163,164,163,164",639
4216,104,"896,417,626,342,8,840,574,826,101,391","165,165,164,163,163,163,164,164,163,163",553
1837,104,"896,376,742,451,284,616,260,86,753,65","165,164,164,163,165,163,163,164,164,163",499
2380,104,"896,417,626,342,574,505,921,376,391,535","165,165,164,163,164,163,164,163,164,163,164",535
2786,104,"896,417,395,8,783,188,169,342,101,826","165,165,165,163,165,165,164,163,163,164",691
3513,104,"896,417,376,190,342,616,574,505,391,451","165,165,164,163,164,163,163,164,163,164,163,163",523
3166,104,"896,417,626,59,284,505,8,376,574,435","165,165,164,164,165,163,164,163,164,164,165",472
111,104,"896,417,626,342,8,101,169,826,391,52","165,165,164,163,163,163,164,164,163,163,164",598
4671,104,"896,417,626,59,342,8,169,52,921,785","165,165,164,164,163,163,164,163,164,163,163",553
1507,104,"896,417,376,451,753,616,505,190,65,86","165,165,164,163,164,163,163,164,163,164,163,164",634
3266,104,"896,376,688,451,284,342,133,574,417,753","165,164,164,163,165,163,163,164,165,164",579
3187,104,"896,417,376,190,342,616,574,391,626,101","165,165,164,163,164,163,163,164,163,164,163",374
5211,104,"896,376,742,59,260,451,133,284,342,86","165,164,164,164,163,163,163,165,163,164",541
2831,104,"896,417,376,451,753,59,133,505,616,16","165,165,164,163,164,164,163,163,164,163,164",513
2347,104,"896,417,626,59,342,451,753,133,505,469","165,165,164,164,163,163,164,163,163,164,163",555
5507,104,"896,417,626,342,8,101,169,391,826,486","165,165,164,163,163,163,164,163,164,164",519
5195,104,"376,688,157,535,52,829,840,367,923,405","164,164,163,164,163,164,163,163,165,195,154",304
5544,104,"896,376,742,163,451,284,688,616,417,16","165,164,164,163,163,165,164,163,165,164",720
2914,104,"896,417,376,451,753,59,133,505,616,211","165,165,164,163,164,164,163,163,164,163,163",559
5496,104,"896,417,626,342,8,101,369,169,574,190","165,165,164,163,163,163,163,164,164,163,164",530
1138,104,"896,417,626,342,8,840,376,469,133,505","165,165,164,163,163,163,164,163,163,163,164",535
4419,104,"896,417,395,816,783,626,59,616,753,342","165,165,165,164,165,164,164,163,164,163",627
3276,104,"896,417,376,190,342,616,574,391,626,101","165,165,164,163,164,163,163,164,163,164,163",569
2918,104,"896,417,626,342,8,840,574,826,101,169","165,165,164,163,163,163,164,164,163,164",634
50,104,"376,688,157,535,829,367,840,52,903,923","164,164,163,164,163,165,163,163,164,129,195",304
1378,104,"896,376,742,451,284,616,86,65,59,344","165,164,164,163,165,163,164,163,164,163",588
1389,104,"896,417,376,190,342,753,505,574,391,626","165,165,164,163,164,163,164,163,164,164,163,164",618
4400,104,"896,482,417,505,451,376,616,574,342,626","165,164,165,163,164,163,164,163,164,163,164",654
565,104,"896,482,417,505,574,376,391,616,688,449","165,164,165,163,164,164,164,163,163,164,165",640
5627,104,"896,417,376,190,451,753,616,133,688,163","165,165,164,163,164,163,164,163,163,164,163",669
5456,104,"896,665,342,417,505,59,376,391,190,451","165,164,163,165,163,164,164,164,163,163,164,163",611
1362,104,"896,376,451,86,211,405,574,688,260,495","165,164,163,164,163,154,164,164,163,156",574
123,104,"896,417,626,59,342,8,133,376,190,616","165,165,164,164,163,163,163,164,163,164,163",466
3482,104,"896,417,376,190,342,753,505,451,284,574","165,165,164,163,164,163,164,163,164,163,165,164",547
1626,104,"896,376,742,451,284,133,753,342,260,86","165,164,164,163,165,163,164,163,163,164",540
6033,104,"896,376,742,163,451,574,616,417,688,211","165,164,164,163,163,164,163,165,164,163",661
5560,104,"896,376,742,59,86,344,154,65,803,353","165,164,164,164,164,163,164,163,148,63",616
4723,104,"896,417,376,190,451,753,505,391,342,626","165,165,164,163,164,163,164,163,164,163,163,164",498
1525,104,"896,376,742,451,574,211,154,367,276,284","165,164,164,163,164,163,164,165,155,165",600
3854,104,"896,376,688,451,284,86,344,59,154,157","165,164,164,163,165,164,163,164,164,163",544
184,104,"896,417,626,342,574,921,505,133,163,816","165,165,164,163,164,163,163,164,163,163,164",645
1025,104,"896,417,626,342,8,101,169,391,826,486","165,165,164,163,163,163,164,163,164,164",535
2100,104,"896,417,376,190,342,616,574,391,451,101","165,165,164,163,164,163,163,164,163,163,163",371
2034,104,"896,376,688,451,284,342,417,753,133,665","165,164,164,163,165,163,165,164,163,164",485
1554,104,"896,417,626,342,8,101,169,826,88,805","165,165,164,163,163,163,164,164,164,164",612
3938,104,"896,665,342,417,8,35,626,356,419,698","165,164,163,165,163,163,164,164,176,176",688
481,104,"896,417,376,451,211,742,65,688,574,816","165,165,164,163,163,164,163,164,164,164",463
3315,104,"896,417,626,59,342,8,169,52,505,163","165,165,164,164,163,163,164,163,164,163,164,163",541
966,104,"896,417,376,451,753,59,133,211,616,260","165,165,164,163,164,164,163,163,163,163",510
4238,104,"896,376,688,451,742,59,803,154,344,65","165,164,164,163,164,164,148,164,163,163",521
3693,104,"896,417,376,190,342,753,505,451,284,574","165,165,164,163,164,163,164,163,164,163,165,164",463
1674,104,"896,482,417,505,574,376,52,616,449,190","165,164,165,163,164,164,164,163,164,163,165,163,164",640
4328,104,"376,688,157,535,829,367,840,52,923,405","164,164,163,164,163,165,163,163,164,195,154",278
4352,104,"896,417,376,190,342,753,451,688,154,211","165,165,164,163,164,163,164,163,164,164,163",535
5529,104,"376,342,391,535,169,52,840,616,921,165","164,163,163,164,164,163,164,163,163,163,164",506
2677,104,"896,376,688,451,284,742,163,65,86,260","165,164,164,163,165,164,163,163,164,163",796
3486,104,"896,482,59,665,342,417,8,98,356,169","165,164,164,164,163,165,163,164,164,164",702
796,104,"896,417,395,8,783,101,626,342,188,505","165,165,165,163,165,163,164,163,165,163,164",635
2917,104,"896,417,626,59,342,451,753,505,574,133","165,165,164,164,163,163,164,163,164,164,163",519
2572,104,"376,688,157,829,535,367,840,52,923,405","164,164,163,163,164,165,163,163,164,195,154",275
4,104,"376,688,157,367,829,535,840,52,923,405","164,164,163,165,163,164,163,163,164,195,154",226
4277,104,"896,417,626,342,574,921,8,101,169,435","165,165,164,163,164,163,163,163,164,165",563
444,104,"896,417,376,190,451,211,154,616,688,753","165,165,164,163,164,163,163,164,163,164,164",526
6036,104,"376,342,688,157,154,921,165,535,344,367","164,163,164,163,164,163,164,164,163,165",493
2078,104,"896,417,376,190,342,753,505,574,449,626","165,165,164,163,164,163,164,163,164,164,165,164",516
2781,104,"896,417,376,451,211,154,742,616,753,65","165,165,164,163,163,164,164,163,164,163",555
1503,104,"896,417,626,342,8,101,169,826,391,486","165,165,164,163,163,163,164,164,163,164",553
2961,104,"896,376,742,163,451,574,616,367,688,211","165,164,164,163,163,164,163,165,164,163",678
2627,104,"896,665,342,417,8,698,419,169,98,940","165,164,163,165,163,176,176,164,164,176",689
1930,104,"896,376,688,451,284,86,344,59,133,742","165,164,164,163,165,164,163,164,163,164",471
2436,104,"896,482,417,626,8,101,826,486,785,890","165,164,165,164,163,163,164,164,163,164",300
4492,104,"896,417,626,342,574,921,505,8,535,376","165,165,164,163,164,163,163,164,163,164,164",531
4858,104,"896,417,376,190,451,753,505,391,342,133","165,165,164,163,164,163,164,163,164,163,163,163",594
1041,104,"896,417,626,342,8,101,169,391,826,486","165,165,164,163,163,163,164,163,164,164",669
987,104,"223,417,126,698,940,8,626,35,189,100","165,165,165,176,176,163,164,163,165,165",690
432,104,"896,417,376,190,451,753,505,133,616,688","165,165,164,163,164,163,164,163,164,163,163,164",507
6147,104,"896,417,626,342,574,921,8,101,169,435","165,165,164,163,164,163,163,163,164,165",576
870,104,"896,376,505,574,8,785,486,826,52,129","165,164,163,164,164,163,163,164,164,163,164,165",427
4088,104,"896,376,688,451,59,154,157,742,574,284","165,164,164,163,164,164,163,164,164,165",479
5126,104,"896,376,688,451,284,86,344,59,154,616","165,164,164,163,165,164,163,164,164,163",498
464,104,"896,417,376,451,753,616,505,133,16,190","165,165,164,163,164,163,163,164,163,164,163,164",608
4325,104,"896,376,742,451,284,616,86,753,65,190","165,164,164,163,165,163,164,164,163,163,164",571
2618,104,"896,417,376,451,211,154,742,65,616,190","165,165,164,163,163,164,164,163,163,163,164",586
4940,104,"896,417,376,190,342,753,505,574,391,626","165,165,164,163,164,163,164,163,164,164,163,164",601
1823,104,"896,417,626,342,574,921,8,101,169,435","165,165,164,163,164,163,163,163,164,165",612
1373,104,"376,342,688,284,634,753,154,157,59,816","164,163,164,165,163,164,164,163,164,164",469
2795,104,"896,417,626,59,342,8,169,52,921,785","165,165,164,164,163,163,164,163,164,163,163",510
5933,104,"896,417,626,342,574,505,921,8,616,284","165,165,164,163,164,163,164,163,163,163,165",448
1778,104,"896,376,342,505,753,451,574,133,469,86","165,164,163,163,164,164,163,164,163,163,164",563
4793,104,"376,163,482,665,616,505,747,342,574,753","164,163,164,164,163,163,164,164,163,164,164",667
2949,104,"896,417,626,342,8,840,376,574,921,101","165,165,164,163,163,163,164,164,163,163",600
1077,104,"376,688,157,405,367,535,829,840,523,923","164,164,163,154,165,164,163,163,21,195",290
3462,104,"896,376,688,451,59,154,157,290,574,133","165,164,164,163,164,164,163,3,164,163",539
2322,104,"578,366,447,451,896,168,7,376,133,254","163,164,164,163,165,165,165,164,163,164",693
199,104,"896,482,59,133,395,451,816,344,65,168","165,164,164,163,165,163,164,163,163,165",604
248,104,"896,417,376,190,342,753,505,574,449,626","165,165,164,163,164,163,164,163,164,164,165,164",612
4142,104,"896,376,742,59,86,344,75,469,616,688","165,164,164,164,164,163,163,163,163,164",464
4017,104,"896,417,626,59,154,742,190,616,753,342","165,165,164,164,164,164,163,164,163,164,163",519
767,104,"896,417,626,342,8,840,574,826,101,391","165,165,164,163,163,163,164,164,163,163",582
4698,104,"896,417,626,342,574,505,921,8,376,535","165,165,164,163,164,163,164,163,163,164,164",553
35,104,"896,417,376,190,342,753,451,688,163,154","165,165,164,163,164,163,164,163,164,163,164",620
2148,104,"896,417,376,190,451,211,154,616,688,133","165,165,164,163,164,163,163,164,163,164,163",520
4875,104,"896,417,626,59,342,451,753,505,435,785","165,165,164,164,163,163,164,163,164,165,163",423
5579,104,"896,417,376,451,753,616,505,133,16,190","165,165,164,163,164,163,163,164,163,164,163,164",585
5580,104,"896,417,168,376,574,451,783,8,505,714","165,165,165,164,164,163,165,163,163,164,163",608
1109,104,"896,417,626,59,342,8,133,376,616,505","165,165,164,164,163,163,163,164,163,163,164",555
6018,104,"896,376,342,391,8,785,826,554,52,129","165,164,163,163,163,163,164,165,163,164,165",312
2923,104,"896,376,688,451,284,742,163,190,574,342","165,164,164,163,165,164,163,163,164,164,163",669
1172,104,"896,417,376,190,342,616,574,391,626,8","165,165,164,163,164,163,163,164,163,164,163",506
714,104,"896,376,688,451,284,133,342,86,753,505","165,164,164,163,165,163,163,164,164,163,164",380
425,104,"376,688,157,535,52,840,829,367,903,923","164,164,163,164,163,164,163,163,165,129,195",304
5558,104,"896,417,376,451,211,154,742,616,753,65","165,165,164,163,163,164,164,163,164,163",561
3945,104,"896,417,376,190,451,211,154,616,688,133","165,165,164,163,164,163,163,164,163,164,163",582
730,104,"896,417,376,190,342,753,505,574,391,626","165,165,164,163,164,163,164,163,164,164,163,164",572
3475,104,"896,417,376,451,753,59,211,133,742,260","165,165,164,163,164,164,163,163,164,163",547
2062,104,"896,417,626,59,154,616,451,376,342,435","165,165,164,164,164,163,163,164,163,165",380
3456,104,"896,417,626,342,8,101,169,391,826,486","165,165,164,163,163,163,164,163,164,164",545
2726,104,"896,417,626,342,574,921,8,101,169,435","165,165,164,163,164,163,163,163,164,165",546
3852,104,"896,417,376,190,342,616,574,505,391,451","165,165,164,163,164,163,163,164,163,164,163,163",531
4540,105,"376,688,157,535,829,367,840,52,923,405","164,164,163,164,163,165,163,163,164,195,154",251
3507,105,"896,417,376,451,753,59,133,211,616,260","165,165,164,163,164,164,163,163,163,163",531
4932,105,"896,376,688,451,284,133,86,75,469,417","165,164,164,163,165,163,164,163,163,165",471
5784,105,"896,376,742,451,574,211,284,59,344,86","165,164,164,163,164,163,165,164,163,164",490
5424,105,"896,417,626,342,574,921,8,505,535,391","165,165,164,163,164,163,163,163,164,164,163",535
5481,105,"896,417,626,342,574,921,8,505,535,435","165,165,164,163,164,163,163,163,164,164,165",553
4511,105,"896,376,742,163,451,284,688,616,190,86","165,164,164,163,163,165,164,163,163,164,164",612
5430,105,"896,417,376,190,451,753,505,391,342,133","165,165,164,163,164,163,164,163,164,163,163,163",546
2873,105,"896,417,626,342,8,101,169,826,88,805","165,165,164,163,163,163,164,164,164,164",477
1235,105,"896,376,688,451,284,133,342,101,8,169","165,164,164,163,165,163,163,163,163,164",494
4355,105,"896,665,342,417,505,52,391,8,35,626","165,164,163,165,163,164,163,164,163,163,163,164",586
3184,105,"896,376,742,59,86,344,154,451,405,211","165,164,164,164,164,163,164,163,154,163",535
2179,105,"896,417,626,342,8,840,376,574,284,435","165,165,164,163,163,163,164,164,165,165",352
3210,105,"896,417,626,342,8,840,574,826,469,486","165,165,164,163,163,163,164,164,163,164",544
3735,105,"376,688,157,535,52,840,829,367,903,923","164,164,163,164,163,164,163,163,165,129,195",289
4486,105,"896,417,376,190,342,616,574,505,391,626","165,165,164,163,164,163,163,164,163,164,163,164",519
574,105,"896,417,626,342,8,101,826,391,486,890","165,165,164,163,163,163,164,163,164,164",483
633,105,"896,417,376,451,753,616,505,190,65,86","165,165,164,163,164,163,163,164,163,164,163,164",508
1133,105,"896,376,688,451,59,154,742,367,65,86","165,164,164,163,164,164,164,165,163,164",361
5148,105,"896,376,742,59,86,344,154,65,803,373","165,164,164,164,164,163,164,163,148,148",556
64,105,"896,376,688,451,284,86,133,157,344,469","165,164,164,163,165,164,163,163,163,163",494
5501,105,"896,417,626,342,8,101,169,391,826,486","165,165,164,163,163,163,164,163,164,164",463
1584,105,"896,376,742,59,86,344,154,469,260,688","165,164,164,164,164,163,164,163,163,164",413
729,105,"896,376,688,451,284,742,344,616,86,59","165,164,164,163,165,164,163,163,164,164",346
3759,105,"896,417,626,342,8,101,826,391,486,890","165,165,164,163,163,163,164,163,164,164",437
3009,105,"896,376,342,505,469,753,451,133,688,921","165,164,163,163,164,163,164,163,163,164,163",516
4554,105,"896,417,626,342,8,101,169,826,88,805","165,165,164,163,163,163,164,164,164,164",569
2626,105,"896,417,626,59,342,163,753,86,921,435","165,165,164,164,163,163,164,164,163,165",628
2261,105,"896,417,376,163,451,154,616,742,65,434","165,165,164,163,163,164,163,164,163,129",641
3610,105,"896,417,376,163,451,133,211,742,154,260","165,165,164,163,163,163,163,164,164,163",600
5528,105,"896,417,376,190,342,616,574,391,451,101","165,165,164,163,164,163,163,164,163,163,163",553
5711,105,"896,417,626,59,342,163,505,816,574,535","165,165,164,164,163,163,163,164,164,164,164",553
2930,105,"376,688,157,535,829,367,840,52,923,405","164,164,163,164,163,165,163,163,164,195,154",293
145,105,"896,417,626,59,342,8,133,376,616,505","165,165,164,164,163,163,163,164,163,163,164",500
5860,105,"896,376,742,59,260,154,86,344,65,803","165,164,164,164,163,164,164,163,163,148",354
5493,105,"896,417,626,342,8,101,169,826,391,52","165,165,164,163,163,163,164,164,163,163,164",544
1509,105,"896,482,665,52,535,574,8,35,505,376","165,164,164,163,164,164,164,163,163,163,164,164",594
3202,105,"896,376,742,59,163,86,344,154,469,479","165,164,164,164,163,164,163,164,163,163",669
541,105,"896,417,626,342,574,921,8,505,535,435","165,165,164,163,164,163,163,163,164,164,165",528
1595,105,"896,417,626,342,8,840,376,574,284,435","165,165,164,163,163,163,164,164,165,165",500
4837,105,"896,376,742,451,284,616,86,65,59,344","165,164,164,163,165,163,164,163,164,163",464
5610,105,"896,417,376,190,342,753,505,574,391,626","165,165,164,163,164,163,164,163,164,164,163,164",653
66,105,"896,376,742,59,163,451,616,211,688,290","165,164,164,164,163,163,163,163,164,3",653
4215,105,"896,376,505,574,133,753,469,52,8,157","165,164,163,164,164,163,164,163,163,164,163,163",415
5436,105,"896,376,688,451,742,59,574,154,65,75","165,164,164,163,164,164,164,164,163,163",547
2737,105,"896,376,742,451,284,133,449,753,417,342","165,164,164,163,165,163,165,164,165,163",535
573,105,"896,376,688,451,284,342,133,154,753,469","165,164,164,163,165,163,163,164,164,163",547
1670,105,"896,376,688,451,284,342,783,921,395,753","165,164,164,163,165,163,165,163,165,164",644
5744,105,"896,376,688,451,284,133,342,98,486,189","165,164,164,163,165,163,163,164,164,165",586
1223,105,"896,417,626,342,574,505,921,376,391,785","165,165,164,163,164,163,164,163,164,163,163",400
2837,105,"896,417,626,342,8,101,369,169,391,826","165,165,164,163,163,163,163,164,163,164",538
5167,105,"896,417,626,59,342,451,133,284,86,574","165,165,164,164,163,163,163,165,164,164",557
1374,105,"896,417,626,59,342,163,505,816,574,535","165,165,164,164,163,163,163,164,164,164,164",553
2938,105,"896,376,742,451,284,616,86,65,59,344","165,164,164,163,165,163,164,163,164,163",535
4883,105,"896,417,626,8,376,574,435,505,59,284","165,165,164,163,164,164,165,163,164,164,165",531
1715,105,"376,688,157,535,829,367,840,52,903,923","164,164,163,164,163,165,163,163,164,129,195",378
1563,105,"896,417,626,342,8,101,169,391,826,486","165,165,164,163,163,163,164,163,164,164",519
3981,105,"896,376,742,451,574,211,154,367,276,260","165,164,164,163,164,163,164,165,155,163",520
1993,105,"896,417,376,451,211,154,65,753,688,616","165,165,164,163,163,164,163,164,164,163",540
4228,105,"896,417,626,342,8,101,169,826,88,805","165,165,164,163,163,163,164,164,164,164",549
3557,105,"376,688,157,535,829,367,840,52,903,923","164,164,163,164,163,165,163,163,164,129,195",304
449,105,"896,417,376,451,753,59,133,505,616,190","165,165,164,163,164,164,163,163,164,163,163,164",541
944,105,"896,417,626,342,8,101,169,391,826,486","165,165,164,163,163,163,164,163,164,164",447
3243,105,"896,417,626,342,8,101,369,169,391,826","165,165,164,163,163,163,163,164,163,164",553
889,105,"896,376,688,451,284,86,133,190,154,344","165,164,164,163,165,164,163,163,164,164,163",519
3540,105,"896,417,376,190,451,753,616,59,133,688","165,165,164,163,164,163,164,163,164,163,164",553
4748,105,"896,417,626,342,8,840,574,826,101,169","165,165,164,163,163,163,164,164,163,164",521
3532,105,"896,376,688,451,284,342,133,574,417,921","165,164,164,163,165,163,163,164,165,163",528
1764,105,"896,417,626,342,574,921,505,8,535,376","165,165,164,163,164,163,163,164,163,164,164",541
1614,105,"896,417,626,342,8,101,169,391,826,486","165,165,164,163,163,163,164,163,164,164",571
5452,105,"896,376,688,451,284,86,344,59,154,157","165,164,164,163,165,164,163,164,164,163",519
5139,105,"896,417,626,342,8,101,169,391,826,486","165,165,164,163,163,163,164,163,164,164",472
2840,105,"896,417,376,190,342,616,574,391,451,101","165,165,164,163,164,163,163,164,163,163,163",355
2905,105,"896,417,376,451,753,616,133,190,505,469","165,165,164,163,164,163,163,163,164,163,164,163",628
1294,105,"896,417,376,190,451,133,616,449,342,574","165,165,164,163,164,163,163,163,165,163,164",570
2101,105,"896,417,626,342,8,840,376,469,133,505","165,165,164,163,163,163,164,163,163,163,164",574
5250,105,"896,376,742,59,86,344,154,469,260,688","165,164,164,164,164,163,164,163,163,164",338
2710,105,"896,417,376,451,753,59,211,133,469,616","165,165,164,163,164,164,163,163,163,163",520
3446,105,"896,376,688,451,284,342,133,574,417,921","165,164,164,163,165,163,163,164,165,163",519
1057,105,"896,417,626,59,154,616,451,190,742,211","165,165,164,164,164,163,163,163,164,164,163",543
185,105,"896,376,742,163,451,284,753,616,190,260","165,164,164,163,163,165,164,163,163,164,163",720
622,105,"896,417,626,342,8,840,376,574,921,535","165,165,164,163,163,163,164,164,163,164",535
2367,105,"896,376,688,451,284,742,86,59,344,75","165,164,164,163,165,164,164,164,163,163",398
5110,105,"896,417,376,451,753,616,505,190,65,86","165,165,164,163,164,163,163,164,163,164,163,164",349
5210,105,"896,417,626,342,8,840,574,826,469,486","165,165,164,163,163,163,164,164,163,164",523
2654,105,"896,417,626,59,342,451,753,505,284,435","165,165,164,164,163,163,164,163,164,165,165",541
5074,105,"896,417,626,342,8,101,169,391,826,486","165,165,164,163,163,163,164,163,164,164",553
4457,105,"896,376,742,59,163,86,65,154,344,75","165,164,164,164,163,164,163,164,163,163",690
1462,105,"896,417,626,59,342,8,169,52,921,616","165,165,164,164,163,163,164,163,164,163,163",554
1213,105,"896,482,417,626,342,8,826,469,574,486","165,164,165,164,163,163,164,163,164,164",644
1506,105,"376,163,742,65,616,284,165,101,417,342","164,163,164,163,163,165,164,163,165,163",388
1010,105,"896,376,574,133,829,367,714,535,451,86","165,164,164,163,163,165,163,164,163,164",270
1760,105,"896,417,376,451,211,154,65,753,688,742","165,165,164,163,163,164,163,164,164,164",600
1298,105,"896,376,688,451,284,742,86,190,344,59","165,164,164,163,165,164,164,163,164,163,164",430
3549,105,"896,376,451,284,163,59,86,190,742,344","165,164,163,165,163,164,164,163,164,164,163",633
5694,105,"896,376,742,59,260,154,86,616,753,344","165,164,164,164,163,164,164,163,164,163",606
3791,105,"896,482,417,505,451,376,616,574,342,816","165,164,165,163,164,163,164,163,164,163,164",639
4216,105,"896,417,626,342,8,840,574,826,101,391","165,165,164,163,163,163,164,164,163,163",553
1837,105,"896,376,742,451,284,616,260,86,753,65","165,164,164,163,165,163,163,164,164,163",499
2380,105,"896,417,626,342,574,505,921,376,391,535","165,165,164,163,164,163,164,163,164,163,164",535
2786,105,"896,417,395,8,783,188,169,342,101,826","165,165,165,163,165,165,164,163,163,164",691
3513,105,"896,417,376,190,342,616,574,505,391,451","165,165,164,163,164,163,163,164,163,164,163,163",523
3166,105,"896,417,626,59,284,505,8,376,574,435","165,165,164,164,165,163,164,163,164,164,165",472
111,105,"896,417,626,342,8,101,169,826,391,52","165,165,164,163,163,163,164,164,163,163,164",598
4671,105,"896,417,626,59,342,8,169,52,921,785","165,165,164,164,163,163,164,163,164,163,163",553
1507,105,"896,417,376,451,753,616,505,190,65,86","165,165,164,163,164,163,163,164,163,164,163,164",634
3266,105,"896,376,688,451,284,342,133,574,417,753","165,164,164,163,165,163,163,164,165,164",579
3187,105,"896,417,376,190,342,616,574,391,626,101","165,165,164,163,164,163,163,164,163,164,163",374
5211,105,"896,376,742,59,260,451,133,284,342,86","165,164,164,164,163,163,163,165,163,164",541
2831,105,"896,417,376,451,753,59,133,505,616,16","165,165,164,163,164,164,163,163,164,163,164",513
2347,105,"896,417,626,59,342,451,753,133,505,469","165,165,164,164,163,163,164,163,163,164,163",555
5507,105,"896,417,626,342,8,101,169,391,826,486","165,165,164,163,163,163,164,163,164,164",519
5195,105,"376,688,157,535,52,829,840,367,923,405","164,164,163,164,163,164,163,163,165,195,154",304
5544,105,"896,376,742,163,451,284,688,616,417,16","165,164,164,163,163,165,164,163,165,164",720
2914,105,"896,417,376,451,753,59,133,505,616,211","165,165,164,163,164,164,163,163,164,163,163",559
5496,105,"896,417,626,342,8,101,369,169,574,190","165,165,164,163,163,163,163,164,164,163,164",530
1138,105,"896,417,626,342,8,840,376,469,133,505","165,165,164,163,163,163,164,163,163,163,164",535
4419,105,"896,417,395,816,783,626,59,616,753,342","165,165,165,164,165,164,164,163,164,163",627
3276,105,"896,417,376,190,342,616,574,391,626,101","165,165,164,163,164,163,163,164,163,164,163",569
2918,105,"896,417,626,342,8,840,574,826,101,169","165,165,164,163,163,163,164,164,163,164",634
50,105,"376,688,157,535,829,367,840,52,903,923","164,164,163,164,163,165,163,163,164,129,195",304
1378,105,"896,376,742,451,284,616,86,65,59,344","165,164,164,163,165,163,164,163,164,163",588
1389,105,"896,417,376,190,342,753,505,574,391,626","165,165,164,163,164,163,164,163,164,164,163,164",618
4400,105,"896,482,417,505,451,376,616,574,342,626","165,164,165,163,164,163,164,163,164,163,164",654
565,105,"896,482,417,505,574,376,391,616,688,449","165,164,165,163,164,164,164,163,163,164,165",640
5627,105,"896,417,376,190,451,753,616,133,688,163","165,165,164,163,164,163,164,163,163,164,163",669
5456,105,"896,665,342,417,505,59,376,391,190,451","165,164,163,165,163,164,164,164,163,163,164,163",611
1362,105,"896,376,451,86,211,405,574,688,260,495","165,164,163,164,163,154,164,164,163,156",574
123,105,"896,417,626,59,342,8,133,376,190,616","165,165,164,164,163,163,163,164,163,164,163",466
3482,105,"896,417,376,190,342,753,505,451,284,574","165,165,164,163,164,163,164,163,164,163,165,164",547
1626,105,"896,376,742,451,284,133,753,342,260,86","165,164,164,163,165,163,164,163,163,164",540
6033,105,"896,376,742,163,451,574,616,417,688,211","165,164,164,163,163,164,163,165,164,163",661
5560,105,"896,376,742,59,86,344,154,65,803,353","165,164,164,164,164,163,164,163,148,63",616
4723,105,"896,417,376,190,451,753,505,391,342,626","165,165,164,163,164,163,164,163,164,163,163,164",498
1525,105,"896,376,742,451,574,211,154,367,276,284","165,164,164,163,164,163,164,165,155,165",600
3854,105,"896,376,688,451,284,86,344,59,154,157","165,164,164,163,165,164,163,164,164,163",544
184,105,"896,417,626,342,574,921,505,133,163,816","165,165,164,163,164,163,163,164,163,163,164",645
1025,105,"896,417,626,342,8,101,169,391,826,486","165,165,164,163,163,163,164,163,164,164",535
2100,105,"896,417,376,190,342,616,574,391,451,101","165,165,164,163,164,163,163,164,163,163,163",371
2034,105,"896,376,688,451,284,342,417,753,133,665","165,164,164,163,165,163,165,164,163,164",485
1554,105,"896,417,626,342,8,101,169,826,88,805","165,165,164,163,163,163,164,164,164,164",612
3938,105,"896,665,342,417,8,35,626,356,419,698","165,164,163,165,163,163,164,164,176,176",688
481,105,"896,417,376,451,211,742,65,688,574,816","165,165,164,163,163,164,163,164,164,164",463
3315,105,"896,417,626,59,342,8,169,52,505,163","165,165,164,164,163,163,164,163,164,163,164,163",541
966,105,"896,417,376,451,753,59,133,211,616,260","165,165,164,163,164,164,163,163,163,163",510
4238,105,"896,376,688,451,742,59,803,154,344,65","165,164,164,163,164,164,148,164,163,163",521
3693,105,"896,417,376,190,342,753,505,451,284,574","165,165,164,163,164,163,164,163,164,163,165,164",463
1674,105,"896,482,417,505,574,376,52,616,449,190","165,164,165,163,164,164,164,163,164,163,165,163,164",640
4328,105,"376,688,157,535,829,367,840,52,923,405","164,164,163,164,163,165,163,163,164,195,154",278
4352,105,"896,417,376,190,342,753,451,688,154,211","165,165,164,163,164,163,164,163,164,164,163",535
5529,105,"376,342,391,535,169,52,840,616,921,165","164,163,163,164,164,163,164,163,163,163,164",506
2677,105,"896,376,688,451,284,742,163,65,86,260","165,164,164,163,165,164,163,163,164,163",796
3486,105,"896,482,59,665,342,417,8,98,356,169","165,164,164,164,163,165,163,164,164,164",702
796,105,"896,417,395,8,783,101,626,342,188,505","165,165,165,163,165,163,164,163,165,163,164",635
2917,105,"896,417,626,59,342,451,753,505,574,133","165,165,164,164,163,163,164,163,164,164,163",519
2572,105,"376,688,157,829,535,367,840,52,923,405","164,164,163,163,164,165,163,163,164,195,154",275
4,105,"376,688,157,367,829,535,840,52,923,405","164,164,163,165,163,164,163,163,164,195,154",226
4277,105,"896,417,626,342,574,921,8,101,169,435","165,165,164,163,164,163,163,163,164,165",563
444,105,"896,417,376,190,451,211,154,616,688,753","165,165,164,163,164,163,163,164,163,164,164",526
6036,105,"376,342,688,157,154,921,165,535,344,367","164,163,164,163,164,163,164,164,163,165",493
2078,105,"896,417,376,190,342,753,505,574,449,626","165,165,164,163,164,163,164,163,164,164,165,164",516
2781,105,"896,417,376,451,211,154,742,616,753,65","165,165,164,163,163,164,164,163,164,163",555
1503,105,"896,417,626,342,8,101,169,826,391,486","165,165,164,163,163,163,164,164,163,164",553
2961,105,"896,376,742,163,451,574,616,367,688,211","165,164,164,163,163,164,163,165,164,163",678
2627,105,"896,665,342,417,8,698,419,169,98,940","165,164,163,165,163,176,176,164,164,176",689
1930,105,"896,376,688,451,284,86,344,59,133,742","165,164,164,163,165,164,163,164,163,164",471
2436,105,"896,482,417,626,8,101,826,486,785,890","165,164,165,164,163,163,164,164,163,164",300
4492,105,"896,417,626,342,574,921,505,8,535,376","165,165,164,163,164,163,163,164,163,164,164",531
4858,105,"896,417,376,190,451,753,505,391,342,133","165,165,164,163,164,163,164,163,164,163,163,163",594
1041,105,"896,417,626,342,8,101,169,391,826,486","165,165,164,163,163,163,164,163,164,164",669
987,105,"223,417,126,698,940,8,626,35,189,100","165,165,165,176,176,163,164,163,165,165",690
432,105,"896,417,376,190,451,753,505,133,616,688","165,165,164,163,164,163,164,163,164,163,163,164",507
6147,105,"896,417,626,342,574,921,8,101,169,435","165,165,164,163,164,163,163,163,164,165",576
870,105,"896,376,505,574,8,785,486,826,52,129","165,164,163,164,164,163,163,164,164,163,164,165",427
4088,105,"896,376,688,451,59,154,157,742,574,284","165,164,164,163,164,164,163,164,164,165",479
5126,105,"896,376,688,451,284,86,344,59,154,616","165,164,164,163,165,164,163,164,164,163",498
464,105,"896,417,376,451,753,616,505,133,16,190","165,165,164,163,164,163,163,164,163,164,163,164",608
4325,105,"896,376,742,451,284,616,86,753,65,190","165,164,164,163,165,163,164,164,163,163,164",571
2618,105,"896,417,376,451,211,154,742,65,616,190","165,165,164,163,163,164,164,163,163,163,164",586
4940,105,"896,417,376,190,342,753,505,574,391,626","165,165,164,163,164,163,164,163,164,164,163,164",601
1823,105,"896,417,626,342,574,921,8,101,169,435","165,165,164,163,164,163,163,163,164,165",612
1373,105,"376,342,688,284,634,753,154,157,59,816","164,163,164,165,163,164,164,163,164,164",469
2795,105,"896,417,626,59,342,8,169,52,921,785","165,165,164,164,163,163,164,163,164,163,163",510
5933,105,"896,417,626,342,574,505,921,8,616,284","165,165,164,163,164,163,164,163,163,163,165",448
1778,105,"896,376,342,505,753,451,574,133,469,86","165,164,163,163,164,164,163,164,163,163,164",563
4793,105,"376,163,482,665,616,505,747,342,574,753","164,163,164,164,163,163,164,164,163,164,164",667
2949,105,"896,417,626,342,8,840,376,574,921,101","165,165,164,163,163,163,164,164,163,163",600
1077,105,"376,688,157,405,367,535,829,840,523,923","164,164,163,154,165,164,163,163,21,195",290
3462,105,"896,376,688,451,59,154,157,290,574,133","165,164,164,163,164,164,163,3,164,163",539
2322,105,"578,366,447,451,896,168,7,376,133,254","163,164,164,163,165,165,165,164,163,164",693
199,105,"896,482,59,133,395,451,816,344,65,168","165,164,164,163,165,163,164,163,163,165",604
248,105,"896,417,376,190,342,753,505,574,449,626","165,165,164,163,164,163,164,163,164,164,165,164",612
4142,105,"896,376,742,59,86,344,75,469,616,688","165,164,164,164,164,163,163,163,163,164",464
4017,105,"896,417,626,59,154,742,190,616,753,342","165,165,164,164,164,164,163,164,163,164,163",519
767,105,"896,417,626,342,8,840,574,826,101,391","165,165,164,163,163,163,164,164,163,163",582
4698,105,"896,417,626,342,574,505,921,8,376,535","165,165,164,163,164,163,164,163,163,164,164",553
35,105,"896,417,376,190,342,753,451,688,163,154","165,165,164,163,164,163,164,163,164,163,164",620
2148,105,"896,417,376,190,451,211,154,616,688,133","165,165,164,163,164,163,163,164,163,164,163",520
4875,105,"896,417,626,59,342,451,753,505,435,785","165,165,164,164,163,163,164,163,164,165,163",423
5579,105,"896,417,376,451,753,616,505,133,16,190","165,165,164,163,164,163,163,164,163,164,163,164",585
5580,105,"896,417,168,376,574,451,783,8,505,714","165,165,165,164,164,163,165,163,163,164,163",608
1109,105,"896,417,626,59,342,8,133,376,616,505","165,165,164,164,163,163,163,164,163,163,164",555
6018,105,"896,376,342,391,8,785,826,554,52,129","165,164,163,163,163,163,164,165,163,164,165",312
2923,105,"896,376,688,451,284,742,163,190,574,342","165,164,164,163,165,164,163,163,164,164,163",669
1172,105,"896,417,376,190,342,616,574,391,626,8","165,165,164,163,164,163,163,164,163,164,163",506
714,105,"896,376,688,451,284,133,342,86,753,505","165,164,164,163,165,163,163,164,164,163,164",380
425,105,"376,688,157,535,52,840,829,367,903,923","164,164,163,164,163,164,163,163,165,129,195",304
5558,105,"896,417,376,451,211,154,742,616,753,65","165,165,164,163,163,164,164,163,164,163",561
3945,105,"896,417,376,190,451,211,154,616,688,133","165,165,164,163,164,163,163,164,163,164,163",582
730,105,"896,417,376,190,342,753,505,574,391,626","165,165,164,163,164,163,164,163,164,164,163,164",572
3475,105,"896,417,376,451,753,59,211,133,742,260","165,165,164,163,164,164,163,163,164,163",547
2062,105,"896,417,626,59,154,616,451,376,342,435","165,165,164,164,164,163,163,164,163,165",380
3456,105,"896,417,626,342,8,101,169,391,826,486","165,165,164,163,163,163,164,163,164,164",545
2726,105,"896,417,626,342,574,921,8,101,169,435","165,165,164,163,164,163,163,163,164,165",546
3852,105,"896,417,376,190,342,616,574,505,391,451","165,165,164,163,164,163,163,164,163,164,163,163",531
4540,106,"376,688,157,535,829,367,840,52,923,405","164,164,163,164,163,165,163,163,164,195,154",251
3507,106,"896,417,376,451,753,59,133,211,616,260","165,165,164,163,164,164,163,163,163,163",531
4932,106,"896,376,688,451,284,133,86,75,469,417","165,164,164,163,165,163,164,163,163,165",471
5784,106,"896,376,742,451,574,211,284,59,344,86","165,164,164,163,164,163,165,164,163,164",490
5424,106,"896,417,626,342,574,921,8,505,535,391","165,165,164,163,164,163,163,163,164,164,163",535
5481,106,"896,417,626,342,574,921,8,505,535,435","165,165,164,163,164,163,163,163,164,164,165",553
4511,106,"896,376,742,163,451,284,688,616,190,86","165,164,164,163,163,165,164,163,163,164,164",612
5430,106,"896,417,376,190,451,753,505,391,342,133","165,165,164,163,164,163,164,163,164,163,163,163",546
2873,106,"896,417,626,342,8,101,169,826,88,805","165,165,164,163,163,163,164,164,164,164",477
1235,106,"896,376,688,451,284,133,342,101,8,169","165,164,164,163,165,163,163,163,163,164",494
4355,106,"896,665,342,417,505,52,391,8,35,626","165,164,163,165,163,164,163,164,163,163,163,164",586
3184,106,"896,376,742,59,86,344,154,451,405,211","165,164,164,164,164,163,164,163,154,163",535
2179,106,"896,417,626,342,8,840,376,574,284,435","165,165,164,163,163,163,164,164,165,165",352
3210,106,"896,417,626,342,8,840,574,826,469,486","165,165,164,163,163,163,164,164,163,164",544
3735,106,"376,688,157,535,52,840,829,367,903,923","164,164,163,164,163,164,163,163,165,129,195",289
4486,106,"896,417,376,190,342,616,574,505,391,626","165,165,164,163,164,163,163,164,163,164,163,164",519
574,106,"896,417,626,342,8,101,826,391,486,890","165,165,164,163,163,163,164,163,164,164",483
633,106,"896,417,376,451,753,616,505,190,65,86","165,165,164,163,164,163,163,164,163,164,163,164",508
1133,106,"896,376,688,451,59,154,742,367,65,86","165,164,164,163,164,164,164,165,163,164",361
5148,106,"896,376,742,59,86,344,154,65,803,276","165,164,164,164,164,163,164,163,148,155",556
64,106,"896,376,688,451,284,86,133,157,344,469","165,164,164,163,165,164,163,163,163,163",494
5501,106,"896,417,626,342,8,101,169,391,826,486","165,165,164,163,163,163,164,163,164,164",463
1584,106,"896,376,742,59,86,344,154,469,260,688","165,164,164,164,164,163,164,163,163,164",413
729,106,"896,376,688,451,284,742,344,616,86,59","165,164,164,163,165,164,163,163,164,164",346
3759,106,"896,417,626,342,8,101,826,391,486,890","165,165,164,163,163,163,164,163,164,164",437
3009,106,"896,376,342,505,469,753,451,133,688,921","165,164,163,163,164,163,164,163,163,164,163",516
4554,106,"896,417,626,342,8,101,169,826,88,805","165,165,164,163,163,163,164,164,164,164",569
2626,106,"896,417,626,59,342,163,753,86,921,435","165,165,164,164,163,163,164,164,163,165",628
2261,106,"896,417,376,163,451,154,616,742,65,434","165,165,164,163,163,164,163,164,163,129",641
3610,106,"896,417,376,163,451,133,211,742,154,260","165,165,164,163,163,163,163,164,164,163",600
5528,106,"896,417,376,190,342,616,574,391,451,101","165,165,164,163,164,163,163,164,163,163,163",553
5711,106,"896,417,626,59,342,163,505,816,574,535","165,165,164,164,163,163,163,164,164,164,164",553
2930,106,"376,688,157,535,829,367,840,52,923,405","164,164,163,164,163,165,163,163,164,195,154",293
145,106,"896,417,626,59,342,8,133,376,616,505","165,165,164,164,163,163,163,164,163,163,164",500
5860,106,"896,376,742,59,260,154,86,344,65,803","165,164,164,164,163,164,164,163,163,148",354
5493,106,"896,417,626,342,8,101,169,826,391,52","165,165,164,163,163,163,164,164,163,163,164",544
1509,106,"896,482,665,52,535,574,8,35,505,376","165,164,164,163,164,164,164,163,163,163,164,164",594
3202,106,"896,376,742,59,163,86,344,154,469,479","165,164,164,164,163,164,163,164,163,163",669
541,106,"896,417,626,342,574,921,8,505,535,435","165,165,164,163,164,163,163,163,164,164,165",528
1595,106,"896,417,626,342,8,840,376,574,284,435","165,165,164,163,163,163,164,164,165,165",500
4837,106,"896,376,742,451,284,616,86,65,59,344","165,164,164,163,165,163,164,163,164,163",464
5610,106,"896,417,376,190,342,753,505,574,391,626","165,165,164,163,164,163,164,163,164,164,163,164",653
66,106,"896,376,742,59,163,451,616,211,688,290","165,164,164,164,163,163,163,163,164,3",653
4215,106,"896,376,505,574,133,753,469,52,8,157","165,164,163,164,164,163,164,163,163,164,163,163",415
5436,106,"896,376,688,451,742,59,574,154,65,75","165,164,164,163,164,164,164,164,163,163",547
2737,106,"896,376,742,451,284,133,449,753,417,342","165,164,164,163,165,163,165,164,165,163",535
573,106,"896,376,688,451,284,342,133,154,753,469","165,164,164,163,165,163,163,164,164,163",547
1670,106,"896,376,688,451,284,342,783,921,395,753","165,164,164,163,165,163,165,163,165,164",644
5744,106,"896,376,688,451,284,133,342,98,486,189","165,164,164,163,165,163,163,164,164,165",586
1223,106,"896,417,626,342,574,505,921,376,391,785","165,165,164,163,164,163,164,163,164,163,163",400
2837,106,"896,417,626,342,8,101,369,169,391,826","165,165,164,163,163,163,163,164,163,164",538
5167,106,"896,417,626,59,342,451,133,284,86,574","165,165,164,164,163,163,163,165,164,164",557
1374,106,"896,417,626,59,342,163,505,816,574,535","165,165,164,164,163,163,163,164,164,164,164",553
2938,106,"896,376,742,451,284,616,86,65,59,344","165,164,164,163,165,163,164,163,164,163",535
4883,106,"896,417,626,8,376,574,435,505,59,284","165,165,164,163,164,164,165,163,164,164,165",531
1715,106,"376,688,157,535,829,367,840,52,903,923","164,164,163,164,163,165,163,163,164,129,195",378
1563,106,"896,417,626,342,8,101,169,391,826,486","165,165,164,163,163,163,164,163,164,164",519
3981,106,"896,376,742,451,574,211,154,367,276,260","165,164,164,163,164,163,164,165,155,163",520
1993,106,"896,417,376,451,211,154,65,753,688,616","165,165,164,163,163,164,163,164,164,163",540
4228,106,"896,417,626,342,8,101,169,826,88,805","165,165,164,163,163,163,164,164,164,164",549
3557,106,"376,688,157,535,829,367,840,52,903,923","164,164,163,164,163,165,163,163,164,129,195",304
449,106,"896,417,376,451,753,59,133,505,616,190","165,165,164,163,164,164,163,163,164,163,163,164",541
944,106,"896,417,626,342,8,101,169,391,826,486","165,165,164,163,163,163,164,163,164,164",447
3243,106,"896,417,626,342,8,101,369,169,391,826","165,165,164,163,163,163,163,164,163,164",553
889,106,"896,376,688,451,284,86,133,190,154,344","165,164,164,163,165,164,163,163,164,164,163",519
3540,106,"896,417,376,190,451,753,616,59,133,688","165,165,164,163,164,163,164,163,164,163,164",553
4748,106,"896,417,626,342,8,840,574,826,101,169","165,165,164,163,163,163,164,164,163,164",521
3532,106,"896,376,688,451,284,342,133,574,417,921","165,164,164,163,165,163,163,164,165,163",528
1764,106,"896,417,626,342,574,921,505,8,535,376","165,165,164,163,164,163,163,164,163,164,164",541
1614,106,"896,417,626,342,8,101,169,391,826,486","165,165,164,163,163,163,164,163,164,164",571
5452,106,"896,376,688,451,284,86,344,59,154,157","165,164,164,163,165,164,163,164,164,163",519
5139,106,"896,417,626,342,8,101,169,391,826,486","165,165,164,163,163,163,164,163,164,164",472
2840,106,"896,417,376,190,342,616,574,391,451,101","165,165,164,163,164,163,163,164,163,163,163",355
2905,106,"896,417,376,451,753,616,133,190,505,469","165,165,164,163,164,163,163,163,164,163,164,163",628
1294,106,"896,417,376,190,451,133,616,449,342,574","165,165,164,163,164,163,163,163,165,163,164",570
2101,106,"896,417,626,342,8,840,376,469,133,505","165,165,164,163,163,163,164,163,163,163,164",574
5250,106,"896,376,742,59,86,344,154,469,260,688","165,164,164,164,164,163,164,163,163,164",338
2710,106,"896,417,376,451,753,59,211,133,469,616","165,165,164,163,164,164,163,163,163,163",520
3446,106,"896,376,688,451,284,342,133,574,417,921","165,164,164,163,165,163,163,164,165,163",519
1057,106,"896,417,626,59,154,616,451,190,742,211","165,165,164,164,164,163,163,163,164,164,163",543
185,106,"896,376,742,163,451,284,753,616,190,260","165,164,164,163,163,165,164,163,163,164,163",720
622,106,"896,417,626,342,8,840,376,574,921,535","165,165,164,163,163,163,164,164,163,164",535
2367,106,"896,376,688,451,284,742,86,59,344,75","165,164,164,163,165,164,164,164,163,163",398
5110,106,"896,417,376,451,753,616,505,190,65,86","165,165,164,163,164,163,163,164,163,164,163,164",349
5210,106,"896,417,626,342,8,840,574,826,469,486","165,165,164,163,163,163,164,164,163,164",523
2654,106,"896,417,626,59,342,451,753,505,284,435","165,165,164,164,163,163,164,163,164,165,165",541
5074,106,"896,417,626,342,8,101,169,391,826,486","165,165,164,163,163,163,164,163,164,164",553
4457,106,"896,376,742,59,163,86,65,154,344,75","165,164,164,164,163,164,163,164,163,163",690
1462,106,"896,417,626,59,342,8,169,52,921,616","165,165,164,164,163,163,164,163,164,163,163",554
1213,106,"896,482,417,626,342,8,826,469,574,486","165,164,165,164,163,163,164,163,164,164",644
1506,106,"376,163,742,65,616,284,165,101,417,342","164,163,164,163,163,165,164,163,165,163",388
1010,106,"896,376,574,133,829,367,714,535,451,86","165,164,164,163,163,165,163,164,163,164",270
1760,106,"896,417,376,451,211,154,65,753,688,742","165,165,164,163,163,164,163,164,164,164",600
1298,106,"896,376,688,451,284,742,86,190,344,59","165,164,164,163,165,164,164,163,164,163,164",430
3549,106,"896,376,451,284,163,59,86,190,742,344","165,164,163,165,163,164,164,163,164,164,163",633
5694,106,"896,376,742,59,260,154,86,616,753,344","165,164,164,164,163,164,164,163,164,163",606
3791,106,"896,482,417,505,451,376,616,574,342,816","165,164,165,163,164,163,164,163,164,163,164",639
4216,106,"896,417,626,342,8,840,574,826,101,391","165,165,164,163,163,163,164,164,163,163",553
1837,106,"896,376,742,451,284,616,260,86,753,65","165,164,164,163,165,163,163,164,164,163",499
2380,106,"896,417,626,342,574,505,921,376,391,535","165,165,164,163,164,163,164,163,164,163,164",535
2786,106,"896,417,395,8,783,188,169,342,101,826","165,165,165,163,165,165,164,163,163,164",691
3513,106,"896,417,376,190,342,616,574,505,391,451","165,165,164,163,164,163,163,164,163,164,163,163",523
3166,106,"896,417,626,59,284,505,8,376,574,435","165,165,164,164,165,163,164,163,164,164,165",472
111,106,"896,417,626,342,8,101,169,826,391,52","165,165,164,163,163,163,164,164,163,163,164",598
4671,106,"896,417,626,59,342,8,169,52,921,785","165,165,164,164,163,163,164,163,164,163,163",553
1507,106,"896,417,376,451,753,616,505,190,65,86","165,165,164,163,164,163,163,164,163,164,163,164",634
3266,106,"896,376,688,451,284,342,133,574,417,753","165,164,164,163,165,163,163,164,165,164",579
3187,106,"896,417,376,190,342,616,574,391,626,101","165,165,164,163,164,163,163,164,163,164,163",374
5211,106,"896,376,742,59,260,451,133,284,342,86","165,164,164,164,163,163,163,165,163,164",541
2831,106,"896,417,376,451,753,59,133,505,616,16","165,165,164,163,164,164,163,163,164,163,164",513
2347,106,"896,417,626,59,342,451,753,133,505,469","165,165,164,164,163,163,164,163,163,164,163",555
5507,106,"896,417,626,342,8,101,169,391,826,486","165,165,164,163,163,163,164,163,164,164",519
5195,106,"376,688,157,535,52,829,840,367,923,405","164,164,163,164,163,164,163,163,165,195,154",304
5544,106,"896,376,742,163,451,284,688,616,417,16","165,164,164,163,163,165,164,163,165,164",720
2914,106,"896,417,376,451,753,59,133,505,616,211","165,165,164,163,164,164,163,163,164,163,163",559
5496,106,"896,417,626,342,8,101,369,169,574,190","165,165,164,163,163,163,163,164,164,163,164",530
1138,106,"896,417,626,342,8,840,376,469,133,505","165,165,164,163,163,163,164,163,163,163,164",535
4419,106,"896,417,395,816,783,626,59,616,753,342","165,165,165,164,165,164,164,163,164,163",627
3276,106,"896,417,376,190,342,616,574,391,626,101","165,165,164,163,164,163,163,164,163,164,163",569
2918,106,"896,417,626,342,8,840,574,826,101,169","165,165,164,163,163,163,164,164,163,164",634
50,106,"376,688,157,535,829,367,840,52,903,923","164,164,163,164,163,165,163,163,164,129,195",304
1378,106,"896,376,742,451,284,616,86,65,59,344","165,164,164,163,165,163,164,163,164,163",588
1389,106,"896,417,376,190,342,753,505,574,391,626","165,165,164,163,164,163,164,163,164,164,163,164",618
4400,106,"896,482,417,505,451,376,616,574,342,626","165,164,165,163,164,163,164,163,164,163,164",654
565,106,"896,482,417,505,574,376,391,616,688,449","165,164,165,163,164,164,164,163,163,164,165",640
5627,106,"896,417,376,190,451,753,616,133,688,163","165,165,164,163,164,163,164,163,163,164,163",669
5456,106,"896,665,342,417,505,59,376,391,190,451","165,164,163,165,163,164,164,164,163,163,164,163",611
1362,106,"896,376,451,86,211,405,574,688,260,495","165,164,163,164,163,154,164,164,163,156",574
123,106,"896,417,626,59,342,8,133,376,190,616","165,165,164,164,163,163,163,164,163,164,163",466
3482,106,"896,417,376,190,342,753,505,451,284,574","165,165,164,163,164,163,164,163,164,163,165,164",547
1626,106,"896,376,742,451,284,133,753,342,260,86","165,164,164,163,165,163,164,163,163,164",540
6033,106,"896,376,742,163,451,574,616,417,688,211","165,164,164,163,163,164,163,165,164,163",661
5560,106,"896,376,742,59,86,344,154,65,803,353","165,164,164,164,164,163,164,163,148,63",616
4723,106,"896,417,376,190,451,753,505,391,342,626","165,165,164,163,164,163,164,163,164,163,163,164",498
1525,106,"896,376,742,451,574,211,154,367,276,284","165,164,164,163,164,163,164,165,155,165",600
3854,106,"896,376,688,451,284,86,344,59,154,157","165,164,164,163,165,164,163,164,164,163",544
184,106,"896,417,626,342,574,921,505,133,163,816","165,165,164,163,164,163,163,164,163,163,164",645
1025,106,"896,417,626,342,8,101,169,391,826,486","165,165,164,163,163,163,164,163,164,164",535
2100,106,"896,417,376,190,342,616,574,391,451,101","165,165,164,163,164,163,163,164,163,163,163",371
2034,106,"896,376,688,451,284,342,417,753,133,665","165,164,164,163,165,163,165,164,163,164",485
1554,106,"896,417,626,342,8,101,169,826,88,805","165,165,164,163,163,163,164,164,164,164",612
3938,106,"896,665,342,417,8,35,626,356,419,698","165,164,163,165,163,163,164,164,176,176",688
481,106,"896,417,376,451,211,742,65,688,574,816","165,165,164,163,163,164,163,164,164,164",463
3315,106,"896,417,626,59,342,8,169,52,505,163","165,165,164,164,163,163,164,163,164,163,164,163",541
966,106,"896,417,376,451,753,59,133,211,616,260","165,165,164,163,164,164,163,163,163,163",510
4238,106,"896,376,688,451,742,59,803,154,344,65","165,164,164,163,164,164,148,164,163,163",521
3693,106,"896,417,376,190,342,753,505,451,284,574","165,165,164,163,164,163,164,163,164,163,165,164",463
1674,106,"896,482,417,505,574,376,52,616,449,190","165,164,165,163,164,164,164,163,164,163,165,163,164",640
4328,106,"376,688,157,535,829,367,840,52,923,405","164,164,163,164,163,165,163,163,164,195,154",278
4352,106,"896,417,376,190,342,753,451,688,154,211","165,165,164,163,164,163,164,163,164,164,163",535
5529,106,"376,342,391,535,169,52,840,616,921,165","164,163,163,164,164,163,164,163,163,163,164",506
2677,106,"896,376,688,451,284,742,163,65,86,260","165,164,164,163,165,164,163,163,164,163",796
3486,106,"896,482,59,665,342,417,8,98,356,169","165,164,164,164,163,165,163,164,164,164",702
796,106,"896,417,395,8,783,101,626,342,188,505","165,165,165,163,165,163,164,163,165,163,164",635
2917,106,"896,417,626,59,342,451,753,505,574,133","165,165,164,164,163,163,164,163,164,164,163",519
2572,106,"376,688,157,829,535,367,840,52,923,405","164,164,163,163,164,165,163,163,164,195,154",275
4,106,"376,688,157,367,829,535,840,52,923,405","164,164,163,165,163,164,163,163,164,195,154",226
4277,106,"896,417,626,342,574,921,8,101,169,435","165,165,164,163,164,163,163,163,164,165",563
444,106,"896,417,376,190,451,211,154,616,688,753","165,165,164,163,164,163,163,164,163,164,164",526
6036,106,"376,342,688,157,154,921,165,535,344,367","164,163,164,163,164,163,164,164,163,165",493
2078,106,"896,417,376,190,342,753,505,574,449,626","165,165,164,163,164,163,164,163,164,164,165,164",516
2781,106,"896,417,376,451,211,154,742,616,753,65","165,165,164,163,163,164,164,163,164,163",555
1503,106,"896,417,626,342,8,101,169,826,391,486","165,165,164,163,163,163,164,164,163,164",553
2961,106,"896,376,742,163,451,574,616,367,688,211","165,164,164,163,163,164,163,165,164,163",678
2627,106,"896,665,342,417,8,698,419,169,98,940","165,164,163,165,163,176,176,164,164,176",689
1930,106,"896,376,688,451,284,86,344,59,133,742","165,164,164,163,165,164,163,164,163,164",471
2436,106,"896,482,417,626,8,101,826,486,785,890","165,164,165,164,163,163,164,164,163,164",300
4492,106,"896,417,626,342,574,921,505,8,535,376","165,165,164,163,164,163,163,164,163,164,164",531
4858,106,"896,417,376,190,451,753,505,391,342,133","165,165,164,163,164,163,164,163,164,163,163,163",594
1041,106,"896,417,626,342,8,101,169,391,826,486","165,165,164,163,163,163,164,163,164,164",669
987,106,"223,417,126,698,940,8,626,35,189,100","165,165,165,176,176,163,164,163,165,165",690
432,106,"896,417,376,190,451,753,505,133,616,688","165,165,164,163,164,163,164,163,164,163,163,164",507
6147,106,"896,417,626,342,574,921,8,101,169,435","165,165,164,163,164,163,163,163,164,165",576
870,106,"896,376,505,574,8,785,486,826,52,129","165,164,163,164,164,163,163,164,164,163,164,165",427
4088,106,"896,376,688,451,59,154,157,742,574,284","165,164,164,163,164,164,163,164,164,165",479
5126,106,"896,376,688,451,284,86,344,59,154,616","165,164,164,163,165,164,163,164,164,163",498
464,106,"896,417,376,451,753,616,505,133,16,190","165,165,164,163,164,163,163,164,163,164,163,164",608
4325,106,"896,376,742,451,284,616,86,753,65,190","165,164,164,163,165,163,164,164,163,163,164",571
2618,106,"896,417,376,451,211,154,742,65,616,190","165,165,164,163,163,164,164,163,163,163,164",586
4940,106,"896,417,376,190,342,753,505,574,391,626","165,165,164,163,164,163,164,163,164,164,163,164",601
1823,106,"896,417,626,342,574,921,8,101,169,435","165,165,164,163,164,163,163,163,164,165",612
1373,106,"376,342,688,284,634,753,154,157,59,816","164,163,164,165,163,164,164,163,164,164",469
2795,106,"896,417,626,59,342,8,169,52,921,785","165,165,164,164,163,163,164,163,164,163,163",510
5933,106,"896,417,626,342,574,505,921,8,616,284","165,165,164,163,164,163,164,163,163,163,165",448
1778,106,"896,376,342,505,753,451,574,133,469,86","165,164,163,163,164,164,163,164,163,163,164",563
4793,106,"376,163,482,665,616,505,747,342,574,753","164,163,164,164,163,163,164,164,163,164,164",667
2949,106,"896,417,626,342,8,840,376,574,921,101","165,165,164,163,163,163,164,164,163,163",600
1077,106,"376,688,157,405,367,535,829,840,523,923","164,164,163,154,165,164,163,163,21,195",290
3462,106,"896,376,688,451,59,154,157,290,574,133","165,164,164,163,164,164,163,3,164,163",539
2322,106,"578,366,447,451,896,168,7,376,133,254","163,164,164,163,165,165,165,164,163,164",693
199,106,"896,482,59,133,395,451,816,344,65,168","165,164,164,163,165,163,164,163,163,165",604
248,106,"896,417,376,190,342,753,505,574,449,626","165,165,164,163,164,163,164,163,164,164,165,164",612
4142,106,"896,376,742,59,86,344,75,469,616,688","165,164,164,164,164,163,163,163,163,164",464
4017,106,"896,417,626,59,154,742,190,616,753,342","165,165,164,164,164,164,163,164,163,164,163",519
767,106,"896,417,626,342,8,840,574,826,101,391","165,165,164,163,163,163,164,164,163,163",582
4698,106,"896,417,626,342,574,505,921,8,376,535","165,165,164,163,164,163,164,163,163,164,164",553
35,106,"896,417,376,190,342,753,451,688,163,154","165,165,164,163,164,163,164,163,164,163,164",620
2148,106,"896,417,376,190,451,211,154,616,688,133","165,165,164,163,164,163,163,164,163,164,163",520
4875,106,"896,417,626,59,342,451,753,505,435,785","165,165,164,164,163,163,164,163,164,165,163",423
5579,106,"896,417,376,451,753,616,505,133,16,190","165,165,164,163,164,163,163,164,163,164,163,164",585
5580,106,"896,417,168,376,574,451,783,8,505,714","165,165,165,164,164,163,165,163,163,164,163",608
1109,106,"896,417,626,59,342,8,133,376,616,505","165,165,164,164,163,163,163,164,163,163,164",555
6018,106,"896,376,342,391,8,785,826,554,52,129","165,164,163,163,163,163,164,165,163,164,165",312
2923,106,"896,376,688,451,284,742,163,190,574,342","165,164,164,163,165,164,163,163,164,164,163",669
1172,106,"896,417,376,190,342,616,574,391,626,8","165,165,164,163,164,163,163,164,163,164,163",506
714,106,"896,376,688,451,284,133,342,86,753,505","165,164,164,163,165,163,163,164,164,163,164",380
425,106,"376,688,157,535,52,840,829,367,903,923","164,164,163,164,163,164,163,163,165,129,195",304
5558,106,"896,417,376,451,211,154,742,616,753,65","165,165,164,163,163,164,164,163,164,163",561
3945,106,"896,417,376,190,451,211,154,616,688,133","165,165,164,163,164,163,163,164,163,164,163",582
730,106,"896,417,376,190,342,753,505,574,391,626","165,165,164,163,164,163,164,163,164,164,163,164",572
3475,106,"896,417,376,451,753,59,211,133,742,260","165,165,164,163,164,164,163,163,164,163",547
2062,106,"896,417,626,59,154,616,451,376,342,435","165,165,164,164,164,163,163,164,163,165",380
3456,106,"896,417,626,342,8,101,169,391,826,486","165,165,164,163,163,163,164,163,164,164",545
2726,106,"896,417,626,342,574,921,8,101,169,435","165,165,164,163,164,163,163,163,164,165",546
3852,106,"896,417,376,190,342,616,574,505,391,451","165,165,164,163,164,163,163,164,163,164,163,163",531
4540,107,"376,688,157,535,829,367,840,52,923,405","164,164,163,164,163,165,163,163,164,195,154",251
3507,107,"896,417,376,451,753,59,133,211,616,260","165,165,164,163,164,164,163,163,163,163",531
4932,107,"896,376,688,451,284,133,86,75,469,417","165,164,164,163,165,163,164,163,163,165",471
5784,107,"896,376,742,451,574,211,284,59,344,86","165,164,164,163,164,163,165,164,163,164",490
5424,107,"896,417,626,342,574,921,8,505,535,391","165,165,164,163,164,163,163,163,164,164,163",535
5481,107,"896,417,626,342,574,921,8,505,535,435","165,165,164,163,164,163,163,163,164,164,165",553
4511,107,"896,376,742,163,451,284,688,616,190,86","165,164,164,163,163,165,164,163,163,164,164",612
5430,107,"896,417,376,190,451,753,505,391,342,133","165,165,164,163,164,163,164,163,164,163,163,163",546
2873,107,"896,417,626,342,8,101,169,826,88,805","165,165,164,163,163,163,164,164,164,164",477
1235,107,"896,376,688,451,284,133,342,101,8,169","165,164,164,163,165,163,163,163,163,164",494
4355,107,"896,665,342,417,505,52,391,8,35,626","165,164,163,165,163,164,163,164,163,163,163,164",586
3184,107,"896,376,742,59,86,344,154,451,405,211","165,164,164,164,164,163,164,163,154,163",535
2179,107,"896,417,626,342,8,840,376,574,284,435","165,165,164,163,163,163,164,164,165,165",352
3210,107,"896,417,626,342,8,840,574,826,469,486","165,165,164,163,163,163,164,164,163,164",544
3735,107,"376,688,157,535,52,840,829,367,903,923","164,164,163,164,163,164,163,163,165,129,195",289
4486,107,"896,417,376,190,342,616,574,505,391,626","165,165,164,163,164,163,163,164,163,164,163,164",519
574,107,"896,417,626,342,8,101,826,391,486,890","165,165,164,163,163,163,164,163,164,164",483
633,107,"896,417,376,451,753,616,505,190,65,86","165,165,164,163,164,163,163,164,163,164,163,164",508
1133,107,"896,376,688,451,59,154,742,367,65,86","165,164,164,163,164,164,164,165,163,164",361
5148,107,"896,376,742,59,86,344,154,65,803,373","165,164,164,164,164,163,164,163,148,148",556
64,107,"896,376,688,451,284,86,133,157,344,469","165,164,164,163,165,164,163,163,163,163",494
5501,107,"896,417,626,342,8,101,169,391,826,486","165,165,164,163,163,163,164,163,164,164",463
1584,107,"896,376,742,59,86,344,154,469,260,688","165,164,164,164,164,163,164,163,163,164",413
729,107,"896,376,688,451,284,742,344,616,86,59","165,164,164,163,165,164,163,163,164,164",346
3759,107,"896,417,626,342,8,101,826,391,486,890","165,165,164,163,163,163,164,163,164,164",437
3009,107,"896,376,342,505,469,753,451,133,688,921","165,164,163,163,164,163,164,163,163,164,163",516
4554,107,"896,417,626,342,8,101,169,826,88,805","165,165,164,163,163,163,164,164,164,164",569
2626,107,"896,417,626,59,342,163,753,86,921,435","165,165,164,164,163,163,164,164,163,165",628
2261,107,"896,417,376,163,451,154,616,742,65,434","165,165,164,163,163,164,163,164,163,129",641
3610,107,"896,417,376,163,451,133,211,742,154,260","165,165,164,163,163,163,163,164,164,163",600
5528,107,"896,417,376,190,342,616,574,391,451,101","165,165,164,163,164,163,163,164,163,163,163",553
5711,107,"896,417,626,59,342,163,505,816,574,535","165,165,164,164,163,163,163,164,164,164,164",553
2930,107,"376,688,157,535,829,367,840,52,923,405","164,164,163,164,163,165,163,163,164,195,154",293
145,107,"896,417,626,59,342,8,133,376,616,505","165,165,164,164,163,163,163,164,163,163,164",500
5860,107,"896,376,742,59,260,154,86,344,65,803","165,164,164,164,163,164,164,163,163,148",354
5493,107,"896,417,626,342,8,101,169,826,391,52","165,165,164,163,163,163,164,164,163,163,164",544
1509,107,"896,482,665,52,535,574,8,35,505,376","165,164,164,163,164,164,164,163,163,163,164,164",594
3202,107,"896,376,742,59,163,86,344,154,469,479","165,164,164,164,163,164,163,164,163,163",669
541,107,"896,417,626,342,574,921,8,505,535,435","165,165,164,163,164,163,163,163,164,164,165",528
1595,107,"896,417,626,342,8,840,376,574,284,435","165,165,164,163,163,163,164,164,165,165",500
4837,107,"896,376,742,451,284,616,86,65,59,344","165,164,164,163,165,163,164,163,164,163",464
5610,107,"896,417,376,190,342,753,505,574,391,626","165,165,164,163,164,163,164,163,164,164,163,164",653
66,107,"896,376,742,59,163,451,616,211,688,290","165,164,164,164,163,163,163,163,164,3",653
4215,107,"896,376,505,574,133,753,469,52,8,157","165,164,163,164,164,163,164,163,163,164,163,163",415
5436,107,"896,376,688,451,742,59,574,154,65,75","165,164,164,163,164,164,164,164,163,163",547
2737,107,"896,376,742,451,284,133,449,753,417,342","165,164,164,163,165,163,165,164,165,163",535
573,107,"896,376,688,451,284,342,133,154,753,469","165,164,164,163,165,163,163,164,164,163",547
1670,107,"896,376,688,451,284,342,783,921,395,753","165,164,164,163,165,163,165,163,165,164",644
5744,107,"896,376,688,451,284,133,342,98,486,189","165,164,164,163,165,163,163,164,164,165",586
1223,107,"896,417,626,342,574,505,921,376,391,785","165,165,164,163,164,163,164,163,164,163,163",400
2837,107,"896,417,626,342,8,101,369,169,391,826","165,165,164,163,163,163,163,164,163,164",538
5167,107,"896,417,626,59,342,451,133,284,86,574","165,165,164,164,163,163,163,165,164,164",557
1374,107,"896,417,626,59,342,163,505,816,574,535","165,165,164,164,163,163,163,164,164,164,164",553
2938,107,"896,376,742,451,284,616,86,65,59,344","165,164,164,163,165,163,164,163,164,163",535
4883,107,"896,417,626,8,376,574,435,505,59,284","165,165,164,163,164,164,165,163,164,164,165",531
1715,107,"376,688,157,535,829,367,840,52,903,923","164,164,163,164,163,165,163,163,164,129,195",378
1563,107,"896,417,626,342,8,101,169,391,826,486","165,165,164,163,163,163,164,163,164,164",519
3981,107,"896,376,742,451,574,211,154,367,276,260","165,164,164,163,164,163,164,165,155,163",520
1993,107,"896,417,376,451,211,154,65,753,688,616","165,165,164,163,163,164,163,164,164,163",540
4228,107,"896,417,626,342,8,101,169,826,88,805","165,165,164,163,163,163,164,164,164,164",549
3557,107,"376,688,157,535,829,367,840,52,903,923","164,164,163,164,163,165,163,163,164,129,195",304
449,107,"896,417,376,451,753,59,133,505,616,190","165,165,164,163,164,164,163,163,164,163,163,164",541
944,107,"896,417,626,342,8,101,169,391,826,486","165,165,164,163,163,163,164,163,164,164",447
3243,107,"896,417,626,342,8,101,369,169,391,826","165,165,164,163,163,163,163,164,163,164",553
889,107,"896,376,688,451,284,86,133,190,154,344","165,164,164,163,165,164,163,163,164,164,163",519
3540,107,"896,417,376,190,451,753,616,59,133,688","165,165,164,163,164,163,164,163,164,163,164",553
4748,107,"896,417,626,342,8,840,574,826,101,169","165,165,164,163,163,163,164,164,163,164",521
3532,107,"896,376,688,451,284,342,133,574,417,921","165,164,164,163,165,163,163,164,165,163",528
1764,107,"896,417,626,342,574,921,505,8,535,376","165,165,164,163,164,163,163,164,163,164,164",541
1614,107,"896,417,626,342,8,101,169,391,826,486","165,165,164,163,163,163,164,163,164,164",571
5452,107,"896,376,688,451,284,86,344,59,154,157","165,164,164,163,165,164,163,164,164,163",519
5139,107,"896,417,626,342,8,101,169,391,826,486","165,165,164,163,163,163,164,163,164,164",472
2840,107,"896,417,376,190,342,616,574,391,451,101","165,165,164,163,164,163,163,164,163,163,163",355
2905,107,"896,417,376,451,753,616,133,190,505,469","165,165,164,163,164,163,163,163,164,163,164,163",628
1294,107,"896,417,376,190,451,133,616,449,342,574","165,165,164,163,164,163,163,163,165,163,164",570
2101,107,"896,417,626,342,8,840,376,469,133,505","165,165,164,163,163,163,164,163,163,163,164",574
5250,107,"896,376,742,59,86,344,154,469,260,688","165,164,164,164,164,163,164,163,163,164",338
2710,107,"896,417,376,451,753,59,211,133,469,616","165,165,164,163,164,164,163,163,163,163",520
3446,107,"896,376,688,451,284,342,133,574,417,921","165,164,164,163,165,163,163,164,165,163",519
1057,107,"896,417,626,59,154,616,451,190,742,211","165,165,164,164,164,163,163,163,164,164,163",543
185,107,"896,376,742,163,451,284,753,616,190,260","165,164,164,163,163,165,164,163,163,164,163",720
622,107,"896,417,626,342,8,840,376,574,921,535","165,165,164,163,163,163,164,164,163,164",535
2367,107,"896,376,688,451,284,742,86,59,344,75","165,164,164,163,165,164,164,164,163,163",398
5110,107,"896,417,376,451,753,616,505,190,65,86","165,165,164,163,164,163,163,164,163,164,163,164",349
5210,107,"896,417,626,342,8,840,574,826,469,486","165,165,164,163,163,163,164,164,163,164",523
2654,107,"896,417,626,59,342,451,753,505,284,435","165,165,164,164,163,163,164,163,164,165,165",541
5074,107,"896,417,626,342,8,101,169,391,826,486","165,165,164,163,163,163,164,163,164,164",553
4457,107,"896,376,742,59,163,86,65,154,344,75","165,164,164,164,163,164,163,164,163,163",690
1462,107,"896,417,626,59,342,8,169,52,921,616","165,165,164,164,163,163,164,163,164,163,163",554
1213,107,"896,482,417,626,342,8,826,469,574,486","165,164,165,164,163,163,164,163,164,164",644
1506,107,"376,163,742,65,616,284,165,101,417,342","164,163,164,163,163,165,164,163,165,163",388
1010,107,"896,376,574,133,829,367,714,535,451,86","165,164,164,163,163,165,163,164,163,164",270
1760,107,"896,417,376,451,211,154,65,753,688,742","165,165,164,163,163,164,163,164,164,164",600
1298,107,"896,376,688,451,284,742,86,190,344,59","165,164,164,163,165,164,164,163,164,163,164",430
3549,107,"896,376,451,284,163,59,86,190,742,344","165,164,163,165,163,164,164,163,164,164,163",633
5694,107,"896,376,742,59,260,154,86,616,753,344","165,164,164,164,163,164,164,163,164,163",606
3791,107,"896,482,417,505,451,376,616,574,342,816","165,164,165,163,164,163,164,163,164,163,164",639
4216,107,"896,417,626,342,8,840,574,826,101,391","165,165,164,163,163,163,164,164,163,163",553
1837,107,"896,376,742,451,284,616,260,86,753,65","165,164,164,163,165,163,163,164,164,163",499
2380,107,"896,417,626,342,574,505,921,376,391,535","165,165,164,163,164,163,164,163,164,163,164",535
2786,107,"896,417,395,8,783,188,169,342,101,826","165,165,165,163,165,165,164,163,163,164",691
3513,107,"896,417,376,190,342,616,574,505,391,451","165,165,164,163,164,163,163,164,163,164,163,163",523
3166,107,"896,417,626,59,284,505,8,376,574,435","165,165,164,164,165,163,164,163,164,164,165",472
111,107,"896,417,626,342,8,101,169,826,391,52","165,165,164,163,163,163,164,164,163,163,164",598
4671,107,"896,417,626,59,342,8,169,52,921,785","165,165,164,164,163,163,164,163,164,163,163",553
1507,107,"896,417,376,451,753,616,505,190,65,86","165,165,164,163,164,163,163,164,163,164,163,164",634
3266,107,"896,376,688,451,284,342,133,574,417,753","165,164,164,163,165,163,163,164,165,164",579
3187,107,"896,417,376,190,342,616,574,391,626,101","165,165,164,163,164,163,163,164,163,164,163",374
5211,107,"896,376,742,59,260,451,133,284,342,86","165,164,164,164,163,163,163,165,163,164",541
2831,107,"896,417,376,451,753,59,133,505,616,16","165,165,164,163,164,164,163,163,164,163,164",513
2347,107,"896,417,626,59,342,451,753,133,505,469","165,165,164,164,163,163,164,163,163,164,163",555
5507,107,"896,417,626,342,8,101,169,391,826,486","165,165,164,163,163,163,164,163,164,164",519
5195,107,"376,688,157,535,52,829,840,367,923,405","164,164,163,164,163,164,163,163,165,195,154",304
5544,107,"896,376,742,163,451,284,688,616,417,16","165,164,164,163,163,165,164,163,165,164",720
2914,107,"896,417,376,451,753,59,133,505,616,211","165,165,164,163,164,164,163,163,164,163,163",559
5496,107,"896,417,626,342,8,101,369,169,574,190","165,165,164,163,163,163,163,164,164,163,164",530
1138,107,"896,417,626,342,8,840,376,469,133,505","165,165,164,163,163,163,164,163,163,163,164",535
4419,107,"896,417,395,816,783,626,59,616,753,342","165,165,165,164,165,164,164,163,164,163",627
3276,107,"896,417,376,190,342,616,574,391,626,101","165,165,164,163,164,163,163,164,163,164,163",569
2918,107,"896,417,626,342,8,840,574,826,101,169","165,165,164,163,163,163,164,164,163,164",634
50,107,"376,688,157,535,829,367,840,52,903,923","164,164,163,164,163,165,163,163,164,129,195",304
1378,107,"896,376,742,451,284,616,86,65,59,344","165,164,164,163,165,163,164,163,164,163",588
1389,107,"896,417,376,190,342,753,505,574,391,626","165,165,164,163,164,163,164,163,164,164,163,164",618
4400,107,"896,482,417,505,451,376,616,574,342,626","165,164,165,163,164,163,164,163,164,163,164",654
565,107,"896,482,417,505,574,376,391,616,688,449","165,164,165,163,164,164,164,163,163,164,165",640
5627,107,"896,417,376,190,451,753,616,133,688,163","165,165,164,163,164,163,164,163,163,164,163",669
5456,107,"896,665,342,417,505,59,376,391,190,451","165,164,163,165,163,164,164,164,163,163,164,163",611
1362,107,"896,376,451,276,86,405,211,574,688,495","165,164,163,155,164,154,163,164,164,156",574
123,107,"896,417,626,59,342,8,133,376,190,616","165,165,164,164,163,163,163,164,163,164,163",466
3482,107,"896,417,376,190,342,753,505,451,284,574","165,165,164,163,164,163,164,163,164,163,165,164",547
1626,107,"896,376,742,451,284,133,753,342,260,86","165,164,164,163,165,163,164,163,163,164",540
6033,107,"896,376,742,163,451,574,616,417,688,211","165,164,164,163,163,164,163,165,164,163",661
5560,107,"896,376,742,59,86,344,154,65,803,353","165,164,164,164,164,163,164,163,148,63",616
4723,107,"896,417,376,190,451,753,505,391,342,626","165,165,164,163,164,163,164,163,164,163,163,164",498
1525,107,"896,376,742,451,574,211,154,367,284,59","165,164,164,163,164,163,164,165,165,164",600
3854,107,"896,376,688,451,284,86,344,59,154,157","165,164,164,163,165,164,163,164,164,163",544
184,107,"896,417,626,342,574,921,505,133,163,816","165,165,164,163,164,163,163,164,163,163,164",645
1025,107,"896,417,626,342,8,101,169,391,826,486","165,165,164,163,163,163,164,163,164,164",535
2100,107,"896,417,376,190,342,616,574,391,451,101","165,165,164,163,164,163,163,164,163,163,163",371
2034,107,"896,376,688,451,284,342,417,753,133,665","165,164,164,163,165,163,165,164,163,164",485
1554,107,"896,417,626,342,8,101,169,826,88,805","165,165,164,163,163,163,164,164,164,164",612
3938,107,"896,665,342,417,8,35,626,356,419,698","165,164,163,165,163,163,164,164,176,176",688
481,107,"896,417,376,451,211,742,65,688,574,816","165,165,164,163,163,164,163,164,164,164",463
3315,107,"896,417,626,59,342,8,169,52,505,163","165,165,164,164,163,163,164,163,164,163,164,163",541
966,107,"896,417,376,451,753,59,133,211,616,260","165,165,164,163,164,164,163,163,163,163",510
4238,107,"896,376,688,451,742,59,803,154,344,65","165,164,164,163,164,164,148,164,163,163",521
3693,107,"896,417,376,190,342,753,505,451,284,574","165,165,164,163,164,163,164,163,164,163,165,164",463
1674,107,"896,482,417,505,574,376,52,616,449,190","165,164,165,163,164,164,164,163,164,163,165,163,164",640
4328,107,"376,688,157,535,829,367,840,52,923,405","164,164,163,164,163,165,163,163,164,195,154",278
4352,107,"896,417,376,190,342,753,451,688,154,211","165,165,164,163,164,163,164,163,164,164,163",535
5529,107,"376,342,391,535,169,52,840,616,921,165","164,163,163,164,164,163,164,163,163,163,164",506
2677,107,"896,376,688,451,284,742,163,65,86,260","165,164,164,163,165,164,163,163,164,163",796
3486,107,"896,482,59,665,342,417,8,98,356,169","165,164,164,164,163,165,163,164,164,164",702
796,107,"896,417,395,8,783,101,626,342,188,505","165,165,165,163,165,163,164,163,165,163,164",635
2917,107,"896,417,626,59,342,451,753,505,574,133","165,165,164,164,163,163,164,163,164,164,163",519
2572,107,"376,688,157,829,535,367,840,52,923,405","164,164,163,163,164,165,163,163,164,195,154",275
4,107,"376,688,157,367,829,535,840,52,923,405","164,164,163,165,163,164,163,163,164,195,154",226
4277,107,"896,417,626,342,574,921,8,101,169,435","165,165,164,163,164,163,163,163,164,165",563
444,107,"896,417,376,190,451,211,154,616,688,753","165,165,164,163,164,163,163,164,163,164,164",526
6036,107,"376,342,688,157,154,921,165,535,344,367","164,163,164,163,164,163,164,164,163,165",493
2078,107,"896,417,376,190,342,753,505,574,449,626","165,165,164,163,164,163,164,163,164,164,165,164",516
2781,107,"896,417,376,451,211,154,742,616,753,65","165,165,164,163,163,164,164,163,164,163",555
1503,107,"896,417,626,342,8,101,169,826,391,486","165,165,164,163,163,163,164,164,163,164",553
2961,107,"896,376,742,163,451,574,616,367,688,211","165,164,164,163,163,164,163,165,164,163",678
2627,107,"896,665,342,417,8,698,419,169,98,940","165,164,163,165,163,176,176,164,164,176",689
1930,107,"896,376,688,451,284,86,344,59,133,742","165,164,164,163,165,164,163,164,163,164",471
2436,107,"896,482,417,626,8,101,826,486,785,890","165,164,165,164,163,163,164,164,163,164",300
4492,107,"896,417,626,342,574,921,505,8,535,376","165,165,164,163,164,163,163,164,163,164,164",531
4858,107,"896,417,376,190,451,753,505,391,342,133","165,165,164,163,164,163,164,163,164,163,163,163",594
1041,107,"896,417,626,342,8,101,169,391,826,486","165,165,164,163,163,163,164,163,164,164",669
987,107,"223,417,126,698,940,8,626,35,189,100","165,165,165,176,176,163,164,163,165,165",690
432,107,"896,417,376,190,451,753,505,133,616,688","165,165,164,163,164,163,164,163,164,163,163,164",507
6147,107,"896,417,626,342,574,921,8,101,169,435","165,165,164,163,164,163,163,163,164,165",576
870,107,"896,376,505,574,8,785,486,826,52,129","165,164,163,164,164,163,163,164,164,163,164,165",427
4088,107,"896,376,688,451,59,154,157,742,574,284","165,164,164,163,164,164,163,164,164,165",479
5126,107,"896,376,688,451,284,86,344,59,154,616","165,164,164,163,165,164,163,164,164,163",498
464,107,"896,417,376,451,753,616,505,133,16,190","165,165,164,163,164,163,163,164,163,164,163,164",608
4325,107,"896,376,742,451,284,616,86,753,65,190","165,164,164,163,165,163,164,164,163,163,164",571
2618,107,"896,417,376,451,211,154,742,65,616,190","165,165,164,163,163,164,164,163,163,163,164",586
4940,107,"896,417,376,190,342,753,505,574,391,626","165,165,164,163,164,163,164,163,164,164,163,164",601
1823,107,"896,417,626,342,574,921,8,101,169,435","165,165,164,163,164,163,163,163,164,165",612
1373,107,"376,342,688,284,634,753,154,157,59,816","164,163,164,165,163,164,164,163,164,164",469
2795,107,"896,417,626,59,342,8,169,52,921,785","165,165,164,164,163,163,164,163,164,163,163",510
5933,107,"896,417,626,342,574,505,921,8,616,284","165,165,164,163,164,163,164,163,163,163,165",448
1778,107,"896,376,342,505,753,451,574,133,469,86","165,164,163,163,164,164,163,164,163,163,164",563
4793,107,"376,163,482,665,616,505,747,342,574,753","164,163,164,164,163,163,164,164,163,164,164",667
2949,107,"896,417,626,342,8,840,376,574,921,101","165,165,164,163,163,163,164,164,163,163",600
1077,107,"376,688,157,405,367,535,829,840,523,923","164,164,163,154,165,164,163,163,21,195",290
3462,107,"896,376,688,451,59,154,157,290,574,133","165,164,164,163,164,164,163,3,164,163",539
2322,107,"578,366,447,451,896,168,7,376,133,254","163,164,164,163,165,165,165,164,163,164",693
199,107,"896,482,59,133,395,451,816,344,65,168","165,164,164,163,165,163,164,163,163,165",604
248,107,"896,417,376,190,342,753,505,574,449,626","165,165,164,163,164,163,164,163,164,164,165,164",612
4142,107,"896,376,742,59,86,344,75,469,616,688","165,164,164,164,164,163,163,163,163,164",464
4017,107,"896,417,626,59,154,742,190,616,753,342","165,165,164,164,164,164,163,164,163,164,163",519
767,107,"896,417,626,342,8,840,574,826,101,391","165,165,164,163,163,163,164,164,163,163",582
4698,107,"896,417,626,342,574,505,921,8,376,535","165,165,164,163,164,163,164,163,163,164,164",553
35,107,"896,417,376,190,342,753,451,688,163,154","165,165,164,163,164,163,164,163,164,163,164",620
2148,107,"896,417,376,190,451,211,154,616,688,133","165,165,164,163,164,163,163,164,163,164,163",520
4875,107,"896,417,626,59,342,451,753,505,435,785","165,165,164,164,163,163,164,163,164,165,163",423
5579,107,"896,417,376,451,753,616,505,133,16,190","165,165,164,163,164,163,163,164,163,164,163,164",585
5580,107,"896,417,168,376,574,451,783,8,505,714","165,165,165,164,164,163,165,163,163,164,163",608
1109,107,"896,417,626,59,342,8,133,376,616,505","165,165,164,164,163,163,163,164,163,163,164",555
6018,107,"896,376,342,391,8,785,826,554,52,129","165,164,163,163,163,163,164,165,163,164,165",312
2923,107,"896,376,688,451,284,742,163,190,574,342","165,164,164,163,165,164,163,163,164,164,163",669
1172,107,"896,417,376,190,342,616,574,391,626,8","165,165,164,163,164,163,163,164,163,164,163",506
714,107,"896,376,688,451,284,133,342,86,753,505","165,164,164,163,165,163,163,164,164,163,164",380
425,107,"376,688,157,535,52,840,829,367,903,923","164,164,163,164,163,164,163,163,165,129,195",304
5558,107,"896,417,376,451,211,154,742,616,753,65","165,165,164,163,163,164,164,163,164,163",561
3945,107,"896,417,376,190,451,211,154,616,688,133","165,165,164,163,164,163,163,164,163,164,163",582
730,107,"896,417,376,190,342,753,505,574,391,626","165,165,164,163,164,163,164,163,164,164,163,164",572
3475,107,"896,417,376,451,753,59,211,133,742,260","165,165,164,163,164,164,163,163,164,163",547
2062,107,"896,417,626,59,154,616,451,376,342,435","165,165,164,164,164,163,163,164,163,165",380
3456,107,"896,417,626,342,8,101,169,391,826,486","165,165,164,163,163,163,164,163,164,164",545
2726,107,"896,417,626,342,574,921,8,101,169,435","165,165,164,163,164,163,163,163,164,165",546
3852,107,"896,417,376,190,342,616,574,505,391,451","165,165,164,163,164,163,163,164,163,164,163,163",531
4540,108,"376,688,157,535,829,367,840,52,923,405","164,164,163,164,163,165,163,163,164,195,154",251
3507,108,"896,417,376,451,753,59,133,211,616,260","165,165,164,163,164,164,163,163,163,163",531
4932,108,"896,376,688,451,284,133,86,75,469,417","165,164,164,163,165,163,164,163,163,165",471
5784,108,"896,376,742,451,574,211,284,59,344,86","165,164,164,163,164,163,165,164,163,164",490
5424,108,"896,417,626,342,574,921,8,505,535,391","165,165,164,163,164,163,163,163,164,164,163",535
5481,108,"896,417,626,342,574,921,8,505,535,435","165,165,164,163,164,163,163,163,164,164,165",553
4511,108,"896,376,742,163,451,284,688,616,190,86","165,164,164,163,163,165,164,163,163,164,164",612
5430,108,"896,417,376,190,451,753,505,391,342,133","165,165,164,163,164,163,164,163,164,163,163,163",546
2873,108,"896,417,626,342,8,101,169,826,88,805","165,165,164,163,163,163,164,164,164,164",477
1235,108,"896,376,688,451,284,133,342,101,8,169","165,164,164,163,165,163,163,163,163,164",494
4355,108,"896,665,342,417,505,52,391,8,35,626","165,164,163,165,163,164,163,164,163,163,163,164",586
3184,108,"896,376,742,59,86,344,154,451,405,211","165,164,164,164,164,163,164,163,154,163",535
2179,108,"896,417,626,342,8,840,376,574,284,435","165,165,164,163,163,163,164,164,165,165",352
3210,108,"896,417,626,342,8,840,574,826,469,486","165,165,164,163,163,163,164,164,163,164",544
3735,108,"376,688,157,535,52,840,829,367,903,923","164,164,163,164,163,164,163,163,165,129,195",289
4486,108,"896,417,376,190,342,616,574,505,391,626","165,165,164,163,164,163,163,164,163,164,163,164",519
574,108,"896,417,626,342,8,101,826,391,486,890","165,165,164,163,163,163,164,163,164,164",483
633,108,"896,417,376,451,753,616,505,190,65,86","165,165,164,163,164,163,163,164,163,164,163,164",508
1133,108,"896,376,688,451,59,154,742,367,65,86","165,164,164,163,164,164,164,165,163,164",361
5148,108,"896,376,742,59,86,344,154,65,803,373","165,164,164,164,164,163,164,163,148,148",556
64,108,"896,376,688,451,284,86,133,157,344,469","165,164,164,163,165,164,163,163,163,163",494
5501,108,"896,417,626,342,8,101,169,391,826,486","165,165,164,163,163,163,164,163,164,164",463
1584,108,"896,376,742,59,86,344,154,469,260,688","165,164,164,164,164,163,164,163,163,164",413
729,108,"896,376,688,451,284,742,344,616,86,59","165,164,164,163,165,164,163,163,164,164",346
3759,108,"896,417,626,342,8,101,826,391,486,890","165,165,164,163,163,163,164,163,164,164",437
3009,108,"896,376,342,505,469,753,451,133,688,921","165,164,163,163,164,163,164,163,163,164,163",516
4554,108,"896,417,626,342,8,101,169,826,88,805","165,165,164,163,163,163,164,164,164,164",569
2626,108,"896,417,626,59,342,163,753,86,921,435","165,165,164,164,163,163,164,164,163,165",628
2261,108,"896,417,376,163,451,154,616,742,65,434","165,165,164,163,163,164,163,164,163,129",641
3610,108,"896,417,376,163,451,133,211,742,154,260","165,165,164,163,163,163,163,164,164,163",600
5528,108,"896,417,376,190,342,616,574,391,451,101","165,165,164,163,164,163,163,164,163,163,163",553
5711,108,"896,417,626,59,342,163,505,816,574,535","165,165,164,164,163,163,163,164,164,164,164",553
2930,108,"376,688,157,535,829,367,840,52,923,405","164,164,163,164,163,165,163,163,164,195,154",293
145,108,"896,417,626,59,342,8,133,376,616,505","165,165,164,164,163,163,163,164,163,163,164",500
5860,108,"896,376,742,59,260,154,86,344,65,803","165,164,164,164,163,164,164,163,163,148",354
5493,108,"896,417,626,342,8,101,169,826,391,52","165,165,164,163,163,163,164,164,163,163,164",544
1509,108,"896,482,665,52,535,574,8,35,505,376","165,164,164,163,164,164,164,163,163,163,164,164",594
3202,108,"896,376,742,59,163,86,344,154,469,479","165,164,164,164,163,164,163,164,163,163",669
541,108,"896,417,626,342,574,921,8,505,535,435","165,165,164,163,164,163,163,163,164,164,165",528
1595,108,"896,417,626,342,8,840,376,574,284,435","165,165,164,163,163,163,164,164,165,165",500
4837,108,"896,376,742,451,284,616,86,65,59,344","165,164,164,163,165,163,164,163,164,163",464
5610,108,"896,417,376,190,342,753,505,574,391,626","165,165,164,163,164,163,164,163,164,164,163,164",653
66,108,"896,376,742,59,163,451,616,211,688,290","165,164,164,164,163,163,163,163,164,3",653
4215,108,"896,376,505,574,133,753,469,52,8,157","165,164,163,164,164,163,164,163,163,164,163,163",415
5436,108,"896,376,688,451,742,59,574,154,65,75","165,164,164,163,164,164,164,164,163,163",547
2737,108,"896,376,742,451,284,133,449,753,417,342","165,164,164,163,165,163,165,164,165,163",535
573,108,"896,376,688,451,284,342,133,154,753,469","165,164,164,163,165,163,163,164,164,163",547
1670,108,"896,376,688,451,284,342,783,921,395,753","165,164,164,163,165,163,165,163,165,164",644
5744,108,"896,376,688,451,284,133,342,98,486,189","165,164,164,163,165,163,163,164,164,165",586
1223,108,"896,417,626,342,574,505,921,376,391,785","165,165,164,163,164,163,164,163,164,163,163",400
2837,108,"896,417,626,342,8,101,369,169,391,826","165,165,164,163,163,163,163,164,163,164",538
5167,108,"896,417,626,59,342,451,133,284,86,574","165,165,164,164,163,163,163,165,164,164",557
1374,108,"896,417,626,59,342,163,505,816,574,535","165,165,164,164,163,163,163,164,164,164,164",553
2938,108,"896,376,742,451,284,616,86,65,59,344","165,164,164,163,165,163,164,163,164,163",535
4883,108,"896,417,626,8,376,574,435,505,59,284","165,165,164,163,164,164,165,163,164,164,165",531
1715,108,"376,688,157,535,829,367,840,52,903,923","164,164,163,164,163,165,163,163,164,129,195",378
1563,108,"896,417,626,342,8,101,169,391,826,486","165,165,164,163,163,163,164,163,164,164",519
3981,108,"896,376,742,451,574,211,154,367,276,260","165,164,164,163,164,163,164,165,155,163",520
1993,108,"896,417,376,451,211,154,65,753,688,616","165,165,164,163,163,164,163,164,164,163",540
4228,108,"896,417,626,342,8,101,169,826,88,805","165,165,164,163,163,163,164,164,164,164",549
3557,108,"376,688,157,535,829,367,840,52,903,923","164,164,163,164,163,165,163,163,164,129,195",304
449,108,"896,417,376,451,753,59,133,505,616,190","165,165,164,163,164,164,163,163,164,163,163,164",541
944,108,"896,417,626,342,8,101,169,391,826,486","165,165,164,163,163,163,164,163,164,164",447
3243,108,"896,417,626,342,8,101,369,169,391,826","165,165,164,163,163,163,163,164,163,164",553
889,108,"896,376,688,451,284,86,133,190,154,344","165,164,164,163,165,164,163,163,164,164,163",519
3540,108,"896,417,376,190,451,753,616,59,133,688","165,165,164,163,164,163,164,163,164,163,164",553
4748,108,"896,417,626,342,8,840,574,826,101,169","165,165,164,163,163,163,164,164,163,164",521
3532,108,"896,376,688,451,284,342,133,574,417,921","165,164,164,163,165,163,163,164,165,163",528
1764,108,"896,417,626,342,574,921,505,8,535,376","165,165,164,163,164,163,163,164,163,164,164",541
1614,108,"896,417,626,342,8,101,169,391,826,486","165,165,164,163,163,163,164,163,164,164",571
5452,108,"896,376,688,451,284,86,344,59,154,157","165,164,164,163,165,164,163,164,164,163",519
5139,108,"896,417,626,342,8,101,169,391,826,486","165,165,164,163,163,163,164,163,164,164",472
2840,108,"896,417,376,190,342,616,574,391,451,101","165,165,164,163,164,163,163,164,163,163,163",355
2905,108,"896,417,376,451,753,616,133,190,505,469","165,165,164,163,164,163,163,163,164,163,164,163",628
1294,108,"896,417,376,190,451,133,616,449,342,574","165,165,164,163,164,163,163,163,165,163,164",570
2101,108,"896,417,626,342,8,840,376,469,133,505","165,165,164,163,163,163,164,163,163,163,164",574
5250,108,"896,376,742,59,86,344,154,469,260,688","165,164,164,164,164,163,164,163,163,164",338
2710,108,"896,417,376,451,753,59,211,133,469,616","165,165,164,163,164,164,163,163,163,163",520
3446,108,"896,376,688,451,284,342,133,574,417,921","165,164,164,163,165,163,163,164,165,163",519
1057,108,"896,417,626,59,154,616,451,190,742,211","165,165,164,164,164,163,163,163,164,164,163",543
185,108,"896,376,742,163,451,284,753,616,190,260","165,164,164,163,163,165,164,163,163,164,163",720
622,108,"896,417,626,342,8,840,376,574,921,535","165,165,164,163,163,163,164,164,163,164",535
2367,108,"896,376,688,451,284,742,86,59,344,75","165,164,164,163,165,164,164,164,163,163",398
5110,108,"896,417,376,451,753,616,505,190,65,86","165,165,164,163,164,163,163,164,163,164,163,164",349
5210,108,"896,417,626,342,8,840,574,826,469,486","165,165,164,163,163,163,164,164,163,164",523
2654,108,"896,417,626,59,342,451,753,505,284,435","165,165,164,164,163,163,164,163,164,165,165",541
5074,108,"896,417,626,342,8,101,169,391,826,486","165,165,164,163,163,163,164,163,164,164",553
4457,108,"896,376,742,59,163,86,65,154,344,75","165,164,164,164,163,164,163,164,163,163",690
1462,108,"896,417,626,59,342,8,169,52,921,616","165,165,164,164,163,163,164,163,164,163,163",554
1213,108,"896,482,417,626,342,8,826,469,574,486","165,164,165,164,163,163,164,163,164,164",644
1506,108,"376,163,742,65,616,284,165,101,417,342","164,163,164,163,163,165,164,163,165,163",388
1010,108,"896,376,574,133,829,367,714,535,451,86","165,164,164,163,163,165,163,164,163,164",270
1760,108,"896,417,376,451,211,154,65,753,688,742","165,165,164,163,163,164,163,164,164,164",600
1298,108,"896,376,688,451,284,742,86,190,344,59","165,164,164,163,165,164,164,163,164,163,164",430
3549,108,"896,376,451,284,163,59,86,190,742,344","165,164,163,165,163,164,164,163,164,164,163",633
5694,108,"896,376,742,59,260,154,86,616,753,344","165,164,164,164,163,164,164,163,164,163",606
3791,108,"896,482,417,505,451,376,616,574,342,816","165,164,165,163,164,163,164,163,164,163,164",639
4216,108,"896,417,626,342,8,840,574,826,101,391","165,165,164,163,163,163,164,164,163,163",553
1837,108,"896,376,742,451,284,616,260,86,753,65","165,164,164,163,165,163,163,164,164,163",499
2380,108,"896,417,626,342,574,505,921,376,391,535","165,165,164,163,164,163,164,163,164,163,164",535
2786,108,"896,417,395,8,783,188,169,342,101,826","165,165,165,163,165,165,164,163,163,164",691
3513,108,"896,417,376,190,342,616,574,505,391,451","165,165,164,163,164,163,163,164,163,164,163,163",523
3166,108,"896,417,626,59,284,505,8,376,574,435","165,165,164,164,165,163,164,163,164,164,165",472
111,108,"896,417,626,342,8,101,169,826,391,52","165,165,164,163,163,163,164,164,163,163,164",598
4671,108,"896,417,626,59,342,8,169,52,921,785","165,165,164,164,163,163,164,163,164,163,163",553
1507,108,"896,417,376,451,753,616,505,190,65,86","165,165,164,163,164,163,163,164,163,164,163,164",634
3266,108,"896,376,688,451,284,342,133,574,417,753","165,164,164,163,165,163,163,164,165,164",579
3187,108,"896,417,376,190,342,616,574,391,626,101","165,165,164,163,164,163,163,164,163,164,163",374
5211,108,"896,376,742,59,260,451,133,284,342,86","165,164,164,164,163,163,163,165,163,164",541
2831,108,"896,417,376,451,753,59,133,505,616,16","165,165,164,163,164,164,163,163,164,163,164",513
2347,108,"896,417,626,59,342,451,753,133,505,469","165,165,164,164,163,163,164,163,163,164,163",555
5507,108,"896,417,626,342,8,101,169,391,826,486","165,165,164,163,163,163,164,163,164,164",519
5195,108,"376,688,157,535,52,829,840,367,923,405","164,164,163,164,163,164,163,163,165,195,154",304
5544,108,"896,376,742,163,451,284,688,616,417,16","165,164,164,163,163,165,164,163,165,164",720
2914,108,"896,417,376,451,753,59,133,505,616,211","165,165,164,163,164,164,163,163,164,163,163",559
5496,108,"896,417,626,342,8,101,369,169,574,190","165,165,164,163,163,163,163,164,164,163,164",530
1138,108,"896,417,626,342,8,840,376,469,133,505","165,165,164,163,163,163,164,163,163,163,164",535
4419,108,"896,417,395,816,783,626,59,616,753,342","165,165,165,164,165,164,164,163,164,163",627
3276,108,"896,417,376,190,342,616,574,391,626,101","165,165,164,163,164,163,163,164,163,164,163",569
2918,108,"896,417,626,342,8,840,574,826,101,169","165,165,164,163,163,163,164,164,163,164",634
50,108,"376,688,157,535,829,367,840,52,903,923","164,164,163,164,163,165,163,163,164,129,195",304
1378,108,"896,376,742,451,284,616,86,65,59,344","165,164,164,163,165,163,164,163,164,163",588
1389,108,"896,417,376,190,342,753,505,574,391,626","165,165,164,163,164,163,164,163,164,164,163,164",618
4400,108,"896,482,417,505,451,376,616,574,342,626","165,164,165,163,164,163,164,163,164,163,164",654
565,108,"896,482,417,505,574,376,391,616,688,449","165,164,165,163,164,164,164,163,163,164,165",640
5627,108,"896,417,376,190,451,753,616,133,688,163","165,165,164,163,164,163,164,163,163,164,163",669
5456,108,"896,665,342,417,505,59,376,391,190,451","165,164,163,165,163,164,164,164,163,163,164,163",611
1362,108,"896,376,451,86,211,405,574,688,260,495","165,164,163,164,163,154,164,164,163,156",574
123,108,"896,417,626,59,342,8,133,376,190,616","165,165,164,164,163,163,163,164,163,164,163",466
3482,108,"896,417,376,190,342,753,505,451,284,574","165,165,164,163,164,163,164,163,164,163,165,164",547
1626,108,"896,376,742,451,284,133,753,342,260,86","165,164,164,163,165,163,164,163,163,164",540
6033,108,"896,376,742,163,451,574,616,417,688,211","165,164,164,163,163,164,163,165,164,163",661
5560,108,"896,376,742,59,86,344,154,65,803,353","165,164,164,164,164,163,164,163,148,63",616
4723,108,"896,417,376,190,451,753,505,391,342,626","165,165,164,163,164,163,164,163,164,163,163,164",498
1525,108,"896,376,742,451,574,211,154,367,284,59","165,164,164,163,164,163,164,165,165,164",600
3854,108,"896,376,688,451,284,86,344,59,154,157","165,164,164,163,165,164,163,164,164,163",544
184,108,"896,417,626,342,574,921,505,133,163,816","165,165,164,163,164,163,163,164,163,163,164",645
1025,108,"896,417,626,342,8,101,169,391,826,486","165,165,164,163,163,163,164,163,164,164",535
2100,108,"896,417,376,190,342,616,574,391,451,101","165,165,164,163,164,163,163,164,163,163,163",371
2034,108,"896,376,688,451,284,342,417,753,133,665","165,164,164,163,165,163,165,164,163,164",485
1554,108,"896,417,626,342,8,101,169,826,88,805","165,165,164,163,163,163,164,164,164,164",612
3938,108,"896,665,342,417,8,35,626,356,419,698","165,164,163,165,163,163,164,164,176,176",688
481,108,"896,417,376,451,211,742,65,688,574,816","165,165,164,163,163,164,163,164,164,164",463
3315,108,"896,417,626,59,342,8,169,52,505,163","165,165,164,164,163,163,164,163,164,163,164,163",541
966,108,"896,417,376,451,753,59,133,211,616,260","165,165,164,163,164,164,163,163,163,163",510
4238,108,"896,376,688,451,742,59,803,154,344,65","165,164,164,163,164,164,148,164,163,163",521
3693,108,"896,417,376,190,342,753,505,451,284,574","165,165,164,163,164,163,164,163,164,163,165,164",463
1674,108,"896,482,417,505,574,376,52,616,449,190","165,164,165,163,164,164,164,163,164,163,165,163,164",640
4328,108,"376,688,157,535,829,367,840,52,923,405","164,164,163,164,163,165,163,163,164,195,154",278
4352,108,"896,417,376,190,342,753,451,688,154,211","165,165,164,163,164,163,164,163,164,164,163",535
5529,108,"376,342,391,535,169,52,840,616,921,165","164,163,163,164,164,163,164,163,163,163,164",506
2677,108,"896,376,688,451,284,742,163,65,86,260","165,164,164,163,165,164,163,163,164,163",796
3486,108,"896,482,59,665,342,417,8,98,356,169","165,164,164,164,163,165,163,164,164,164",702
796,108,"896,417,395,8,783,101,626,342,188,505","165,165,165,163,165,163,164,163,165,163,164",635
2917,108,"896,417,626,59,342,451,753,505,574,133","165,165,164,164,163,163,164,163,164,164,163",519
2572,108,"376,688,157,829,535,367,840,52,923,405","164,164,163,163,164,165,163,163,164,195,154",275
4,108,"376,688,157,367,829,535,840,52,923,405","164,164,163,165,163,164,163,163,164,195,154",226
4277,108,"896,417,626,342,574,921,8,101,169,435","165,165,164,163,164,163,163,163,164,165",563
444,108,"896,417,376,190,451,211,154,616,688,753","165,165,164,163,164,163,163,164,163,164,164",526
6036,108,"376,342,688,157,154,921,165,535,344,367","164,163,164,163,164,163,164,164,163,165",493
2078,108,"896,417,376,190,342,753,505,574,449,626","165,165,164,163,164,163,164,163,164,164,165,164",516
2781,108,"896,417,376,451,211,154,742,616,753,65","165,165,164,163,163,164,164,163,164,163",555
1503,108,"896,417,626,342,8,101,169,826,391,486","165,165,164,163,163,163,164,164,163,164",553
2961,108,"896,376,742,163,451,574,616,367,688,211","165,164,164,163,163,164,163,165,164,163",678
2627,108,"896,665,342,417,8,698,419,169,98,940","165,164,163,165,163,176,176,164,164,176",689
1930,108,"896,376,688,451,284,86,344,59,133,742","165,164,164,163,165,164,163,164,163,164",471
2436,108,"896,482,417,626,8,101,826,486,785,890","165,164,165,164,163,163,164,164,163,164",300
4492,108,"896,417,626,342,574,921,505,8,535,376","165,165,164,163,164,163,163,164,163,164,164",531
4858,108,"896,417,376,190,451,753,505,391,342,133","165,165,164,163,164,163,164,163,164,163,163,163",594
1041,108,"896,417,626,342,8,101,169,391,826,486","165,165,164,163,163,163,164,163,164,164",669
987,108,"223,417,126,698,940,8,626,35,189,100","165,165,165,176,176,163,164,163,165,165",690
432,108,"896,417,376,190,451,753,505,133,616,688","165,165,164,163,164,163,164,163,164,163,163,164",507
6147,108,"896,417,626,342,574,921,8,101,169,435","165,165,164,163,164,163,163,163,164,165",576
870,108,"896,376,505,574,8,785,486,826,52,129","165,164,163,164,164,163,163,164,164,163,164,165",427
4088,108,"896,376,688,451,59,154,157,742,574,284","165,164,164,163,164,164,163,164,164,165",479
5126,108,"896,376,688,451,284,86,344,59,154,616","165,164,164,163,165,164,163,164,164,163",498
464,108,"896,417,376,451,753,616,505,133,16,190","165,165,164,163,164,163,163,164,163,164,163,164",608
4325,108,"896,376,742,451,284,616,86,753,65,190","165,164,164,163,165,163,164,164,163,163,164",571
2618,108,"896,417,376,451,211,154,742,65,616,190","165,165,164,163,163,164,164,163,163,163,164",586
4940,108,"896,417,376,190,342,753,505,574,391,626","165,165,164,163,164,163,164,163,164,164,163,164",601
1823,108,"896,417,626,342,574,921,8,101,169,435","165,165,164,163,164,163,163,163,164,165",612
1373,108,"376,342,688,284,634,753,154,157,59,816","164,163,164,165,163,164,164,163,164,164",469
2795,108,"896,417,626,59,342,8,169,52,921,785","165,165,164,164,163,163,164,163,164,163,163",510
5933,108,"896,417,626,342,574,505,921,8,616,284","165,165,164,163,164,163,164,163,163,163,165",448
1778,108,"896,376,342,505,753,451,574,133,469,86","165,164,163,163,164,164,163,164,163,163,164",563
4793,108,"376,163,482,665,616,505,747,342,574,753","164,163,164,164,163,163,164,164,163,164,164",667
2949,108,"896,417,626,342,8,840,376,574,921,101","165,165,164,163,163,163,164,164,163,163",600
1077,108,"376,688,157,405,367,535,829,840,523,923","164,164,163,154,165,164,163,163,21,195",290
3462,108,"896,376,688,451,59,154,157,290,574,133","165,164,164,163,164,164,163,3,164,163",539
2322,108,"578,366,447,451,896,168,7,376,133,254","163,164,164,163,165,165,165,164,163,164",693
199,108,"896,482,59,133,395,451,816,344,65,168","165,164,164,163,165,163,164,163,163,165",604
248,108,"896,417,376,190,342,753,505,574,449,626","165,165,164,163,164,163,164,163,164,164,165,164",612
4142,108,"896,376,742,59,86,344,75,469,616,688","165,164,164,164,164,163,163,163,163,164",464
4017,108,"896,417,626,59,154,742,190,616,753,342","165,165,164,164,164,164,163,164,163,164,163",519
767,108,"896,417,626,342,8,840,574,826,101,391","165,165,164,163,163,163,164,164,163,163",582
4698,108,"896,417,626,342,574,505,921,8,376,535","165,165,164,163,164,163,164,163,163,164,164",553
35,108,"896,417,376,190,342,753,451,688,163,154","165,165,164,163,164,163,164,163,164,163,164",620
2148,108,"896,417,376,190,451,211,154,616,688,133","165,165,164,163,164,163,163,164,163,164,163",520
4875,108,"896,417,626,59,342,451,753,505,435,785","165,165,164,164,163,163,164,163,164,165,163",423
5579,108,"896,417,376,451,753,616,505,133,16,190","165,165,164,163,164,163,163,164,163,164,163,164",585
5580,108,"896,417,168,376,574,451,783,8,505,714","165,165,165,164,164,163,165,163,163,164,163",608
1109,108,"896,417,626,59,342,8,133,376,616,505","165,165,164,164,163,163,163,164,163,163,164",555
6018,108,"896,376,342,391,8,785,826,554,52,129","165,164,163,163,163,163,164,165,163,164,165",312
2923,108,"896,376,688,451,284,742,163,190,574,342","165,164,164,163,165,164,163,163,164,164,163",669
1172,108,"896,417,376,190,342,616,574,391,626,8","165,165,164,163,164,163,163,164,163,164,163",506
714,108,"896,376,688,451,284,133,342,86,753,505","165,164,164,163,165,163,163,164,164,163,164",380
425,108,"376,688,157,535,52,840,829,367,903,923","164,164,163,164,163,164,163,163,165,129,195",304
5558,108,"896,417,376,451,211,154,742,616,753,65","165,165,164,163,163,164,164,163,164,163",561
3945,108,"896,417,376,190,451,211,154,616,688,133","165,165,164,163,164,163,163,164,163,164,163",582
730,108,"896,417,376,190,342,753,505,574,391,626","165,165,164,163,164,163,164,163,164,164,163,164",572
3475,108,"896,417,376,451,753,59,211,133,742,260","165,165,164,163,164,164,163,163,164,163",547
2062,108,"896,417,626,59,154,616,451,376,342,435","165,165,164,164,164,163,163,164,163,165",380
3456,108,"896,417,626,342,8,101,169,391,826,486","165,165,164,163,163,163,164,163,164,164",545
2726,108,"896,417,626,342,574,921,8,101,169,435","165,165,164,163,164,163,163,163,164,165",546
3852,108,"896,417,376,190,342,616,574,505,391,451","165,165,164,163,164,163,163,164,163,164,163,163",531
4540,109,"376,688,157,535,829,367,840,52,923,405","164,164,163,164,163,165,163,163,164,195,154",251
3507,109,"896,417,376,451,753,59,133,211,616,260","165,165,164,163,164,164,163,163,163,163",531
4932,109,"896,376,688,451,284,133,86,75,469,417","165,164,164,163,165,163,164,163,163,165",471
5784,109,"896,376,742,451,574,211,284,59,344,86","165,164,164,163,164,163,165,164,163,164",490
5424,109,"896,417,626,342,574,921,8,505,535,391","165,165,164,163,164,163,163,163,164,164,163",535
5481,109,"896,417,626,342,574,921,8,505,535,435","165,165,164,163,164,163,163,163,164,164,165",553
4511,109,"896,376,742,163,451,284,688,616,190,86","165,164,164,163,163,165,164,163,163,164,164",612
5430,109,"896,417,376,190,451,753,505,391,342,133","165,165,164,163,164,163,164,163,164,163,163,163",546
2873,109,"896,417,626,342,8,101,169,826,88,805","165,165,164,163,163,163,164,164,164,164",477
1235,109,"896,376,688,451,284,133,342,101,8,169","165,164,164,163,165,163,163,163,163,164",494
4355,109,"896,665,342,417,505,52,391,8,35,626","165,164,163,165,163,164,163,164,163,163,163,164",586
3184,109,"896,376,742,59,86,344,154,451,405,211","165,164,164,164,164,163,164,163,154,163",535
2179,109,"896,417,626,342,8,840,376,574,284,435","165,165,164,163,163,163,164,164,165,165",352
3210,109,"896,417,626,342,8,840,574,826,469,486","165,165,164,163,163,163,164,164,163,164",544
3735,109,"376,688,157,535,52,840,829,367,903,923","164,164,163,164,163,164,163,163,165,129,195",289
4486,109,"896,417,376,190,342,616,574,505,391,626","165,165,164,163,164,163,163,164,163,164,163,164",519
574,109,"896,417,626,342,8,101,826,391,486,890","165,165,164,163,163,163,164,163,164,164",483
633,109,"896,417,376,451,753,616,505,190,65,86","165,165,164,163,164,163,163,164,163,164,163,164",508
1133,109,"896,376,688,451,59,154,742,367,65,86","165,164,164,163,164,164,164,165,163,164",361
5148,109,"896,376,742,59,86,344,154,65,803,373","165,164,164,164,164,163,164,163,148,148",556
64,109,"896,376,688,451,284,86,133,157,344,469","165,164,164,163,165,164,163,163,163,163",494
5501,109,"896,417,626,342,8,101,169,391,826,486","165,165,164,163,163,163,164,163,164,164",463
1584,109,"896,376,742,59,86,344,154,469,260,688","165,164,164,164,164,163,164,163,163,164",413
729,109,"896,376,688,451,284,742,344,616,86,59","165,164,164,163,165,164,163,163,164,164",346
3759,109,"896,417,626,342,8,101,826,391,486,890","165,165,164,163,163,163,164,163,164,164",437
3009,109,"896,376,342,505,469,753,451,133,688,921","165,164,163,163,164,163,164,163,163,164,163",516
4554,109,"896,417,626,342,8,101,169,826,88,805","165,165,164,163,163,163,164,164,164,164",569
2626,109,"896,417,626,59,342,163,753,86,921,435","165,165,164,164,163,163,164,164,163,165",628
2261,109,"896,417,376,163,451,154,616,742,65,434","165,165,164,163,163,164,163,164,163,129",641
3610,109,"896,417,376,163,451,133,211,742,154,260","165,165,164,163,163,163,163,164,164,163",600
5528,109,"896,417,376,190,342,616,574,391,451,101","165,165,164,163,164,163,163,164,163,163,163",553
5711,109,"896,417,626,59,342,163,505,816,574,535","165,165,164,164,163,163,163,164,164,164,164",553
2930,109,"376,688,157,535,829,367,840,52,923,405","164,164,163,164,163,165,163,163,164,195,154",293
145,109,"896,417,626,59,342,8,133,376,616,505","165,165,164,164,163,163,163,164,163,163,164",500
5860,109,"896,376,742,59,260,154,86,344,65,803","165,164,164,164,163,164,164,163,163,148",354
5493,109,"896,417,626,342,8,101,169,826,391,52","165,165,164,163,163,163,164,164,163,163,164",544
1509,109,"896,482,665,52,535,574,8,35,505,376","165,164,164,163,164,164,164,163,163,163,164,164",594
3202,109,"896,376,742,59,163,86,344,154,469,479","165,164,164,164,163,164,163,164,163,163",669
541,109,"896,417,626,342,574,921,8,505,535,435","165,165,164,163,164,163,163,163,164,164,165",528
1595,109,"896,417,626,342,8,840,376,574,284,435","165,165,164,163,163,163,164,164,165,165",500
4837,109,"896,376,742,451,284,616,86,65,59,344","165,164,164,163,165,163,164,163,164,163",464
5610,109,"896,417,376,190,342,753,505,574,391,626","165,165,164,163,164,163,164,163,164,164,163,164",653
66,109,"896,376,742,59,163,451,616,211,688,290","165,164,164,164,163,163,163,163,164,3",653
4215,109,"896,376,505,574,133,753,469,52,8,157","165,164,163,164,164,163,164,163,163,164,163,163",415
5436,109,"896,376,688,451,742,59,574,154,65,75","165,164,164,163,164,164,164,164,163,163",547
2737,109,"896,376,742,451,284,133,449,753,417,342","165,164,164,163,165,163,165,164,165,163",535
573,109,"896,376,688,451,284,342,133,154,753,469","165,164,164,163,165,163,163,164,164,163",547
1670,109,"896,376,688,451,284,342,783,921,395,753","165,164,164,163,165,163,165,163,165,164",644
5744,109,"896,376,688,451,284,133,342,98,486,189","165,164,164,163,165,163,163,164,164,165",586
1223,109,"896,417,626,342,574,505,921,376,391,785","165,165,164,163,164,163,164,163,164,163,163",400
2837,109,"896,417,626,342,8,101,369,169,391,826","165,165,164,163,163,163,163,164,163,164",538
5167,109,"896,417,626,59,342,451,133,284,86,574","165,165,164,164,163,163,163,165,164,164",557
1374,109,"896,417,626,59,342,163,505,816,574,535","165,165,164,164,163,163,163,164,164,164,164",553
2938,109,"896,376,742,451,284,616,86,65,59,344","165,164,164,163,165,163,164,163,164,163",535
4883,109,"896,417,626,8,376,574,435,505,59,284","165,165,164,163,164,164,165,163,164,164,165",531
1715,109,"376,688,157,535,829,367,840,52,903,923","164,164,163,164,163,165,163,163,164,129,195",378
1563,109,"896,417,626,342,8,101,169,391,826,486","165,165,164,163,163,163,164,163,164,164",519
3981,109,"896,376,742,451,574,211,154,367,276,260","165,164,164,163,164,163,164,165,155,163",520
1993,109,"896,417,376,451,211,154,65,753,688,616","165,165,164,163,163,164,163,164,164,163",540
4228,109,"896,417,626,342,8,101,169,826,88,805","165,165,164,163,163,163,164,164,164,164",549
3557,109,"376,688,157,535,829,367,840,52,903,646","164,164,163,164,163,165,163,163,164,129,155",304
449,109,"896,417,376,451,753,59,133,505,616,190","165,165,164,163,164,164,163,163,164,163,163,164",541
944,109,"896,417,626,342,8,101,169,391,826,486","165,165,164,163,163,163,164,163,164,164",447
3243,109,"896,417,626,342,8,101,369,169,391,826","165,165,164,163,163,163,163,164,163,164",553
889,109,"896,376,688,451,284,86,133,190,154,344","165,164,164,163,165,164,163,163,164,164,163",519
3540,109,"896,417,376,190,451,753,616,59,133,688","165,165,164,163,164,163,164,163,164,163,164",553
4748,109,"896,417,626,342,8,840,574,826,101,169","165,165,164,163,163,163,164,164,163,164",521
3532,109,"896,376,688,451,284,342,133,574,417,921","165,164,164,163,165,163,163,164,165,163",528
1764,109,"896,417,626,342,574,921,505,8,535,376","165,165,164,163,164,163,163,164,163,164,164",541
1614,109,"896,417,626,342,8,101,169,391,826,486","165,165,164,163,163,163,164,163,164,164",571
5452,109,"896,376,688,451,284,86,344,59,154,157","165,164,164,163,165,164,163,164,164,163",519
5139,109,"896,417,626,342,8,101,169,391,826,486","165,165,164,163,163,163,164,163,164,164",472
2840,109,"896,417,376,190,342,616,574,391,451,101","165,165,164,163,164,163,163,164,163,163,163",355
2905,109,"896,417,376,451,753,616,133,190,505,469","165,165,164,163,164,163,163,163,164,163,164,163",628
1294,109,"896,417,376,190,451,133,616,449,342,574","165,165,164,163,164,163,163,163,165,163,164",570
2101,109,"896,417,626,342,8,840,376,469,133,505","165,165,164,163,163,163,164,163,163,163,164",574
5250,109,"896,376,742,59,86,344,154,469,260,688","165,164,164,164,164,163,164,163,163,164",338
2710,109,"896,417,376,451,753,59,211,133,469,616","165,165,164,163,164,164,163,163,163,163",520
3446,109,"896,376,688,451,284,342,133,574,417,921","165,164,164,163,165,163,163,164,165,163",519
1057,109,"896,417,626,59,154,616,451,190,742,211","165,165,164,164,164,163,163,163,164,164,163",543
185,109,"896,376,742,163,451,284,753,616,190,260","165,164,164,163,163,165,164,163,163,164,163",720
622,109,"896,417,626,342,8,840,376,574,921,535","165,165,164,163,163,163,164,164,163,164",535
2367,109,"896,376,688,451,284,742,86,59,344,75","165,164,164,163,165,164,164,164,163,163",398
5110,109,"896,417,376,451,753,616,505,190,65,86","165,165,164,163,164,163,163,164,163,164,163,164",349
5210,109,"896,417,626,342,8,840,574,826,469,486","165,165,164,163,163,163,164,164,163,164",523
2654,109,"896,417,626,59,342,451,753,505,284,435","165,165,164,164,163,163,164,163,164,165,165",541
5074,109,"896,417,626,342,8,101,169,391,826,486","165,165,164,163,163,163,164,163,164,164",553
4457,109,"896,376,742,59,163,86,65,154,344,75","165,164,164,164,163,164,163,164,163,163",690
1462,109,"896,417,626,59,342,8,169,52,921,616","165,165,164,164,163,163,164,163,164,163,163",554
1213,109,"896,482,417,626,342,8,826,469,574,486","165,164,165,164,163,163,164,163,164,164",644
1506,109,"376,163,742,65,616,284,165,101,417,342","164,163,164,163,163,165,164,163,165,163",388
1010,109,"896,376,574,133,829,367,714,535,451,86","165,164,164,163,163,165,163,164,163,164",270
1760,109,"896,417,376,451,211,154,65,753,688,742","165,165,164,163,163,164,163,164,164,164",600
1298,109,"896,376,688,451,284,742,86,190,344,59","165,164,164,163,165,164,164,163,164,163,164",430
3549,109,"896,376,451,284,163,59,86,190,742,344","165,164,163,165,163,164,164,163,164,164,163",633
5694,109,"896,376,742,59,260,154,86,616,753,344","165,164,164,164,163,164,164,163,164,163",606
3791,109,"896,482,417,505,451,376,616,574,342,816","165,164,165,163,164,163,164,163,164,163,164",639
4216,109,"896,417,626,342,8,840,574,826,101,391","165,165,164,163,163,163,164,164,163,163",553
1837,109,"896,376,742,451,284,616,260,86,753,65","165,164,164,163,165,163,163,164,164,163",499
2380,109,"896,417,626,342,574,505,921,376,391,535","165,165,164,163,164,163,164,163,164,163,164",535
2786,109,"896,417,395,8,783,188,169,342,101,826","165,165,165,163,165,165,164,163,163,164",691
3513,109,"896,417,376,190,342,616,574,505,391,451","165,165,164,163,164,163,163,164,163,164,163,163",523
3166,109,"896,417,626,59,284,505,8,376,574,435","165,165,164,164,165,163,164,163,164,164,165",472
111,109,"896,417,626,342,8,101,169,826,391,52","165,165,164,163,163,163,164,164,163,163,164",598
4671,109,"896,417,626,59,342,8,169,52,921,785","165,165,164,164,163,163,164,163,164,163,163",553
1507,109,"896,417,376,451,753,616,505,190,65,86","165,165,164,163,164,163,163,164,163,164,163,164",634
3266,109,"896,376,688,451,284,342,133,574,417,753","165,164,164,163,165,163,163,164,165,164",579
3187,109,"896,417,376,190,342,616,574,391,626,101","165,165,164,163,164,163,163,164,163,164,163",374
5211,109,"896,376,742,59,260,451,133,284,342,86","165,164,164,164,163,163,163,165,163,164",541
2831,109,"896,417,376,451,753,59,133,505,616,16","165,165,164,163,164,164,163,163,164,163,164",513
2347,109,"896,417,626,59,342,451,753,133,505,469","165,165,164,164,163,163,164,163,163,164,163",555
5507,109,"896,417,626,342,8,101,169,391,826,486","165,165,164,163,163,163,164,163,164,164",519
5195,109,"376,688,157,535,52,829,840,367,923,405","164,164,163,164,163,164,163,163,165,195,154",304
5544,109,"896,376,742,163,451,284,688,616,417,16","165,164,164,163,163,165,164,163,165,164",720
2914,109,"896,417,376,451,753,59,133,505,616,211","165,165,164,163,164,164,163,163,164,163,163",559
5496,109,"896,417,626,342,8,101,369,169,574,190","165,165,164,163,163,163,163,164,164,163,164",530
1138,109,"896,417,626,342,8,840,376,469,133,505","165,165,164,163,163,163,164,163,163,163,164",535
4419,109,"896,417,395,816,783,626,59,616,753,342","165,165,165,164,165,164,164,163,164,163",627
3276,109,"896,417,376,190,342,616,574,391,626,101","165,165,164,163,164,163,163,164,163,164,163",569
2918,109,"896,417,626,342,8,840,574,826,101,169","165,165,164,163,163,163,164,164,163,164",634
50,109,"376,688,157,535,829,367,840,52,903,923","164,164,163,164,163,165,163,163,164,129,195",304
1378,109,"896,376,742,451,284,616,86,65,59,344","165,164,164,163,165,163,164,163,164,163",588
1389,109,"896,417,376,190,342,753,505,574,391,626","165,165,164,163,164,163,164,163,164,164,163,164",618
4400,109,"896,482,417,505,451,376,616,574,342,626","165,164,165,163,164,163,164,163,164,163,164",654
565,109,"896,482,417,505,574,376,391,616,688,449","165,164,165,163,164,164,164,163,163,164,165",640
5627,109,"896,417,376,190,451,753,616,133,688,163","165,165,164,163,164,163,164,163,163,164,163",669
5456,109,"896,665,342,417,505,59,376,391,190,451","165,164,163,165,163,164,164,164,163,163,164,163",611
1362,109,"896,376,451,86,211,405,574,688,260,495","165,164,163,164,163,154,164,164,163,156",574
123,109,"896,417,626,59,342,8,133,376,190,616","165,165,164,164,163,163,163,164,163,164,163",466
3482,109,"896,417,376,190,342,753,505,451,284,574","165,165,164,163,164,163,164,163,164,163,165,164",547
1626,109,"896,376,742,451,284,133,753,342,260,86","165,164,164,163,165,163,164,163,163,164",540
6033,109,"896,376,742,163,451,574,616,417,688,211","165,164,164,163,163,164,163,165,164,163",661
5560,109,"896,376,742,59,86,344,154,65,803,353","165,164,164,164,164,163,164,163,148,63",616
4723,109,"896,417,376,190,451,753,505,391,342,626","165,165,164,163,164,163,164,163,164,163,163,164",498
1525,109,"896,376,742,451,574,211,154,367,276,284","165,164,164,163,164,163,164,165,155,165",600
3854,109,"896,376,688,451,284,86,344,59,154,157","165,164,164,163,165,164,163,164,164,163",544
184,109,"896,417,626,342,574,921,505,133,163,816","165,165,164,163,164,163,163,164,163,163,164",645
1025,109,"896,417,626,342,8,101,169,391,826,486","165,165,164,163,163,163,164,163,164,164",535
2100,109,"896,417,376,190,342,616,574,391,451,101","165,165,164,163,164,163,163,164,163,163,163",371
2034,109,"896,376,688,451,284,342,417,753,133,665","165,164,164,163,165,163,165,164,163,164",485
1554,109,"896,417,626,342,8,101,169,826,88,805","165,165,164,163,163,163,164,164,164,164",612
3938,109,"896,665,342,417,8,35,626,356,419,698","165,164,163,165,163,163,164,164,176,176",688
481,109,"896,417,376,451,211,742,65,688,574,816","165,165,164,163,163,164,163,164,164,164",463
3315,109,"896,417,626,59,342,8,169,52,505,163","165,165,164,164,163,163,164,163,164,163,164,163",541
966,109,"896,417,376,451,753,59,133,211,616,260","165,165,164,163,164,164,163,163,163,163",510
4238,109,"896,376,688,451,742,59,803,154,344,65","165,164,164,163,164,164,148,164,163,163",521
3693,109,"896,417,376,190,342,753,505,451,284,574","165,165,164,163,164,163,164,163,164,163,165,164",463
1674,109,"896,482,417,505,574,376,52,616,449,190","165,164,165,163,164,164,164,163,164,163,165,163,164",640
4328,109,"376,688,157,535,829,367,840,52,923,405","164,164,163,164,163,165,163,163,164,195,154",278
4352,109,"896,417,376,190,342,753,451,688,154,211","165,165,164,163,164,163,164,163,164,164,163",535
5529,109,"376,342,391,535,169,52,840,616,921,165","164,163,163,164,164,163,164,163,163,163,164",506
2677,109,"896,376,688,451,284,742,163,65,86,260","165,164,164,163,165,164,163,163,164,163",796
3486,109,"896,482,59,665,342,417,8,98,356,169","165,164,164,164,163,165,163,164,164,164",702
796,109,"896,417,395,8,783,101,626,342,188,505","165,165,165,163,165,163,164,163,165,163,164",635
2917,109,"896,417,626,59,342,451,753,505,574,133","165,165,164,164,163,163,164,163,164,164,163",519
2572,109,"376,688,157,829,535,367,840,52,923,405","164,164,163,163,164,165,163,163,164,195,154",275
4,109,"376,688,157,367,829,535,840,52,923,405","164,164,163,165,163,164,163,163,164,195,154",226
4277,109,"896,417,626,342,574,921,8,101,169,435","165,165,164,163,164,163,163,163,164,165",563
444,109,"896,417,376,190,451,211,154,616,688,753","165,165,164,163,164,163,163,164,163,164,164",526
6036,109,"376,342,688,157,154,921,165,535,344,367","164,163,164,163,164,163,164,164,163,165",493
2078,109,"896,417,376,190,342,753,505,574,449,626","165,165,164,163,164,163,164,163,164,164,165,164",516
2781,109,"896,417,376,451,211,154,742,616,753,65","165,165,164,163,163,164,164,163,164,163",555
1503,109,"896,417,626,342,8,101,169,826,391,486","165,165,164,163,163,163,164,164,163,164",553
2961,109,"896,376,742,163,451,574,616,367,688,211","165,164,164,163,163,164,163,165,164,163",678
2627,109,"896,665,342,417,8,698,419,169,98,940","165,164,163,165,163,176,176,164,164,176",689
1930,109,"896,376,688,451,284,86,344,59,133,742","165,164,164,163,165,164,163,164,163,164",471
2436,109,"896,482,417,626,8,101,826,486,785,890","165,164,165,164,163,163,164,164,163,164",300
4492,109,"896,417,626,342,574,921,505,8,535,376","165,165,164,163,164,163,163,164,163,164,164",531
4858,109,"896,417,376,190,451,753,505,391,342,133","165,165,164,163,164,163,164,163,164,163,163,163",594
1041,109,"896,417,626,342,8,101,169,391,826,486","165,165,164,163,163,163,164,163,164,164",669
987,109,"223,417,126,698,940,8,626,35,189,100","165,165,165,176,176,163,164,163,165,165",690
432,109,"896,417,376,190,451,753,505,133,616,688","165,165,164,163,164,163,164,163,164,163,163,164",507
6147,109,"896,417,626,342,574,921,8,101,169,435","165,165,164,163,164,163,163,163,164,165",576
870,109,"896,376,505,574,8,785,486,826,52,129","165,164,163,164,164,163,163,164,164,163,164,165",427
4088,109,"896,376,688,451,59,154,157,742,574,284","165,164,164,163,164,164,163,164,164,165",479
5126,109,"896,376,688,451,284,86,344,59,154,616","165,164,164,163,165,164,163,164,164,163",498
464,109,"896,417,376,451,753,616,505,133,16,190","165,165,164,163,164,163,163,164,163,164,163,164",608
4325,109,"896,376,742,451,284,616,86,753,65,190","165,164,164,163,165,163,164,164,163,163,164",571
2618,109,"896,417,376,451,211,154,742,65,616,190","165,165,164,163,163,164,164,163,163,163,164",586
4940,109,"896,417,376,190,342,753,505,574,391,626","165,165,164,163,164,163,164,163,164,164,163,164",601
1823,109,"896,417,626,342,574,921,8,101,169,435","165,165,164,163,164,163,163,163,164,165",612
1373,109,"376,342,688,284,634,753,154,157,59,816","164,163,164,165,163,164,164,163,164,164",469
2795,109,"896,417,626,59,342,8,169,52,921,785","165,165,164,164,163,163,164,163,164,163,163",510
5933,109,"896,417,626,342,574,505,921,8,616,284","165,165,164,163,164,163,164,163,163,163,165",448
1778,109,"896,376,342,505,753,451,574,133,469,86","165,164,163,163,164,164,163,164,163,163,164",563
4793,109,"376,163,482,665,616,505,747,342,574,753","164,163,164,164,163,163,164,164,163,164,164",667
2949,109,"896,417,626,342,8,840,376,574,921,101","165,165,164,163,163,163,164,164,163,163",600
1077,109,"376,688,157,405,367,535,829,840,523,923","164,164,163,154,165,164,163,163,21,195",290
3462,109,"896,376,688,451,59,154,157,290,574,133","165,164,164,163,164,164,163,3,164,163",539
2322,109,"578,366,447,451,896,168,7,376,133,254","163,164,164,163,165,165,165,164,163,164",693
199,109,"896,482,59,133,395,451,816,344,65,168","165,164,164,163,165,163,164,163,163,165",604
248,109,"896,417,376,190,342,753,505,574,449,626","165,165,164,163,164,163,164,163,164,164,165,164",612
4142,109,"896,376,742,59,86,344,75,469,616,688","165,164,164,164,164,163,163,163,163,164",464
4017,109,"896,417,626,59,154,742,190,616,753,342","165,165,164,164,164,164,163,164,163,164,163",519
767,109,"896,417,626,342,8,840,574,826,101,391","165,165,164,163,163,163,164,164,163,163",582
4698,109,"896,417,626,342,574,505,921,8,376,535","165,165,164,163,164,163,164,163,163,164,164",553
35,109,"896,417,376,190,342,753,451,688,163,154","165,165,164,163,164,163,164,163,164,163,164",620
2148,109,"896,417,376,190,451,211,154,616,688,133","165,165,164,163,164,163,163,164,163,164,163",520
4875,109,"896,417,626,59,342,451,753,505,435,785","165,165,164,164,163,163,164,163,164,165,163",423
5579,109,"896,417,376,451,753,616,505,133,16,190","165,165,164,163,164,163,163,164,163,164,163,164",585
5580,109,"896,417,168,376,574,451,783,8,505,714","165,165,165,164,164,163,165,163,163,164,163",608
1109,109,"896,417,626,59,342,8,133,376,616,505","165,165,164,164,163,163,163,164,163,163,164",555
6018,109,"896,376,342,391,8,785,826,554,52,129","165,164,163,163,163,163,164,165,163,164,165",312
2923,109,"896,376,688,451,284,742,163,190,574,342","165,164,164,163,165,164,163,163,164,164,163",669
1172,109,"896,417,376,190,342,616,574,391,626,8","165,165,164,163,164,163,163,164,163,164,163",506
714,109,"896,376,688,451,284,133,342,86,753,505","165,164,164,163,165,163,163,164,164,163,164",380
425,109,"376,688,157,535,52,840,829,367,903,923","164,164,163,164,163,164,163,163,165,129,195",304
5558,109,"896,417,376,451,211,154,742,616,753,65","165,165,164,163,163,164,164,163,164,163",561
3945,109,"896,417,376,190,451,211,154,616,688,133","165,165,164,163,164,163,163,164,163,164,163",582
730,109,"896,417,376,190,342,753,505,574,391,626","165,165,164,163,164,163,164,163,164,164,163,164",572
3475,109,"896,417,376,451,753,59,211,133,742,260","165,165,164,163,164,164,163,163,164,163",547
2062,109,"896,417,626,59,154,616,451,376,342,435","165,165,164,164,164,163,163,164,163,165",380
3456,109,"896,417,626,342,8,101,169,391,826,486","165,165,164,163,163,163,164,163,164,164",545
2726,109,"896,417,626,342,574,921,8,101,169,435","165,165,164,163,164,163,163,163,164,165",546
3852,109,"896,417,376,190,342,616,574,505,391,451","165,165,164,163,164,163,163,164,163,164,163,163",531
