user_id,seed,sampled_q_ids,sampled_subject_ids,student_total_questions
3507,100,"134,209,676,867,764,461,337,234,372,637","155,155,155,155,155,155,155,155,155,155",531
5784,100,"134,867,676,199,178,788,529,3,831,80","155,155,155,155,155,155,155,155,155,155",490
5424,100,"134,209,637,337,360,79,676,938,372,463","155,155,155,155,155,155,155,155,155,155",535
5481,100,"134,209,637,337,360,79,652,372,676,463","155,155,155,155,155,155,155,155,155,155",553
4511,100,"134,867,788,676,637,547,178,461,209,337","155,155,155,155,155,155,155,155,155,155",612
5430,100,"134,209,637,738,79,234,500,361,764,676","155,155,155,155,155,155,155,155,155,155",546
2873,100,"134,209,637,738,79,500,605,234,45,276","155,155,155,155,155,155,155,155,155,155",477
1235,100,"134,209,676,360,337,79,372,234,588,738","155,155,155,155,155,155,155,155,155,155",494
4355,100,"134,209,637,738,79,500,605,234,276,588","155,155,155,155,155,155,155,155,155,155",586
3184,100,"134,209,637,738,79,234,500,361,764,676","155,155,155,155,155,155,155,155,155,155",535
2179,100,"134,209,637,738,79,234,360,372,337,463","155,155,155,155,155,155,155,155,155,155",352
3210,100,"134,209,637,738,79,500,605,276,234,599","155,155,155,155,155,155,155,155,155,155",544
4486,100,"134,867,676,637,209,337,360,79,738,463","155,155,155,155,155,155,155,155,155,155",519
633,100,"134,209,637,738,79,500,605,276,234,599","155,155,155,155,155,155,155,155,155,155",508
1430,100,"360,461,646,80,831,683,314,738,926,111","155,155,155,155,155,127,155,155,155,155",412
1133,100,"134,867,676,199,178,527,831,80,583,834","155,155,155,155,155,155,155,155,3,36",361
5148,100,"134,209,676,867,178,199,938,831,639,80","155,155,155,155,155,155,155,155,155,155",556
64,100,"134,867,788,547,676,637,461,209,764,360","155,155,155,155,155,155,155,155,155,155",494
5501,100,"134,209,637,738,79,234,500,361,764,676","155,155,155,155,155,155,155,155,155,155",463
1584,100,"134,867,676,199,3,80,83,214,264,335","155,155,155,155,155,155,126,127,220,195",413
3104,100,"134,209,676,867,764,461,337,234,738,605","155,155,155,155,155,155,155,155,155,155",363
729,100,"134,867,788,676,178,764,527,199,583,834","155,155,155,155,155,155,155,155,3,36",346
4554,100,"134,209,637,738,79,500,605,652,547,764","155,155,155,155,155,155,155,155,155,155",569
2626,100,"134,867,788,547,736,637,337,79,360,738","155,155,155,155,155,155,155,155,155,155",628
2261,100,"134,867,676,199,3,178,527,552,83,214","155,155,155,155,155,155,155,63,126,127",641
5528,100,"134,209,637,738,79,234,500,652,361,605","155,155,155,155,155,155,155,155,155,155",553
5711,100,"134,209,637,337,938,461,360,738,79,652","155,155,155,155,155,155,155,155,155,155",553
2466,100,"134,209,637,738,337,360,234,736,372,79","155,155,155,155,155,155,155,155,155,155",375
145,100,"134,209,637,738,337,360,234,605,547,646","155,155,155,155,155,155,155,155,155,155",500
5860,100,"134,867,788,676,178,764,527,831,80,143","155,155,155,155,155,155,155,155,155,155",354
5493,100,"134,867,788,547,736,676,637,360,79,234","155,155,155,155,155,155,155,155,155,155",544
3202,100,"134,867,676,637,831,178,552,278,527,42","155,155,155,155,155,155,63,155,155,176",669
541,100,"134,209,637,738,337,463,360,547,461,646","155,155,155,155,155,155,155,155,155,155",528
2883,100,"134,209,637,738,79,500,605,588,234,45","155,155,155,155,155,155,155,155,155,155",389
1595,100,"134,209,637,738,337,463,461,178,529,938","155,155,155,155,155,155,155,155,155,155",500
4837,100,"134,209,637,738,337,463,461,178,529,867","155,155,155,155,155,155,155,155,155,155",464
5610,100,"134,867,676,199,3,552,36,330,214,776","155,155,155,155,155,63,44,300,127,267",653
66,100,"134,867,676,199,178,788,529,209,637,938","155,155,155,155,155,155,155,155,155,155",653
5436,100,"134,209,676,867,178,788,143,199,938,764","155,155,155,155,155,155,155,155,155,155",547
2737,100,"134,867,676,199,178,788,209,764,143,529","155,155,155,155,155,155,155,155,155,155",535
573,100,"134,867,676,199,3,178,529,463,209,831","155,155,155,155,155,155,155,155,155,155",547
1670,100,"134,209,637,738,79,234,360,652,500,461","155,155,155,155,155,155,155,155,155,155",644
5744,100,"134,867,788,547,676,637,360,337,79,372","155,155,155,155,155,155,155,155,155,155",586
1223,100,"134,209,676,360,337,79,372,234,738,45","155,155,155,155,155,155,155,155,155,155",400
376,100,"676,867,178,529,788,646,461,143,199,764","155,155,155,155,155,155,155,155,155,155",412
2837,100,"134,209,637,738,79,500,605,547,337,588","155,155,155,155,155,155,155,155,155,155",538
2931,100,"134,788,646,637,831,337,461,80,360,209","155,155,155,155,155,155,155,155,155,155",461
1374,100,"134,209,637,337,360,79,652,372,676,463","155,155,155,155,155,155,155,155,155,155",553
2938,100,"134,867,676,199,3,178,527,83,214,776","155,155,155,155,155,155,155,126,127,267",535
1563,100,"134,209,637,738,79,500,605,276,234,599","155,155,155,155,155,155,155,155,155,155",519
3981,100,"134,209,637,337,938,178,80,831,314,764","155,155,155,155,155,155,155,155,155,155",520
1993,100,"134,209,676,867,764,529,199,788,178,80","155,155,155,155,155,155,155,155,155,155",540
4228,100,"134,209,637,738,79,234,500,361,676,605","155,155,155,155,155,155,155,155,155,155",549
934,100,"134,209,637,738,337,360,234,736,372,461","155,155,155,155,155,155,155,155,155,155",577
449,100,"134,867,788,676,178,764,527,831,80,938","155,155,155,155,155,155,155,155,155,155",541
944,100,"134,209,637,738,79,500,605,276,234,599","155,155,155,155,155,155,155,155,155,155",447
3243,100,"134,867,788,547,736,637,337,79,360,738","155,155,155,155,155,155,155,155,155,155",553
889,100,"134,209,637,738,337,360,234,736,372,461","155,155,155,155,155,155,155,155,155,155",519
3540,100,"134,209,637,337,360,79,676,938,372,461","155,155,155,155,155,155,155,155,155,155",553
2861,100,"134,209,637,738,79,500,605,276,234,588","155,155,155,155,155,155,155,155,155,155",412
4748,100,"134,209,637,738,79,500,605,234,276,599","155,155,155,155,155,155,155,155,155,155",521
3532,100,"134,209,637,738,337,360,234,605,547,646","155,155,155,155,155,155,155,155,155,155",528
1764,100,"134,209,637,738,79,234,500,361,764,676","155,155,155,155,155,155,155,155,155,155",541
1614,100,"134,209,637,738,79,234,500,361,676,605","155,155,155,155,155,155,155,155,155,155",571
5452,100,"134,209,676,867,764,461,80,938,637,788","155,155,155,155,155,155,155,155,155,155",519
5139,100,"134,209,637,738,79,234,500,605,276,588","155,155,155,155,155,155,155,155,155,155",472
2840,100,"134,867,788,547,736,637,337,372,360,738","155,155,155,155,155,155,155,155,155,155",355
2905,100,"134,867,788,676,637,547,461,337,360,79","155,155,155,155,155,155,155,155,155,155",628
1538,100,"134,209,637,337,79,588,500,45,276,314","155,155,155,155,155,155,155,155,155,155",494
681,100,"134,209,637,738,337,360,463,372,676,461","155,155,155,155,155,155,155,155,155,155",514
2101,100,"134,209,637,337,938,178,867,463,461,831","155,155,155,155,155,155,155,155,155,155",574
5250,100,"134,867,676,199,3,80,278,831,111,527","155,155,155,155,155,155,155,155,155,155",338
2710,100,"134,867,788,676,178,209,764,547,199,3","155,155,155,155,155,155,155,155,155,155",520
3446,100,"134,867,788,547,676,637,360,337,79,372","155,155,155,155,155,155,155,155,155,155",519
1057,100,"134,209,676,867,764,461,80,938,529,178","155,155,155,155,155,155,155,155,155,155",543
671,100,"134,867,788,547,676,637,461,639,178,764","155,155,155,155,155,155,155,155,155,155",460
185,100,"134,867,676,199,3,568,352,552,946,278","155,155,155,155,155,169,170,63,174,155",720
622,100,"134,867,676,199,178,527,788,3,80,143","155,155,155,155,155,155,155,155,155,155",535
2367,100,"134,867,788,676,178,764,529,80,199,527","155,155,155,155,155,155,155,155,155,155",398
717,100,"134,209,637,738,605,234,599,623,769,183","155,155,155,155,155,155,155,155,155,155",461
5110,100,"134,209,676,867,764,529,938,372,637,337","155,155,155,155,155,155,155,155,155,155",349
2548,100,"134,209,637,337,676,79,463,461,372,646","155,155,155,155,155,155,155,155,155,155",228
5210,100,"134,209,637,738,337,360,234,605,547,361","155,155,155,155,155,155,155,155,155,155",523
2654,100,"134,867,788,547,676,637,461,209,337,527","155,155,155,155,155,155,155,155,155,155",541
5074,100,"134,209,637,738,79,234,500,652,361,605","155,155,155,155,155,155,155,155,155,155",553
4457,100,"134,867,788,676,637,360,209,547,461,372","155,155,155,155,155,155,155,155,155,155",690
1462,100,"134,209,637,738,337,360,234,605,547,646","155,155,155,155,155,155,155,155,155,155",554
1213,100,"134,209,637,738,79,500,605,276,234,45","155,155,155,155,155,155,155,155,155,155",644
1760,100,"134,867,788,676,178,209,764,547,199,736","155,155,155,155,155,155,155,155,155,155",600
1298,100,"134,209,637,337,360,461,372,547,788,867","155,155,155,155,155,155,155,155,155,155",430
2094,100,"676,867,178,199,529,788,683,143,36,776","155,155,155,155,155,155,127,155,44,267",537
3549,100,"134,209,637,337,938,178,867,463,788,461","155,155,155,155,155,155,155,155,155,155",633
5694,100,"134,867,676,199,3,552,80,831,178,36","155,155,155,155,155,63,155,155,155,44",606
112,100,"134,209,637,738,500,652,605,915,372,337","155,155,155,155,155,155,155,155,156,155,155",749
3791,100,"134,867,676,637,831,209,178,527,3,661","155,155,155,155,155,155,155,155,155,284",639
1269,100,"134,867,788,547,736,637,337,79,372,463","155,155,155,155,155,155,155,155,155,155",476
4216,100,"134,209,637,738,337,360,234,652,372,79","155,155,155,155,155,155,155,155,155,155",553
1837,100,"134,867,788,676,637,360,337,79,209,372","155,155,155,155,155,155,155,155,155,155",499
2380,100,"134,867,788,547,676,178,764,209,646,529","155,155,155,155,155,155,155,155,155,155",535
2786,100,"134,209,637,738,79,500,605,276,234,599","155,155,155,155,155,155,155,155,155,155",691
3513,100,"134,209,637,738,79,500,605,547,337,588","155,155,155,155,155,155,155,155,155,155",523
111,100,"134,209,637,738,79,234,360,337,500,547","155,155,155,155,155,155,155,155,155,155",598
4671,100,"134,209,637,738,79,500,605,588,234,45","155,155,155,155,155,155,155,155,155,155",553
1507,100,"134,209,637,738,79,234,360,337,463,461","155,155,155,155,155,155,155,155,155,155",634
3266,100,"134,867,788,676,178,209,764,199,529,143","155,155,155,155,155,155,155,155,155,155",579
3187,100,"134,209,637,738,79,234,360,337,500,547","155,155,155,155,155,155,155,155,155,155",374
5211,100,"134,209,637,738,79,234,500,361,764,80","155,155,155,155,155,155,155,155,155,155",541
2831,100,"134,209,637,337,938,178,867,676,831,3","155,155,155,155,155,155,155,155,155,155",513
2347,100,"134,867,788,676,178,209,764,199,529,143","155,155,155,155,155,155,155,155,155,155",555
5507,100,"134,209,637,738,79,500,605,547,676,314","155,155,155,155,155,155,155,155,155,155",519
5544,100,"134,209,637,738,915,463,337,461,360,831","155,155,155,155,155,156,155,155,155,155,155",720
2914,100,"134,867,676,199,3,80,278,831,111,527","155,155,155,155,155,155,155,155,155,155",559
5496,100,"134,867,676,199,178,788,529,3,831,80","155,155,155,155,155,155,155,155,155,155",530
1138,100,"134,209,637,738,79,234,500,361,676,605","155,155,155,155,155,155,155,155,155,155",535
4419,100,"134,209,637,738,79,234,360,337,500,547","155,155,155,155,155,155,155,155,155,155",627
3276,100,"134,867,788,547,676,637,360,372,337,209","155,155,155,155,155,155,155,155,155,155",569
1047,100,"134,209,637,738,500,652,605,915,676,234","155,155,155,155,155,155,155,155,156,155,155",782
2918,100,"134,209,637,738,79,500,605,547,337,588","155,155,155,155,155,155,155,155,155,155",634
1378,100,"134,867,788,676,637,547,461,337,831,209","155,155,155,155,155,155,155,155,155,155",588
1389,100,"134,867,676,199,178,788,529,3,209,637","155,155,155,155,155,155,155,155,155,155",618
4400,100,"134,209,637,738,79,234,500,361,764,676","155,155,155,155,155,155,155,155,155,155",654
565,100,"134,209,637,738,79,500,605,652,547,45","155,155,155,155,155,155,155,155,155,155",640
5627,100,"134,867,676,199,178,788,529,3,209,637","155,155,155,155,155,155,155,155,155,155",669
5456,100,"134,867,788,547,676,178,764,209,637,461","155,155,155,155,155,155,155,155,155,155",611
123,100,"134,867,788,547,736,676,178,209,764,143","155,155,155,155,155,155,155,155,155,155",466
3482,100,"134,867,676,637,831,178,788,199,646,764","155,155,155,155,155,155,155,155,155,155",547
6033,100,"134,867,676,199,178,527,552,831,80,337","155,155,155,155,155,155,63,155,155,155",661
5560,100,"134,867,676,637,831,209,178,527,552,834","155,155,155,155,155,155,155,155,63,36",616
4723,100,"134,209,676,867,178,788,143,938,646,637","155,155,155,155,155,155,155,155,155,155",498
1525,100,"134,867,676,199,3,178,529,463,80,831","155,155,155,155,155,155,155,155,155,155",600
3854,100,"134,867,788,547,676,178,764,199,143,736","155,155,155,155,155,155,155,155,155,155",544
184,100,"134,209,637,738,79,234,360,652,500,461","155,155,155,155,155,155,155,155,155,155",645
1025,100,"134,867,788,676,178,209,764,547,199,736","155,155,155,155,155,155,155,155,155,155",535
4422,100,"134,209,637,738,79,500,605,276,234,45","155,155,155,155,155,155,155,155,155,155",374
2100,100,"134,867,788,676,637,547,178,527,764,461","155,155,155,155,155,155,155,155,155,155",371
2034,100,"134,867,676,199,178,527,552,831,360,80","155,155,155,155,155,155,63,155,155,155",485
1554,100,"134,209,637,738,79,234,500,361,676,646","155,155,155,155,155,155,155,155,155,155",612
3938,100,"134,209,637,738,337,360,234,605,79,698","155,155,155,155,155,155,155,155,155,176",688
3315,100,"134,867,788,547,676,178,764,552,527,661","155,155,155,155,155,155,155,63,155,284",541
966,100,"134,867,788,676,637,547,461,337,831,209","155,155,155,155,155,155,155,155,155,155",510
4238,100,"134,867,788,676,178,209,764,547,199,3","155,155,155,155,155,155,155,155,155,155",521
3693,100,"134,209,637,738,337,463,461,529,372,360","155,155,155,155,155,155,155,155,155,155",463
1674,100,"134,867,788,676,178,209,637,337,360,938","155,155,155,155,155,155,155,155,155,155",640
4816,100,"134,209,637,738,500,605,276,234,599,337","155,155,155,155,155,155,155,155,155,155",550
4352,100,"134,867,676,199,178,788,529,209,764,143","155,155,155,155,155,155,155,155,155,155",535
2677,100,"134,209,676,867,178,199,568,83,527,80","155,155,155,155,155,155,169,126,155,155",796
3486,100,"134,209,637,738,500,605,276,234,599,588","155,155,155,155,155,155,155,155,155,155",702
796,100,"134,209,637,337,360,79,676,234,738,605","155,155,155,155,155,155,155,155,155,155",635
5561,100,"134,209,637,738,79,605,588,234,45,736","155,155,155,155,155,155,155,155,155,155",509
2917,100,"134,209,676,867,764,529,199,80,683,178","155,155,155,155,155,155,155,155,127,155",519
4277,100,"134,209,637,738,79,234,360,337,500,547","155,155,155,155,155,155,155,155,155,155",563
444,100,"134,209,637,738,79,500,605,547,676,314","155,155,155,155,155,155,155,155,155,155",526
2078,100,"134,209,637,738,79,234,500,361,676,605","155,155,155,155,155,155,155,155,155,155",516
2781,100,"134,209,637,738,79,500,605,588,234,45","155,155,155,155,155,155,155,155,155,155",555
1503,100,"134,209,637,738,79,500,605,588,276,234","155,155,155,155,155,155,155,155,155,155",553
2961,100,"134,867,788,547,736,637,337,372,360,738","155,155,155,155,155,155,155,155,155,155",678
2627,100,"134,209,637,337,360,79,676,234,738,698","155,155,155,155,155,155,155,155,155,176",689
4492,100,"134,867,788,676,178,209,637,337,360,463","155,155,155,155,155,155,155,155,155,155",531
4858,100,"134,209,637,738,337,463,461,529,372,676","155,155,155,155,155,155,155,155,155,155",594
1041,100,"134,209,637,738,79,500,605,276,234,599","155,155,155,155,155,155,155,155,155,155",669
987,100,"134,867,676,199,178,788,529,3,322,42","155,155,155,155,155,155,155,155,175,176",690
432,100,"134,209,637,738,79,234,360,372,337,463","155,155,155,155,155,155,155,155,155,155",507
970,100,"134,209,637,738,79,234,500,676,605,588","155,155,155,155,155,155,155,155,155,155",394
6147,100,"134,209,637,738,79,500,605,547,337,588","155,155,155,155,155,155,155,155,155,155",576
1709,100,"134,209,637,738,500,652,605,915,372,337","155,155,155,155,155,155,155,155,156,155,155",682
4088,100,"134,209,676,867,764,461,80,938,529,178","155,155,155,155,155,155,155,155,155,155",479
5126,100,"134,867,676,199,3,178,527,831,214,143","155,155,155,155,155,155,155,155,127,155",498
464,100,"134,209,676,867,178,199,938,831,527,360","155,155,155,155,155,155,155,155,155,155",608
4325,100,"134,867,788,676,178,209,637,831,3,529","155,155,155,155,155,155,155,155,155,155",571
2211,100,"134,867,788,547,676,637,360,337,372,915","155,155,155,155,155,155,155,155,155,155,156",717
2618,100,"134,209,637,738,337,360,234,736,372,461","155,155,155,155,155,155,155,155,155,155",586
4940,100,"134,209,637,738,337,360,234,736,372,461","155,155,155,155,155,155,155,155,155,155",601
1823,100,"134,209,637,738,79,500,605,276,234,599","155,155,155,155,155,155,155,155,155,155",612
2795,100,"134,209,637,738,79,234,500,361,676,605","155,155,155,155,155,155,155,155,155,155",510
2949,100,"134,209,637,738,337,360,234,605,547,646","155,155,155,155,155,155,155,155,155,155",600
4827,100,"134,209,637,738,79,500,605,276,234,45","155,155,155,155,155,155,155,155,155,155",412
1788,100,"61,377,915,208,471,702,899,583,812,648","168,155,155,156,169,176,176,169,3,181,181",187
3462,100,"134,867,788,547,676,637,360,337,79,372","155,155,155,155,155,155,155,155,155,155",539
2322,100,"134,209,637,337,938,178,867,676,461,788","155,155,155,155,155,155,155,155,155,155",693
248,100,"134,209,637,738,79,234,500,361,764,80","155,155,155,155,155,155,155,155,155,155",612
4017,100,"134,209,676,867,764,529,199,80,683,278","155,155,155,155,155,155,155,155,127,155",519
767,100,"134,209,637,738,79,500,605,547,676,314","155,155,155,155,155,155,155,155,155,155",582
4698,100,"134,209,637,738,79,234,500,652,361,764","155,155,155,155,155,155,155,155,155,155",553
35,100,"134,867,676,199,3,552,83,170,214,716","155,155,155,155,155,63,126,39,127,117",620
2148,100,"134,209,676,867,764,529,199,788,547,461","155,155,155,155,155,155,155,155,155,155",520
5579,100,"134,867,676,637,831,178,552,3,661,36","155,155,155,155,155,155,63,155,284,44",585
5580,100,"134,209,637,738,337,360,234,605,79,500","155,155,155,155,155,155,155,155,155,155",608
1109,100,"134,867,788,547,676,178,764,199,143,736","155,155,155,155,155,155,155,155,155,155",555
2923,100,"134,209,676,360,337,79,652,234,461,372","155,155,155,155,155,155,155,155,155,155",669
1172,100,"134,209,637,738,79,234,360,337,463,461","155,155,155,155,155,155,155,155,155,155",506
714,100,"134,867,788,547,676,178,764,199,3,143","155,155,155,155,155,155,155,155,155,155",380
5558,100,"134,867,676,199,3,552,80,661,278,527","155,155,155,155,155,63,155,284,155,155",561
3945,100,"134,867,788,676,178,209,637,831,3,529","155,155,155,155,155,155,155,155,155,155",582
730,100,"134,209,637,738,79,234,500,361,764,676","155,155,155,155,155,155,155,155,155,155",572
3475,100,"134,867,676,199,3,80,83,527,278,583","155,155,155,155,155,155,126,155,155,3",547
932,100,"676,360,461,831,738,79,547,915,764,80","155,155,155,155,155,155,155,155,156,155,155",568
2062,100,"134,867,676,637,831,178,788,199,80,278","155,155,155,155,155,155,155,155,155,155",380
3456,100,"134,209,637,738,79,500,605,234,276,588","155,155,155,155,155,155,155,155,155,155",545
1046,100,"134,867,788,547,736,637,337,79,45,605","155,155,155,155,155,155,155,155,155,155",401
2726,100,"134,209,637,738,79,500,605,234,45,276","155,155,155,155,155,155,155,155,155,155",546
3852,100,"134,209,637,337,360,461,372,547,788,867","155,155,155,155,155,155,155,155,155,155",531
5016,100,"676,867,788,461,178,529,646,764,143,736","155,155,155,155,155,155,155,155,155,155",264
3507,101,"134,209,676,867,764,461,337,234,372,637","155,155,155,155,155,155,155,155,155,155",531
5784,101,"134,867,676,199,178,788,529,3,831,80","155,155,155,155,155,155,155,155,155,155",490
5424,101,"134,209,637,337,360,79,676,938,372,463","155,155,155,155,155,155,155,155,155,155",535
5481,101,"134,209,637,337,360,79,652,372,676,463","155,155,155,155,155,155,155,155,155,155",553
4511,101,"134,867,788,676,637,547,178,461,209,337","155,155,155,155,155,155,155,155,155,155",612
5430,101,"134,209,637,738,79,234,500,361,764,676","155,155,155,155,155,155,155,155,155,155",546
2873,101,"134,209,637,738,79,500,605,234,45,276","155,155,155,155,155,155,155,155,155,155",477
1235,101,"134,209,676,360,337,79,372,234,588,738","155,155,155,155,155,155,155,155,155,155",494
4355,101,"134,209,637,738,79,500,605,234,276,588","155,155,155,155,155,155,155,155,155,155",586
3184,101,"134,209,637,738,79,234,500,361,764,676","155,155,155,155,155,155,155,155,155,155",535
2179,101,"134,209,637,738,79,234,360,372,337,463","155,155,155,155,155,155,155,155,155,155",352
3210,101,"134,209,637,738,79,500,605,276,234,599","155,155,155,155,155,155,155,155,155,155",544
4486,101,"134,867,676,637,209,337,360,79,738,463","155,155,155,155,155,155,155,155,155,155",519
633,101,"134,209,637,738,79,500,605,276,234,599","155,155,155,155,155,155,155,155,155,155",508
1430,101,"360,461,646,80,831,683,314,738,926,111","155,155,155,155,155,127,155,155,155,155",412
1133,101,"134,867,676,199,178,527,831,80,583,834","155,155,155,155,155,155,155,155,3,36",361
5148,101,"134,209,676,867,178,199,938,831,639,80","155,155,155,155,155,155,155,155,155,155",556
64,101,"134,867,788,547,676,637,461,209,764,360","155,155,155,155,155,155,155,155,155,155",494
5501,101,"134,209,637,738,79,234,500,361,764,676","155,155,155,155,155,155,155,155,155,155",463
1584,101,"134,867,676,199,3,80,83,214,264,335","155,155,155,155,155,155,126,127,220,195",413
3104,101,"134,209,676,867,764,461,337,234,738,605","155,155,155,155,155,155,155,155,155,155",363
729,101,"134,867,788,676,178,764,527,199,583,834","155,155,155,155,155,155,155,155,3,36",346
4554,101,"134,209,637,738,79,500,605,652,547,764","155,155,155,155,155,155,155,155,155,155",569
2626,101,"134,867,788,547,736,637,337,79,360,738","155,155,155,155,155,155,155,155,155,155",628
2261,101,"134,867,676,199,3,178,527,552,83,214","155,155,155,155,155,155,155,63,126,127",641
5528,101,"134,209,637,738,79,234,500,652,361,605","155,155,155,155,155,155,155,155,155,155",553
5711,101,"134,209,637,337,938,461,360,738,79,652","155,155,155,155,155,155,155,155,155,155",553
2466,101,"134,209,637,738,337,360,234,736,372,79","155,155,155,155,155,155,155,155,155,155",375
145,101,"134,209,637,738,337,360,234,605,547,646","155,155,155,155,155,155,155,155,155,155",500
5860,101,"134,867,788,676,178,764,527,831,80,143","155,155,155,155,155,155,155,155,155,155",354
5493,101,"134,867,788,547,736,676,637,360,79,234","155,155,155,155,155,155,155,155,155,155",544
3202,101,"134,867,676,637,831,178,552,278,527,42","155,155,155,155,155,155,63,155,155,176",669
541,101,"134,209,637,738,337,463,360,547,461,646","155,155,155,155,155,155,155,155,155,155",528
2883,101,"134,209,637,738,79,500,605,588,234,45","155,155,155,155,155,155,155,155,155,155",389
1595,101,"134,209,637,738,337,463,461,178,529,938","155,155,155,155,155,155,155,155,155,155",500
4837,101,"134,209,637,738,337,463,461,178,529,867","155,155,155,155,155,155,155,155,155,155",464
5610,101,"134,867,676,199,3,552,36,330,214,776","155,155,155,155,155,63,44,300,127,267",653
66,101,"134,867,676,199,178,788,529,209,637,938","155,155,155,155,155,155,155,155,155,155",653
5436,101,"134,209,676,867,178,788,143,199,938,764","155,155,155,155,155,155,155,155,155,155",547
2737,101,"134,867,676,199,178,788,209,764,143,529","155,155,155,155,155,155,155,155,155,155",535
573,101,"134,867,676,199,3,178,529,463,209,831","155,155,155,155,155,155,155,155,155,155",547
1670,101,"134,209,637,738,79,234,360,652,500,461","155,155,155,155,155,155,155,155,155,155",644
5744,101,"134,867,788,547,676,637,360,337,79,372","155,155,155,155,155,155,155,155,155,155",586
1223,101,"134,209,676,360,337,79,372,234,738,45","155,155,155,155,155,155,155,155,155,155",400
376,101,"676,867,178,529,788,646,461,143,199,764","155,155,155,155,155,155,155,155,155,155",412
2837,101,"134,209,637,738,79,500,605,547,337,588","155,155,155,155,155,155,155,155,155,155",538
2931,101,"134,788,646,637,831,337,461,80,360,209","155,155,155,155,155,155,155,155,155,155",461
1374,101,"134,209,637,337,360,79,652,372,676,463","155,155,155,155,155,155,155,155,155,155",553
2938,101,"134,867,676,199,3,178,527,83,214,776","155,155,155,155,155,155,155,126,127,267",535
1563,101,"134,209,637,738,79,500,605,276,234,599","155,155,155,155,155,155,155,155,155,155",519
3981,101,"134,209,637,337,938,178,80,831,314,764","155,155,155,155,155,155,155,155,155,155",520
1993,101,"134,209,676,867,764,529,199,788,178,80","155,155,155,155,155,155,155,155,155,155",540
4228,101,"134,209,637,738,79,234,500,361,676,605","155,155,155,155,155,155,155,155,155,155",549
934,101,"134,209,637,738,337,360,234,736,372,461","155,155,155,155,155,155,155,155,155,155",577
449,101,"134,867,788,676,178,764,527,831,80,938","155,155,155,155,155,155,155,155,155,155",541
944,101,"134,209,637,738,79,500,605,276,234,599","155,155,155,155,155,155,155,155,155,155",447
3243,101,"134,867,788,547,736,637,337,79,360,738","155,155,155,155,155,155,155,155,155,155",553
889,101,"134,209,637,738,337,360,234,736,372,461","155,155,155,155,155,155,155,155,155,155",519
3540,101,"134,209,637,337,360,79,676,938,372,461","155,155,155,155,155,155,155,155,155,155",553
2861,101,"134,209,637,738,79,500,605,276,234,588","155,155,155,155,155,155,155,155,155,155",412
4748,101,"134,209,637,738,79,500,605,234,276,599","155,155,155,155,155,155,155,155,155,155",521
3532,101,"134,209,637,738,337,360,234,605,547,646","155,155,155,155,155,155,155,155,155,155",528
1764,101,"134,209,637,738,79,234,500,361,764,676","155,155,155,155,155,155,155,155,155,155",541
1614,101,"134,209,637,738,79,234,500,361,676,605","155,155,155,155,155,155,155,155,155,155",571
5452,101,"134,209,676,867,764,461,80,938,637,788","155,155,155,155,155,155,155,155,155,155",519
5139,101,"134,209,637,738,79,234,500,605,276,588","155,155,155,155,155,155,155,155,155,155",472
2840,101,"134,867,788,547,736,637,337,372,360,738","155,155,155,155,155,155,155,155,155,155",355
2905,101,"134,867,788,676,637,547,461,337,360,79","155,155,155,155,155,155,155,155,155,155",628
1538,101,"134,209,637,337,79,588,500,45,276,314","155,155,155,155,155,155,155,155,155,155",494
681,101,"134,209,637,738,337,360,463,372,676,461","155,155,155,155,155,155,155,155,155,155",514
2101,101,"134,209,637,337,938,178,867,463,461,831","155,155,155,155,155,155,155,155,155,155",574
5250,101,"134,867,676,199,3,80,278,831,111,527","155,155,155,155,155,155,155,155,155,155",338
2710,101,"134,867,788,676,178,209,764,547,199,3","155,155,155,155,155,155,155,155,155,155",520
3446,101,"134,867,788,547,676,637,360,337,79,372","155,155,155,155,155,155,155,155,155,155",519
1057,101,"134,209,676,867,764,461,80,938,529,178","155,155,155,155,155,155,155,155,155,155",543
671,101,"134,867,788,547,676,637,461,639,178,764","155,155,155,155,155,155,155,155,155,155",460
185,101,"134,867,676,199,3,568,352,552,946,278","155,155,155,155,155,169,170,63,174,155",720
622,101,"134,867,676,199,178,527,788,3,80,143","155,155,155,155,155,155,155,155,155,155",535
2367,101,"134,867,788,676,178,764,529,80,199,527","155,155,155,155,155,155,155,155,155,155",398
717,101,"134,209,637,738,605,234,599,623,769,183","155,155,155,155,155,155,155,155,155,155",461
5110,101,"134,209,676,867,764,529,938,372,637,337","155,155,155,155,155,155,155,155,155,155",349
2548,101,"134,209,637,337,676,79,463,461,372,646","155,155,155,155,155,155,155,155,155,155",228
5210,101,"134,209,637,738,337,360,234,605,547,361","155,155,155,155,155,155,155,155,155,155",523
2654,101,"134,867,788,547,676,637,461,209,337,527","155,155,155,155,155,155,155,155,155,155",541
5074,101,"134,209,637,738,79,234,500,652,361,605","155,155,155,155,155,155,155,155,155,155",553
4457,101,"134,867,788,676,637,360,209,547,461,372","155,155,155,155,155,155,155,155,155,155",690
1462,101,"134,209,637,738,337,360,234,605,547,646","155,155,155,155,155,155,155,155,155,155",554
1213,101,"134,209,637,738,79,500,605,276,234,45","155,155,155,155,155,155,155,155,155,155",644
1760,101,"134,867,788,676,178,209,764,547,199,736","155,155,155,155,155,155,155,155,155,155",600
1298,101,"134,209,637,337,360,461,372,547,788,867","155,155,155,155,155,155,155,155,155,155",430
2094,101,"676,867,178,199,529,788,683,143,36,776","155,155,155,155,155,155,127,155,44,267",537
3549,101,"134,209,637,337,938,178,867,463,788,461","155,155,155,155,155,155,155,155,155,155",633
5694,101,"134,867,676,199,3,552,80,831,178,36","155,155,155,155,155,63,155,155,155,44",606
112,101,"134,209,637,738,500,652,605,915,372,337","155,155,155,155,155,155,155,155,156,155,155",749
3791,101,"134,867,676,637,831,209,178,527,3,661","155,155,155,155,155,155,155,155,155,284",639
1269,101,"134,867,788,547,736,637,337,79,372,463","155,155,155,155,155,155,155,155,155,155",476
4216,101,"134,209,637,738,337,360,234,652,372,79","155,155,155,155,155,155,155,155,155,155",553
1837,101,"134,867,788,676,637,360,337,79,209,372","155,155,155,155,155,155,155,155,155,155",499
2380,101,"134,867,788,547,676,178,764,209,646,529","155,155,155,155,155,155,155,155,155,155",535
2786,101,"134,209,637,738,79,500,605,276,234,599","155,155,155,155,155,155,155,155,155,155",691
3513,101,"134,209,637,738,79,500,605,547,337,588","155,155,155,155,155,155,155,155,155,155",523
111,101,"134,209,637,738,79,234,360,337,500,547","155,155,155,155,155,155,155,155,155,155",598
4671,101,"134,209,637,738,79,500,605,588,234,45","155,155,155,155,155,155,155,155,155,155",553
1507,101,"134,209,637,738,79,234,360,337,463,461","155,155,155,155,155,155,155,155,155,155",634
3266,101,"134,867,788,676,178,209,764,199,529,143","155,155,155,155,155,155,155,155,155,155",579
3187,101,"134,209,637,738,79,234,360,337,500,547","155,155,155,155,155,155,155,155,155,155",374
5211,101,"134,209,637,738,79,234,500,361,764,80","155,155,155,155,155,155,155,155,155,155",541
2831,101,"134,209,637,337,938,178,867,676,831,3","155,155,155,155,155,155,155,155,155,155",513
2347,101,"134,867,788,676,178,209,764,199,529,143","155,155,155,155,155,155,155,155,155,155",555
5507,101,"134,209,637,738,79,500,605,547,676,314","155,155,155,155,155,155,155,155,155,155",519
5544,101,"134,209,637,738,915,463,337,461,360,831","155,155,155,155,155,156,155,155,155,155,155",720
2914,101,"134,867,676,199,3,80,278,831,111,527","155,155,155,155,155,155,155,155,155,155",559
5496,101,"134,867,676,199,178,788,529,3,831,80","155,155,155,155,155,155,155,155,155,155",530
1138,101,"134,209,637,738,79,234,500,361,676,605","155,155,155,155,155,155,155,155,155,155",535
4419,101,"134,209,637,738,79,234,360,337,500,547","155,155,155,155,155,155,155,155,155,155",627
3276,101,"134,867,788,547,676,637,360,372,337,209","155,155,155,155,155,155,155,155,155,155",569
1047,101,"134,209,637,738,500,652,605,915,676,234","155,155,155,155,155,155,155,155,156,155,155",782
2918,101,"134,209,637,738,79,500,605,547,337,588","155,155,155,155,155,155,155,155,155,155",634
1378,101,"134,867,788,676,637,547,461,337,831,209","155,155,155,155,155,155,155,155,155,155",588
1389,101,"134,867,676,199,178,788,529,3,209,637","155,155,155,155,155,155,155,155,155,155",618
4400,101,"134,209,637,738,79,234,500,361,764,676","155,155,155,155,155,155,155,155,155,155",654
565,101,"134,209,637,738,79,500,605,652,547,45","155,155,155,155,155,155,155,155,155,155",640
5627,101,"134,867,676,199,178,788,529,3,209,637","155,155,155,155,155,155,155,155,155,155",669
5456,101,"134,867,788,547,676,178,764,209,637,461","155,155,155,155,155,155,155,155,155,155",611
123,101,"134,867,788,547,736,676,178,209,764,143","155,155,155,155,155,155,155,155,155,155",466
3482,101,"134,867,676,637,831,178,788,199,646,764","155,155,155,155,155,155,155,155,155,155",547
6033,101,"134,867,676,199,178,527,552,831,80,337","155,155,155,155,155,155,63,155,155,155",661
5560,101,"134,867,676,637,831,209,178,527,552,834","155,155,155,155,155,155,155,155,63,36",616
4723,101,"134,209,676,867,178,788,143,938,646,637","155,155,155,155,155,155,155,155,155,155",498
1525,101,"134,867,676,199,3,178,529,463,80,831","155,155,155,155,155,155,155,155,155,155",600
3854,101,"134,867,788,547,676,178,764,199,143,736","155,155,155,155,155,155,155,155,155,155",544
184,101,"134,209,637,738,79,234,360,652,500,461","155,155,155,155,155,155,155,155,155,155",645
1025,101,"134,867,788,676,178,209,764,547,199,736","155,155,155,155,155,155,155,155,155,155",535
4422,101,"134,209,637,738,79,500,605,276,234,45","155,155,155,155,155,155,155,155,155,155",374
2100,101,"134,867,788,676,637,547,178,527,764,461","155,155,155,155,155,155,155,155,155,155",371
2034,101,"134,867,676,199,178,527,552,831,360,80","155,155,155,155,155,155,63,155,155,155",485
1554,101,"134,209,637,738,79,234,500,361,676,646","155,155,155,155,155,155,155,155,155,155",612
3938,101,"134,209,637,738,337,360,234,605,79,698","155,155,155,155,155,155,155,155,155,176",688
3315,101,"134,867,788,547,676,178,764,552,527,661","155,155,155,155,155,155,155,63,155,284",541
966,101,"134,867,788,676,637,547,461,337,831,209","155,155,155,155,155,155,155,155,155,155",510
4238,101,"134,867,788,676,178,209,764,547,199,3","155,155,155,155,155,155,155,155,155,155",521
3693,101,"134,209,637,738,337,463,461,529,372,360","155,155,155,155,155,155,155,155,155,155",463
1674,101,"134,867,788,676,178,209,637,337,360,938","155,155,155,155,155,155,155,155,155,155",640
4816,101,"134,209,637,738,500,605,276,234,599,337","155,155,155,155,155,155,155,155,155,155",550
4352,101,"134,867,676,199,178,788,529,209,764,143","155,155,155,155,155,155,155,155,155,155",535
2677,101,"134,209,676,867,178,199,568,83,527,80","155,155,155,155,155,155,169,126,155,155",796
3486,101,"134,209,637,738,500,605,276,234,599,588","155,155,155,155,155,155,155,155,155,155",702
796,101,"134,209,637,337,360,79,676,234,738,605","155,155,155,155,155,155,155,155,155,155",635
5561,101,"134,209,637,738,79,605,588,234,45,736","155,155,155,155,155,155,155,155,155,155",509
2917,101,"134,209,676,867,764,529,199,80,683,178","155,155,155,155,155,155,155,155,127,155",519
4277,101,"134,209,637,738,79,234,360,337,500,547","155,155,155,155,155,155,155,155,155,155",563
444,101,"134,209,637,738,79,500,605,547,676,314","155,155,155,155,155,155,155,155,155,155",526
2078,101,"134,209,637,738,79,234,500,361,676,605","155,155,155,155,155,155,155,155,155,155",516
2781,101,"134,209,637,738,79,500,605,588,234,45","155,155,155,155,155,155,155,155,155,155",555
1503,101,"134,209,637,738,79,500,605,588,276,234","155,155,155,155,155,155,155,155,155,155",553
2961,101,"134,867,788,547,736,637,337,372,360,738","155,155,155,155,155,155,155,155,155,155",678
2627,101,"134,209,637,337,360,79,676,234,738,698","155,155,155,155,155,155,155,155,155,176",689
4492,101,"134,867,788,676,178,209,637,337,360,463","155,155,155,155,155,155,155,155,155,155",531
4858,101,"134,209,637,738,337,463,461,529,372,676","155,155,155,155,155,155,155,155,155,155",594
1041,101,"134,209,637,738,79,500,605,276,234,599","155,155,155,155,155,155,155,155,155,155",669
987,101,"134,867,676,199,178,788,529,3,322,42","155,155,155,155,155,155,155,155,175,176",690
432,101,"134,209,637,738,79,234,360,372,337,463","155,155,155,155,155,155,155,155,155,155",507
970,101,"134,209,637,738,79,234,500,676,605,588","155,155,155,155,155,155,155,155,155,155",394
6147,101,"134,209,637,738,79,500,605,547,337,588","155,155,155,155,155,155,155,155,155,155",576
1709,101,"134,209,637,738,500,652,605,915,372,337","155,155,155,155,155,155,155,155,156,155,155",682
4088,101,"134,209,676,867,764,461,80,938,529,178","155,155,155,155,155,155,155,155,155,155",479
5126,101,"134,867,676,199,3,178,527,831,214,143","155,155,155,155,155,155,155,155,127,155",498
464,101,"134,209,676,867,178,199,938,831,527,360","155,155,155,155,155,155,155,155,155,155",608
4325,101,"134,867,788,676,178,209,637,831,3,529","155,155,155,155,155,155,155,155,155,155",571
2211,101,"134,867,788,547,676,637,360,337,372,915","155,155,155,155,155,155,155,155,155,155,156",717
2618,101,"134,209,637,738,337,360,234,736,372,461","155,155,155,155,155,155,155,155,155,155",586
4940,101,"134,209,637,738,337,360,234,736,372,461","155,155,155,155,155,155,155,155,155,155",601
1823,101,"134,209,637,738,79,500,605,276,234,599","155,155,155,155,155,155,155,155,155,155",612
2795,101,"134,209,637,738,79,234,500,361,676,605","155,155,155,155,155,155,155,155,155,155",510
2949,101,"134,209,637,738,337,360,234,605,547,646","155,155,155,155,155,155,155,155,155,155",600
4827,101,"134,209,637,738,79,500,605,276,234,45","155,155,155,155,155,155,155,155,155,155",412
1788,101,"61,377,915,208,471,702,899,583,812,648","168,155,155,156,169,176,176,169,3,181,181",187
3462,101,"134,867,788,547,676,637,360,337,79,372","155,155,155,155,155,155,155,155,155,155",539
2322,101,"134,209,637,337,938,178,867,676,461,788","155,155,155,155,155,155,155,155,155,155",693
248,101,"134,209,637,738,79,234,500,361,764,80","155,155,155,155,155,155,155,155,155,155",612
4017,101,"134,209,676,867,764,529,199,80,683,278","155,155,155,155,155,155,155,155,127,155",519
767,101,"134,209,637,738,79,500,605,547,676,314","155,155,155,155,155,155,155,155,155,155",582
4698,101,"134,209,637,738,79,234,500,652,361,764","155,155,155,155,155,155,155,155,155,155",553
35,101,"134,867,676,199,3,552,83,170,214,716","155,155,155,155,155,63,126,39,127,117",620
2148,101,"134,209,676,867,764,529,199,788,547,461","155,155,155,155,155,155,155,155,155,155",520
5579,101,"134,867,676,637,831,178,552,3,661,36","155,155,155,155,155,155,63,155,284,44",585
5580,101,"134,209,637,738,337,360,234,605,79,500","155,155,155,155,155,155,155,155,155,155",608
1109,101,"134,867,788,547,676,178,764,199,143,736","155,155,155,155,155,155,155,155,155,155",555
2923,101,"134,209,676,360,337,79,652,234,461,372","155,155,155,155,155,155,155,155,155,155",669
1172,101,"134,209,637,738,79,234,360,337,463,461","155,155,155,155,155,155,155,155,155,155",506
714,101,"134,867,788,547,676,178,764,199,3,143","155,155,155,155,155,155,155,155,155,155",380
5558,101,"134,867,676,199,3,552,80,661,278,527","155,155,155,155,155,63,155,284,155,155",561
3945,101,"134,867,788,676,178,209,637,831,3,529","155,155,155,155,155,155,155,155,155,155",582
730,101,"134,209,637,738,79,234,500,361,764,676","155,155,155,155,155,155,155,155,155,155",572
3475,101,"134,867,676,199,3,80,83,527,278,583","155,155,155,155,155,155,126,155,155,3",547
932,101,"676,360,461,831,738,79,547,915,764,80","155,155,155,155,155,155,155,155,156,155,155",568
2062,101,"134,867,676,637,831,178,788,199,80,278","155,155,155,155,155,155,155,155,155,155",380
3456,101,"134,209,637,738,79,500,605,234,276,588","155,155,155,155,155,155,155,155,155,155",545
1046,101,"134,867,788,547,736,637,337,79,45,605","155,155,155,155,155,155,155,155,155,155",401
2726,101,"134,209,637,738,79,500,605,234,45,276","155,155,155,155,155,155,155,155,155,155",546
3852,101,"134,209,637,337,360,461,372,547,788,867","155,155,155,155,155,155,155,155,155,155",531
5016,101,"676,867,788,461,178,529,646,764,143,736","155,155,155,155,155,155,155,155,155,155",264
3507,102,"134,209,676,867,764,461,337,234,372,637","155,155,155,155,155,155,155,155,155,155",531
5784,102,"134,867,676,199,178,788,529,3,831,80","155,155,155,155,155,155,155,155,155,155",490
5424,102,"134,209,637,337,360,79,676,938,372,463","155,155,155,155,155,155,155,155,155,155",535
5481,102,"134,209,637,337,360,79,652,372,676,463","155,155,155,155,155,155,155,155,155,155",553
4511,102,"134,867,788,676,637,547,178,461,209,337","155,155,155,155,155,155,155,155,155,155",612
5430,102,"134,209,637,738,79,234,500,361,764,676","155,155,155,155,155,155,155,155,155,155",546
2873,102,"134,209,637,738,79,500,605,234,45,276","155,155,155,155,155,155,155,155,155,155",477
1235,102,"134,209,676,360,337,79,372,234,588,738","155,155,155,155,155,155,155,155,155,155",494
4355,102,"134,209,637,738,79,500,605,234,276,588","155,155,155,155,155,155,155,155,155,155",586
3184,102,"134,209,637,738,79,234,500,361,764,676","155,155,155,155,155,155,155,155,155,155",535
2179,102,"134,209,637,738,79,234,360,372,337,463","155,155,155,155,155,155,155,155,155,155",352
3210,102,"134,209,637,738,79,500,605,276,234,599","155,155,155,155,155,155,155,155,155,155",544
4486,102,"134,867,676,637,209,337,360,79,738,463","155,155,155,155,155,155,155,155,155,155",519
633,102,"134,209,637,738,79,500,605,276,234,599","155,155,155,155,155,155,155,155,155,155",508
1430,102,"360,461,646,80,831,683,314,738,926,111","155,155,155,155,155,127,155,155,155,155",412
1133,102,"134,867,676,199,178,527,831,80,583,834","155,155,155,155,155,155,155,155,3,36",361
5148,102,"134,209,676,867,178,199,938,831,639,80","155,155,155,155,155,155,155,155,155,155",556
64,102,"134,867,788,547,676,637,461,209,764,360","155,155,155,155,155,155,155,155,155,155",494
5501,102,"134,209,637,738,79,234,500,361,764,676","155,155,155,155,155,155,155,155,155,155",463
1584,102,"134,867,676,199,3,80,83,214,264,335","155,155,155,155,155,155,126,127,220,195",413
3104,102,"134,209,676,867,764,461,337,234,738,605","155,155,155,155,155,155,155,155,155,155",363
729,102,"134,867,788,676,178,764,527,199,583,834","155,155,155,155,155,155,155,155,3,36",346
4554,102,"134,209,637,738,79,500,605,652,547,764","155,155,155,155,155,155,155,155,155,155",569
2626,102,"134,867,788,547,736,637,337,79,360,738","155,155,155,155,155,155,155,155,155,155",628
2261,102,"134,867,676,199,3,178,527,552,83,214","155,155,155,155,155,155,155,63,126,127",641
5528,102,"134,209,637,738,79,234,500,652,361,605","155,155,155,155,155,155,155,155,155,155",553
5711,102,"134,209,637,337,938,461,360,738,79,652","155,155,155,155,155,155,155,155,155,155",553
2466,102,"134,209,637,738,337,360,234,736,372,79","155,155,155,155,155,155,155,155,155,155",375
145,102,"134,209,637,738,337,360,234,605,547,646","155,155,155,155,155,155,155,155,155,155",500
5860,102,"134,867,788,676,178,764,527,831,80,143","155,155,155,155,155,155,155,155,155,155",354
5493,102,"134,867,788,547,736,676,637,360,79,234","155,155,155,155,155,155,155,155,155,155",544
3202,102,"134,867,676,637,831,178,552,278,527,42","155,155,155,155,155,155,63,155,155,176",669
541,102,"134,209,637,738,337,463,360,547,461,646","155,155,155,155,155,155,155,155,155,155",528
2883,102,"134,209,637,738,79,500,605,588,234,45","155,155,155,155,155,155,155,155,155,155",389
1595,102,"134,209,637,738,337,463,461,178,529,938","155,155,155,155,155,155,155,155,155,155",500
4837,102,"134,209,637,738,337,463,461,178,529,867","155,155,155,155,155,155,155,155,155,155",464
5610,102,"134,867,676,199,3,552,36,330,214,776","155,155,155,155,155,63,44,300,127,267",653
66,102,"134,867,676,199,178,788,529,209,637,938","155,155,155,155,155,155,155,155,155,155",653
5436,102,"134,209,676,867,178,788,143,199,938,764","155,155,155,155,155,155,155,155,155,155",547
2737,102,"134,867,676,199,178,788,209,764,143,529","155,155,155,155,155,155,155,155,155,155",535
573,102,"134,867,676,199,3,178,529,463,209,831","155,155,155,155,155,155,155,155,155,155",547
1670,102,"134,209,637,738,79,234,360,652,500,461","155,155,155,155,155,155,155,155,155,155",644
5744,102,"134,867,788,547,676,637,360,337,79,372","155,155,155,155,155,155,155,155,155,155",586
1223,102,"134,209,676,360,337,79,372,234,738,45","155,155,155,155,155,155,155,155,155,155",400
376,102,"676,867,178,529,788,646,461,143,199,764","155,155,155,155,155,155,155,155,155,155",412
2837,102,"134,209,637,738,79,500,605,547,337,588","155,155,155,155,155,155,155,155,155,155",538
2931,102,"134,788,646,637,831,337,461,80,360,209","155,155,155,155,155,155,155,155,155,155",461
1374,102,"134,209,637,337,360,79,652,372,676,463","155,155,155,155,155,155,155,155,155,155",553
2938,102,"134,867,676,199,3,178,527,83,214,776","155,155,155,155,155,155,155,126,127,267",535
1563,102,"134,209,637,738,79,500,605,276,234,599","155,155,155,155,155,155,155,155,155,155",519
3981,102,"134,209,637,337,938,178,80,831,314,764","155,155,155,155,155,155,155,155,155,155",520
1993,102,"134,209,676,867,764,529,199,788,178,80","155,155,155,155,155,155,155,155,155,155",540
4228,102,"134,209,637,738,79,234,500,361,676,605","155,155,155,155,155,155,155,155,155,155",549
934,102,"134,209,637,738,337,360,234,736,372,461","155,155,155,155,155,155,155,155,155,155",577
449,102,"134,867,788,676,178,764,527,831,80,938","155,155,155,155,155,155,155,155,155,155",541
944,102,"134,209,637,738,79,500,605,276,234,599","155,155,155,155,155,155,155,155,155,155",447
3243,102,"134,867,788,547,736,637,337,79,360,738","155,155,155,155,155,155,155,155,155,155",553
889,102,"134,209,637,738,337,360,234,736,372,461","155,155,155,155,155,155,155,155,155,155",519
3540,102,"134,209,637,337,360,79,676,938,372,461","155,155,155,155,155,155,155,155,155,155",553
2861,102,"134,209,637,738,79,500,605,276,234,588","155,155,155,155,155,155,155,155,155,155",412
4748,102,"134,209,637,738,79,500,605,234,276,599","155,155,155,155,155,155,155,155,155,155",521
3532,102,"134,209,637,738,337,360,234,605,547,646","155,155,155,155,155,155,155,155,155,155",528
1764,102,"134,209,637,738,79,234,500,361,764,676","155,155,155,155,155,155,155,155,155,155",541
1614,102,"134,209,637,738,79,234,500,361,676,605","155,155,155,155,155,155,155,155,155,155",571
5452,102,"134,209,676,867,764,461,80,938,637,788","155,155,155,155,155,155,155,155,155,155",519
5139,102,"134,209,637,738,79,234,500,605,276,588","155,155,155,155,155,155,155,155,155,155",472
2840,102,"134,867,788,547,736,637,337,372,360,738","155,155,155,155,155,155,155,155,155,155",355
2905,102,"134,867,788,676,637,547,461,337,360,79","155,155,155,155,155,155,155,155,155,155",628
1538,102,"134,209,637,337,79,588,500,45,276,314","155,155,155,155,155,155,155,155,155,155",494
681,102,"134,209,637,738,337,360,463,372,676,461","155,155,155,155,155,155,155,155,155,155",514
2101,102,"134,209,637,337,938,178,867,463,461,831","155,155,155,155,155,155,155,155,155,155",574
5250,102,"134,867,676,199,3,80,278,831,111,527","155,155,155,155,155,155,155,155,155,155",338
2710,102,"134,867,788,676,178,209,764,547,199,3","155,155,155,155,155,155,155,155,155,155",520
3446,102,"134,867,788,547,676,637,360,337,79,372","155,155,155,155,155,155,155,155,155,155",519
1057,102,"134,209,676,867,764,461,80,938,529,178","155,155,155,155,155,155,155,155,155,155",543
671,102,"134,867,788,547,676,637,461,639,178,764","155,155,155,155,155,155,155,155,155,155",460
185,102,"134,867,676,199,3,568,352,552,946,278","155,155,155,155,155,169,170,63,174,155",720
622,102,"134,867,676,199,178,527,788,3,80,143","155,155,155,155,155,155,155,155,155,155",535
2367,102,"134,867,788,676,178,764,529,80,199,527","155,155,155,155,155,155,155,155,155,155",398
717,102,"134,209,637,738,605,234,599,623,769,183","155,155,155,155,155,155,155,155,155,155",461
5110,102,"134,209,676,867,764,529,938,372,637,337","155,155,155,155,155,155,155,155,155,155",349
2548,102,"134,209,637,337,676,79,463,461,372,646","155,155,155,155,155,155,155,155,155,155",228
5210,102,"134,209,637,738,337,360,234,605,547,361","155,155,155,155,155,155,155,155,155,155",523
2654,102,"134,867,788,547,676,637,461,209,337,527","155,155,155,155,155,155,155,155,155,155",541
5074,102,"134,209,637,738,79,234,500,652,361,605","155,155,155,155,155,155,155,155,155,155",553
4457,102,"134,867,788,676,637,360,209,547,461,372","155,155,155,155,155,155,155,155,155,155",690
1462,102,"134,209,637,738,337,360,234,605,547,646","155,155,155,155,155,155,155,155,155,155",554
1213,102,"134,209,637,738,79,500,605,276,234,45","155,155,155,155,155,155,155,155,155,155",644
1760,102,"134,867,788,676,178,209,764,547,199,736","155,155,155,155,155,155,155,155,155,155",600
1298,102,"134,209,637,337,360,461,372,547,788,867","155,155,155,155,155,155,155,155,155,155",430
2094,102,"676,867,178,199,529,788,683,143,36,776","155,155,155,155,155,155,127,155,44,267",537
3549,102,"134,209,637,337,938,178,867,463,788,461","155,155,155,155,155,155,155,155,155,155",633
5694,102,"134,867,676,199,3,552,80,831,178,36","155,155,155,155,155,63,155,155,155,44",606
112,102,"134,209,637,738,500,652,605,915,372,337","155,155,155,155,155,155,155,155,156,155,155",749
3791,102,"134,867,676,637,831,209,178,527,3,661","155,155,155,155,155,155,155,155,155,284",639
1269,102,"134,867,788,547,736,637,337,79,372,463","155,155,155,155,155,155,155,155,155,155",476
4216,102,"134,209,637,738,337,360,234,652,372,79","155,155,155,155,155,155,155,155,155,155",553
1837,102,"134,867,788,676,637,360,337,79,209,372","155,155,155,155,155,155,155,155,155,155",499
2380,102,"134,867,788,547,676,178,764,209,646,529","155,155,155,155,155,155,155,155,155,155",535
2786,102,"134,209,637,738,79,500,605,276,234,599","155,155,155,155,155,155,155,155,155,155",691
3513,102,"134,209,637,738,79,500,605,547,337,588","155,155,155,155,155,155,155,155,155,155",523
111,102,"134,209,637,738,79,234,360,337,500,547","155,155,155,155,155,155,155,155,155,155",598
4671,102,"134,209,637,738,79,500,605,588,234,45","155,155,155,155,155,155,155,155,155,155",553
1507,102,"134,209,637,738,79,234,360,337,463,461","155,155,155,155,155,155,155,155,155,155",634
3266,102,"134,867,788,676,178,209,764,199,529,143","155,155,155,155,155,155,155,155,155,155",579
3187,102,"134,209,637,738,79,234,360,337,500,547","155,155,155,155,155,155,155,155,155,155",374
5211,102,"134,209,637,738,79,234,500,361,764,80","155,155,155,155,155,155,155,155,155,155",541
2831,102,"134,209,637,337,938,178,867,676,831,3","155,155,155,155,155,155,155,155,155,155",513
2347,102,"134,867,788,676,178,209,764,199,529,143","155,155,155,155,155,155,155,155,155,155",555
5507,102,"134,209,637,738,79,500,605,547,676,314","155,155,155,155,155,155,155,155,155,155",519
5544,102,"134,209,637,738,915,463,337,461,360,831","155,155,155,155,155,156,155,155,155,155,155",720
2914,102,"134,867,676,199,3,80,278,831,111,527","155,155,155,155,155,155,155,155,155,155",559
5496,102,"134,867,676,199,178,788,529,3,831,80","155,155,155,155,155,155,155,155,155,155",530
1138,102,"134,209,637,738,79,234,500,361,676,605","155,155,155,155,155,155,155,155,155,155",535
4419,102,"134,209,637,738,79,234,360,337,500,547","155,155,155,155,155,155,155,155,155,155",627
3276,102,"134,867,788,547,676,637,360,372,337,209","155,155,155,155,155,155,155,155,155,155",569
1047,102,"134,209,637,738,500,652,605,915,676,234","155,155,155,155,155,155,155,155,156,155,155",782
2918,102,"134,209,637,738,79,500,605,547,337,588","155,155,155,155,155,155,155,155,155,155",634
1378,102,"134,867,788,676,637,547,461,337,831,209","155,155,155,155,155,155,155,155,155,155",588
1389,102,"134,867,676,199,178,788,529,3,209,637","155,155,155,155,155,155,155,155,155,155",618
4400,102,"134,209,637,738,79,234,500,361,764,676","155,155,155,155,155,155,155,155,155,155",654
565,102,"134,209,637,738,79,500,605,652,547,45","155,155,155,155,155,155,155,155,155,155",640
5627,102,"134,867,676,199,178,788,529,3,209,637","155,155,155,155,155,155,155,155,155,155",669
5456,102,"134,867,788,547,676,178,764,209,637,461","155,155,155,155,155,155,155,155,155,155",611
123,102,"134,867,788,547,736,676,178,209,764,143","155,155,155,155,155,155,155,155,155,155",466
3482,102,"134,867,676,637,831,178,788,199,646,764","155,155,155,155,155,155,155,155,155,155",547
6033,102,"134,867,676,199,178,527,552,831,80,337","155,155,155,155,155,155,63,155,155,155",661
5560,102,"134,867,676,637,831,209,178,527,552,834","155,155,155,155,155,155,155,155,63,36",616
4723,102,"134,209,676,867,178,788,143,938,646,637","155,155,155,155,155,155,155,155,155,155",498
1525,102,"134,867,676,199,3,178,529,463,80,831","155,155,155,155,155,155,155,155,155,155",600
3854,102,"134,867,788,547,676,178,764,199,143,736","155,155,155,155,155,155,155,155,155,155",544
184,102,"134,209,637,738,79,234,360,652,500,461","155,155,155,155,155,155,155,155,155,155",645
1025,102,"134,867,788,676,178,209,764,547,199,736","155,155,155,155,155,155,155,155,155,155",535
4422,102,"134,209,637,738,79,500,605,276,234,45","155,155,155,155,155,155,155,155,155,155",374
2100,102,"134,867,788,676,637,547,178,527,764,461","155,155,155,155,155,155,155,155,155,155",371
2034,102,"134,867,676,199,178,527,552,831,360,80","155,155,155,155,155,155,63,155,155,155",485
1554,102,"134,209,637,738,79,234,500,361,676,646","155,155,155,155,155,155,155,155,155,155",612
3938,102,"134,209,637,738,337,360,234,605,79,698","155,155,155,155,155,155,155,155,155,176",688
3315,102,"134,867,788,547,676,178,764,552,527,661","155,155,155,155,155,155,155,63,155,284",541
966,102,"134,867,788,676,637,547,461,337,831,209","155,155,155,155,155,155,155,155,155,155",510
4238,102,"134,867,788,676,178,209,764,547,199,3","155,155,155,155,155,155,155,155,155,155",521
3693,102,"134,209,637,738,337,463,461,529,372,360","155,155,155,155,155,155,155,155,155,155",463
1674,102,"134,867,788,676,178,209,637,337,360,938","155,155,155,155,155,155,155,155,155,155",640
4816,102,"134,209,637,738,500,605,276,234,599,337","155,155,155,155,155,155,155,155,155,155",550
4352,102,"134,867,676,199,178,788,529,209,764,143","155,155,155,155,155,155,155,155,155,155",535
2677,102,"134,209,676,867,178,199,568,83,527,80","155,155,155,155,155,155,169,126,155,155",796
3486,102,"134,209,637,738,500,605,276,234,599,588","155,155,155,155,155,155,155,155,155,155",702
796,102,"134,209,637,337,360,79,676,234,738,605","155,155,155,155,155,155,155,155,155,155",635
5561,102,"134,209,637,738,79,605,588,234,45,736","155,155,155,155,155,155,155,155,155,155",509
2917,102,"134,209,676,867,764,529,199,80,683,178","155,155,155,155,155,155,155,155,127,155",519
4277,102,"134,209,637,738,79,234,360,337,500,547","155,155,155,155,155,155,155,155,155,155",563
444,102,"134,209,637,738,79,500,605,547,676,314","155,155,155,155,155,155,155,155,155,155",526
2078,102,"134,209,637,738,79,234,500,361,676,605","155,155,155,155,155,155,155,155,155,155",516
2781,102,"134,209,637,738,79,500,605,588,234,45","155,155,155,155,155,155,155,155,155,155",555
1503,102,"134,209,637,738,79,500,605,588,276,234","155,155,155,155,155,155,155,155,155,155",553
2961,102,"134,867,788,547,736,637,337,372,360,738","155,155,155,155,155,155,155,155,155,155",678
2627,102,"134,209,637,337,360,79,676,234,738,698","155,155,155,155,155,155,155,155,155,176",689
4492,102,"134,867,788,676,178,209,637,337,360,463","155,155,155,155,155,155,155,155,155,155",531
4858,102,"134,209,637,738,337,463,461,529,372,676","155,155,155,155,155,155,155,155,155,155",594
1041,102,"134,209,637,738,79,500,605,276,234,599","155,155,155,155,155,155,155,155,155,155",669
987,102,"134,867,676,199,178,788,529,3,322,42","155,155,155,155,155,155,155,155,175,176",690
432,102,"134,209,637,738,79,234,360,372,337,463","155,155,155,155,155,155,155,155,155,155",507
970,102,"134,209,637,738,79,234,500,676,605,588","155,155,155,155,155,155,155,155,155,155",394
6147,102,"134,209,637,738,79,500,605,547,337,588","155,155,155,155,155,155,155,155,155,155",576
1709,102,"134,209,637,738,500,652,605,915,372,337","155,155,155,155,155,155,155,155,156,155,155",682
4088,102,"134,209,676,867,764,461,80,938,529,178","155,155,155,155,155,155,155,155,155,155",479
5126,102,"134,867,676,199,3,178,527,831,214,143","155,155,155,155,155,155,155,155,127,155",498
464,102,"134,209,676,867,178,199,938,831,527,360","155,155,155,155,155,155,155,155,155,155",608
4325,102,"134,867,788,676,178,209,637,831,3,529","155,155,155,155,155,155,155,155,155,155",571
2211,102,"134,867,788,547,676,637,360,337,372,915","155,155,155,155,155,155,155,155,155,155,156",717
2618,102,"134,209,637,738,337,360,234,736,372,461","155,155,155,155,155,155,155,155,155,155",586
4940,102,"134,209,637,738,337,360,234,736,372,461","155,155,155,155,155,155,155,155,155,155",601
1823,102,"134,209,637,738,79,500,605,276,234,599","155,155,155,155,155,155,155,155,155,155",612
2795,102,"134,209,637,738,79,234,500,361,676,605","155,155,155,155,155,155,155,155,155,155",510
2949,102,"134,209,637,738,337,360,234,605,547,646","155,155,155,155,155,155,155,155,155,155",600
4827,102,"134,209,637,738,79,500,605,276,234,45","155,155,155,155,155,155,155,155,155,155",412
1788,102,"61,377,915,208,471,702,899,583,812,648","168,155,155,156,169,176,176,169,3,181,181",187
3462,102,"134,867,788,547,676,637,360,337,79,372","155,155,155,155,155,155,155,155,155,155",539
2322,102,"134,209,637,337,938,178,867,676,461,788","155,155,155,155,155,155,155,155,155,155",693
248,102,"134,209,637,738,79,234,500,361,764,80","155,155,155,155,155,155,155,155,155,155",612
4017,102,"134,209,676,867,764,529,199,80,683,278","155,155,155,155,155,155,155,155,127,155",519
767,102,"134,209,637,738,79,500,605,547,676,314","155,155,155,155,155,155,155,155,155,155",582
4698,102,"134,209,637,738,79,234,500,652,361,764","155,155,155,155,155,155,155,155,155,155",553
35,102,"134,867,676,199,3,552,83,170,214,716","155,155,155,155,155,63,126,39,127,117",620
2148,102,"134,209,676,867,764,529,199,788,547,461","155,155,155,155,155,155,155,155,155,155",520
5579,102,"134,867,676,637,831,178,552,3,661,36","155,155,155,155,155,155,63,155,284,44",585
5580,102,"134,209,637,738,337,360,234,605,79,500","155,155,155,155,155,155,155,155,155,155",608
1109,102,"134,867,788,547,676,178,764,199,143,736","155,155,155,155,155,155,155,155,155,155",555
2923,102,"134,209,676,360,337,79,652,234,461,372","155,155,155,155,155,155,155,155,155,155",669
1172,102,"134,209,637,738,79,234,360,337,463,461","155,155,155,155,155,155,155,155,155,155",506
714,102,"134,867,788,547,676,178,764,199,3,143","155,155,155,155,155,155,155,155,155,155",380
5558,102,"134,867,676,199,3,552,80,661,278,527","155,155,155,155,155,63,155,284,155,155",561
3945,102,"134,867,788,676,178,209,637,831,3,529","155,155,155,155,155,155,155,155,155,155",582
730,102,"134,209,637,738,79,234,500,361,764,676","155,155,155,155,155,155,155,155,155,155",572
3475,102,"134,867,676,199,3,80,83,527,278,583","155,155,155,155,155,155,126,155,155,3",547
932,102,"676,360,461,831,738,79,547,915,764,80","155,155,155,155,155,155,155,155,156,155,155",568
2062,102,"134,867,676,637,831,178,788,199,80,278","155,155,155,155,155,155,155,155,155,155",380
3456,102,"134,209,637,738,79,500,605,234,276,588","155,155,155,155,155,155,155,155,155,155",545
1046,102,"134,867,788,547,736,637,337,79,45,605","155,155,155,155,155,155,155,155,155,155",401
2726,102,"134,209,637,738,79,500,605,234,45,276","155,155,155,155,155,155,155,155,155,155",546
3852,102,"134,209,637,337,360,461,372,547,788,867","155,155,155,155,155,155,155,155,155,155",531
5016,102,"676,867,788,461,178,529,646,764,143,736","155,155,155,155,155,155,155,155,155,155",264
3507,103,"134,209,676,867,764,461,337,234,372,637","155,155,155,155,155,155,155,155,155,155",531
5784,103,"134,867,676,199,178,788,529,3,831,80","155,155,155,155,155,155,155,155,155,155",490
5424,103,"134,209,637,337,360,79,676,938,372,463","155,155,155,155,155,155,155,155,155,155",535
5481,103,"134,209,637,337,360,79,652,372,676,463","155,155,155,155,155,155,155,155,155,155",553
4511,103,"134,867,788,676,637,547,178,461,209,337","155,155,155,155,155,155,155,155,155,155",612
5430,103,"134,209,637,738,79,234,500,361,764,676","155,155,155,155,155,155,155,155,155,155",546
2873,103,"134,209,637,738,79,500,605,234,45,276","155,155,155,155,155,155,155,155,155,155",477
1235,103,"134,209,676,360,337,79,372,234,588,738","155,155,155,155,155,155,155,155,155,155",494
4355,103,"134,209,637,738,79,500,605,234,276,588","155,155,155,155,155,155,155,155,155,155",586
3184,103,"134,209,637,738,79,234,500,361,764,676","155,155,155,155,155,155,155,155,155,155",535
2179,103,"134,209,637,738,79,234,360,372,337,463","155,155,155,155,155,155,155,155,155,155",352
3210,103,"134,209,637,738,79,500,605,276,234,599","155,155,155,155,155,155,155,155,155,155",544
4486,103,"134,867,676,637,209,337,360,79,738,463","155,155,155,155,155,155,155,155,155,155",519
633,103,"134,209,637,738,79,500,605,276,234,599","155,155,155,155,155,155,155,155,155,155",508
1430,103,"360,461,646,80,831,683,314,738,926,111","155,155,155,155,155,127,155,155,155,155",412
1133,103,"134,867,676,199,178,527,831,80,583,834","155,155,155,155,155,155,155,155,3,36",361
5148,103,"134,209,676,867,178,199,938,831,639,80","155,155,155,155,155,155,155,155,155,155",556
64,103,"134,867,788,547,676,637,461,209,764,360","155,155,155,155,155,155,155,155,155,155",494
5501,103,"134,209,637,738,79,234,500,361,764,676","155,155,155,155,155,155,155,155,155,155",463
1584,103,"134,867,676,199,3,80,83,214,264,335","155,155,155,155,155,155,126,127,220,195",413
3104,103,"134,209,676,867,764,461,337,234,738,605","155,155,155,155,155,155,155,155,155,155",363
729,103,"134,867,788,676,178,764,527,199,583,834","155,155,155,155,155,155,155,155,3,36",346
4554,103,"134,209,637,738,79,500,605,652,547,764","155,155,155,155,155,155,155,155,155,155",569
2626,103,"134,867,788,547,736,637,337,79,360,738","155,155,155,155,155,155,155,155,155,155",628
2261,103,"134,867,676,199,3,178,527,552,83,214","155,155,155,155,155,155,155,63,126,127",641
5528,103,"134,209,637,738,79,234,500,652,361,605","155,155,155,155,155,155,155,155,155,155",553
5711,103,"134,209,637,337,938,461,360,738,79,652","155,155,155,155,155,155,155,155,155,155",553
2466,103,"134,209,637,738,337,360,234,736,372,79","155,155,155,155,155,155,155,155,155,155",375
145,103,"134,209,637,738,337,360,234,605,547,646","155,155,155,155,155,155,155,155,155,155",500
5860,103,"134,867,788,676,178,764,527,831,80,143","155,155,155,155,155,155,155,155,155,155",354
5493,103,"134,867,788,547,736,676,637,360,79,234","155,155,155,155,155,155,155,155,155,155",544
3202,103,"134,867,676,637,831,178,552,278,527,42","155,155,155,155,155,155,63,155,155,176",669
541,103,"134,209,637,738,337,463,360,547,461,646","155,155,155,155,155,155,155,155,155,155",528
2883,103,"134,209,637,738,79,500,605,588,234,45","155,155,155,155,155,155,155,155,155,155",389
1595,103,"134,209,637,738,337,463,461,178,529,938","155,155,155,155,155,155,155,155,155,155",500
4837,103,"134,209,637,738,337,463,461,178,529,867","155,155,155,155,155,155,155,155,155,155",464
5610,103,"134,867,676,199,3,552,36,330,214,776","155,155,155,155,155,63,44,300,127,267",653
66,103,"134,867,676,199,178,788,529,209,637,938","155,155,155,155,155,155,155,155,155,155",653
5436,103,"134,209,676,867,178,788,143,199,938,764","155,155,155,155,155,155,155,155,155,155",547
2737,103,"134,867,676,199,178,788,209,764,143,529","155,155,155,155,155,155,155,155,155,155",535
573,103,"134,867,676,199,3,178,529,463,209,831","155,155,155,155,155,155,155,155,155,155",547
1670,103,"134,209,637,738,79,234,360,652,500,461","155,155,155,155,155,155,155,155,155,155",644
5744,103,"134,867,788,547,676,637,360,337,79,372","155,155,155,155,155,155,155,155,155,155",586
1223,103,"134,209,676,360,337,79,372,234,738,45","155,155,155,155,155,155,155,155,155,155",400
376,103,"676,867,178,529,788,646,461,143,199,764","155,155,155,155,155,155,155,155,155,155",412
2837,103,"134,209,637,738,79,500,605,547,337,588","155,155,155,155,155,155,155,155,155,155",538
2931,103,"134,788,646,637,831,337,461,80,360,209","155,155,155,155,155,155,155,155,155,155",461
1374,103,"134,209,637,337,360,79,652,372,676,463","155,155,155,155,155,155,155,155,155,155",553
2938,103,"134,867,676,199,3,178,527,83,214,776","155,155,155,155,155,155,155,126,127,267",535
1563,103,"134,209,637,738,79,500,605,276,234,599","155,155,155,155,155,155,155,155,155,155",519
3981,103,"134,209,637,337,938,178,80,831,314,764","155,155,155,155,155,155,155,155,155,155",520
1993,103,"134,209,676,867,764,529,199,788,178,80","155,155,155,155,155,155,155,155,155,155",540
4228,103,"134,209,637,738,79,234,500,361,676,605","155,155,155,155,155,155,155,155,155,155",549
934,103,"134,209,637,738,337,360,234,736,372,461","155,155,155,155,155,155,155,155,155,155",577
449,103,"134,867,788,676,178,764,527,831,80,938","155,155,155,155,155,155,155,155,155,155",541
944,103,"134,209,637,738,79,500,605,276,234,599","155,155,155,155,155,155,155,155,155,155",447
3243,103,"134,867,788,547,736,637,337,79,360,738","155,155,155,155,155,155,155,155,155,155",553
889,103,"134,209,637,738,337,360,234,736,372,461","155,155,155,155,155,155,155,155,155,155",519
3540,103,"134,209,637,337,360,79,676,938,372,461","155,155,155,155,155,155,155,155,155,155",553
2861,103,"134,209,637,738,79,500,605,276,234,588","155,155,155,155,155,155,155,155,155,155",412
4748,103,"134,209,637,738,79,500,605,234,276,599","155,155,155,155,155,155,155,155,155,155",521
3532,103,"134,209,637,738,337,360,234,605,547,646","155,155,155,155,155,155,155,155,155,155",528
1764,103,"134,209,637,738,79,234,500,361,764,676","155,155,155,155,155,155,155,155,155,155",541
1614,103,"134,209,637,738,79,234,500,361,676,605","155,155,155,155,155,155,155,155,155,155",571
5452,103,"134,209,676,867,764,461,80,938,637,788","155,155,155,155,155,155,155,155,155,155",519
5139,103,"134,209,637,738,79,234,500,605,276,588","155,155,155,155,155,155,155,155,155,155",472
2840,103,"134,867,788,547,736,637,337,372,360,738","155,155,155,155,155,155,155,155,155,155",355
2905,103,"134,867,788,676,637,547,461,337,360,79","155,155,155,155,155,155,155,155,155,155",628
1538,103,"134,209,637,337,79,588,500,45,276,314","155,155,155,155,155,155,155,155,155,155",494
681,103,"134,209,637,738,337,360,463,372,676,461","155,155,155,155,155,155,155,155,155,155",514
2101,103,"134,209,637,337,938,178,867,463,461,831","155,155,155,155,155,155,155,155,155,155",574
5250,103,"134,867,676,199,3,80,278,831,111,527","155,155,155,155,155,155,155,155,155,155",338
2710,103,"134,867,788,676,178,209,764,547,199,3","155,155,155,155,155,155,155,155,155,155",520
3446,103,"134,867,788,547,676,637,360,337,79,372","155,155,155,155,155,155,155,155,155,155",519
1057,103,"134,209,676,867,764,461,80,938,529,178","155,155,155,155,155,155,155,155,155,155",543
671,103,"134,867,788,547,676,637,461,639,178,764","155,155,155,155,155,155,155,155,155,155",460
185,103,"134,867,676,199,3,568,352,552,946,278","155,155,155,155,155,169,170,63,174,155",720
622,103,"134,867,676,199,178,527,788,3,80,143","155,155,155,155,155,155,155,155,155,155",535
2367,103,"134,867,788,676,178,764,529,80,199,527","155,155,155,155,155,155,155,155,155,155",398
717,103,"134,209,637,738,605,234,599,623,769,183","155,155,155,155,155,155,155,155,155,155",461
5110,103,"134,209,676,867,764,529,938,372,637,337","155,155,155,155,155,155,155,155,155,155",349
2548,103,"134,209,637,337,676,79,463,461,372,646","155,155,155,155,155,155,155,155,155,155",228
5210,103,"134,209,637,738,337,360,234,605,547,361","155,155,155,155,155,155,155,155,155,155",523
2654,103,"134,867,788,547,676,637,461,209,337,527","155,155,155,155,155,155,155,155,155,155",541
5074,103,"134,209,637,738,79,234,500,652,361,605","155,155,155,155,155,155,155,155,155,155",553
4457,103,"134,867,788,676,637,360,209,547,461,372","155,155,155,155,155,155,155,155,155,155",690
1462,103,"134,209,637,738,337,360,234,605,547,646","155,155,155,155,155,155,155,155,155,155",554
1213,103,"134,209,637,738,79,500,605,276,234,45","155,155,155,155,155,155,155,155,155,155",644
1760,103,"134,867,788,676,178,209,764,547,199,736","155,155,155,155,155,155,155,155,155,155",600
1298,103,"134,209,637,337,360,461,372,547,788,867","155,155,155,155,155,155,155,155,155,155",430
2094,103,"676,867,178,199,529,788,683,143,36,776","155,155,155,155,155,155,127,155,44,267",537
3549,103,"134,209,637,337,938,178,867,463,788,461","155,155,155,155,155,155,155,155,155,155",633
5694,103,"134,867,676,199,3,552,80,831,178,36","155,155,155,155,155,63,155,155,155,44",606
112,103,"134,209,637,738,500,652,605,915,372,337","155,155,155,155,155,155,155,155,156,155,155",749
3791,103,"134,867,676,637,831,209,178,527,3,661","155,155,155,155,155,155,155,155,155,284",639
1269,103,"134,867,788,547,736,637,337,79,372,463","155,155,155,155,155,155,155,155,155,155",476
4216,103,"134,209,637,738,337,360,234,652,372,79","155,155,155,155,155,155,155,155,155,155",553
1837,103,"134,867,788,676,637,360,337,79,209,372","155,155,155,155,155,155,155,155,155,155",499
2380,103,"134,867,788,547,676,178,764,209,646,529","155,155,155,155,155,155,155,155,155,155",535
2786,103,"134,209,637,738,79,500,605,276,234,599","155,155,155,155,155,155,155,155,155,155",691
3513,103,"134,209,637,738,79,500,605,547,337,588","155,155,155,155,155,155,155,155,155,155",523
111,103,"134,209,637,738,79,234,360,337,500,547","155,155,155,155,155,155,155,155,155,155",598
4671,103,"134,209,637,738,79,500,605,588,234,45","155,155,155,155,155,155,155,155,155,155",553
1507,103,"134,209,637,738,79,234,360,337,463,461","155,155,155,155,155,155,155,155,155,155",634
3266,103,"134,867,788,676,178,209,764,199,529,143","155,155,155,155,155,155,155,155,155,155",579
3187,103,"134,209,637,738,79,234,360,337,500,547","155,155,155,155,155,155,155,155,155,155",374
5211,103,"134,209,637,738,79,234,500,361,764,80","155,155,155,155,155,155,155,155,155,155",541
2831,103,"134,209,637,337,938,178,867,676,831,3","155,155,155,155,155,155,155,155,155,155",513
2347,103,"134,867,788,676,178,209,764,199,529,143","155,155,155,155,155,155,155,155,155,155",555
5507,103,"134,209,637,738,79,500,605,547,676,314","155,155,155,155,155,155,155,155,155,155",519
5544,103,"134,209,637,738,915,463,337,461,360,831","155,155,155,155,155,156,155,155,155,155,155",720
2914,103,"134,867,676,199,3,80,278,831,111,527","155,155,155,155,155,155,155,155,155,155",559
5496,103,"134,867,676,199,178,788,529,3,831,80","155,155,155,155,155,155,155,155,155,155",530
1138,103,"134,209,637,738,79,234,500,361,676,605","155,155,155,155,155,155,155,155,155,155",535
4419,103,"134,209,637,738,79,234,360,337,500,547","155,155,155,155,155,155,155,155,155,155",627
3276,103,"134,867,788,547,676,637,360,372,337,209","155,155,155,155,155,155,155,155,155,155",569
1047,103,"134,209,637,738,500,652,605,915,676,234","155,155,155,155,155,155,155,155,156,155,155",782
2918,103,"134,209,637,738,79,500,605,547,337,588","155,155,155,155,155,155,155,155,155,155",634
1378,103,"134,867,788,676,637,547,461,337,831,209","155,155,155,155,155,155,155,155,155,155",588
1389,103,"134,867,676,199,178,788,529,3,209,637","155,155,155,155,155,155,155,155,155,155",618
4400,103,"134,209,637,738,79,234,500,361,764,676","155,155,155,155,155,155,155,155,155,155",654
565,103,"134,209,637,738,79,500,605,652,547,45","155,155,155,155,155,155,155,155,155,155",640
5627,103,"134,867,676,199,178,788,529,3,209,637","155,155,155,155,155,155,155,155,155,155",669
5456,103,"134,867,788,547,676,178,764,209,637,461","155,155,155,155,155,155,155,155,155,155",611
123,103,"134,867,788,547,736,676,178,209,764,143","155,155,155,155,155,155,155,155,155,155",466
3482,103,"134,867,676,637,831,178,788,199,646,764","155,155,155,155,155,155,155,155,155,155",547
6033,103,"134,867,676,199,178,527,552,831,80,337","155,155,155,155,155,155,63,155,155,155",661
5560,103,"134,867,676,637,831,209,178,527,552,834","155,155,155,155,155,155,155,155,63,36",616
4723,103,"134,209,676,867,178,788,143,938,646,637","155,155,155,155,155,155,155,155,155,155",498
1525,103,"134,867,676,199,3,178,529,463,80,831","155,155,155,155,155,155,155,155,155,155",600
3854,103,"134,867,788,547,676,178,764,199,143,736","155,155,155,155,155,155,155,155,155,155",544
184,103,"134,209,637,738,79,234,360,652,500,461","155,155,155,155,155,155,155,155,155,155",645
1025,103,"134,867,788,676,178,209,764,547,199,736","155,155,155,155,155,155,155,155,155,155",535
4422,103,"134,209,637,738,79,500,605,276,234,45","155,155,155,155,155,155,155,155,155,155",374
2100,103,"134,867,788,676,637,547,178,527,764,461","155,155,155,155,155,155,155,155,155,155",371
2034,103,"134,867,676,199,178,527,552,831,360,80","155,155,155,155,155,155,63,155,155,155",485
1554,103,"134,209,637,738,79,234,500,361,676,646","155,155,155,155,155,155,155,155,155,155",612
3938,103,"134,209,637,738,337,360,234,605,79,698","155,155,155,155,155,155,155,155,155,176",688
3315,103,"134,867,788,547,676,178,764,552,527,661","155,155,155,155,155,155,155,63,155,284",541
966,103,"134,867,788,676,637,547,461,337,831,209","155,155,155,155,155,155,155,155,155,155",510
4238,103,"134,867,788,676,178,209,764,547,199,3","155,155,155,155,155,155,155,155,155,155",521
3693,103,"134,209,637,738,337,463,461,529,372,360","155,155,155,155,155,155,155,155,155,155",463
1674,103,"134,867,788,676,178,209,637,337,360,938","155,155,155,155,155,155,155,155,155,155",640
4816,103,"134,209,637,738,500,605,276,234,599,337","155,155,155,155,155,155,155,155,155,155",550
4352,103,"134,867,676,199,178,788,529,209,764,143","155,155,155,155,155,155,155,155,155,155",535
2677,103,"134,209,676,867,178,199,568,83,527,80","155,155,155,155,155,155,169,126,155,155",796
3486,103,"134,209,637,738,500,605,276,234,599,588","155,155,155,155,155,155,155,155,155,155",702
796,103,"134,209,637,337,360,79,676,234,738,605","155,155,155,155,155,155,155,155,155,155",635
5561,103,"134,209,637,738,79,605,588,234,45,736","155,155,155,155,155,155,155,155,155,155",509
2917,103,"134,209,676,867,764,529,199,80,683,178","155,155,155,155,155,155,155,155,127,155",519
4277,103,"134,209,637,738,79,234,360,337,500,547","155,155,155,155,155,155,155,155,155,155",563
444,103,"134,209,637,738,79,500,605,547,676,314","155,155,155,155,155,155,155,155,155,155",526
2078,103,"134,209,637,738,79,234,500,361,676,605","155,155,155,155,155,155,155,155,155,155",516
2781,103,"134,209,637,738,79,500,605,588,234,45","155,155,155,155,155,155,155,155,155,155",555
1503,103,"134,209,637,738,79,500,605,588,276,234","155,155,155,155,155,155,155,155,155,155",553
2961,103,"134,867,788,547,736,637,337,372,360,738","155,155,155,155,155,155,155,155,155,155",678
2627,103,"134,209,637,337,360,79,676,234,738,698","155,155,155,155,155,155,155,155,155,176",689
4492,103,"134,867,788,676,178,209,637,337,360,463","155,155,155,155,155,155,155,155,155,155",531
4858,103,"134,209,637,738,337,463,461,529,372,676","155,155,155,155,155,155,155,155,155,155",594
1041,103,"134,209,637,738,79,500,605,276,234,599","155,155,155,155,155,155,155,155,155,155",669
987,103,"134,867,676,199,178,788,529,3,322,42","155,155,155,155,155,155,155,155,175,176",690
432,103,"134,209,637,738,79,234,360,372,337,463","155,155,155,155,155,155,155,155,155,155",507
970,103,"134,209,637,738,79,234,500,676,605,588","155,155,155,155,155,155,155,155,155,155",394
6147,103,"134,209,637,738,79,500,605,547,337,588","155,155,155,155,155,155,155,155,155,155",576
1709,103,"134,209,637,738,500,652,605,915,372,337","155,155,155,155,155,155,155,155,156,155,155",682
4088,103,"134,209,676,867,764,461,80,938,529,178","155,155,155,155,155,155,155,155,155,155",479
5126,103,"134,867,676,199,3,178,527,831,214,143","155,155,155,155,155,155,155,155,127,155",498
464,103,"134,209,676,867,178,199,938,831,527,360","155,155,155,155,155,155,155,155,155,155",608
4325,103,"134,867,788,676,178,209,637,831,3,529","155,155,155,155,155,155,155,155,155,155",571
2211,103,"134,867,788,547,676,637,360,337,372,915","155,155,155,155,155,155,155,155,155,155,156",717
2618,103,"134,209,637,738,337,360,234,736,372,461","155,155,155,155,155,155,155,155,155,155",586
4940,103,"134,209,637,738,337,360,234,736,372,461","155,155,155,155,155,155,155,155,155,155",601
1823,103,"134,209,637,738,79,500,605,276,234,599","155,155,155,155,155,155,155,155,155,155",612
2795,103,"134,209,637,738,79,234,500,361,676,605","155,155,155,155,155,155,155,155,155,155",510
2949,103,"134,209,637,738,337,360,234,605,547,646","155,155,155,155,155,155,155,155,155,155",600
4827,103,"134,209,637,738,79,500,605,276,234,45","155,155,155,155,155,155,155,155,155,155",412
1788,103,"61,377,915,208,471,702,899,583,812,648","168,155,155,156,169,176,176,169,3,181,181",187
3462,103,"134,867,788,547,676,637,360,337,79,372","155,155,155,155,155,155,155,155,155,155",539
2322,103,"134,209,637,337,938,178,867,676,461,788","155,155,155,155,155,155,155,155,155,155",693
248,103,"134,209,637,738,79,234,500,361,764,80","155,155,155,155,155,155,155,155,155,155",612
4017,103,"134,209,676,867,764,529,199,80,683,278","155,155,155,155,155,155,155,155,127,155",519
767,103,"134,209,637,738,79,500,605,547,676,314","155,155,155,155,155,155,155,155,155,155",582
4698,103,"134,209,637,738,79,234,500,652,361,764","155,155,155,155,155,155,155,155,155,155",553
35,103,"134,867,676,199,3,552,83,170,214,716","155,155,155,155,155,63,126,39,127,117",620
2148,103,"134,209,676,867,764,529,199,788,547,461","155,155,155,155,155,155,155,155,155,155",520
5579,103,"134,867,676,637,831,178,552,3,661,36","155,155,155,155,155,155,63,155,284,44",585
5580,103,"134,209,637,738,337,360,234,605,79,500","155,155,155,155,155,155,155,155,155,155",608
1109,103,"134,867,788,547,676,178,764,199,143,736","155,155,155,155,155,155,155,155,155,155",555
2923,103,"134,209,676,360,337,79,652,234,461,372","155,155,155,155,155,155,155,155,155,155",669
1172,103,"134,209,637,738,79,234,360,337,463,461","155,155,155,155,155,155,155,155,155,155",506
714,103,"134,867,788,547,676,178,764,199,3,143","155,155,155,155,155,155,155,155,155,155",380
5558,103,"134,867,676,199,3,552,80,661,278,527","155,155,155,155,155,63,155,284,155,155",561
3945,103,"134,867,788,676,178,209,637,831,3,529","155,155,155,155,155,155,155,155,155,155",582
730,103,"134,209,637,738,79,234,500,361,764,676","155,155,155,155,155,155,155,155,155,155",572
3475,103,"134,867,676,199,3,80,83,527,278,583","155,155,155,155,155,155,126,155,155,3",547
932,103,"676,360,461,831,738,79,547,915,764,80","155,155,155,155,155,155,155,155,156,155,155",568
2062,103,"134,867,676,637,831,178,788,199,80,278","155,155,155,155,155,155,155,155,155,155",380
3456,103,"134,209,637,738,79,500,605,234,276,588","155,155,155,155,155,155,155,155,155,155",545
1046,103,"134,867,788,547,736,637,337,79,45,605","155,155,155,155,155,155,155,155,155,155",401
2726,103,"134,209,637,738,79,500,605,234,45,276","155,155,155,155,155,155,155,155,155,155",546
3852,103,"134,209,637,337,360,461,372,547,788,867","155,155,155,155,155,155,155,155,155,155",531
5016,103,"676,867,788,461,178,529,646,764,143,736","155,155,155,155,155,155,155,155,155,155",264
3507,104,"134,209,676,867,764,461,337,234,372,637","155,155,155,155,155,155,155,155,155,155",531
5784,104,"134,867,676,199,178,788,529,3,831,80","155,155,155,155,155,155,155,155,155,155",490
5424,104,"134,209,637,337,360,79,676,938,372,463","155,155,155,155,155,155,155,155,155,155",535
5481,104,"134,209,637,337,360,79,652,372,676,463","155,155,155,155,155,155,155,155,155,155",553
4511,104,"134,867,788,676,637,547,178,461,209,337","155,155,155,155,155,155,155,155,155,155",612
5430,104,"134,209,637,738,79,234,500,361,764,676","155,155,155,155,155,155,155,155,155,155",546
2873,104,"134,209,637,738,79,500,605,234,45,276","155,155,155,155,155,155,155,155,155,155",477
1235,104,"134,209,676,360,337,79,372,234,588,738","155,155,155,155,155,155,155,155,155,155",494
4355,104,"134,209,637,738,79,500,605,234,276,588","155,155,155,155,155,155,155,155,155,155",586
3184,104,"134,209,637,738,79,234,500,361,764,676","155,155,155,155,155,155,155,155,155,155",535
2179,104,"134,209,637,738,79,234,360,372,337,463","155,155,155,155,155,155,155,155,155,155",352
3210,104,"134,209,637,738,79,500,605,276,234,599","155,155,155,155,155,155,155,155,155,155",544
4486,104,"134,867,676,637,209,337,360,79,738,463","155,155,155,155,155,155,155,155,155,155",519
633,104,"134,209,637,738,79,500,605,276,234,599","155,155,155,155,155,155,155,155,155,155",508
1430,104,"360,461,646,80,831,683,314,738,926,111","155,155,155,155,155,127,155,155,155,155",412
1133,104,"134,867,676,199,178,527,831,80,583,834","155,155,155,155,155,155,155,155,3,36",361
5148,104,"134,209,676,867,178,199,938,831,639,80","155,155,155,155,155,155,155,155,155,155",556
64,104,"134,867,788,547,676,637,461,209,764,360","155,155,155,155,155,155,155,155,155,155",494
5501,104,"134,209,637,738,79,234,500,361,764,676","155,155,155,155,155,155,155,155,155,155",463
1584,104,"134,867,676,199,3,80,83,214,264,335","155,155,155,155,155,155,126,127,220,195",413
3104,104,"134,209,676,867,764,461,337,234,738,605","155,155,155,155,155,155,155,155,155,155",363
729,104,"134,867,788,676,178,764,527,199,583,834","155,155,155,155,155,155,155,155,3,36",346
4554,104,"134,209,637,738,79,500,605,652,547,764","155,155,155,155,155,155,155,155,155,155",569
2626,104,"134,867,788,547,736,637,337,79,360,738","155,155,155,155,155,155,155,155,155,155",628
2261,104,"134,867,676,199,3,178,527,552,83,214","155,155,155,155,155,155,155,63,126,127",641
5528,104,"134,209,637,738,79,234,500,652,361,605","155,155,155,155,155,155,155,155,155,155",553
5711,104,"134,209,637,337,938,461,360,738,79,652","155,155,155,155,155,155,155,155,155,155",553
2466,104,"134,209,637,738,337,360,234,736,372,79","155,155,155,155,155,155,155,155,155,155",375
145,104,"134,209,637,738,337,360,234,605,547,646","155,155,155,155,155,155,155,155,155,155",500
5860,104,"134,867,788,676,178,764,527,831,80,143","155,155,155,155,155,155,155,155,155,155",354
5493,104,"134,867,788,547,736,676,637,360,79,234","155,155,155,155,155,155,155,155,155,155",544
3202,104,"134,867,676,637,831,178,552,278,527,42","155,155,155,155,155,155,63,155,155,176",669
541,104,"134,209,637,738,337,463,360,547,461,646","155,155,155,155,155,155,155,155,155,155",528
2883,104,"134,209,637,738,79,500,605,588,234,45","155,155,155,155,155,155,155,155,155,155",389
1595,104,"134,209,637,738,337,463,461,178,529,938","155,155,155,155,155,155,155,155,155,155",500
4837,104,"134,209,637,738,337,463,461,178,529,867","155,155,155,155,155,155,155,155,155,155",464
5610,104,"134,867,676,199,3,552,36,330,214,776","155,155,155,155,155,63,44,300,127,267",653
66,104,"134,867,676,199,178,788,529,209,637,938","155,155,155,155,155,155,155,155,155,155",653
5436,104,"134,209,676,867,178,788,143,199,938,764","155,155,155,155,155,155,155,155,155,155",547
2737,104,"134,867,676,199,178,788,209,764,143,529","155,155,155,155,155,155,155,155,155,155",535
573,104,"134,867,676,199,3,178,529,463,209,831","155,155,155,155,155,155,155,155,155,155",547
1670,104,"134,209,637,738,79,234,360,652,500,461","155,155,155,155,155,155,155,155,155,155",644
5744,104,"134,867,788,547,676,637,360,337,79,372","155,155,155,155,155,155,155,155,155,155",586
1223,104,"134,209,676,360,337,79,372,234,738,45","155,155,155,155,155,155,155,155,155,155",400
376,104,"676,867,178,529,788,646,461,143,199,764","155,155,155,155,155,155,155,155,155,155",412
2837,104,"134,209,637,738,79,500,605,547,337,588","155,155,155,155,155,155,155,155,155,155",538
2931,104,"134,788,646,637,831,337,461,80,360,209","155,155,155,155,155,155,155,155,155,155",461
1374,104,"134,209,637,337,360,79,652,372,676,463","155,155,155,155,155,155,155,155,155,155",553
2938,104,"134,867,676,199,3,178,527,83,214,776","155,155,155,155,155,155,155,126,127,267",535
1563,104,"134,209,637,738,79,500,605,276,234,599","155,155,155,155,155,155,155,155,155,155",519
3981,104,"134,209,637,337,938,178,80,831,314,764","155,155,155,155,155,155,155,155,155,155",520
1993,104,"134,209,676,867,764,529,199,788,178,80","155,155,155,155,155,155,155,155,155,155",540
4228,104,"134,209,637,738,79,234,500,361,676,605","155,155,155,155,155,155,155,155,155,155",549
934,104,"134,209,637,738,337,360,234,736,372,461","155,155,155,155,155,155,155,155,155,155",577
449,104,"134,867,788,676,178,764,527,831,80,938","155,155,155,155,155,155,155,155,155,155",541
944,104,"134,209,637,738,79,500,605,276,234,599","155,155,155,155,155,155,155,155,155,155",447
3243,104,"134,867,788,547,736,637,337,79,360,738","155,155,155,155,155,155,155,155,155,155",553
889,104,"134,209,637,738,337,360,234,736,372,461","155,155,155,155,155,155,155,155,155,155",519
3540,104,"134,209,637,337,360,79,676,938,372,461","155,155,155,155,155,155,155,155,155,155",553
2861,104,"134,209,637,738,79,500,605,276,234,588","155,155,155,155,155,155,155,155,155,155",412
4748,104,"134,209,637,738,79,500,605,234,276,599","155,155,155,155,155,155,155,155,155,155",521
3532,104,"134,209,637,738,337,360,234,605,547,646","155,155,155,155,155,155,155,155,155,155",528
1764,104,"134,209,637,738,79,234,500,361,764,676","155,155,155,155,155,155,155,155,155,155",541
1614,104,"134,209,637,738,79,234,500,361,676,605","155,155,155,155,155,155,155,155,155,155",571
5452,104,"134,209,676,867,764,461,80,938,637,788","155,155,155,155,155,155,155,155,155,155",519
5139,104,"134,209,637,738,79,234,500,605,276,588","155,155,155,155,155,155,155,155,155,155",472
2840,104,"134,867,788,547,736,637,337,372,360,738","155,155,155,155,155,155,155,155,155,155",355
2905,104,"134,867,788,676,637,547,461,337,360,79","155,155,155,155,155,155,155,155,155,155",628
1538,104,"134,209,637,337,79,588,500,45,276,314","155,155,155,155,155,155,155,155,155,155",494
681,104,"134,209,637,738,337,360,463,372,676,461","155,155,155,155,155,155,155,155,155,155",514
2101,104,"134,209,637,337,938,178,867,463,461,831","155,155,155,155,155,155,155,155,155,155",574
5250,104,"134,867,676,199,3,80,278,831,111,527","155,155,155,155,155,155,155,155,155,155",338
2710,104,"134,867,788,676,178,209,764,547,199,3","155,155,155,155,155,155,155,155,155,155",520
3446,104,"134,867,788,547,676,637,360,337,79,372","155,155,155,155,155,155,155,155,155,155",519
1057,104,"134,209,676,867,764,461,80,938,529,178","155,155,155,155,155,155,155,155,155,155",543
671,104,"134,867,788,547,676,637,461,639,178,764","155,155,155,155,155,155,155,155,155,155",460
185,104,"134,867,676,199,3,568,352,552,946,278","155,155,155,155,155,169,170,63,174,155",720
622,104,"134,867,676,199,178,527,788,3,80,143","155,155,155,155,155,155,155,155,155,155",535
2367,104,"134,867,788,676,178,764,529,80,199,527","155,155,155,155,155,155,155,155,155,155",398
717,104,"134,209,637,738,605,234,599,623,769,183","155,155,155,155,155,155,155,155,155,155",461
5110,104,"134,209,676,867,764,529,938,372,637,337","155,155,155,155,155,155,155,155,155,155",349
2548,104,"134,209,637,337,676,79,463,461,372,646","155,155,155,155,155,155,155,155,155,155",228
5210,104,"134,209,637,738,337,360,234,605,547,361","155,155,155,155,155,155,155,155,155,155",523
2654,104,"134,867,788,547,676,637,461,209,337,527","155,155,155,155,155,155,155,155,155,155",541
5074,104,"134,209,637,738,79,234,500,652,361,605","155,155,155,155,155,155,155,155,155,155",553
4457,104,"134,867,788,676,637,360,209,547,461,372","155,155,155,155,155,155,155,155,155,155",690
1462,104,"134,209,637,738,337,360,234,605,547,646","155,155,155,155,155,155,155,155,155,155",554
1213,104,"134,209,637,738,79,500,605,276,234,45","155,155,155,155,155,155,155,155,155,155",644
1760,104,"134,867,788,676,178,209,764,547,199,736","155,155,155,155,155,155,155,155,155,155",600
1298,104,"134,209,637,337,360,461,372,547,788,867","155,155,155,155,155,155,155,155,155,155",430
2094,104,"676,867,178,199,529,788,683,143,36,776","155,155,155,155,155,155,127,155,44,267",537
3549,104,"134,209,637,337,938,178,867,463,788,461","155,155,155,155,155,155,155,155,155,155",633
5694,104,"134,867,676,199,3,552,80,831,178,36","155,155,155,155,155,63,155,155,155,44",606
112,104,"134,209,637,738,500,652,605,915,372,337","155,155,155,155,155,155,155,155,156,155,155",749
3791,104,"134,867,676,637,831,209,178,527,3,661","155,155,155,155,155,155,155,155,155,284",639
1269,104,"134,867,788,547,736,637,337,79,372,463","155,155,155,155,155,155,155,155,155,155",476
4216,104,"134,209,637,738,337,360,234,652,372,79","155,155,155,155,155,155,155,155,155,155",553
1837,104,"134,867,788,676,637,360,337,79,209,372","155,155,155,155,155,155,155,155,155,155",499
2380,104,"134,867,788,547,676,178,764,209,646,529","155,155,155,155,155,155,155,155,155,155",535
2786,104,"134,209,637,738,79,500,605,276,234,599","155,155,155,155,155,155,155,155,155,155",691
3513,104,"134,209,637,738,79,500,605,547,337,588","155,155,155,155,155,155,155,155,155,155",523
111,104,"134,209,637,738,79,234,360,337,500,547","155,155,155,155,155,155,155,155,155,155",598
4671,104,"134,209,637,738,79,500,605,588,234,45","155,155,155,155,155,155,155,155,155,155",553
1507,104,"134,209,637,738,79,234,360,337,463,461","155,155,155,155,155,155,155,155,155,155",634
3266,104,"134,867,788,676,178,209,764,199,529,143","155,155,155,155,155,155,155,155,155,155",579
3187,104,"134,209,637,738,79,234,360,337,500,547","155,155,155,155,155,155,155,155,155,155",374
5211,104,"134,209,637,738,79,234,500,361,764,80","155,155,155,155,155,155,155,155,155,155",541
2831,104,"134,209,637,337,938,178,867,676,831,3","155,155,155,155,155,155,155,155,155,155",513
2347,104,"134,867,788,676,178,209,764,199,529,143","155,155,155,155,155,155,155,155,155,155",555
5507,104,"134,209,637,738,79,500,605,547,676,314","155,155,155,155,155,155,155,155,155,155",519
5544,104,"134,209,637,738,915,463,337,461,360,831","155,155,155,155,155,156,155,155,155,155,155",720
2914,104,"134,867,676,199,3,80,278,831,111,527","155,155,155,155,155,155,155,155,155,155",559
5496,104,"134,867,676,199,178,788,529,3,831,80","155,155,155,155,155,155,155,155,155,155",530
1138,104,"134,209,637,738,79,234,500,361,676,605","155,155,155,155,155,155,155,155,155,155",535
4419,104,"134,209,637,738,79,234,360,337,500,547","155,155,155,155,155,155,155,155,155,155",627
3276,104,"134,867,788,547,676,637,360,372,337,209","155,155,155,155,155,155,155,155,155,155",569
1047,104,"134,209,637,738,500,652,605,915,676,234","155,155,155,155,155,155,155,155,156,155,155",782
2918,104,"134,209,637,738,79,500,605,547,337,588","155,155,155,155,155,155,155,155,155,155",634
1378,104,"134,867,788,676,637,547,461,337,831,209","155,155,155,155,155,155,155,155,155,155",588
1389,104,"134,867,676,199,178,788,529,3,209,637","155,155,155,155,155,155,155,155,155,155",618
4400,104,"134,209,637,738,79,234,500,361,764,676","155,155,155,155,155,155,155,155,155,155",654
565,104,"134,209,637,738,79,500,605,652,547,45","155,155,155,155,155,155,155,155,155,155",640
5627,104,"134,867,676,199,178,788,529,3,209,637","155,155,155,155,155,155,155,155,155,155",669
5456,104,"134,867,788,547,676,178,764,209,637,461","155,155,155,155,155,155,155,155,155,155",611
123,104,"134,867,788,547,736,676,178,209,764,143","155,155,155,155,155,155,155,155,155,155",466
3482,104,"134,867,676,637,831,178,788,199,646,764","155,155,155,155,155,155,155,155,155,155",547
6033,104,"134,867,676,199,178,527,552,831,80,337","155,155,155,155,155,155,63,155,155,155",661
5560,104,"134,867,676,637,831,209,178,527,552,834","155,155,155,155,155,155,155,155,63,36",616
4723,104,"134,209,676,867,178,788,143,938,646,637","155,155,155,155,155,155,155,155,155,155",498
1525,104,"134,867,676,199,3,178,529,463,80,831","155,155,155,155,155,155,155,155,155,155",600
3854,104,"134,867,788,547,676,178,764,199,143,736","155,155,155,155,155,155,155,155,155,155",544
184,104,"134,209,637,738,79,234,360,652,500,461","155,155,155,155,155,155,155,155,155,155",645
1025,104,"134,867,788,676,178,209,764,547,199,736","155,155,155,155,155,155,155,155,155,155",535
4422,104,"134,209,637,738,79,500,605,276,234,45","155,155,155,155,155,155,155,155,155,155",374
2100,104,"134,867,788,676,637,547,178,527,764,461","155,155,155,155,155,155,155,155,155,155",371
2034,104,"134,867,676,199,178,527,552,831,360,80","155,155,155,155,155,155,63,155,155,155",485
1554,104,"134,209,637,738,79,234,500,361,676,646","155,155,155,155,155,155,155,155,155,155",612
3938,104,"134,209,637,738,337,360,234,605,79,698","155,155,155,155,155,155,155,155,155,176",688
3315,104,"134,867,788,547,676,178,764,552,527,661","155,155,155,155,155,155,155,63,155,284",541
966,104,"134,867,788,676,637,547,461,337,831,209","155,155,155,155,155,155,155,155,155,155",510
4238,104,"134,867,788,676,178,209,764,547,199,3","155,155,155,155,155,155,155,155,155,155",521
3693,104,"134,209,637,738,337,463,461,529,372,360","155,155,155,155,155,155,155,155,155,155",463
1674,104,"134,867,788,676,178,209,637,337,360,938","155,155,155,155,155,155,155,155,155,155",640
4816,104,"134,209,637,738,500,605,276,234,599,337","155,155,155,155,155,155,155,155,155,155",550
4352,104,"134,867,676,199,178,788,529,209,764,143","155,155,155,155,155,155,155,155,155,155",535
2677,104,"134,209,676,867,178,199,568,83,527,80","155,155,155,155,155,155,169,126,155,155",796
3486,104,"134,209,637,738,500,605,276,234,599,588","155,155,155,155,155,155,155,155,155,155",702
796,104,"134,209,637,337,360,79,676,234,738,605","155,155,155,155,155,155,155,155,155,155",635
5561,104,"134,209,637,738,79,605,588,234,45,736","155,155,155,155,155,155,155,155,155,155",509
2917,104,"134,209,676,867,764,529,199,80,683,178","155,155,155,155,155,155,155,155,127,155",519
4277,104,"134,209,637,738,79,234,360,337,500,547","155,155,155,155,155,155,155,155,155,155",563
444,104,"134,209,637,738,79,500,605,547,676,314","155,155,155,155,155,155,155,155,155,155",526
2078,104,"134,209,637,738,79,234,500,361,676,605","155,155,155,155,155,155,155,155,155,155",516
2781,104,"134,209,637,738,79,500,605,588,234,45","155,155,155,155,155,155,155,155,155,155",555
1503,104,"134,209,637,738,79,500,605,588,276,234","155,155,155,155,155,155,155,155,155,155",553
2961,104,"134,867,788,547,736,637,337,372,360,738","155,155,155,155,155,155,155,155,155,155",678
2627,104,"134,209,637,337,360,79,676,234,738,698","155,155,155,155,155,155,155,155,155,176",689
4492,104,"134,867,788,676,178,209,637,337,360,463","155,155,155,155,155,155,155,155,155,155",531
4858,104,"134,209,637,738,337,463,461,529,372,676","155,155,155,155,155,155,155,155,155,155",594
1041,104,"134,209,637,738,79,500,605,276,234,599","155,155,155,155,155,155,155,155,155,155",669
987,104,"134,867,676,199,178,788,529,3,322,42","155,155,155,155,155,155,155,155,175,176",690
432,104,"134,209,637,738,79,234,360,372,337,463","155,155,155,155,155,155,155,155,155,155",507
970,104,"134,209,637,738,79,234,500,676,605,588","155,155,155,155,155,155,155,155,155,155",394
6147,104,"134,209,637,738,79,500,605,547,337,588","155,155,155,155,155,155,155,155,155,155",576
1709,104,"134,209,637,738,500,652,605,915,372,337","155,155,155,155,155,155,155,155,156,155,155",682
4088,104,"134,209,676,867,764,461,80,938,529,178","155,155,155,155,155,155,155,155,155,155",479
5126,104,"134,867,676,199,3,178,527,831,214,143","155,155,155,155,155,155,155,155,127,155",498
464,104,"134,209,676,867,178,199,938,831,527,360","155,155,155,155,155,155,155,155,155,155",608
4325,104,"134,867,788,676,178,209,637,831,3,529","155,155,155,155,155,155,155,155,155,155",571
2211,104,"134,867,788,547,676,637,360,337,372,915","155,155,155,155,155,155,155,155,155,155,156",717
2618,104,"134,209,637,738,337,360,234,736,372,461","155,155,155,155,155,155,155,155,155,155",586
4940,104,"134,209,637,738,337,360,234,736,372,461","155,155,155,155,155,155,155,155,155,155",601
1823,104,"134,209,637,738,79,500,605,276,234,599","155,155,155,155,155,155,155,155,155,155",612
2795,104,"134,209,637,738,79,234,500,361,676,605","155,155,155,155,155,155,155,155,155,155",510
2949,104,"134,209,637,738,337,360,234,605,547,646","155,155,155,155,155,155,155,155,155,155",600
4827,104,"134,209,637,738,79,500,605,276,234,45","155,155,155,155,155,155,155,155,155,155",412
1788,104,"61,377,915,208,471,702,899,583,812,648","168,155,155,156,169,176,176,169,3,181,181",187
3462,104,"134,867,788,547,676,637,360,337,79,372","155,155,155,155,155,155,155,155,155,155",539
2322,104,"134,209,637,337,938,178,867,676,461,788","155,155,155,155,155,155,155,155,155,155",693
248,104,"134,209,637,738,79,234,500,361,764,80","155,155,155,155,155,155,155,155,155,155",612
4017,104,"134,209,676,867,764,529,199,80,683,278","155,155,155,155,155,155,155,155,127,155",519
767,104,"134,209,637,738,79,500,605,547,676,314","155,155,155,155,155,155,155,155,155,155",582
4698,104,"134,209,637,738,79,234,500,652,361,764","155,155,155,155,155,155,155,155,155,155",553
35,104,"134,867,676,199,3,552,83,170,214,716","155,155,155,155,155,63,126,39,127,117",620
2148,104,"134,209,676,867,764,529,199,788,547,461","155,155,155,155,155,155,155,155,155,155",520
5579,104,"134,867,676,637,831,178,552,3,661,36","155,155,155,155,155,155,63,155,284,44",585
5580,104,"134,209,637,738,337,360,234,605,79,500","155,155,155,155,155,155,155,155,155,155",608
1109,104,"134,867,788,547,676,178,764,199,143,736","155,155,155,155,155,155,155,155,155,155",555
2923,104,"134,209,676,360,337,79,652,234,461,372","155,155,155,155,155,155,155,155,155,155",669
1172,104,"134,209,637,738,79,234,360,337,463,461","155,155,155,155,155,155,155,155,155,155",506
714,104,"134,867,788,547,676,178,764,199,3,143","155,155,155,155,155,155,155,155,155,155",380
5558,104,"134,867,676,199,3,552,80,661,278,527","155,155,155,155,155,63,155,284,155,155",561
3945,104,"134,867,788,676,178,209,637,831,3,529","155,155,155,155,155,155,155,155,155,155",582
730,104,"134,209,637,738,79,234,500,361,764,676","155,155,155,155,155,155,155,155,155,155",572
3475,104,"134,867,676,199,3,80,83,527,278,583","155,155,155,155,155,155,126,155,155,3",547
932,104,"676,360,461,831,738,79,547,915,764,80","155,155,155,155,155,155,155,155,156,155,155",568
2062,104,"134,867,676,637,831,178,788,199,80,278","155,155,155,155,155,155,155,155,155,155",380
3456,104,"134,209,637,738,79,500,605,234,276,588","155,155,155,155,155,155,155,155,155,155",545
1046,104,"134,867,788,547,736,637,337,79,45,605","155,155,155,155,155,155,155,155,155,155",401
2726,104,"134,209,637,738,79,500,605,234,45,276","155,155,155,155,155,155,155,155,155,155",546
3852,104,"134,209,637,337,360,461,372,547,788,867","155,155,155,155,155,155,155,155,155,155",531
5016,104,"676,867,788,461,178,529,646,764,143,736","155,155,155,155,155,155,155,155,155,155",264
3507,105,"134,209,676,867,764,461,337,234,372,637","155,155,155,155,155,155,155,155,155,155",531
5784,105,"134,867,676,199,178,788,529,3,831,80","155,155,155,155,155,155,155,155,155,155",490
5424,105,"134,209,637,337,360,79,676,938,372,463","155,155,155,155,155,155,155,155,155,155",535
5481,105,"134,209,637,337,360,79,652,372,676,463","155,155,155,155,155,155,155,155,155,155",553
4511,105,"134,867,788,676,637,547,178,461,209,337","155,155,155,155,155,155,155,155,155,155",612
5430,105,"134,209,637,738,79,234,500,361,764,676","155,155,155,155,155,155,155,155,155,155",546
2873,105,"134,209,637,738,79,500,605,234,45,276","155,155,155,155,155,155,155,155,155,155",477
1235,105,"134,209,676,360,337,79,372,234,588,738","155,155,155,155,155,155,155,155,155,155",494
4355,105,"134,209,637,738,79,500,605,234,276,588","155,155,155,155,155,155,155,155,155,155",586
3184,105,"134,209,637,738,79,234,500,361,764,676","155,155,155,155,155,155,155,155,155,155",535
2179,105,"134,209,637,738,79,234,360,372,337,463","155,155,155,155,155,155,155,155,155,155",352
3210,105,"134,209,637,738,79,500,605,276,234,599","155,155,155,155,155,155,155,155,155,155",544
4486,105,"134,867,676,637,209,337,360,79,738,463","155,155,155,155,155,155,155,155,155,155",519
633,105,"134,209,637,738,79,500,605,276,234,599","155,155,155,155,155,155,155,155,155,155",508
1430,105,"360,461,646,80,831,683,314,738,926,111","155,155,155,155,155,127,155,155,155,155",412
1133,105,"134,867,676,199,178,527,831,80,583,834","155,155,155,155,155,155,155,155,3,36",361
5148,105,"134,209,676,867,178,199,938,831,639,80","155,155,155,155,155,155,155,155,155,155",556
64,105,"134,867,788,547,676,637,461,209,764,360","155,155,155,155,155,155,155,155,155,155",494
5501,105,"134,209,637,738,79,234,500,361,764,676","155,155,155,155,155,155,155,155,155,155",463
1584,105,"134,867,676,199,3,80,83,214,264,335","155,155,155,155,155,155,126,127,220,195",413
3104,105,"134,209,676,867,764,461,337,234,738,605","155,155,155,155,155,155,155,155,155,155",363
729,105,"134,867,788,676,178,764,527,199,583,834","155,155,155,155,155,155,155,155,3,36",346
4554,105,"134,209,637,738,79,500,605,652,547,764","155,155,155,155,155,155,155,155,155,155",569
2626,105,"134,867,788,547,736,637,337,79,360,738","155,155,155,155,155,155,155,155,155,155",628
2261,105,"134,867,676,199,3,178,527,552,83,214","155,155,155,155,155,155,155,63,126,127",641
5528,105,"134,209,637,738,79,234,500,652,361,605","155,155,155,155,155,155,155,155,155,155",553
5711,105,"134,209,637,337,938,461,360,738,79,652","155,155,155,155,155,155,155,155,155,155",553
2466,105,"134,209,637,738,337,360,234,736,372,79","155,155,155,155,155,155,155,155,155,155",375
145,105,"134,209,637,738,337,360,234,605,547,646","155,155,155,155,155,155,155,155,155,155",500
5860,105,"134,867,788,676,178,764,527,831,80,143","155,155,155,155,155,155,155,155,155,155",354
5493,105,"134,867,788,547,736,676,637,360,79,234","155,155,155,155,155,155,155,155,155,155",544
3202,105,"134,867,676,637,831,178,552,278,527,42","155,155,155,155,155,155,63,155,155,176",669
541,105,"134,209,637,738,337,463,360,547,461,646","155,155,155,155,155,155,155,155,155,155",528
2883,105,"134,209,637,738,79,500,605,588,234,45","155,155,155,155,155,155,155,155,155,155",389
1595,105,"134,209,637,738,337,463,461,178,529,938","155,155,155,155,155,155,155,155,155,155",500
4837,105,"134,209,637,738,337,463,461,178,529,867","155,155,155,155,155,155,155,155,155,155",464
5610,105,"134,867,676,199,3,552,36,330,214,776","155,155,155,155,155,63,44,300,127,267",653
66,105,"134,867,676,199,178,788,529,209,637,938","155,155,155,155,155,155,155,155,155,155",653
5436,105,"134,209,676,867,178,788,143,199,938,764","155,155,155,155,155,155,155,155,155,155",547
2737,105,"134,867,676,199,178,788,209,764,143,529","155,155,155,155,155,155,155,155,155,155",535
573,105,"134,867,676,199,3,178,529,463,209,831","155,155,155,155,155,155,155,155,155,155",547
1670,105,"134,209,637,738,79,234,360,652,500,461","155,155,155,155,155,155,155,155,155,155",644
5744,105,"134,867,788,547,676,637,360,337,79,372","155,155,155,155,155,155,155,155,155,155",586
1223,105,"134,209,676,360,337,79,372,234,738,45","155,155,155,155,155,155,155,155,155,155",400
376,105,"676,867,178,529,788,646,461,143,199,764","155,155,155,155,155,155,155,155,155,155",412
2837,105,"134,209,637,738,79,500,605,547,337,588","155,155,155,155,155,155,155,155,155,155",538
2931,105,"134,788,646,637,831,337,461,80,360,209","155,155,155,155,155,155,155,155,155,155",461
1374,105,"134,209,637,337,360,79,652,372,676,463","155,155,155,155,155,155,155,155,155,155",553
2938,105,"134,867,676,199,3,178,527,83,214,776","155,155,155,155,155,155,155,126,127,267",535
1563,105,"134,209,637,738,79,500,605,276,234,599","155,155,155,155,155,155,155,155,155,155",519
3981,105,"134,209,637,337,938,178,80,831,314,764","155,155,155,155,155,155,155,155,155,155",520
1993,105,"134,209,676,867,764,529,199,788,178,80","155,155,155,155,155,155,155,155,155,155",540
4228,105,"134,209,637,738,79,234,500,361,676,605","155,155,155,155,155,155,155,155,155,155",549
934,105,"134,209,637,738,337,360,234,736,372,461","155,155,155,155,155,155,155,155,155,155",577
449,105,"134,867,788,676,178,764,527,831,80,938","155,155,155,155,155,155,155,155,155,155",541
944,105,"134,209,637,738,79,500,605,276,234,599","155,155,155,155,155,155,155,155,155,155",447
3243,105,"134,867,788,547,736,637,337,79,360,738","155,155,155,155,155,155,155,155,155,155",553
889,105,"134,209,637,738,337,360,234,736,372,461","155,155,155,155,155,155,155,155,155,155",519
3540,105,"134,209,637,337,360,79,676,938,372,461","155,155,155,155,155,155,155,155,155,155",553
2861,105,"134,209,637,738,79,500,605,276,234,588","155,155,155,155,155,155,155,155,155,155",412
4748,105,"134,209,637,738,79,500,605,234,276,599","155,155,155,155,155,155,155,155,155,155",521
3532,105,"134,209,637,738,337,360,234,605,547,646","155,155,155,155,155,155,155,155,155,155",528
1764,105,"134,209,637,738,79,234,500,361,764,676","155,155,155,155,155,155,155,155,155,155",541
1614,105,"134,209,637,738,79,234,500,361,676,605","155,155,155,155,155,155,155,155,155,155",571
5452,105,"134,209,676,867,764,461,80,938,637,788","155,155,155,155,155,155,155,155,155,155",519
5139,105,"134,209,637,738,79,234,500,605,276,588","155,155,155,155,155,155,155,155,155,155",472
2840,105,"134,867,788,547,736,637,337,372,360,738","155,155,155,155,155,155,155,155,155,155",355
2905,105,"134,867,788,676,637,547,461,337,360,79","155,155,155,155,155,155,155,155,155,155",628
1538,105,"134,209,637,337,79,588,500,45,276,314","155,155,155,155,155,155,155,155,155,155",494
681,105,"134,209,637,738,337,360,463,372,676,461","155,155,155,155,155,155,155,155,155,155",514
2101,105,"134,209,637,337,938,178,867,463,461,831","155,155,155,155,155,155,155,155,155,155",574
5250,105,"134,867,676,199,3,80,278,831,111,527","155,155,155,155,155,155,155,155,155,155",338
2710,105,"134,867,788,676,178,209,764,547,199,3","155,155,155,155,155,155,155,155,155,155",520
3446,105,"134,867,788,547,676,637,360,337,79,372","155,155,155,155,155,155,155,155,155,155",519
1057,105,"134,209,676,867,764,461,80,938,529,178","155,155,155,155,155,155,155,155,155,155",543
671,105,"134,867,788,547,676,637,461,639,178,764","155,155,155,155,155,155,155,155,155,155",460
185,105,"134,867,676,199,3,568,352,552,946,278","155,155,155,155,155,169,170,63,174,155",720
622,105,"134,867,676,199,178,527,788,3,80,143","155,155,155,155,155,155,155,155,155,155",535
2367,105,"134,867,788,676,178,764,529,80,199,527","155,155,155,155,155,155,155,155,155,155",398
717,105,"134,209,637,738,605,234,599,623,769,183","155,155,155,155,155,155,155,155,155,155",461
5110,105,"134,209,676,867,764,529,938,372,637,337","155,155,155,155,155,155,155,155,155,155",349
2548,105,"134,209,637,337,676,79,463,461,372,646","155,155,155,155,155,155,155,155,155,155",228
5210,105,"134,209,637,738,337,360,234,605,547,361","155,155,155,155,155,155,155,155,155,155",523
2654,105,"134,867,788,547,676,637,461,209,337,527","155,155,155,155,155,155,155,155,155,155",541
5074,105,"134,209,637,738,79,234,500,652,361,605","155,155,155,155,155,155,155,155,155,155",553
4457,105,"134,867,788,676,637,360,209,547,461,372","155,155,155,155,155,155,155,155,155,155",690
1462,105,"134,209,637,738,337,360,234,605,547,646","155,155,155,155,155,155,155,155,155,155",554
1213,105,"134,209,637,738,79,500,605,276,234,45","155,155,155,155,155,155,155,155,155,155",644
1760,105,"134,867,788,676,178,209,764,547,199,736","155,155,155,155,155,155,155,155,155,155",600
1298,105,"134,209,637,337,360,461,372,547,788,867","155,155,155,155,155,155,155,155,155,155",430
2094,105,"676,867,178,199,529,788,683,143,36,776","155,155,155,155,155,155,127,155,44,267",537
3549,105,"134,209,637,337,938,178,867,463,788,461","155,155,155,155,155,155,155,155,155,155",633
5694,105,"134,867,676,199,3,552,80,831,178,36","155,155,155,155,155,63,155,155,155,44",606
112,105,"134,209,637,738,500,652,605,915,372,337","155,155,155,155,155,155,155,155,156,155,155",749
3791,105,"134,867,676,637,831,209,178,527,3,661","155,155,155,155,155,155,155,155,155,284",639
1269,105,"134,867,788,547,736,637,337,79,372,463","155,155,155,155,155,155,155,155,155,155",476
4216,105,"134,209,637,738,337,360,234,652,372,79","155,155,155,155,155,155,155,155,155,155",553
1837,105,"134,867,788,676,637,360,337,79,209,372","155,155,155,155,155,155,155,155,155,155",499
2380,105,"134,867,788,547,676,178,764,209,646,529","155,155,155,155,155,155,155,155,155,155",535
2786,105,"134,209,637,738,79,500,605,276,234,599","155,155,155,155,155,155,155,155,155,155",691
3513,105,"134,209,637,738,79,500,605,547,337,588","155,155,155,155,155,155,155,155,155,155",523
111,105,"134,209,637,738,79,234,360,337,500,547","155,155,155,155,155,155,155,155,155,155",598
4671,105,"134,209,637,738,79,500,605,588,234,45","155,155,155,155,155,155,155,155,155,155",553
1507,105,"134,209,637,738,79,234,360,337,463,461","155,155,155,155,155,155,155,155,155,155",634
3266,105,"134,867,788,676,178,209,764,199,529,143","155,155,155,155,155,155,155,155,155,155",579
3187,105,"134,209,637,738,79,234,360,337,500,547","155,155,155,155,155,155,155,155,155,155",374
5211,105,"134,209,637,738,79,234,500,361,764,80","155,155,155,155,155,155,155,155,155,155",541
2831,105,"134,209,637,337,938,178,867,676,831,3","155,155,155,155,155,155,155,155,155,155",513
2347,105,"134,867,788,676,178,209,764,199,529,143","155,155,155,155,155,155,155,155,155,155",555
5507,105,"134,209,637,738,79,500,605,547,676,314","155,155,155,155,155,155,155,155,155,155",519
5544,105,"134,209,637,738,915,463,337,461,360,831","155,155,155,155,155,156,155,155,155,155,155",720
2914,105,"134,867,676,199,3,80,278,831,111,527","155,155,155,155,155,155,155,155,155,155",559
5496,105,"134,867,676,199,178,788,529,3,831,80","155,155,155,155,155,155,155,155,155,155",530
1138,105,"134,209,637,738,79,234,500,361,676,605","155,155,155,155,155,155,155,155,155,155",535
4419,105,"134,209,637,738,79,234,360,337,500,547","155,155,155,155,155,155,155,155,155,155",627
3276,105,"134,867,788,547,676,637,360,372,337,209","155,155,155,155,155,155,155,155,155,155",569
1047,105,"134,209,637,738,500,652,605,915,676,234","155,155,155,155,155,155,155,155,156,155,155",782
2918,105,"134,209,637,738,79,500,605,547,337,588","155,155,155,155,155,155,155,155,155,155",634
1378,105,"134,867,788,676,637,547,461,337,831,209","155,155,155,155,155,155,155,155,155,155",588
1389,105,"134,867,676,199,178,788,529,3,209,637","155,155,155,155,155,155,155,155,155,155",618
4400,105,"134,209,637,738,79,234,500,361,764,676","155,155,155,155,155,155,155,155,155,155",654
565,105,"134,209,637,738,79,500,605,652,547,45","155,155,155,155,155,155,155,155,155,155",640
5627,105,"134,867,676,199,178,788,529,3,209,637","155,155,155,155,155,155,155,155,155,155",669
5456,105,"134,867,788,547,676,178,764,209,637,461","155,155,155,155,155,155,155,155,155,155",611
123,105,"134,867,788,547,736,676,178,209,764,143","155,155,155,155,155,155,155,155,155,155",466
3482,105,"134,867,676,637,831,178,788,199,646,764","155,155,155,155,155,155,155,155,155,155",547
6033,105,"134,867,676,199,178,527,552,831,80,337","155,155,155,155,155,155,63,155,155,155",661
5560,105,"134,867,676,637,831,209,178,527,552,834","155,155,155,155,155,155,155,155,63,36",616
4723,105,"134,209,676,867,178,788,143,938,646,637","155,155,155,155,155,155,155,155,155,155",498
1525,105,"134,867,676,199,3,178,529,463,80,831","155,155,155,155,155,155,155,155,155,155",600
3854,105,"134,867,788,547,676,178,764,199,143,736","155,155,155,155,155,155,155,155,155,155",544
184,105,"134,209,637,738,79,234,360,652,500,461","155,155,155,155,155,155,155,155,155,155",645
1025,105,"134,867,788,676,178,209,764,547,199,736","155,155,155,155,155,155,155,155,155,155",535
4422,105,"134,209,637,738,79,500,605,276,234,45","155,155,155,155,155,155,155,155,155,155",374
2100,105,"134,867,788,676,637,547,178,527,764,461","155,155,155,155,155,155,155,155,155,155",371
2034,105,"134,867,676,199,178,527,552,831,360,80","155,155,155,155,155,155,63,155,155,155",485
1554,105,"134,209,637,738,79,234,500,361,676,646","155,155,155,155,155,155,155,155,155,155",612
3938,105,"134,209,637,738,337,360,234,605,79,698","155,155,155,155,155,155,155,155,155,176",688
3315,105,"134,867,788,547,676,178,764,552,527,661","155,155,155,155,155,155,155,63,155,284",541
966,105,"134,867,788,676,637,547,461,337,831,209","155,155,155,155,155,155,155,155,155,155",510
4238,105,"134,867,788,676,178,209,764,547,199,3","155,155,155,155,155,155,155,155,155,155",521
3693,105,"134,209,637,738,337,463,461,529,372,360","155,155,155,155,155,155,155,155,155,155",463
1674,105,"134,867,788,676,178,209,637,337,360,938","155,155,155,155,155,155,155,155,155,155",640
4816,105,"134,209,637,738,500,605,276,234,599,337","155,155,155,155,155,155,155,155,155,155",550
4352,105,"134,867,676,199,178,788,529,209,764,143","155,155,155,155,155,155,155,155,155,155",535
2677,105,"134,209,676,867,178,199,568,83,527,80","155,155,155,155,155,155,169,126,155,155",796
3486,105,"134,209,637,738,500,605,276,234,599,588","155,155,155,155,155,155,155,155,155,155",702
796,105,"134,209,637,337,360,79,676,234,738,605","155,155,155,155,155,155,155,155,155,155",635
5561,105,"134,209,637,738,79,605,588,234,45,736","155,155,155,155,155,155,155,155,155,155",509
2917,105,"134,209,676,867,764,529,199,80,683,178","155,155,155,155,155,155,155,155,127,155",519
4277,105,"134,209,637,738,79,234,360,337,500,547","155,155,155,155,155,155,155,155,155,155",563
444,105,"134,209,637,738,79,500,605,547,676,314","155,155,155,155,155,155,155,155,155,155",526
2078,105,"134,209,637,738,79,234,500,361,676,605","155,155,155,155,155,155,155,155,155,155",516
2781,105,"134,209,637,738,79,500,605,588,234,45","155,155,155,155,155,155,155,155,155,155",555
1503,105,"134,209,637,738,79,500,605,588,276,234","155,155,155,155,155,155,155,155,155,155",553
2961,105,"134,867,788,547,736,637,337,372,360,738","155,155,155,155,155,155,155,155,155,155",678
2627,105,"134,209,637,337,360,79,676,234,738,698","155,155,155,155,155,155,155,155,155,176",689
4492,105,"134,867,788,676,178,209,637,337,360,463","155,155,155,155,155,155,155,155,155,155",531
4858,105,"134,209,637,738,337,463,461,529,372,676","155,155,155,155,155,155,155,155,155,155",594
1041,105,"134,209,637,738,79,500,605,276,234,599","155,155,155,155,155,155,155,155,155,155",669
987,105,"134,867,676,199,178,788,529,3,322,42","155,155,155,155,155,155,155,155,175,176",690
432,105,"134,209,637,738,79,234,360,372,337,463","155,155,155,155,155,155,155,155,155,155",507
970,105,"134,209,637,738,79,234,500,676,605,588","155,155,155,155,155,155,155,155,155,155",394
6147,105,"134,209,637,738,79,500,605,547,337,588","155,155,155,155,155,155,155,155,155,155",576
1709,105,"134,209,637,738,500,652,605,915,372,337","155,155,155,155,155,155,155,155,156,155,155",682
4088,105,"134,209,676,867,764,461,80,938,529,178","155,155,155,155,155,155,155,155,155,155",479
5126,105,"134,867,676,199,3,178,527,831,214,143","155,155,155,155,155,155,155,155,127,155",498
464,105,"134,209,676,867,178,199,938,831,527,360","155,155,155,155,155,155,155,155,155,155",608
4325,105,"134,867,788,676,178,209,637,831,3,529","155,155,155,155,155,155,155,155,155,155",571
2211,105,"134,867,788,547,676,637,360,337,372,915","155,155,155,155,155,155,155,155,155,155,156",717
2618,105,"134,209,637,738,337,360,234,736,372,461","155,155,155,155,155,155,155,155,155,155",586
4940,105,"134,209,637,738,337,360,234,736,372,461","155,155,155,155,155,155,155,155,155,155",601
1823,105,"134,209,637,738,79,500,605,276,234,599","155,155,155,155,155,155,155,155,155,155",612
2795,105,"134,209,637,738,79,234,500,361,676,605","155,155,155,155,155,155,155,155,155,155",510
2949,105,"134,209,637,738,337,360,234,605,547,646","155,155,155,155,155,155,155,155,155,155",600
4827,105,"134,209,637,738,79,500,605,276,234,45","155,155,155,155,155,155,155,155,155,155",412
1788,105,"61,377,915,208,471,702,899,583,812,648","168,155,155,156,169,176,176,169,3,181,181",187
3462,105,"134,867,788,547,676,637,360,337,79,372","155,155,155,155,155,155,155,155,155,155",539
2322,105,"134,209,637,337,938,178,867,676,461,788","155,155,155,155,155,155,155,155,155,155",693
248,105,"134,209,637,738,79,234,500,361,764,80","155,155,155,155,155,155,155,155,155,155",612
4017,105,"134,209,676,867,764,529,199,80,683,278","155,155,155,155,155,155,155,155,127,155",519
767,105,"134,209,637,738,79,500,605,547,676,314","155,155,155,155,155,155,155,155,155,155",582
4698,105,"134,209,637,738,79,234,500,652,361,764","155,155,155,155,155,155,155,155,155,155",553
35,105,"134,867,676,199,3,552,83,170,214,716","155,155,155,155,155,63,126,39,127,117",620
2148,105,"134,209,676,867,764,529,199,788,547,461","155,155,155,155,155,155,155,155,155,155",520
5579,105,"134,867,676,637,831,178,552,3,661,36","155,155,155,155,155,155,63,155,284,44",585
5580,105,"134,209,637,738,337,360,234,605,79,500","155,155,155,155,155,155,155,155,155,155",608
1109,105,"134,867,788,547,676,178,764,199,143,736","155,155,155,155,155,155,155,155,155,155",555
2923,105,"134,209,676,360,337,79,652,234,461,372","155,155,155,155,155,155,155,155,155,155",669
1172,105,"134,209,637,738,79,234,360,337,463,461","155,155,155,155,155,155,155,155,155,155",506
714,105,"134,867,788,547,676,178,764,199,3,143","155,155,155,155,155,155,155,155,155,155",380
5558,105,"134,867,676,199,3,552,80,661,278,527","155,155,155,155,155,63,155,284,155,155",561
3945,105,"134,867,788,676,178,209,637,831,3,529","155,155,155,155,155,155,155,155,155,155",582
730,105,"134,209,637,738,79,234,500,361,764,676","155,155,155,155,155,155,155,155,155,155",572
3475,105,"134,867,676,199,3,80,83,527,278,583","155,155,155,155,155,155,126,155,155,3",547
932,105,"676,360,461,831,738,79,547,915,764,80","155,155,155,155,155,155,155,155,156,155,155",568
2062,105,"134,867,676,637,831,178,788,199,80,278","155,155,155,155,155,155,155,155,155,155",380
3456,105,"134,209,637,738,79,500,605,234,276,588","155,155,155,155,155,155,155,155,155,155",545
1046,105,"134,867,788,547,736,637,337,79,45,605","155,155,155,155,155,155,155,155,155,155",401
2726,105,"134,209,637,738,79,500,605,234,45,276","155,155,155,155,155,155,155,155,155,155",546
3852,105,"134,209,637,337,360,461,372,547,788,867","155,155,155,155,155,155,155,155,155,155",531
5016,105,"676,867,788,461,178,529,646,764,143,736","155,155,155,155,155,155,155,155,155,155",264
3507,106,"134,209,676,867,764,461,337,234,372,637","155,155,155,155,155,155,155,155,155,155",531
5784,106,"134,867,676,199,178,788,529,3,831,80","155,155,155,155,155,155,155,155,155,155",490
5424,106,"134,209,637,337,360,79,676,938,372,463","155,155,155,155,155,155,155,155,155,155",535
5481,106,"134,209,637,337,360,79,652,372,676,463","155,155,155,155,155,155,155,155,155,155",553
4511,106,"134,867,788,676,637,547,178,461,209,337","155,155,155,155,155,155,155,155,155,155",612
5430,106,"134,209,637,738,79,234,500,361,764,676","155,155,155,155,155,155,155,155,155,155",546
2873,106,"134,209,637,738,79,500,605,234,45,276","155,155,155,155,155,155,155,155,155,155",477
1235,106,"134,209,676,360,337,79,372,234,588,738","155,155,155,155,155,155,155,155,155,155",494
4355,106,"134,209,637,738,79,500,605,234,276,588","155,155,155,155,155,155,155,155,155,155",586
3184,106,"134,209,637,738,79,234,500,361,764,676","155,155,155,155,155,155,155,155,155,155",535
2179,106,"134,209,637,738,79,234,360,372,337,463","155,155,155,155,155,155,155,155,155,155",352
3210,106,"134,209,637,738,79,500,605,276,234,599","155,155,155,155,155,155,155,155,155,155",544
4486,106,"134,867,676,637,209,337,360,79,738,463","155,155,155,155,155,155,155,155,155,155",519
633,106,"134,209,637,738,79,500,605,276,234,599","155,155,155,155,155,155,155,155,155,155",508
1430,106,"360,461,646,80,831,683,314,738,926,111","155,155,155,155,155,127,155,155,155,155",412
1133,106,"134,867,676,199,178,527,831,80,583,834","155,155,155,155,155,155,155,155,3,36",361
5148,106,"134,209,676,867,178,199,938,831,639,80","155,155,155,155,155,155,155,155,155,155",556
64,106,"134,867,788,547,676,637,461,209,764,360","155,155,155,155,155,155,155,155,155,155",494
5501,106,"134,209,637,738,79,234,500,361,764,676","155,155,155,155,155,155,155,155,155,155",463
1584,106,"134,867,676,199,3,80,83,214,264,335","155,155,155,155,155,155,126,127,220,195",413
3104,106,"134,209,676,867,764,461,337,234,738,605","155,155,155,155,155,155,155,155,155,155",363
729,106,"134,867,788,676,178,764,527,199,583,834","155,155,155,155,155,155,155,155,3,36",346
4554,106,"134,209,637,738,79,500,605,652,547,764","155,155,155,155,155,155,155,155,155,155",569
2626,106,"134,867,788,547,736,637,337,79,360,738","155,155,155,155,155,155,155,155,155,155",628
2261,106,"134,867,676,199,3,178,527,552,83,214","155,155,155,155,155,155,155,63,126,127",641
5528,106,"134,209,637,738,79,234,500,652,361,605","155,155,155,155,155,155,155,155,155,155",553
5711,106,"134,209,637,337,938,461,360,738,79,652","155,155,155,155,155,155,155,155,155,155",553
2466,106,"134,209,637,738,337,360,234,736,372,79","155,155,155,155,155,155,155,155,155,155",375
145,106,"134,209,637,738,337,360,234,605,547,646","155,155,155,155,155,155,155,155,155,155",500
5860,106,"134,867,788,676,178,764,527,831,80,143","155,155,155,155,155,155,155,155,155,155",354
5493,106,"134,867,788,547,736,676,637,360,79,234","155,155,155,155,155,155,155,155,155,155",544
3202,106,"134,867,676,637,831,178,552,278,527,42","155,155,155,155,155,155,63,155,155,176",669
541,106,"134,209,637,738,337,463,360,547,461,646","155,155,155,155,155,155,155,155,155,155",528
2883,106,"134,209,637,738,79,500,605,588,234,45","155,155,155,155,155,155,155,155,155,155",389
1595,106,"134,209,637,738,337,463,461,178,529,938","155,155,155,155,155,155,155,155,155,155",500
4837,106,"134,209,637,738,337,463,461,178,529,867","155,155,155,155,155,155,155,155,155,155",464
5610,106,"134,867,676,199,3,552,36,330,214,776","155,155,155,155,155,63,44,300,127,267",653
66,106,"134,867,676,199,178,788,529,209,637,938","155,155,155,155,155,155,155,155,155,155",653
5436,106,"134,209,676,867,178,788,143,199,938,764","155,155,155,155,155,155,155,155,155,155",547
2737,106,"134,867,676,199,178,788,209,764,143,529","155,155,155,155,155,155,155,155,155,155",535
573,106,"134,867,676,199,3,178,529,463,209,831","155,155,155,155,155,155,155,155,155,155",547
1670,106,"134,209,637,738,79,234,360,652,500,461","155,155,155,155,155,155,155,155,155,155",644
5744,106,"134,867,788,547,676,637,360,337,79,372","155,155,155,155,155,155,155,155,155,155",586
1223,106,"134,209,676,360,337,79,372,234,738,45","155,155,155,155,155,155,155,155,155,155",400
376,106,"676,867,178,529,788,646,461,143,199,764","155,155,155,155,155,155,155,155,155,155",412
2837,106,"134,209,637,738,79,500,605,547,337,588","155,155,155,155,155,155,155,155,155,155",538
2931,106,"134,788,646,637,831,337,461,80,360,209","155,155,155,155,155,155,155,155,155,155",461
1374,106,"134,209,637,337,360,79,652,372,676,463","155,155,155,155,155,155,155,155,155,155",553
2938,106,"134,867,676,199,3,178,527,83,214,776","155,155,155,155,155,155,155,126,127,267",535
1563,106,"134,209,637,738,79,500,605,276,234,599","155,155,155,155,155,155,155,155,155,155",519
3981,106,"134,209,637,337,938,178,80,831,314,764","155,155,155,155,155,155,155,155,155,155",520
1993,106,"134,209,676,867,764,529,199,788,178,80","155,155,155,155,155,155,155,155,155,155",540
4228,106,"134,209,637,738,79,234,500,361,676,605","155,155,155,155,155,155,155,155,155,155",549
934,106,"134,209,637,738,337,360,234,736,372,461","155,155,155,155,155,155,155,155,155,155",577
449,106,"134,867,788,676,178,764,527,831,80,938","155,155,155,155,155,155,155,155,155,155",541
944,106,"134,209,637,738,79,500,605,276,234,599","155,155,155,155,155,155,155,155,155,155",447
3243,106,"134,867,788,547,736,637,337,79,360,738","155,155,155,155,155,155,155,155,155,155",553
889,106,"134,209,637,738,337,360,234,736,372,461","155,155,155,155,155,155,155,155,155,155",519
3540,106,"134,209,637,337,360,79,676,938,372,461","155,155,155,155,155,155,155,155,155,155",553
2861,106,"134,209,637,738,79,500,605,276,234,588","155,155,155,155,155,155,155,155,155,155",412
4748,106,"134,209,637,738,79,500,605,234,276,599","155,155,155,155,155,155,155,155,155,155",521
3532,106,"134,209,637,738,337,360,234,605,547,646","155,155,155,155,155,155,155,155,155,155",528
1764,106,"134,209,637,738,79,234,500,361,764,676","155,155,155,155,155,155,155,155,155,155",541
1614,106,"134,209,637,738,79,234,500,361,676,605","155,155,155,155,155,155,155,155,155,155",571
5452,106,"134,209,676,867,764,461,80,938,637,788","155,155,155,155,155,155,155,155,155,155",519
5139,106,"134,209,637,738,79,234,500,605,276,588","155,155,155,155,155,155,155,155,155,155",472
2840,106,"134,867,788,547,736,637,337,372,360,738","155,155,155,155,155,155,155,155,155,155",355
2905,106,"134,867,788,676,637,547,461,337,360,79","155,155,155,155,155,155,155,155,155,155",628
1538,106,"134,209,637,337,79,588,500,45,276,314","155,155,155,155,155,155,155,155,155,155",494
681,106,"134,209,637,738,337,360,463,372,676,461","155,155,155,155,155,155,155,155,155,155",514
2101,106,"134,209,637,337,938,178,867,463,461,831","155,155,155,155,155,155,155,155,155,155",574
5250,106,"134,867,676,199,3,80,278,831,111,527","155,155,155,155,155,155,155,155,155,155",338
2710,106,"134,867,788,676,178,209,764,547,199,3","155,155,155,155,155,155,155,155,155,155",520
3446,106,"134,867,788,547,676,637,360,337,79,372","155,155,155,155,155,155,155,155,155,155",519
1057,106,"134,209,676,867,764,461,80,938,529,178","155,155,155,155,155,155,155,155,155,155",543
671,106,"134,867,788,547,676,637,461,639,178,764","155,155,155,155,155,155,155,155,155,155",460
185,106,"134,867,676,199,3,568,352,552,946,278","155,155,155,155,155,169,170,63,174,155",720
622,106,"134,867,676,199,178,527,788,3,80,143","155,155,155,155,155,155,155,155,155,155",535
2367,106,"134,867,788,676,178,764,529,80,199,527","155,155,155,155,155,155,155,155,155,155",398
717,106,"134,209,637,738,605,234,599,623,769,183","155,155,155,155,155,155,155,155,155,155",461
5110,106,"134,209,676,867,764,529,938,372,637,337","155,155,155,155,155,155,155,155,155,155",349
2548,106,"134,209,637,337,676,79,463,461,372,646","155,155,155,155,155,155,155,155,155,155",228
5210,106,"134,209,637,738,337,360,234,605,547,361","155,155,155,155,155,155,155,155,155,155",523
2654,106,"134,867,788,547,676,637,461,209,337,527","155,155,155,155,155,155,155,155,155,155",541
5074,106,"134,209,637,738,79,234,500,652,361,605","155,155,155,155,155,155,155,155,155,155",553
4457,106,"134,867,788,676,637,360,209,547,461,372","155,155,155,155,155,155,155,155,155,155",690
1462,106,"134,209,637,738,337,360,234,605,547,646","155,155,155,155,155,155,155,155,155,155",554
1213,106,"134,209,637,738,79,500,605,276,234,45","155,155,155,155,155,155,155,155,155,155",644
1760,106,"134,867,788,676,178,209,764,547,199,736","155,155,155,155,155,155,155,155,155,155",600
1298,106,"134,209,637,337,360,461,372,547,788,867","155,155,155,155,155,155,155,155,155,155",430
2094,106,"676,867,178,199,529,788,683,143,36,776","155,155,155,155,155,155,127,155,44,267",537
3549,106,"134,209,637,337,938,178,867,463,788,461","155,155,155,155,155,155,155,155,155,155",633
5694,106,"134,867,676,199,3,552,80,831,178,36","155,155,155,155,155,63,155,155,155,44",606
112,106,"134,209,637,738,500,652,605,915,372,337","155,155,155,155,155,155,155,155,156,155,155",749
3791,106,"134,867,676,637,831,209,178,527,3,661","155,155,155,155,155,155,155,155,155,284",639
1269,106,"134,867,788,547,736,637,337,79,372,463","155,155,155,155,155,155,155,155,155,155",476
4216,106,"134,209,637,738,337,360,234,652,372,79","155,155,155,155,155,155,155,155,155,155",553
1837,106,"134,867,788,676,637,360,337,79,209,372","155,155,155,155,155,155,155,155,155,155",499
2380,106,"134,867,788,547,676,178,764,209,646,529","155,155,155,155,155,155,155,155,155,155",535
2786,106,"134,209,637,738,79,500,605,276,234,599","155,155,155,155,155,155,155,155,155,155",691
3513,106,"134,209,637,738,79,500,605,547,337,588","155,155,155,155,155,155,155,155,155,155",523
111,106,"134,209,637,738,79,234,360,337,500,547","155,155,155,155,155,155,155,155,155,155",598
4671,106,"134,209,637,738,79,500,605,588,234,45","155,155,155,155,155,155,155,155,155,155",553
1507,106,"134,209,637,738,79,234,360,337,463,461","155,155,155,155,155,155,155,155,155,155",634
3266,106,"134,867,788,676,178,209,764,199,529,143","155,155,155,155,155,155,155,155,155,155",579
3187,106,"134,209,637,738,79,234,360,337,500,547","155,155,155,155,155,155,155,155,155,155",374
5211,106,"134,209,637,738,79,234,500,361,764,80","155,155,155,155,155,155,155,155,155,155",541
2831,106,"134,209,637,337,938,178,867,676,831,3","155,155,155,155,155,155,155,155,155,155",513
2347,106,"134,867,788,676,178,209,764,199,529,143","155,155,155,155,155,155,155,155,155,155",555
5507,106,"134,209,637,738,79,500,605,547,676,314","155,155,155,155,155,155,155,155,155,155",519
5544,106,"134,209,637,738,915,463,337,461,360,831","155,155,155,155,155,156,155,155,155,155,155",720
2914,106,"134,867,676,199,3,80,278,831,111,527","155,155,155,155,155,155,155,155,155,155",559
5496,106,"134,867,676,199,178,788,529,3,831,80","155,155,155,155,155,155,155,155,155,155",530
1138,106,"134,209,637,738,79,234,500,361,676,605","155,155,155,155,155,155,155,155,155,155",535
4419,106,"134,209,637,738,79,234,360,337,500,547","155,155,155,155,155,155,155,155,155,155",627
3276,106,"134,867,788,547,676,637,360,372,337,209","155,155,155,155,155,155,155,155,155,155",569
1047,106,"134,209,637,738,500,652,605,915,676,234","155,155,155,155,155,155,155,155,156,155,155",782
2918,106,"134,209,637,738,79,500,605,547,337,588","155,155,155,155,155,155,155,155,155,155",634
1378,106,"134,867,788,676,637,547,461,337,831,209","155,155,155,155,155,155,155,155,155,155",588
1389,106,"134,867,676,199,178,788,529,3,209,637","155,155,155,155,155,155,155,155,155,155",618
4400,106,"134,209,637,738,79,234,500,361,764,676","155,155,155,155,155,155,155,155,155,155",654
565,106,"134,209,637,738,79,500,605,652,547,45","155,155,155,155,155,155,155,155,155,155",640
5627,106,"134,867,676,199,178,788,529,3,209,637","155,155,155,155,155,155,155,155,155,155",669
5456,106,"134,867,788,547,676,178,764,209,637,461","155,155,155,155,155,155,155,155,155,155",611
123,106,"134,867,788,547,736,676,178,209,764,143","155,155,155,155,155,155,155,155,155,155",466
3482,106,"134,867,676,637,831,178,788,199,646,764","155,155,155,155,155,155,155,155,155,155",547
6033,106,"134,867,676,199,178,527,552,831,80,337","155,155,155,155,155,155,63,155,155,155",661
5560,106,"134,867,676,637,831,209,178,527,552,834","155,155,155,155,155,155,155,155,63,36",616
4723,106,"134,209,676,867,178,788,143,938,646,637","155,155,155,155,155,155,155,155,155,155",498
1525,106,"134,867,676,199,3,178,529,463,80,831","155,155,155,155,155,155,155,155,155,155",600
3854,106,"134,867,788,547,676,178,764,199,143,736","155,155,155,155,155,155,155,155,155,155",544
184,106,"134,209,637,738,79,234,360,652,500,461","155,155,155,155,155,155,155,155,155,155",645
1025,106,"134,867,788,676,178,209,764,547,199,736","155,155,155,155,155,155,155,155,155,155",535
4422,106,"134,209,637,738,79,500,605,276,234,45","155,155,155,155,155,155,155,155,155,155",374
2100,106,"134,867,788,676,637,547,178,527,764,461","155,155,155,155,155,155,155,155,155,155",371
2034,106,"134,867,676,199,178,527,552,831,360,80","155,155,155,155,155,155,63,155,155,155",485
1554,106,"134,209,637,738,79,234,500,361,676,646","155,155,155,155,155,155,155,155,155,155",612
3938,106,"134,209,637,738,337,360,234,605,79,698","155,155,155,155,155,155,155,155,155,176",688
3315,106,"134,867,788,547,676,178,764,552,527,661","155,155,155,155,155,155,155,63,155,284",541
966,106,"134,867,788,676,637,547,461,337,831,209","155,155,155,155,155,155,155,155,155,155",510
4238,106,"134,867,788,676,178,209,764,547,199,3","155,155,155,155,155,155,155,155,155,155",521
3693,106,"134,209,637,738,337,463,461,529,372,360","155,155,155,155,155,155,155,155,155,155",463
1674,106,"134,867,788,676,178,209,637,337,360,938","155,155,155,155,155,155,155,155,155,155",640
4816,106,"134,209,637,738,500,605,276,234,599,337","155,155,155,155,155,155,155,155,155,155",550
4352,106,"134,867,676,199,178,788,529,209,764,143","155,155,155,155,155,155,155,155,155,155",535
2677,106,"134,209,676,867,178,199,568,83,527,80","155,155,155,155,155,155,169,126,155,155",796
3486,106,"134,209,637,738,500,605,276,234,599,588","155,155,155,155,155,155,155,155,155,155",702
796,106,"134,209,637,337,360,79,676,234,738,605","155,155,155,155,155,155,155,155,155,155",635
5561,106,"134,209,637,738,79,605,588,234,45,736","155,155,155,155,155,155,155,155,155,155",509
2917,106,"134,209,676,867,764,529,199,80,683,178","155,155,155,155,155,155,155,155,127,155",519
4277,106,"134,209,637,738,79,234,360,337,500,547","155,155,155,155,155,155,155,155,155,155",563
444,106,"134,209,637,738,79,500,605,547,676,314","155,155,155,155,155,155,155,155,155,155",526
2078,106,"134,209,637,738,79,234,500,361,676,605","155,155,155,155,155,155,155,155,155,155",516
2781,106,"134,209,637,738,79,500,605,588,234,45","155,155,155,155,155,155,155,155,155,155",555
1503,106,"134,209,637,738,79,500,605,588,276,234","155,155,155,155,155,155,155,155,155,155",553
2961,106,"134,867,788,547,736,637,337,372,360,738","155,155,155,155,155,155,155,155,155,155",678
2627,106,"134,209,637,337,360,79,676,234,738,698","155,155,155,155,155,155,155,155,155,176",689
4492,106,"134,867,788,676,178,209,637,337,360,463","155,155,155,155,155,155,155,155,155,155",531
4858,106,"134,209,637,738,337,463,461,529,372,676","155,155,155,155,155,155,155,155,155,155",594
1041,106,"134,209,637,738,79,500,605,276,234,599","155,155,155,155,155,155,155,155,155,155",669
987,106,"134,867,676,199,178,788,529,3,322,42","155,155,155,155,155,155,155,155,175,176",690
432,106,"134,209,637,738,79,234,360,372,337,463","155,155,155,155,155,155,155,155,155,155",507
970,106,"134,209,637,738,79,234,500,676,605,588","155,155,155,155,155,155,155,155,155,155",394
6147,106,"134,209,637,738,79,500,605,547,337,588","155,155,155,155,155,155,155,155,155,155",576
1709,106,"134,209,637,738,500,652,605,915,372,337","155,155,155,155,155,155,155,155,156,155,155",682
4088,106,"134,209,676,867,764,461,80,938,529,178","155,155,155,155,155,155,155,155,155,155",479
5126,106,"134,867,676,199,3,178,527,831,214,143","155,155,155,155,155,155,155,155,127,155",498
464,106,"134,209,676,867,178,199,938,831,527,360","155,155,155,155,155,155,155,155,155,155",608
4325,106,"134,867,788,676,178,209,637,831,3,529","155,155,155,155,155,155,155,155,155,155",571
2211,106,"134,867,788,547,676,637,360,337,372,915","155,155,155,155,155,155,155,155,155,155,156",717
2618,106,"134,209,637,738,337,360,234,736,372,461","155,155,155,155,155,155,155,155,155,155",586
4940,106,"134,209,637,738,337,360,234,736,372,461","155,155,155,155,155,155,155,155,155,155",601
1823,106,"134,209,637,738,79,500,605,276,234,599","155,155,155,155,155,155,155,155,155,155",612
2795,106,"134,209,637,738,79,234,500,361,676,605","155,155,155,155,155,155,155,155,155,155",510
2949,106,"134,209,637,738,337,360,234,605,547,646","155,155,155,155,155,155,155,155,155,155",600
4827,106,"134,209,637,738,79,500,605,276,234,45","155,155,155,155,155,155,155,155,155,155",412
1788,106,"61,377,915,208,471,702,899,583,812,648","168,155,155,156,169,176,176,169,3,181,181",187
3462,106,"134,867,788,547,676,637,360,337,79,372","155,155,155,155,155,155,155,155,155,155",539
2322,106,"134,209,637,337,938,178,867,676,461,788","155,155,155,155,155,155,155,155,155,155",693
248,106,"134,209,637,738,79,234,500,361,764,80","155,155,155,155,155,155,155,155,155,155",612
4017,106,"134,209,676,867,764,529,199,80,683,278","155,155,155,155,155,155,155,155,127,155",519
767,106,"134,209,637,738,79,500,605,547,676,314","155,155,155,155,155,155,155,155,155,155",582
4698,106,"134,209,637,738,79,234,500,652,361,764","155,155,155,155,155,155,155,155,155,155",553
35,106,"134,867,676,199,3,552,83,170,214,716","155,155,155,155,155,63,126,39,127,117",620
2148,106,"134,209,676,867,764,529,199,788,547,461","155,155,155,155,155,155,155,155,155,155",520
5579,106,"134,867,676,637,831,178,552,3,661,36","155,155,155,155,155,155,63,155,284,44",585
5580,106,"134,209,637,738,337,360,234,605,79,500","155,155,155,155,155,155,155,155,155,155",608
1109,106,"134,867,788,547,676,178,764,199,143,736","155,155,155,155,155,155,155,155,155,155",555
2923,106,"134,209,676,360,337,79,652,234,461,372","155,155,155,155,155,155,155,155,155,155",669
1172,106,"134,209,637,738,79,234,360,337,463,461","155,155,155,155,155,155,155,155,155,155",506
714,106,"134,867,788,547,676,178,764,199,3,143","155,155,155,155,155,155,155,155,155,155",380
5558,106,"134,867,676,199,3,552,80,661,278,527","155,155,155,155,155,63,155,284,155,155",561
3945,106,"134,867,788,676,178,209,637,831,3,529","155,155,155,155,155,155,155,155,155,155",582
730,106,"134,209,637,738,79,234,500,361,764,676","155,155,155,155,155,155,155,155,155,155",572
3475,106,"134,867,676,199,3,80,83,527,278,583","155,155,155,155,155,155,126,155,155,3",547
932,106,"676,360,461,831,738,79,547,915,764,80","155,155,155,155,155,155,155,155,156,155,155",568
2062,106,"134,867,676,637,831,178,788,199,80,278","155,155,155,155,155,155,155,155,155,155",380
3456,106,"134,209,637,738,79,500,605,234,276,588","155,155,155,155,155,155,155,155,155,155",545
1046,106,"134,867,788,547,736,637,337,79,45,605","155,155,155,155,155,155,155,155,155,155",401
2726,106,"134,209,637,738,79,500,605,234,45,276","155,155,155,155,155,155,155,155,155,155",546
3852,106,"134,209,637,337,360,461,372,547,788,867","155,155,155,155,155,155,155,155,155,155",531
5016,106,"676,867,788,461,178,529,646,764,143,736","155,155,155,155,155,155,155,155,155,155",264
3507,107,"134,209,676,867,764,461,337,234,372,637","155,155,155,155,155,155,155,155,155,155",531
5784,107,"134,867,676,199,178,788,529,3,831,80","155,155,155,155,155,155,155,155,155,155",490
5424,107,"134,209,637,337,360,79,676,938,372,463","155,155,155,155,155,155,155,155,155,155",535
5481,107,"134,209,637,337,360,79,652,372,676,463","155,155,155,155,155,155,155,155,155,155",553
4511,107,"134,867,788,676,637,547,178,461,209,337","155,155,155,155,155,155,155,155,155,155",612
5430,107,"134,209,637,738,79,234,500,361,764,676","155,155,155,155,155,155,155,155,155,155",546
2873,107,"134,209,637,738,79,500,605,234,45,276","155,155,155,155,155,155,155,155,155,155",477
1235,107,"134,209,676,360,337,79,372,234,588,738","155,155,155,155,155,155,155,155,155,155",494
4355,107,"134,209,637,738,79,500,605,234,276,588","155,155,155,155,155,155,155,155,155,155",586
3184,107,"134,209,637,738,79,234,500,361,764,676","155,155,155,155,155,155,155,155,155,155",535
2179,107,"134,209,637,738,79,234,360,372,337,463","155,155,155,155,155,155,155,155,155,155",352
3210,107,"134,209,637,738,79,500,605,276,234,599","155,155,155,155,155,155,155,155,155,155",544
4486,107,"134,867,676,637,209,337,360,79,738,463","155,155,155,155,155,155,155,155,155,155",519
633,107,"134,209,637,738,79,500,605,276,234,599","155,155,155,155,155,155,155,155,155,155",508
1430,107,"360,461,646,80,831,683,314,738,926,111","155,155,155,155,155,127,155,155,155,155",412
1133,107,"134,867,676,199,178,527,831,80,583,834","155,155,155,155,155,155,155,155,3,36",361
5148,107,"134,209,676,867,178,199,938,831,639,80","155,155,155,155,155,155,155,155,155,155",556
64,107,"134,867,788,547,676,637,461,209,764,360","155,155,155,155,155,155,155,155,155,155",494
5501,107,"134,209,637,738,79,234,500,361,764,676","155,155,155,155,155,155,155,155,155,155",463
1584,107,"134,867,676,199,3,80,83,214,264,335","155,155,155,155,155,155,126,127,220,195",413
3104,107,"134,209,676,867,764,461,337,234,738,605","155,155,155,155,155,155,155,155,155,155",363
729,107,"134,867,788,676,178,764,527,199,583,834","155,155,155,155,155,155,155,155,3,36",346
4554,107,"134,209,637,738,79,500,605,652,547,764","155,155,155,155,155,155,155,155,155,155",569
2626,107,"134,867,788,547,736,637,337,79,360,738","155,155,155,155,155,155,155,155,155,155",628
2261,107,"134,867,676,199,3,178,527,552,83,214","155,155,155,155,155,155,155,63,126,127",641
5528,107,"134,209,637,738,79,234,500,652,361,605","155,155,155,155,155,155,155,155,155,155",553
5711,107,"134,209,637,337,938,461,360,738,79,652","155,155,155,155,155,155,155,155,155,155",553
2466,107,"134,209,637,738,337,360,234,736,372,79","155,155,155,155,155,155,155,155,155,155",375
145,107,"134,209,637,738,337,360,234,605,547,646","155,155,155,155,155,155,155,155,155,155",500
5860,107,"134,867,788,676,178,764,527,831,80,143","155,155,155,155,155,155,155,155,155,155",354
5493,107,"134,867,788,547,736,676,637,360,79,234","155,155,155,155,155,155,155,155,155,155",544
3202,107,"134,867,676,637,831,178,552,278,527,42","155,155,155,155,155,155,63,155,155,176",669
541,107,"134,209,637,738,337,463,360,547,461,646","155,155,155,155,155,155,155,155,155,155",528
2883,107,"134,209,637,738,79,500,605,588,234,45","155,155,155,155,155,155,155,155,155,155",389
1595,107,"134,209,637,738,337,463,461,178,529,938","155,155,155,155,155,155,155,155,155,155",500
4837,107,"134,209,637,738,337,463,461,178,529,867","155,155,155,155,155,155,155,155,155,155",464
5610,107,"134,867,676,199,3,552,36,330,214,776","155,155,155,155,155,63,44,300,127,267",653
66,107,"134,867,676,199,178,788,529,209,637,938","155,155,155,155,155,155,155,155,155,155",653
5436,107,"134,209,676,867,178,788,143,199,938,764","155,155,155,155,155,155,155,155,155,155",547
2737,107,"134,867,676,199,178,788,209,764,143,529","155,155,155,155,155,155,155,155,155,155",535
573,107,"134,867,676,199,3,178,529,463,209,831","155,155,155,155,155,155,155,155,155,155",547
1670,107,"134,209,637,738,79,234,360,652,500,461","155,155,155,155,155,155,155,155,155,155",644
5744,107,"134,867,788,547,676,637,360,337,79,372","155,155,155,155,155,155,155,155,155,155",586
1223,107,"134,209,676,360,337,79,372,234,738,45","155,155,155,155,155,155,155,155,155,155",400
376,107,"676,867,178,529,788,646,461,143,199,764","155,155,155,155,155,155,155,155,155,155",412
2837,107,"134,209,637,738,79,500,605,547,337,588","155,155,155,155,155,155,155,155,155,155",538
2931,107,"134,788,646,637,831,337,461,80,360,209","155,155,155,155,155,155,155,155,155,155",461
1374,107,"134,209,637,337,360,79,652,372,676,463","155,155,155,155,155,155,155,155,155,155",553
2938,107,"134,867,676,199,3,178,527,83,214,776","155,155,155,155,155,155,155,126,127,267",535
1563,107,"134,209,637,738,79,500,605,276,234,599","155,155,155,155,155,155,155,155,155,155",519
3981,107,"134,209,637,337,938,178,80,831,314,764","155,155,155,155,155,155,155,155,155,155",520
1993,107,"134,209,676,867,764,529,199,788,178,80","155,155,155,155,155,155,155,155,155,155",540
4228,107,"134,209,637,738,79,234,500,361,676,605","155,155,155,155,155,155,155,155,155,155",549
934,107,"134,209,637,738,337,360,234,736,372,461","155,155,155,155,155,155,155,155,155,155",577
449,107,"134,867,788,676,178,764,527,831,80,938","155,155,155,155,155,155,155,155,155,155",541
944,107,"134,209,637,738,79,500,605,276,234,599","155,155,155,155,155,155,155,155,155,155",447
3243,107,"134,867,788,547,736,637,337,79,360,738","155,155,155,155,155,155,155,155,155,155",553
889,107,"134,209,637,738,337,360,234,736,372,461","155,155,155,155,155,155,155,155,155,155",519
3540,107,"134,209,637,337,360,79,676,938,372,461","155,155,155,155,155,155,155,155,155,155",553
2861,107,"134,209,637,738,79,500,605,276,234,588","155,155,155,155,155,155,155,155,155,155",412
4748,107,"134,209,637,738,79,500,605,234,276,599","155,155,155,155,155,155,155,155,155,155",521
3532,107,"134,209,637,738,337,360,234,605,547,646","155,155,155,155,155,155,155,155,155,155",528
1764,107,"134,209,637,738,79,234,500,361,764,676","155,155,155,155,155,155,155,155,155,155",541
1614,107,"134,209,637,738,79,234,500,361,676,605","155,155,155,155,155,155,155,155,155,155",571
5452,107,"134,209,676,867,764,461,80,938,637,788","155,155,155,155,155,155,155,155,155,155",519
5139,107,"134,209,637,738,79,234,500,605,276,588","155,155,155,155,155,155,155,155,155,155",472
2840,107,"134,867,788,547,736,637,337,372,360,738","155,155,155,155,155,155,155,155,155,155",355
2905,107,"134,867,788,676,637,547,461,337,360,79","155,155,155,155,155,155,155,155,155,155",628
1538,107,"134,209,637,337,79,588,500,45,276,314","155,155,155,155,155,155,155,155,155,155",494
681,107,"134,209,637,738,337,360,463,372,676,461","155,155,155,155,155,155,155,155,155,155",514
2101,107,"134,209,637,337,938,178,867,463,461,831","155,155,155,155,155,155,155,155,155,155",574
5250,107,"134,867,676,199,3,80,278,831,111,527","155,155,155,155,155,155,155,155,155,155",338
2710,107,"134,867,788,676,178,209,764,547,199,3","155,155,155,155,155,155,155,155,155,155",520
3446,107,"134,867,788,547,676,637,360,337,79,372","155,155,155,155,155,155,155,155,155,155",519
1057,107,"134,209,676,867,764,461,80,938,529,178","155,155,155,155,155,155,155,155,155,155",543
671,107,"134,867,788,547,676,637,461,639,178,764","155,155,155,155,155,155,155,155,155,155",460
185,107,"134,867,676,199,3,568,352,552,946,278","155,155,155,155,155,169,170,63,174,155",720
622,107,"134,867,676,199,178,527,788,3,80,143","155,155,155,155,155,155,155,155,155,155",535
2367,107,"134,867,788,676,178,764,529,80,199,527","155,155,155,155,155,155,155,155,155,155",398
717,107,"134,209,637,738,605,234,599,623,769,183","155,155,155,155,155,155,155,155,155,155",461
5110,107,"134,209,676,867,764,529,938,372,637,337","155,155,155,155,155,155,155,155,155,155",349
2548,107,"134,209,637,337,676,79,463,461,372,646","155,155,155,155,155,155,155,155,155,155",228
5210,107,"134,209,637,738,337,360,234,605,547,361","155,155,155,155,155,155,155,155,155,155",523
2654,107,"134,867,788,547,676,637,461,209,337,527","155,155,155,155,155,155,155,155,155,155",541
5074,107,"134,209,637,738,79,234,500,652,361,605","155,155,155,155,155,155,155,155,155,155",553
4457,107,"134,867,788,676,637,360,209,547,461,372","155,155,155,155,155,155,155,155,155,155",690
1462,107,"134,209,637,738,337,360,234,605,547,646","155,155,155,155,155,155,155,155,155,155",554
1213,107,"134,209,637,738,79,500,605,276,234,45","155,155,155,155,155,155,155,155,155,155",644
1760,107,"134,867,788,676,178,209,764,547,199,736","155,155,155,155,155,155,155,155,155,155",600
1298,107,"134,209,637,337,360,461,372,547,788,867","155,155,155,155,155,155,155,155,155,155",430
2094,107,"676,867,178,199,529,788,683,143,36,776","155,155,155,155,155,155,127,155,44,267",537
3549,107,"134,209,637,337,938,178,867,463,788,461","155,155,155,155,155,155,155,155,155,155",633
5694,107,"134,867,676,199,3,552,80,831,178,36","155,155,155,155,155,63,155,155,155,44",606
112,107,"134,209,637,738,500,652,605,915,372,337","155,155,155,155,155,155,155,155,156,155,155",749
3791,107,"134,867,676,637,831,209,178,527,3,661","155,155,155,155,155,155,155,155,155,284",639
1269,107,"134,867,788,547,736,637,337,79,372,463","155,155,155,155,155,155,155,155,155,155",476
4216,107,"134,209,637,738,337,360,234,652,372,79","155,155,155,155,155,155,155,155,155,155",553
1837,107,"134,867,788,676,637,360,337,79,209,372","155,155,155,155,155,155,155,155,155,155",499
2380,107,"134,867,788,547,676,178,764,209,646,529","155,155,155,155,155,155,155,155,155,155",535
2786,107,"134,209,637,738,79,500,605,276,234,599","155,155,155,155,155,155,155,155,155,155",691
3513,107,"134,209,637,738,79,500,605,547,337,588","155,155,155,155,155,155,155,155,155,155",523
111,107,"134,209,637,738,79,234,360,337,500,547","155,155,155,155,155,155,155,155,155,155",598
4671,107,"134,209,637,738,79,500,605,588,234,45","155,155,155,155,155,155,155,155,155,155",553
1507,107,"134,209,637,738,79,234,360,337,463,461","155,155,155,155,155,155,155,155,155,155",634
3266,107,"134,867,788,676,178,209,764,199,529,143","155,155,155,155,155,155,155,155,155,155",579
3187,107,"134,209,637,738,79,234,360,337,500,547","155,155,155,155,155,155,155,155,155,155",374
5211,107,"134,209,637,738,79,234,500,361,764,80","155,155,155,155,155,155,155,155,155,155",541
2831,107,"134,209,637,337,938,178,867,676,831,3","155,155,155,155,155,155,155,155,155,155",513
2347,107,"134,867,788,676,178,209,764,199,529,143","155,155,155,155,155,155,155,155,155,155",555
5507,107,"134,209,637,738,79,500,605,547,676,314","155,155,155,155,155,155,155,155,155,155",519
5544,107,"134,209,637,738,915,463,337,461,360,831","155,155,155,155,155,156,155,155,155,155,155",720
2914,107,"134,867,676,199,3,80,278,831,111,527","155,155,155,155,155,155,155,155,155,155",559
5496,107,"134,867,676,199,178,788,529,3,831,80","155,155,155,155,155,155,155,155,155,155",530
1138,107,"134,209,637,738,79,234,500,361,676,605","155,155,155,155,155,155,155,155,155,155",535
4419,107,"134,209,637,738,79,234,360,337,500,547","155,155,155,155,155,155,155,155,155,155",627
3276,107,"134,867,788,547,676,637,360,372,337,209","155,155,155,155,155,155,155,155,155,155",569
1047,107,"134,209,637,738,500,652,605,915,676,234","155,155,155,155,155,155,155,155,156,155,155",782
2918,107,"134,209,637,738,79,500,605,547,337,588","155,155,155,155,155,155,155,155,155,155",634
1378,107,"134,867,788,676,637,547,461,337,831,209","155,155,155,155,155,155,155,155,155,155",588
1389,107,"134,867,676,199,178,788,529,3,209,637","155,155,155,155,155,155,155,155,155,155",618
4400,107,"134,209,637,738,79,234,500,361,764,676","155,155,155,155,155,155,155,155,155,155",654
565,107,"134,209,637,738,79,500,605,652,547,45","155,155,155,155,155,155,155,155,155,155",640
5627,107,"134,867,676,199,178,788,529,3,209,637","155,155,155,155,155,155,155,155,155,155",669
5456,107,"134,867,788,547,676,178,764,209,637,461","155,155,155,155,155,155,155,155,155,155",611
123,107,"134,867,788,547,736,676,178,209,764,143","155,155,155,155,155,155,155,155,155,155",466
3482,107,"134,867,676,637,831,178,788,199,646,764","155,155,155,155,155,155,155,155,155,155",547
6033,107,"134,867,676,199,178,527,552,831,80,337","155,155,155,155,155,155,63,155,155,155",661
5560,107,"134,867,676,637,831,209,178,527,552,834","155,155,155,155,155,155,155,155,63,36",616
4723,107,"134,209,676,867,178,788,143,938,646,637","155,155,155,155,155,155,155,155,155,155",498
1525,107,"134,867,676,199,3,178,529,463,80,831","155,155,155,155,155,155,155,155,155,155",600
3854,107,"134,867,788,547,676,178,764,199,143,736","155,155,155,155,155,155,155,155,155,155",544
184,107,"134,209,637,738,79,234,360,652,500,461","155,155,155,155,155,155,155,155,155,155",645
1025,107,"134,867,788,676,178,209,764,547,199,736","155,155,155,155,155,155,155,155,155,155",535
4422,107,"134,209,637,738,79,500,605,276,234,45","155,155,155,155,155,155,155,155,155,155",374
2100,107,"134,867,788,676,637,547,178,527,764,461","155,155,155,155,155,155,155,155,155,155",371
2034,107,"134,867,676,199,178,527,552,831,360,80","155,155,155,155,155,155,63,155,155,155",485
1554,107,"134,209,637,738,79,234,500,361,676,646","155,155,155,155,155,155,155,155,155,155",612
3938,107,"134,209,637,738,337,360,234,605,79,698","155,155,155,155,155,155,155,155,155,176",688
3315,107,"134,867,788,547,676,178,764,552,527,661","155,155,155,155,155,155,155,63,155,284",541
966,107,"134,867,788,676,637,547,461,337,831,209","155,155,155,155,155,155,155,155,155,155",510
4238,107,"134,867,788,676,178,209,764,547,199,3","155,155,155,155,155,155,155,155,155,155",521
3693,107,"134,209,637,738,337,463,461,529,372,360","155,155,155,155,155,155,155,155,155,155",463
1674,107,"134,867,788,676,178,209,637,337,360,938","155,155,155,155,155,155,155,155,155,155",640
4816,107,"134,209,637,738,500,605,276,234,599,337","155,155,155,155,155,155,155,155,155,155",550
4352,107,"134,867,676,199,178,788,529,209,764,143","155,155,155,155,155,155,155,155,155,155",535
2677,107,"134,209,676,867,178,199,568,83,527,80","155,155,155,155,155,155,169,126,155,155",796
3486,107,"134,209,637,738,500,605,276,234,599,588","155,155,155,155,155,155,155,155,155,155",702
796,107,"134,209,637,337,360,79,676,234,738,605","155,155,155,155,155,155,155,155,155,155",635
5561,107,"134,209,637,738,79,605,588,234,45,736","155,155,155,155,155,155,155,155,155,155",509
2917,107,"134,209,676,867,764,529,199,80,683,178","155,155,155,155,155,155,155,155,127,155",519
4277,107,"134,209,637,738,79,234,360,337,500,547","155,155,155,155,155,155,155,155,155,155",563
444,107,"134,209,637,738,79,500,605,547,676,314","155,155,155,155,155,155,155,155,155,155",526
2078,107,"134,209,637,738,79,234,500,361,676,605","155,155,155,155,155,155,155,155,155,155",516
2781,107,"134,209,637,738,79,500,605,588,234,45","155,155,155,155,155,155,155,155,155,155",555
1503,107,"134,209,637,738,79,500,605,588,276,234","155,155,155,155,155,155,155,155,155,155",553
2961,107,"134,867,788,547,736,637,337,372,360,738","155,155,155,155,155,155,155,155,155,155",678
2627,107,"134,209,637,337,360,79,676,234,738,698","155,155,155,155,155,155,155,155,155,176",689
4492,107,"134,867,788,676,178,209,637,337,360,463","155,155,155,155,155,155,155,155,155,155",531
4858,107,"134,209,637,738,337,463,461,529,372,676","155,155,155,155,155,155,155,155,155,155",594
1041,107,"134,209,637,738,79,500,605,276,234,599","155,155,155,155,155,155,155,155,155,155",669
987,107,"134,867,676,199,178,788,529,3,322,42","155,155,155,155,155,155,155,155,175,176",690
432,107,"134,209,637,738,79,234,360,372,337,463","155,155,155,155,155,155,155,155,155,155",507
970,107,"134,209,637,738,79,234,500,676,605,588","155,155,155,155,155,155,155,155,155,155",394
6147,107,"134,209,637,738,79,500,605,547,337,588","155,155,155,155,155,155,155,155,155,155",576
1709,107,"134,209,637,738,500,652,605,915,372,337","155,155,155,155,155,155,155,155,156,155,155",682
4088,107,"134,209,676,867,764,461,80,938,529,178","155,155,155,155,155,155,155,155,155,155",479
5126,107,"134,867,676,199,3,178,527,831,214,143","155,155,155,155,155,155,155,155,127,155",498
464,107,"134,209,676,867,178,199,938,831,527,360","155,155,155,155,155,155,155,155,155,155",608
4325,107,"134,867,788,676,178,209,637,831,3,529","155,155,155,155,155,155,155,155,155,155",571
2211,107,"134,867,788,547,676,637,360,337,372,915","155,155,155,155,155,155,155,155,155,155,156",717
2618,107,"134,209,637,738,337,360,234,736,372,461","155,155,155,155,155,155,155,155,155,155",586
4940,107,"134,209,637,738,337,360,234,736,372,461","155,155,155,155,155,155,155,155,155,155",601
1823,107,"134,209,637,738,79,500,605,276,234,599","155,155,155,155,155,155,155,155,155,155",612
2795,107,"134,209,637,738,79,234,500,361,676,605","155,155,155,155,155,155,155,155,155,155",510
2949,107,"134,209,637,738,337,360,234,605,547,646","155,155,155,155,155,155,155,155,155,155",600
4827,107,"134,209,637,738,79,500,605,276,234,45","155,155,155,155,155,155,155,155,155,155",412
1788,107,"61,377,915,208,471,702,899,583,812,648","168,155,155,156,169,176,176,169,3,181,181",187
3462,107,"134,867,788,547,676,637,360,337,79,372","155,155,155,155,155,155,155,155,155,155",539
2322,107,"134,209,637,337,938,178,867,676,461,788","155,155,155,155,155,155,155,155,155,155",693
248,107,"134,209,637,738,79,234,500,361,764,80","155,155,155,155,155,155,155,155,155,155",612
4017,107,"134,209,676,867,764,529,199,80,683,278","155,155,155,155,155,155,155,155,127,155",519
767,107,"134,209,637,738,79,500,605,547,676,314","155,155,155,155,155,155,155,155,155,155",582
4698,107,"134,209,637,738,79,234,500,652,361,764","155,155,155,155,155,155,155,155,155,155",553
35,107,"134,867,676,199,3,552,83,170,214,716","155,155,155,155,155,63,126,39,127,117",620
2148,107,"134,209,676,867,764,529,199,788,547,461","155,155,155,155,155,155,155,155,155,155",520
5579,107,"134,867,676,637,831,178,552,3,661,36","155,155,155,155,155,155,63,155,284,44",585
5580,107,"134,209,637,738,337,360,234,605,79,500","155,155,155,155,155,155,155,155,155,155",608
1109,107,"134,867,788,547,676,178,764,199,143,736","155,155,155,155,155,155,155,155,155,155",555
2923,107,"134,209,676,360,337,79,652,234,461,372","155,155,155,155,155,155,155,155,155,155",669
1172,107,"134,209,637,738,79,234,360,337,463,461","155,155,155,155,155,155,155,155,155,155",506
714,107,"134,867,788,547,676,178,764,199,3,143","155,155,155,155,155,155,155,155,155,155",380
5558,107,"134,867,676,199,3,552,80,661,278,527","155,155,155,155,155,63,155,284,155,155",561
3945,107,"134,867,788,676,178,209,637,831,3,529","155,155,155,155,155,155,155,155,155,155",582
730,107,"134,209,637,738,79,234,500,361,764,676","155,155,155,155,155,155,155,155,155,155",572
3475,107,"134,867,676,199,3,80,83,527,278,583","155,155,155,155,155,155,126,155,155,3",547
932,107,"676,360,461,831,738,79,547,915,764,80","155,155,155,155,155,155,155,155,156,155,155",568
2062,107,"134,867,676,637,831,178,788,199,80,278","155,155,155,155,155,155,155,155,155,155",380
3456,107,"134,209,637,738,79,500,605,234,276,588","155,155,155,155,155,155,155,155,155,155",545
1046,107,"134,867,788,547,736,637,337,79,45,605","155,155,155,155,155,155,155,155,155,155",401
2726,107,"134,209,637,738,79,500,605,234,45,276","155,155,155,155,155,155,155,155,155,155",546
3852,107,"134,209,637,337,360,461,372,547,788,867","155,155,155,155,155,155,155,155,155,155",531
5016,107,"676,867,788,461,178,529,646,764,143,736","155,155,155,155,155,155,155,155,155,155",264
3507,108,"134,209,676,867,764,461,337,234,372,637","155,155,155,155,155,155,155,155,155,155",531
5784,108,"134,867,676,199,178,788,529,3,831,80","155,155,155,155,155,155,155,155,155,155",490
5424,108,"134,209,637,337,360,79,676,938,372,463","155,155,155,155,155,155,155,155,155,155",535
5481,108,"134,209,637,337,360,79,652,372,676,463","155,155,155,155,155,155,155,155,155,155",553
4511,108,"134,867,788,676,637,547,178,461,209,337","155,155,155,155,155,155,155,155,155,155",612
5430,108,"134,209,637,738,79,234,500,361,764,676","155,155,155,155,155,155,155,155,155,155",546
2873,108,"134,209,637,738,79,500,605,234,45,276","155,155,155,155,155,155,155,155,155,155",477
1235,108,"134,209,676,360,337,79,372,234,588,738","155,155,155,155,155,155,155,155,155,155",494
4355,108,"134,209,637,738,79,500,605,234,276,588","155,155,155,155,155,155,155,155,155,155",586
3184,108,"134,209,637,738,79,234,500,361,764,676","155,155,155,155,155,155,155,155,155,155",535
2179,108,"134,209,637,738,79,234,360,372,337,463","155,155,155,155,155,155,155,155,155,155",352
3210,108,"134,209,637,738,79,500,605,276,234,599","155,155,155,155,155,155,155,155,155,155",544
4486,108,"134,867,676,637,209,337,360,79,738,463","155,155,155,155,155,155,155,155,155,155",519
633,108,"134,209,637,738,79,500,605,276,234,599","155,155,155,155,155,155,155,155,155,155",508
1430,108,"360,461,646,80,831,683,314,738,926,111","155,155,155,155,155,127,155,155,155,155",412
1133,108,"134,867,676,199,178,527,831,80,583,834","155,155,155,155,155,155,155,155,3,36",361
5148,108,"134,209,676,867,178,199,938,831,639,80","155,155,155,155,155,155,155,155,155,155",556
64,108,"134,867,788,547,676,637,461,209,764,360","155,155,155,155,155,155,155,155,155,155",494
5501,108,"134,209,637,738,79,234,500,361,764,676","155,155,155,155,155,155,155,155,155,155",463
1584,108,"134,867,676,199,3,80,83,214,264,335","155,155,155,155,155,155,126,127,220,195",413
3104,108,"134,209,676,867,764,461,337,234,738,605","155,155,155,155,155,155,155,155,155,155",363
729,108,"134,867,788,676,178,764,527,199,583,834","155,155,155,155,155,155,155,155,3,36",346
4554,108,"134,209,637,738,79,500,605,652,547,764","155,155,155,155,155,155,155,155,155,155",569
2626,108,"134,867,788,547,736,637,337,79,360,738","155,155,155,155,155,155,155,155,155,155",628
2261,108,"134,867,676,199,3,178,527,552,83,214","155,155,155,155,155,155,155,63,126,127",641
5528,108,"134,209,637,738,79,234,500,652,361,605","155,155,155,155,155,155,155,155,155,155",553
5711,108,"134,209,637,337,938,461,360,738,79,652","155,155,155,155,155,155,155,155,155,155",553
2466,108,"134,209,637,738,337,360,234,736,372,79","155,155,155,155,155,155,155,155,155,155",375
145,108,"134,209,637,738,337,360,234,605,547,646","155,155,155,155,155,155,155,155,155,155",500
5860,108,"134,867,788,676,178,764,527,831,80,143","155,155,155,155,155,155,155,155,155,155",354
5493,108,"134,867,788,547,736,676,637,360,79,234","155,155,155,155,155,155,155,155,155,155",544
3202,108,"134,867,676,637,831,178,552,278,527,42","155,155,155,155,155,155,63,155,155,176",669
541,108,"134,209,637,738,337,463,360,547,461,646","155,155,155,155,155,155,155,155,155,155",528
2883,108,"134,209,637,738,79,500,605,588,234,45","155,155,155,155,155,155,155,155,155,155",389
1595,108,"134,209,637,738,337,463,461,178,529,938","155,155,155,155,155,155,155,155,155,155",500
4837,108,"134,209,637,738,337,463,461,178,529,867","155,155,155,155,155,155,155,155,155,155",464
5610,108,"134,867,676,199,3,552,36,330,214,776","155,155,155,155,155,63,44,300,127,267",653
66,108,"134,867,676,199,178,788,529,209,637,938","155,155,155,155,155,155,155,155,155,155",653
5436,108,"134,209,676,867,178,788,143,199,938,764","155,155,155,155,155,155,155,155,155,155",547
2737,108,"134,867,676,199,178,788,209,764,143,529","155,155,155,155,155,155,155,155,155,155",535
573,108,"134,867,676,199,3,178,529,463,209,831","155,155,155,155,155,155,155,155,155,155",547
1670,108,"134,209,637,738,79,234,360,652,500,461","155,155,155,155,155,155,155,155,155,155",644
5744,108,"134,867,788,547,676,637,360,337,79,372","155,155,155,155,155,155,155,155,155,155",586
1223,108,"134,209,676,360,337,79,372,234,738,45","155,155,155,155,155,155,155,155,155,155",400
376,108,"676,867,178,529,788,646,461,143,199,764","155,155,155,155,155,155,155,155,155,155",412
2837,108,"134,209,637,738,79,500,605,547,337,588","155,155,155,155,155,155,155,155,155,155",538
2931,108,"134,788,646,637,831,337,461,80,360,209","155,155,155,155,155,155,155,155,155,155",461
1374,108,"134,209,637,337,360,79,652,372,676,463","155,155,155,155,155,155,155,155,155,155",553
2938,108,"134,867,676,199,3,178,527,83,214,776","155,155,155,155,155,155,155,126,127,267",535
1563,108,"134,209,637,738,79,500,605,276,234,599","155,155,155,155,155,155,155,155,155,155",519
3981,108,"134,209,637,337,938,178,80,831,314,764","155,155,155,155,155,155,155,155,155,155",520
1993,108,"134,209,676,867,764,529,199,788,178,80","155,155,155,155,155,155,155,155,155,155",540
4228,108,"134,209,637,738,79,234,500,361,676,605","155,155,155,155,155,155,155,155,155,155",549
934,108,"134,209,637,738,337,360,234,736,372,461","155,155,155,155,155,155,155,155,155,155",577
449,108,"134,867,788,676,178,764,527,831,80,938","155,155,155,155,155,155,155,155,155,155",541
944,108,"134,209,637,738,79,500,605,276,234,599","155,155,155,155,155,155,155,155,155,155",447
3243,108,"134,867,788,547,736,637,337,79,360,738","155,155,155,155,155,155,155,155,155,155",553
889,108,"134,209,637,738,337,360,234,736,372,461","155,155,155,155,155,155,155,155,155,155",519
3540,108,"134,209,637,337,360,79,676,938,372,461","155,155,155,155,155,155,155,155,155,155",553
2861,108,"134,209,637,738,79,500,605,276,234,588","155,155,155,155,155,155,155,155,155,155",412
4748,108,"134,209,637,738,79,500,605,234,276,599","155,155,155,155,155,155,155,155,155,155",521
3532,108,"134,209,637,738,337,360,234,605,547,646","155,155,155,155,155,155,155,155,155,155",528
1764,108,"134,209,637,738,79,234,500,361,764,676","155,155,155,155,155,155,155,155,155,155",541
1614,108,"134,209,637,738,79,234,500,361,676,605","155,155,155,155,155,155,155,155,155,155",571
5452,108,"134,209,676,867,764,461,80,938,637,788","155,155,155,155,155,155,155,155,155,155",519
5139,108,"134,209,637,738,79,234,500,605,276,588","155,155,155,155,155,155,155,155,155,155",472
2840,108,"134,867,788,547,736,637,337,372,360,738","155,155,155,155,155,155,155,155,155,155",355
2905,108,"134,867,788,676,637,547,461,337,360,79","155,155,155,155,155,155,155,155,155,155",628
1538,108,"134,209,637,337,79,588,500,45,276,314","155,155,155,155,155,155,155,155,155,155",494
681,108,"134,209,637,738,337,360,463,372,676,461","155,155,155,155,155,155,155,155,155,155",514
2101,108,"134,209,637,337,938,178,867,463,461,831","155,155,155,155,155,155,155,155,155,155",574
5250,108,"134,867,676,199,3,80,278,831,111,527","155,155,155,155,155,155,155,155,155,155",338
2710,108,"134,867,788,676,178,209,764,547,199,3","155,155,155,155,155,155,155,155,155,155",520
3446,108,"134,867,788,547,676,637,360,337,79,372","155,155,155,155,155,155,155,155,155,155",519
1057,108,"134,209,676,867,764,461,80,938,529,178","155,155,155,155,155,155,155,155,155,155",543
671,108,"134,867,788,547,676,637,461,639,178,764","155,155,155,155,155,155,155,155,155,155",460
185,108,"134,867,676,199,3,568,352,552,946,278","155,155,155,155,155,169,170,63,174,155",720
622,108,"134,867,676,199,178,527,788,3,80,143","155,155,155,155,155,155,155,155,155,155",535
2367,108,"134,867,788,676,178,764,529,80,199,527","155,155,155,155,155,155,155,155,155,155",398
717,108,"134,209,637,738,605,234,599,623,769,183","155,155,155,155,155,155,155,155,155,155",461
5110,108,"134,209,676,867,764,529,938,372,637,337","155,155,155,155,155,155,155,155,155,155",349
2548,108,"134,209,637,337,676,79,463,461,372,646","155,155,155,155,155,155,155,155,155,155",228
5210,108,"134,209,637,738,337,360,234,605,547,361","155,155,155,155,155,155,155,155,155,155",523
2654,108,"134,867,788,547,676,637,461,209,337,527","155,155,155,155,155,155,155,155,155,155",541
5074,108,"134,209,637,738,79,234,500,652,361,605","155,155,155,155,155,155,155,155,155,155",553
4457,108,"134,867,788,676,637,360,209,547,461,372","155,155,155,155,155,155,155,155,155,155",690
1462,108,"134,209,637,738,337,360,234,605,547,646","155,155,155,155,155,155,155,155,155,155",554
1213,108,"134,209,637,738,79,500,605,276,234,45","155,155,155,155,155,155,155,155,155,155",644
1760,108,"134,867,788,676,178,209,764,547,199,736","155,155,155,155,155,155,155,155,155,155",600
1298,108,"134,209,637,337,360,461,372,547,788,867","155,155,155,155,155,155,155,155,155,155",430
2094,108,"676,867,178,199,529,788,683,143,36,776","155,155,155,155,155,155,127,155,44,267",537
3549,108,"134,209,637,337,938,178,867,463,788,461","155,155,155,155,155,155,155,155,155,155",633
5694,108,"134,867,676,199,3,552,80,831,178,36","155,155,155,155,155,63,155,155,155,44",606
112,108,"134,209,637,738,500,652,605,915,372,337","155,155,155,155,155,155,155,155,156,155,155",749
3791,108,"134,867,676,637,831,209,178,527,3,661","155,155,155,155,155,155,155,155,155,284",639
1269,108,"134,867,788,547,736,637,337,79,372,463","155,155,155,155,155,155,155,155,155,155",476
4216,108,"134,209,637,738,337,360,234,652,372,79","155,155,155,155,155,155,155,155,155,155",553
1837,108,"134,867,788,676,637,360,337,79,209,372","155,155,155,155,155,155,155,155,155,155",499
2380,108,"134,867,788,547,676,178,764,209,646,529","155,155,155,155,155,155,155,155,155,155",535
2786,108,"134,209,637,738,79,500,605,276,234,599","155,155,155,155,155,155,155,155,155,155",691
3513,108,"134,209,637,738,79,500,605,547,337,588","155,155,155,155,155,155,155,155,155,155",523
111,108,"134,209,637,738,79,234,360,337,500,547","155,155,155,155,155,155,155,155,155,155",598
4671,108,"134,209,637,738,79,500,605,588,234,45","155,155,155,155,155,155,155,155,155,155",553
1507,108,"134,209,637,738,79,234,360,337,463,461","155,155,155,155,155,155,155,155,155,155",634
3266,108,"134,867,788,676,178,209,764,199,529,143","155,155,155,155,155,155,155,155,155,155",579
3187,108,"134,209,637,738,79,234,360,337,500,547","155,155,155,155,155,155,155,155,155,155",374
5211,108,"134,209,637,738,79,234,500,361,764,80","155,155,155,155,155,155,155,155,155,155",541
2831,108,"134,209,637,337,938,178,867,676,831,3","155,155,155,155,155,155,155,155,155,155",513
2347,108,"134,867,788,676,178,209,764,199,529,143","155,155,155,155,155,155,155,155,155,155",555
5507,108,"134,209,637,738,79,500,605,547,676,314","155,155,155,155,155,155,155,155,155,155",519
5544,108,"134,209,637,738,915,463,337,461,360,831","155,155,155,155,155,156,155,155,155,155,155",720
2914,108,"134,867,676,199,3,80,278,831,111,527","155,155,155,155,155,155,155,155,155,155",559
5496,108,"134,867,676,199,178,788,529,3,831,80","155,155,155,155,155,155,155,155,155,155",530
1138,108,"134,209,637,738,79,234,500,361,676,605","155,155,155,155,155,155,155,155,155,155",535
4419,108,"134,209,637,738,79,234,360,337,500,547","155,155,155,155,155,155,155,155,155,155",627
3276,108,"134,867,788,547,676,637,360,372,337,209","155,155,155,155,155,155,155,155,155,155",569
1047,108,"134,209,637,738,500,652,605,915,676,234","155,155,155,155,155,155,155,155,156,155,155",782
2918,108,"134,209,637,738,79,500,605,547,337,588","155,155,155,155,155,155,155,155,155,155",634
1378,108,"134,867,788,676,637,547,461,337,831,209","155,155,155,155,155,155,155,155,155,155",588
1389,108,"134,867,676,199,178,788,529,3,209,637","155,155,155,155,155,155,155,155,155,155",618
4400,108,"134,209,637,738,79,234,500,361,764,676","155,155,155,155,155,155,155,155,155,155",654
565,108,"134,209,637,738,79,500,605,652,547,45","155,155,155,155,155,155,155,155,155,155",640
5627,108,"134,867,676,199,178,788,529,3,209,637","155,155,155,155,155,155,155,155,155,155",669
5456,108,"134,867,788,547,676,178,764,209,637,461","155,155,155,155,155,155,155,155,155,155",611
123,108,"134,867,788,547,736,676,178,209,764,143","155,155,155,155,155,155,155,155,155,155",466
3482,108,"134,867,676,637,831,178,788,199,646,764","155,155,155,155,155,155,155,155,155,155",547
6033,108,"134,867,676,199,178,527,552,831,80,337","155,155,155,155,155,155,63,155,155,155",661
5560,108,"134,867,676,637,831,209,178,527,552,834","155,155,155,155,155,155,155,155,63,36",616
4723,108,"134,209,676,867,178,788,143,938,646,637","155,155,155,155,155,155,155,155,155,155",498
1525,108,"134,867,676,199,3,178,529,463,80,831","155,155,155,155,155,155,155,155,155,155",600
3854,108,"134,867,788,547,676,178,764,199,143,736","155,155,155,155,155,155,155,155,155,155",544
184,108,"134,209,637,738,79,234,360,652,500,461","155,155,155,155,155,155,155,155,155,155",645
1025,108,"134,867,788,676,178,209,764,547,199,736","155,155,155,155,155,155,155,155,155,155",535
4422,108,"134,209,637,738,79,500,605,276,234,45","155,155,155,155,155,155,155,155,155,155",374
2100,108,"134,867,788,676,637,547,178,527,764,461","155,155,155,155,155,155,155,155,155,155",371
2034,108,"134,867,676,199,178,527,552,831,360,80","155,155,155,155,155,155,63,155,155,155",485
1554,108,"134,209,637,738,79,234,500,361,676,646","155,155,155,155,155,155,155,155,155,155",612
3938,108,"134,209,637,738,337,360,234,605,79,698","155,155,155,155,155,155,155,155,155,176",688
3315,108,"134,867,788,547,676,178,764,552,527,661","155,155,155,155,155,155,155,63,155,284",541
966,108,"134,867,788,676,637,547,461,337,831,209","155,155,155,155,155,155,155,155,155,155",510
4238,108,"134,867,788,676,178,209,764,547,199,3","155,155,155,155,155,155,155,155,155,155",521
3693,108,"134,209,637,738,337,463,461,529,372,360","155,155,155,155,155,155,155,155,155,155",463
1674,108,"134,867,788,676,178,209,637,337,360,938","155,155,155,155,155,155,155,155,155,155",640
4816,108,"134,209,637,738,500,605,276,234,599,337","155,155,155,155,155,155,155,155,155,155",550
4352,108,"134,867,676,199,178,788,529,209,764,143","155,155,155,155,155,155,155,155,155,155",535
2677,108,"134,209,676,867,178,199,568,83,527,80","155,155,155,155,155,155,169,126,155,155",796
3486,108,"134,209,637,738,500,605,276,234,599,588","155,155,155,155,155,155,155,155,155,155",702
796,108,"134,209,637,337,360,79,676,234,738,605","155,155,155,155,155,155,155,155,155,155",635
5561,108,"134,209,637,738,79,605,588,234,45,736","155,155,155,155,155,155,155,155,155,155",509
2917,108,"134,209,676,867,764,529,199,80,683,178","155,155,155,155,155,155,155,155,127,155",519
4277,108,"134,209,637,738,79,234,360,337,500,547","155,155,155,155,155,155,155,155,155,155",563
444,108,"134,209,637,738,79,500,605,547,676,314","155,155,155,155,155,155,155,155,155,155",526
2078,108,"134,209,637,738,79,234,500,361,676,605","155,155,155,155,155,155,155,155,155,155",516
2781,108,"134,209,637,738,79,500,605,588,234,45","155,155,155,155,155,155,155,155,155,155",555
1503,108,"134,209,637,738,79,500,605,588,276,234","155,155,155,155,155,155,155,155,155,155",553
2961,108,"134,867,788,547,736,637,337,372,360,738","155,155,155,155,155,155,155,155,155,155",678
2627,108,"134,209,637,337,360,79,676,234,738,698","155,155,155,155,155,155,155,155,155,176",689
4492,108,"134,867,788,676,178,209,637,337,360,463","155,155,155,155,155,155,155,155,155,155",531
4858,108,"134,209,637,738,337,463,461,529,372,676","155,155,155,155,155,155,155,155,155,155",594
1041,108,"134,209,637,738,79,500,605,276,234,599","155,155,155,155,155,155,155,155,155,155",669
987,108,"134,867,676,199,178,788,529,3,322,42","155,155,155,155,155,155,155,155,175,176",690
432,108,"134,209,637,738,79,234,360,372,337,463","155,155,155,155,155,155,155,155,155,155",507
970,108,"134,209,637,738,79,234,500,676,605,588","155,155,155,155,155,155,155,155,155,155",394
6147,108,"134,209,637,738,79,500,605,547,337,588","155,155,155,155,155,155,155,155,155,155",576
1709,108,"134,209,637,738,500,652,605,915,372,337","155,155,155,155,155,155,155,155,156,155,155",682
4088,108,"134,209,676,867,764,461,80,938,529,178","155,155,155,155,155,155,155,155,155,155",479
5126,108,"134,867,676,199,3,178,527,831,214,143","155,155,155,155,155,155,155,155,127,155",498
464,108,"134,209,676,867,178,199,938,831,527,360","155,155,155,155,155,155,155,155,155,155",608
4325,108,"134,867,788,676,178,209,637,831,3,529","155,155,155,155,155,155,155,155,155,155",571
2211,108,"134,867,788,547,676,637,360,337,372,915","155,155,155,155,155,155,155,155,155,155,156",717
2618,108,"134,209,637,738,337,360,234,736,372,461","155,155,155,155,155,155,155,155,155,155",586
4940,108,"134,209,637,738,337,360,234,736,372,461","155,155,155,155,155,155,155,155,155,155",601
1823,108,"134,209,637,738,79,500,605,276,234,599","155,155,155,155,155,155,155,155,155,155",612
2795,108,"134,209,637,738,79,234,500,361,676,605","155,155,155,155,155,155,155,155,155,155",510
2949,108,"134,209,637,738,337,360,234,605,547,646","155,155,155,155,155,155,155,155,155,155",600
4827,108,"134,209,637,738,79,500,605,276,234,45","155,155,155,155,155,155,155,155,155,155",412
1788,108,"61,377,915,208,471,702,899,583,812,648","168,155,155,156,169,176,176,169,3,181,181",187
3462,108,"134,867,788,547,676,637,360,337,79,372","155,155,155,155,155,155,155,155,155,155",539
2322,108,"134,209,637,337,938,178,867,676,461,788","155,155,155,155,155,155,155,155,155,155",693
248,108,"134,209,637,738,79,234,500,361,764,80","155,155,155,155,155,155,155,155,155,155",612
4017,108,"134,209,676,867,764,529,199,80,683,278","155,155,155,155,155,155,155,155,127,155",519
767,108,"134,209,637,738,79,500,605,547,676,314","155,155,155,155,155,155,155,155,155,155",582
4698,108,"134,209,637,738,79,234,500,652,361,764","155,155,155,155,155,155,155,155,155,155",553
35,108,"134,867,676,199,3,552,83,170,214,716","155,155,155,155,155,63,126,39,127,117",620
2148,108,"134,209,676,867,764,529,199,788,547,461","155,155,155,155,155,155,155,155,155,155",520
5579,108,"134,867,676,637,831,178,552,3,661,36","155,155,155,155,155,155,63,155,284,44",585
5580,108,"134,209,637,738,337,360,234,605,79,500","155,155,155,155,155,155,155,155,155,155",608
1109,108,"134,867,788,547,676,178,764,199,143,736","155,155,155,155,155,155,155,155,155,155",555
2923,108,"134,209,676,360,337,79,652,234,461,372","155,155,155,155,155,155,155,155,155,155",669
1172,108,"134,209,637,738,79,234,360,337,463,461","155,155,155,155,155,155,155,155,155,155",506
714,108,"134,867,788,547,676,178,764,199,3,143","155,155,155,155,155,155,155,155,155,155",380
5558,108,"134,867,676,199,3,552,80,661,278,527","155,155,155,155,155,63,155,284,155,155",561
3945,108,"134,867,788,676,178,209,637,831,3,529","155,155,155,155,155,155,155,155,155,155",582
730,108,"134,209,637,738,79,234,500,361,764,676","155,155,155,155,155,155,155,155,155,155",572
3475,108,"134,867,676,199,3,80,83,527,278,583","155,155,155,155,155,155,126,155,155,3",547
932,108,"676,360,461,831,738,79,547,915,764,80","155,155,155,155,155,155,155,155,156,155,155",568
2062,108,"134,867,676,637,831,178,788,199,80,278","155,155,155,155,155,155,155,155,155,155",380
3456,108,"134,209,637,738,79,500,605,234,276,588","155,155,155,155,155,155,155,155,155,155",545
1046,108,"134,867,788,547,736,637,337,79,45,605","155,155,155,155,155,155,155,155,155,155",401
2726,108,"134,209,637,738,79,500,605,234,45,276","155,155,155,155,155,155,155,155,155,155",546
3852,108,"134,209,637,337,360,461,372,547,788,867","155,155,155,155,155,155,155,155,155,155",531
5016,108,"676,867,788,461,178,529,646,764,143,736","155,155,155,155,155,155,155,155,155,155",264
3507,109,"134,209,676,867,764,461,337,234,372,637","155,155,155,155,155,155,155,155,155,155",531
5784,109,"134,867,676,199,178,788,529,3,831,80","155,155,155,155,155,155,155,155,155,155",490
5424,109,"134,209,637,337,360,79,676,938,372,463","155,155,155,155,155,155,155,155,155,155",535
5481,109,"134,209,637,337,360,79,652,372,676,463","155,155,155,155,155,155,155,155,155,155",553
4511,109,"134,867,788,676,637,547,178,461,209,337","155,155,155,155,155,155,155,155,155,155",612
5430,109,"134,209,637,738,79,234,500,361,764,676","155,155,155,155,155,155,155,155,155,155",546
2873,109,"134,209,637,738,79,500,605,234,45,276","155,155,155,155,155,155,155,155,155,155",477
1235,109,"134,209,676,360,337,79,372,234,588,738","155,155,155,155,155,155,155,155,155,155",494
4355,109,"134,209,637,738,79,500,605,234,276,588","155,155,155,155,155,155,155,155,155,155",586
3184,109,"134,209,637,738,79,234,500,361,764,676","155,155,155,155,155,155,155,155,155,155",535
2179,109,"134,209,637,738,79,234,360,372,337,463","155,155,155,155,155,155,155,155,155,155",352
3210,109,"134,209,637,738,79,500,605,276,234,599","155,155,155,155,155,155,155,155,155,155",544
4486,109,"134,867,676,637,209,337,360,79,738,463","155,155,155,155,155,155,155,155,155,155",519
633,109,"134,209,637,738,79,500,605,276,234,599","155,155,155,155,155,155,155,155,155,155",508
1430,109,"360,461,646,80,831,683,314,738,926,111","155,155,155,155,155,127,155,155,155,155",412
1133,109,"134,867,676,199,178,527,831,80,583,834","155,155,155,155,155,155,155,155,3,36",361
5148,109,"134,209,676,867,178,199,938,831,639,80","155,155,155,155,155,155,155,155,155,155",556
64,109,"134,867,788,547,676,637,461,209,764,360","155,155,155,155,155,155,155,155,155,155",494
5501,109,"134,209,637,738,79,234,500,361,764,676","155,155,155,155,155,155,155,155,155,155",463
1584,109,"134,867,676,199,3,80,83,214,264,335","155,155,155,155,155,155,126,127,220,195",413
3104,109,"134,209,676,867,764,461,337,234,738,605","155,155,155,155,155,155,155,155,155,155",363
729,109,"134,867,788,676,178,764,527,199,583,834","155,155,155,155,155,155,155,155,3,36",346
4554,109,"134,209,637,738,79,500,605,652,547,764","155,155,155,155,155,155,155,155,155,155",569
2626,109,"134,867,788,547,736,637,337,79,360,738","155,155,155,155,155,155,155,155,155,155",628
2261,109,"134,867,676,199,3,178,527,552,83,214","155,155,155,155,155,155,155,63,126,127",641
5528,109,"134,209,637,738,79,234,500,652,361,605","155,155,155,155,155,155,155,155,155,155",553
5711,109,"134,209,637,337,938,461,360,738,79,652","155,155,155,155,155,155,155,155,155,155",553
2466,109,"134,209,637,738,337,360,234,736,372,79","155,155,155,155,155,155,155,155,155,155",375
145,109,"134,209,637,738,337,360,234,605,547,646","155,155,155,155,155,155,155,155,155,155",500
5860,109,"134,867,788,676,178,764,527,831,80,143","155,155,155,155,155,155,155,155,155,155",354
5493,109,"134,867,788,547,736,676,637,360,79,234","155,155,155,155,155,155,155,155,155,155",544
3202,109,"134,867,676,637,831,178,552,278,527,42","155,155,155,155,155,155,63,155,155,176",669
541,109,"134,209,637,738,337,463,360,547,461,646","155,155,155,155,155,155,155,155,155,155",528
2883,109,"134,209,637,738,79,500,605,588,234,45","155,155,155,155,155,155,155,155,155,155",389
1595,109,"134,209,637,738,337,463,461,178,529,938","155,155,155,155,155,155,155,155,155,155",500
4837,109,"134,209,637,738,337,463,461,178,529,867","155,155,155,155,155,155,155,155,155,155",464
5610,109,"134,867,676,199,3,552,36,330,214,776","155,155,155,155,155,63,44,300,127,267",653
66,109,"134,867,676,199,178,788,529,209,637,938","155,155,155,155,155,155,155,155,155,155",653
5436,109,"134,209,676,867,178,788,143,199,938,764","155,155,155,155,155,155,155,155,155,155",547
2737,109,"134,867,676,199,178,788,209,764,143,529","155,155,155,155,155,155,155,155,155,155",535
573,109,"134,867,676,199,3,178,529,463,209,831","155,155,155,155,155,155,155,155,155,155",547
1670,109,"134,209,637,738,79,234,360,652,500,461","155,155,155,155,155,155,155,155,155,155",644
5744,109,"134,867,788,547,676,637,360,337,79,372","155,155,155,155,155,155,155,155,155,155",586
1223,109,"134,209,676,360,337,79,372,234,738,45","155,155,155,155,155,155,155,155,155,155",400
376,109,"676,867,178,529,788,646,461,143,199,764","155,155,155,155,155,155,155,155,155,155",412
2837,109,"134,209,637,738,79,500,605,547,337,588","155,155,155,155,155,155,155,155,155,155",538
2931,109,"134,788,646,637,831,337,461,80,360,209","155,155,155,155,155,155,155,155,155,155",461
1374,109,"134,209,637,337,360,79,652,372,676,463","155,155,155,155,155,155,155,155,155,155",553
2938,109,"134,867,676,199,3,178,527,83,214,776","155,155,155,155,155,155,155,126,127,267",535
1563,109,"134,209,637,738,79,500,605,276,234,599","155,155,155,155,155,155,155,155,155,155",519
3981,109,"134,209,637,337,938,178,80,831,314,764","155,155,155,155,155,155,155,155,155,155",520
1993,109,"134,209,676,867,764,529,199,788,178,80","155,155,155,155,155,155,155,155,155,155",540
4228,109,"134,209,637,738,79,234,500,361,676,605","155,155,155,155,155,155,155,155,155,155",549
934,109,"134,209,637,738,337,360,234,736,372,461","155,155,155,155,155,155,155,155,155,155",577
449,109,"134,867,788,676,178,764,527,831,80,938","155,155,155,155,155,155,155,155,155,155",541
944,109,"134,209,637,738,79,500,605,276,234,599","155,155,155,155,155,155,155,155,155,155",447
3243,109,"134,867,788,547,736,637,337,79,360,738","155,155,155,155,155,155,155,155,155,155",553
889,109,"134,209,637,738,337,360,234,736,372,461","155,155,155,155,155,155,155,155,155,155",519
3540,109,"134,209,637,337,360,79,676,938,372,461","155,155,155,155,155,155,155,155,155,155",553
2861,109,"134,209,637,738,79,500,605,276,234,588","155,155,155,155,155,155,155,155,155,155",412
4748,109,"134,209,637,738,79,500,605,234,276,599","155,155,155,155,155,155,155,155,155,155",521
3532,109,"134,209,637,738,337,360,234,605,547,646","155,155,155,155,155,155,155,155,155,155",528
1764,109,"134,209,637,738,79,234,500,361,764,676","155,155,155,155,155,155,155,155,155,155",541
1614,109,"134,209,637,738,79,234,500,361,676,605","155,155,155,155,155,155,155,155,155,155",571
5452,109,"134,209,676,867,764,461,80,938,637,788","155,155,155,155,155,155,155,155,155,155",519
5139,109,"134,209,637,738,79,234,500,605,276,588","155,155,155,155,155,155,155,155,155,155",472
2840,109,"134,867,788,547,736,637,337,372,360,738","155,155,155,155,155,155,155,155,155,155",355
2905,109,"134,867,788,676,637,547,461,337,360,79","155,155,155,155,155,155,155,155,155,155",628
1538,109,"134,209,637,337,79,588,500,45,276,314","155,155,155,155,155,155,155,155,155,155",494
681,109,"134,209,637,738,337,360,463,372,676,461","155,155,155,155,155,155,155,155,155,155",514
2101,109,"134,209,637,337,938,178,867,463,461,831","155,155,155,155,155,155,155,155,155,155",574
5250,109,"134,867,676,199,3,80,278,831,111,527","155,155,155,155,155,155,155,155,155,155",338
2710,109,"134,867,788,676,178,209,764,547,199,3","155,155,155,155,155,155,155,155,155,155",520
3446,109,"134,867,788,547,676,637,360,337,79,372","155,155,155,155,155,155,155,155,155,155",519
1057,109,"134,209,676,867,764,461,80,938,529,178","155,155,155,155,155,155,155,155,155,155",543
671,109,"134,867,788,547,676,637,461,639,178,764","155,155,155,155,155,155,155,155,155,155",460
185,109,"134,867,676,199,3,568,352,552,946,278","155,155,155,155,155,169,170,63,174,155",720
622,109,"134,867,676,199,178,527,788,3,80,143","155,155,155,155,155,155,155,155,155,155",535
2367,109,"134,867,788,676,178,764,529,80,199,527","155,155,155,155,155,155,155,155,155,155",398
717,109,"134,209,637,738,605,234,599,623,769,183","155,155,155,155,155,155,155,155,155,155",461
5110,109,"134,209,676,867,764,529,938,372,637,337","155,155,155,155,155,155,155,155,155,155",349
2548,109,"134,209,637,337,676,79,463,461,372,646","155,155,155,155,155,155,155,155,155,155",228
5210,109,"134,209,637,738,337,360,234,605,547,361","155,155,155,155,155,155,155,155,155,155",523
2654,109,"134,867,788,547,676,637,461,209,337,527","155,155,155,155,155,155,155,155,155,155",541
5074,109,"134,209,637,738,79,234,500,652,361,605","155,155,155,155,155,155,155,155,155,155",553
4457,109,"134,867,788,676,637,360,209,547,461,372","155,155,155,155,155,155,155,155,155,155",690
1462,109,"134,209,637,738,337,360,234,605,547,646","155,155,155,155,155,155,155,155,155,155",554
1213,109,"134,209,637,738,79,500,605,276,234,45","155,155,155,155,155,155,155,155,155,155",644
1760,109,"134,867,788,676,178,209,764,547,199,736","155,155,155,155,155,155,155,155,155,155",600
1298,109,"134,209,637,337,360,461,372,547,788,867","155,155,155,155,155,155,155,155,155,155",430
2094,109,"676,867,178,199,529,788,683,143,36,776","155,155,155,155,155,155,127,155,44,267",537
3549,109,"134,209,637,337,938,178,867,463,788,461","155,155,155,155,155,155,155,155,155,155",633
5694,109,"134,867,676,199,3,552,80,831,178,36","155,155,155,155,155,63,155,155,155,44",606
112,109,"134,209,637,738,500,652,605,915,372,337","155,155,155,155,155,155,155,155,156,155,155",749
3791,109,"134,867,676,637,831,209,178,527,3,661","155,155,155,155,155,155,155,155,155,284",639
1269,109,"134,867,788,547,736,637,337,79,372,463","155,155,155,155,155,155,155,155,155,155",476
4216,109,"134,209,637,738,337,360,234,652,372,79","155,155,155,155,155,155,155,155,155,155",553
1837,109,"134,867,788,676,637,360,337,79,209,372","155,155,155,155,155,155,155,155,155,155",499
2380,109,"134,867,788,547,676,178,764,209,646,529","155,155,155,155,155,155,155,155,155,155",535
2786,109,"134,209,637,738,79,500,605,276,234,599","155,155,155,155,155,155,155,155,155,155",691
3513,109,"134,209,637,738,79,500,605,547,337,588","155,155,155,155,155,155,155,155,155,155",523
111,109,"134,209,637,738,79,234,360,337,500,547","155,155,155,155,155,155,155,155,155,155",598
4671,109,"134,209,637,738,79,500,605,588,234,45","155,155,155,155,155,155,155,155,155,155",553
1507,109,"134,209,637,738,79,234,360,337,463,461","155,155,155,155,155,155,155,155,155,155",634
3266,109,"134,867,788,676,178,209,764,199,529,143","155,155,155,155,155,155,155,155,155,155",579
3187,109,"134,209,637,738,79,234,360,337,500,547","155,155,155,155,155,155,155,155,155,155",374
5211,109,"134,209,637,738,79,234,500,361,764,80","155,155,155,155,155,155,155,155,155,155",541
2831,109,"134,209,637,337,938,178,867,676,831,3","155,155,155,155,155,155,155,155,155,155",513
2347,109,"134,867,788,676,178,209,764,199,529,143","155,155,155,155,155,155,155,155,155,155",555
5507,109,"134,209,637,738,79,500,605,547,676,314","155,155,155,155,155,155,155,155,155,155",519
5544,109,"134,209,637,738,915,463,337,461,360,831","155,155,155,155,155,156,155,155,155,155,155",720
2914,109,"134,867,676,199,3,80,278,831,111,527","155,155,155,155,155,155,155,155,155,155",559
5496,109,"134,867,676,199,178,788,529,3,831,80","155,155,155,155,155,155,155,155,155,155",530
1138,109,"134,209,637,738,79,234,500,361,676,605","155,155,155,155,155,155,155,155,155,155",535
4419,109,"134,209,637,738,79,234,360,337,500,547","155,155,155,155,155,155,155,155,155,155",627
3276,109,"134,867,788,547,676,637,360,372,337,209","155,155,155,155,155,155,155,155,155,155",569
1047,109,"134,209,637,738,500,652,605,915,676,234","155,155,155,155,155,155,155,155,156,155,155",782
2918,109,"134,209,637,738,79,500,605,547,337,588","155,155,155,155,155,155,155,155,155,155",634
1378,109,"134,867,788,676,637,547,461,337,831,209","155,155,155,155,155,155,155,155,155,155",588
1389,109,"134,867,676,199,178,788,529,3,209,637","155,155,155,155,155,155,155,155,155,155",618
4400,109,"134,209,637,738,79,234,500,361,764,676","155,155,155,155,155,155,155,155,155,155",654
565,109,"134,209,637,738,79,500,605,652,547,45","155,155,155,155,155,155,155,155,155,155",640
5627,109,"134,867,676,199,178,788,529,3,209,637","155,155,155,155,155,155,155,155,155,155",669
5456,109,"134,867,788,547,676,178,764,209,637,461","155,155,155,155,155,155,155,155,155,155",611
123,109,"134,867,788,547,736,676,178,209,764,143","155,155,155,155,155,155,155,155,155,155",466
3482,109,"134,867,676,637,831,178,788,199,646,764","155,155,155,155,155,155,155,155,155,155",547
6033,109,"134,867,676,199,178,527,552,831,80,337","155,155,155,155,155,155,63,155,155,155",661
5560,109,"134,867,676,637,831,209,178,527,552,834","155,155,155,155,155,155,155,155,63,36",616
4723,109,"134,209,676,867,178,788,143,938,646,637","155,155,155,155,155,155,155,155,155,155",498
1525,109,"134,867,676,199,3,178,529,463,80,831","155,155,155,155,155,155,155,155,155,155",600
3854,109,"134,867,788,547,676,178,764,199,143,736","155,155,155,155,155,155,155,155,155,155",544
184,109,"134,209,637,738,79,234,360,652,500,461","155,155,155,155,155,155,155,155,155,155",645
1025,109,"134,867,788,676,178,209,764,547,199,736","155,155,155,155,155,155,155,155,155,155",535
4422,109,"134,209,637,738,79,500,605,276,234,45","155,155,155,155,155,155,155,155,155,155",374
2100,109,"134,867,788,676,637,547,178,527,764,461","155,155,155,155,155,155,155,155,155,155",371
2034,109,"134,867,676,199,178,527,552,831,360,80","155,155,155,155,155,155,63,155,155,155",485
1554,109,"134,209,637,738,79,234,500,361,676,646","155,155,155,155,155,155,155,155,155,155",612
3938,109,"134,209,637,738,337,360,234,605,79,698","155,155,155,155,155,155,155,155,155,176",688
3315,109,"134,867,788,547,676,178,764,552,527,661","155,155,155,155,155,155,155,63,155,284",541
966,109,"134,867,788,676,637,547,461,337,831,209","155,155,155,155,155,155,155,155,155,155",510
4238,109,"134,867,788,676,178,209,764,547,199,3","155,155,155,155,155,155,155,155,155,155",521
3693,109,"134,209,637,738,337,463,461,529,372,360","155,155,155,155,155,155,155,155,155,155",463
1674,109,"134,867,788,676,178,209,637,337,360,938","155,155,155,155,155,155,155,155,155,155",640
4816,109,"134,209,637,738,500,605,276,234,599,337","155,155,155,155,155,155,155,155,155,155",550
4352,109,"134,867,676,199,178,788,529,209,764,143","155,155,155,155,155,155,155,155,155,155",535
2677,109,"134,209,676,867,178,199,568,83,527,80","155,155,155,155,155,155,169,126,155,155",796
3486,109,"134,209,637,738,500,605,276,234,599,588","155,155,155,155,155,155,155,155,155,155",702
796,109,"134,209,637,337,360,79,676,234,738,605","155,155,155,155,155,155,155,155,155,155",635
5561,109,"134,209,637,738,79,605,588,234,45,736","155,155,155,155,155,155,155,155,155,155",509
2917,109,"134,209,676,867,764,529,199,80,683,178","155,155,155,155,155,155,155,155,127,155",519
4277,109,"134,209,637,738,79,234,360,337,500,547","155,155,155,155,155,155,155,155,155,155",563
444,109,"134,209,637,738,79,500,605,547,676,314","155,155,155,155,155,155,155,155,155,155",526
2078,109,"134,209,637,738,79,234,500,361,676,605","155,155,155,155,155,155,155,155,155,155",516
2781,109,"134,209,637,738,79,500,605,588,234,45","155,155,155,155,155,155,155,155,155,155",555
1503,109,"134,209,637,738,79,500,605,588,276,234","155,155,155,155,155,155,155,155,155,155",553
2961,109,"134,867,788,547,736,637,337,372,360,738","155,155,155,155,155,155,155,155,155,155",678
2627,109,"134,209,637,337,360,79,676,234,738,698","155,155,155,155,155,155,155,155,155,176",689
4492,109,"134,867,788,676,178,209,637,337,360,463","155,155,155,155,155,155,155,155,155,155",531
4858,109,"134,209,637,738,337,463,461,529,372,676","155,155,155,155,155,155,155,155,155,155",594
1041,109,"134,209,637,738,79,500,605,276,234,599","155,155,155,155,155,155,155,155,155,155",669
987,109,"134,867,676,199,178,788,529,3,322,42","155,155,155,155,155,155,155,155,175,176",690
432,109,"134,209,637,738,79,234,360,372,337,463","155,155,155,155,155,155,155,155,155,155",507
970,109,"134,209,637,738,79,234,500,676,605,588","155,155,155,155,155,155,155,155,155,155",394
6147,109,"134,209,637,738,79,500,605,547,337,588","155,155,155,155,155,155,155,155,155,155",576
1709,109,"134,209,637,738,500,652,605,915,372,337","155,155,155,155,155,155,155,155,156,155,155",682
4088,109,"134,209,676,867,764,461,80,938,529,178","155,155,155,155,155,155,155,155,155,155",479
5126,109,"134,867,676,199,3,178,527,831,214,143","155,155,155,155,155,155,155,155,127,155",498
464,109,"134,209,676,867,178,199,938,831,527,360","155,155,155,155,155,155,155,155,155,155",608
4325,109,"134,867,788,676,178,209,637,831,3,529","155,155,155,155,155,155,155,155,155,155",571
2211,109,"134,867,788,547,676,637,360,337,372,915","155,155,155,155,155,155,155,155,155,155,156",717
2618,109,"134,209,637,738,337,360,234,736,372,461","155,155,155,155,155,155,155,155,155,155",586
4940,109,"134,209,637,738,337,360,234,736,372,461","155,155,155,155,155,155,155,155,155,155",601
1823,109,"134,209,637,738,79,500,605,276,234,599","155,155,155,155,155,155,155,155,155,155",612
2795,109,"134,209,637,738,79,234,500,361,676,605","155,155,155,155,155,155,155,155,155,155",510
2949,109,"134,209,637,738,337,360,234,605,547,646","155,155,155,155,155,155,155,155,155,155",600
4827,109,"134,209,637,738,79,500,605,276,234,45","155,155,155,155,155,155,155,155,155,155",412
1788,109,"61,377,915,208,471,702,899,583,812,648","168,155,155,156,169,176,176,169,3,181,181",187
3462,109,"134,867,788,547,676,637,360,337,79,372","155,155,155,155,155,155,155,155,155,155",539
2322,109,"134,209,637,337,938,178,867,676,461,788","155,155,155,155,155,155,155,155,155,155",693
248,109,"134,209,637,738,79,234,500,361,764,80","155,155,155,155,155,155,155,155,155,155",612
4017,109,"134,209,676,867,764,529,199,80,683,278","155,155,155,155,155,155,155,155,127,155",519
767,109,"134,209,637,738,79,500,605,547,676,314","155,155,155,155,155,155,155,155,155,155",582
4698,109,"134,209,637,738,79,234,500,652,361,764","155,155,155,155,155,155,155,155,155,155",553
35,109,"134,867,676,199,3,552,83,170,214,716","155,155,155,155,155,63,126,39,127,117",620
2148,109,"134,209,676,867,764,529,199,788,547,461","155,155,155,155,155,155,155,155,155,155",520
5579,109,"134,867,676,637,831,178,552,3,661,36","155,155,155,155,155,155,63,155,284,44",585
5580,109,"134,209,637,738,337,360,234,605,79,500","155,155,155,155,155,155,155,155,155,155",608
1109,109,"134,867,788,547,676,178,764,199,143,736","155,155,155,155,155,155,155,155,155,155",555
2923,109,"134,209,676,360,337,79,652,234,461,372","155,155,155,155,155,155,155,155,155,155",669
1172,109,"134,209,637,738,79,234,360,337,463,461","155,155,155,155,155,155,155,155,155,155",506
714,109,"134,867,788,547,676,178,764,199,3,143","155,155,155,155,155,155,155,155,155,155",380
5558,109,"134,867,676,199,3,552,80,661,278,527","155,155,155,155,155,63,155,284,155,155",561
3945,109,"134,867,788,676,178,209,637,831,3,529","155,155,155,155,155,155,155,155,155,155",582
730,109,"134,209,637,738,79,234,500,361,764,676","155,155,155,155,155,155,155,155,155,155",572
3475,109,"134,867,676,199,3,80,83,527,278,583","155,155,155,155,155,155,126,155,155,3",547
932,109,"676,360,461,831,738,79,547,915,764,80","155,155,155,155,155,155,155,155,156,155,155",568
2062,109,"134,867,676,637,831,178,788,199,80,278","155,155,155,155,155,155,155,155,155,155",380
3456,109,"134,209,637,738,79,500,605,234,276,588","155,155,155,155,155,155,155,155,155,155",545
1046,109,"134,867,788,547,736,637,337,79,45,605","155,155,155,155,155,155,155,155,155,155",401
2726,109,"134,209,637,738,79,500,605,234,45,276","155,155,155,155,155,155,155,155,155,155",546
3852,109,"134,209,637,337,360,461,372,547,788,867","155,155,155,155,155,155,155,155,155,155",531
5016,109,"676,867,788,461,178,529,646,764,143,736","155,155,155,155,155,155,155,155,155,155",264
