user_id,seed,sampled_q_ids,sampled_subject_ids,student_total_questions
4540,100,"134,637,360,79,234,276,599,361,463,311","155,155,155,155,155,155,155,155,155,155",251
3507,100,"134,372,938,45,111,183,143,281,460,639","155,155,155,155,155,155,155,155,155,155",531
4932,100,"209,637,463,938,461,867,529,178,646,683","155,155,155,155,155,155,155,155,155,127",471
5784,100,"134,676,80,764,738,527,314,460,281,926","155,155,155,155,155,155,155,155,155,155",490
5424,100,"134,209,337,738,372,676,788,143,831,80","155,155,155,155,155,155,155,155,155,155",535
5481,100,"637,867,831,360,463,199,527,111,311,809","155,155,155,155,155,155,155,155,155,155",553
4511,100,"938,337,461,646,831,738,547,111,500,529","155,155,155,155,155,155,155,155,155,155",612
5430,100,"134,637,337,372,676,646,755,278,517,238","155,155,155,155,155,155,155,155,155,155",546
2873,100,"134,463,372,234,738,311,238,281,628,143","155,155,155,155,155,155,155,155,155,155",477
1235,100,"209,867,461,463,764,736,639,700,436,157","155,155,155,155,155,155,155,219,156,163",494
4355,100,"463,867,788,831,547,652,500,650,769,281","155,155,155,155,155,155,155,155,155,155",586
3184,100,"676,867,372,738,238,736,460,809,683,700","155,155,155,155,155,155,155,155,127,219",535
2179,100,"134,463,360,547,676,831,311,588,646,938","155,155,155,155,155,155,155,155,155,155",352
3210,100,"637,676,360,79,500,276,769,361,242,639","155,155,155,155,155,155,155,155,155,155",544
3735,100,"637,463,738,79,311,599,80,238,831,278","155,155,155,155,155,155,155,155,155,155",289
4486,100,"938,360,461,646,755,588,111,867,143,3","155,155,155,155,155,155,155,155,155,155",519
574,100,"134,637,938,736,588,605,314,460,769,755","155,155,155,155,155,155,155,155,155,155",483
633,100,"637,676,463,938,646,831,755,143,605,769","155,155,155,155,155,155,155,155,155,155",508
1133,100,"134,867,676,178,527,583,834,795,436,372","155,155,155,155,155,3,36,156,156,155",361
5148,100,"134,360,938,529,764,683,646,809,795,436","155,155,155,155,155,127,155,155,156,156",556
64,100,"134,676,637,80,764,209,463,372,683,45","155,155,155,155,155,155,155,155,127,155",494
5501,100,"134,360,676,79,738,234,500,111,183,529","155,155,155,155,155,155,155,155,155,155",463
1584,100,"676,867,178,3,83,264,214,335,834,111","155,155,155,155,126,220,127,195,36,155",413
729,100,"360,461,3,80,527,639,111,281,436,583","155,155,155,155,155,155,155,155,156,3",346
3759,100,"134,637,360,234,500,276,183,678,278,754","155,155,155,155,155,155,155,155,155,155",437
3009,100,"637,461,646,788,738,547,769,764,238,926","155,155,155,155,155,155,155,155,155,155",516
4554,100,"209,360,461,646,736,926,183,276,788,764","155,155,155,155,155,155,155,155,155,155",569
2626,100,"209,337,738,234,80,755,311,183,143,529","155,155,155,155,155,155,155,155,155,155",628
2261,100,"209,360,867,646,199,463,788,683,795,809","155,155,155,155,155,155,155,127,156,155",641
3610,100,"676,788,463,3,831,314,460,527,809,683","155,155,155,155,155,155,155,155,155,127",600
5528,100,"134,938,337,738,605,628,242,547,926,788","155,155,155,155,155,155,155,155,155,155",553
5711,100,"938,337,372,80,646,143,738,234,755,831","155,155,155,155,155,155,155,155,155,155",553
2930,100,"134,637,461,831,361,80,517,311,769,111","155,155,155,155,155,155,155,155,155,155",293
145,100,"134,337,867,183,605,311,281,199,926,809","155,155,155,155,155,155,155,155,155,155",500
5860,100,"209,637,831,79,111,867,736,143,926,183","155,155,155,155,155,155,155,155,155,155",354
5493,100,"637,463,80,646,547,588,529,764,111,183","155,155,155,155,155,155,155,155,155,155",544
1509,100,"637,676,360,698,463,79,234,771,678,623","155,155,155,176,155,155,155,176,155,155",594
3202,100,"938,178,199,36,111,360,683,639,552,372","155,155,155,44,155,155,127,155,63,155",669
541,100,"637,461,938,372,867,80,547,788,736,143","155,155,155,155,155,155,155,155,155,155",528
1595,100,"938,646,199,111,736,460,314,281,809,700","155,155,155,155,155,155,155,155,155,219",500
4837,100,"209,360,463,178,529,143,831,314,683,639","155,155,155,155,155,155,155,155,127,155",464
5610,100,"867,529,111,143,527,238,738,281,314,683","155,155,155,155,155,155,155,155,155,127",653
66,100,"134,788,209,938,3,463,527,314,683,926","155,155,155,155,155,155,155,155,127,155",653
4215,100,"372,460,547,3,764,361,281,45,314,683","155,155,155,155,155,155,155,155,155,127",415
5436,100,"676,867,80,788,646,764,938,436,683,281","155,155,155,155,155,155,155,156,127,155",547
2737,100,"134,867,178,209,788,527,736,639,314,683","155,155,155,155,155,155,155,155,155,127",535
573,100,"209,676,831,938,436,3,547,639,809,738","155,155,155,155,156,155,155,155,155,155",547
1670,100,"676,938,463,337,360,372,234,646,111,500","155,155,155,155,155,155,155,155,155,155",644
5744,100,"360,372,646,517,311,755,402,736,460,111","155,155,155,155,155,155,155,155,155,155",586
1223,100,"134,637,372,676,769,111,281,764,314,3","155,155,155,155,155,155,155,155,155,155",400
2837,100,"676,372,80,234,361,605,547,238,650,833","155,155,155,155,155,155,155,155,155,155",538
5167,100,"372,178,646,80,238,517,527,809,683,278","155,155,155,155,155,155,155,155,127,155",557
1374,100,"134,360,676,938,646,547,529,80,738,234","155,155,155,155,155,155,155,155,155,155",553
2938,100,"134,209,80,809,831,460,661,83,214,583","155,155,155,155,155,155,284,126,127,3",535
4883,100,"676,463,361,867,111,736,529,238,3,183","155,155,155,155,155,155,155,155,155,155",531
1715,100,"646,788,529,736,764,111,460,234,3,361","155,155,155,155,155,155,155,155,155,155",378
1563,100,"938,337,372,738,234,45,276,599,242,678","155,155,155,155,155,155,155,155,155,155",519
3981,100,"134,209,337,461,80,788,676,111,831,527","155,155,155,155,155,155,155,155,155,155",520
1993,100,"372,788,461,646,3,517,234,460,199,311","155,155,155,155,155,155,155,155,155,155",540
4228,100,"637,461,360,738,500,547,831,588,788,238","155,155,155,155,155,155,155,155,155,155",549
3557,100,"938,788,646,80,234,311,605,529,111,460","155,155,155,155,155,155,155,155,155,155",304
449,100,"209,637,867,938,738,80,3,764,111,143","155,155,155,155,155,155,155,155,155,155",541
944,100,"209,637,337,361,372,183,628,833,547,736","155,155,155,155,155,155,155,155,155,155",447
3243,100,"637,337,80,652,500,311,599,628,278,281","155,155,155,155,155,155,155,155,155,155",553
889,100,"134,637,372,831,500,80,111,736,764,314","155,155,155,155,155,155,155,155,155,155",519
3540,100,"134,637,938,463,867,646,809,683,314,281","155,155,155,155,155,155,155,127,155,155",553
4748,100,"134,209,738,547,500,831,517,769,833,623","155,155,155,155,155,155,155,155,155,155",521
3532,100,"209,637,360,547,529,764,517,926,809,527","155,155,155,155,155,155,155,155,155,155",528
1764,100,"337,372,461,755,605,736,80,764,238,199","155,155,155,155,155,155,155,155,155,155",541
1614,100,"134,209,372,461,45,234,361,183,769,599","155,155,155,155,155,155,155,155,155,155",571
5452,100,"134,209,676,764,337,199,372,637,683,700","155,155,155,155,155,155,155,155,127,219",519
5139,100,"337,463,547,234,588,764,755,605,500,242","155,155,155,155,155,155,155,155,155,155",472
2840,100,"788,80,738,238,234,517,361,769,278,143","155,155,155,155,155,155,155,155,155,155",355
2905,100,"134,529,80,360,372,463,831,311,736,281","155,155,155,155,155,155,155,155,155,155",628
1294,100,"938,529,372,360,736,143,311,238,281,45","155,155,155,155,155,155,155,155,155,155",570
2101,100,"209,337,646,314,460,547,436,517,683,278","155,155,155,155,155,155,156,155,127,155",574
5250,100,"134,637,463,360,372,80,736,238,3,199","155,155,155,155,155,155,155,155,155,155",338
2710,100,"637,372,463,178,337,736,360,3,143,111","155,155,155,155,155,155,155,155,155,155",520
3446,100,"938,867,831,45,736,517,588,623,678,926","155,155,155,155,155,155,155,155,155,155",519
1057,100,"938,788,461,529,436,337,278,683,809,700","155,155,155,155,156,155,155,127,155,219",543
185,100,"938,80,111,463,639,552,461,568,946,278","155,155,155,155,155,63,155,169,174,155",720
622,100,"209,637,337,938,360,111,463,736,372,738","155,155,155,155,155,155,155,155,155,155",535
2367,100,"637,372,3,764,111,547,831,199,278,281","155,155,155,155,155,155,155,155,155,155",398
5110,100,"209,178,461,372,337,517,460,926,736,436","155,155,155,155,155,155,155,155,155,156",349
5210,100,"938,372,788,80,79,45,311,361,527,314","155,155,155,155,155,155,155,155,155,155",523
2654,100,"938,143,314,683,639,278,311,809,45,234","155,155,155,127,155,155,155,155,155,155",541
5074,100,"134,372,831,79,547,517,183,755,242,599","155,155,155,155,155,155,155,155,155,155",553
4457,100,"360,867,461,337,788,764,831,314,683,809","155,155,155,155,155,155,155,155,127,155",690
1462,100,"938,360,337,372,517,755,80,111,764,311","155,155,155,155,155,155,155,155,155,155",554
1213,100,"788,529,738,527,361,311,45,500,276,281","155,155,155,155,155,155,155,155,155,155",644
1506,100,"134,463,360,676,788,45,527,926,183,650","155,155,155,155,155,155,155,155,155,155",388
1010,100,"209,463,738,79,764,80,238,311,111,234","155,155,155,155,155,155,155,155,155,155",270
1760,100,"637,676,463,80,529,111,3,736,45,460","155,155,155,155,155,155,155,155,155,155",600
1298,100,"134,463,360,461,646,736,281,517,178,809","155,155,155,155,155,155,155,155,155,155",430
3549,100,"676,337,461,463,199,372,178,831,683,238","155,155,155,155,155,155,155,155,127,155",633
5694,100,"360,178,80,529,199,278,3,552,36,111","155,155,155,155,155,155,155,63,44,155",606
3791,100,"209,867,788,143,337,278,809,461,683,738","155,155,155,155,155,155,155,155,127,155",639
4216,100,"134,788,867,926,314,238,199,639,809,683","155,155,155,155,155,155,155,155,155,127",553
1837,100,"938,337,372,463,831,183,500,80,529,683","155,155,155,155,155,155,155,155,155,127",499
2380,100,"134,209,80,529,736,527,360,683,491,436","155,155,155,155,155,155,155,127,146,156",535
2786,100,"676,938,831,79,45,517,628,242,833,754","155,155,155,155,155,155,155,155,155,155",691
3513,100,"676,360,463,79,45,276,372,646,311,80","155,155,155,155,155,155,155,155,155,155",523
3166,100,"209,938,372,738,79,463,234,461,547,788","155,155,155,155,155,155,155,155,155,155",472
111,100,"134,463,372,337,646,79,529,547,517,45","155,155,155,155,155,155,155,155,155,155",598
4671,100,"134,637,337,463,80,111,547,45,605,361","155,155,155,155,155,155,155,155,155,155",553
1507,100,"938,788,80,143,529,3,278,436,683,552","155,155,155,155,155,155,155,156,127,63",634
3266,100,"938,337,646,764,529,238,199,809,314,683","155,155,155,155,155,155,155,155,155,127",579
3187,100,"637,360,463,79,646,831,311,361,80,45","155,155,155,155,155,155,155,155,155,155",374
5211,100,"637,788,547,178,111,199,809,683,157,736","155,155,155,155,155,155,155,127,163,155",541
2831,100,"134,372,938,80,178,764,436,157,712,311","155,155,155,155,155,155,156,163,44,155",513
2347,100,"209,178,646,637,831,463,436,281,238,809","155,155,155,155,155,155,156,155,155,155",555
5507,100,"938,788,646,80,337,199,372,926,683,238","155,155,155,155,155,155,155,155,127,155",519
5195,100,"134,637,360,234,500,646,372,736,764,314","155,155,155,155,155,155,155,155,155,155",304
5544,100,"209,360,461,831,361,755,276,646,736,80","155,155,155,155,155,155,155,155,155,155",720
2914,100,"134,178,529,80,143,111,360,527,460,281","155,155,155,155,155,155,155,155,155,155",559
5496,100,"134,178,938,764,460,314,639,278,436,360","155,155,155,155,155,155,155,155,156,155",530
1138,100,"938,360,337,45,529,311,517,183,926,199","155,155,155,155,155,155,155,155,155,155",535
4419,100,"134,637,463,79,676,80,311,500,517,588","155,155,155,155,155,155,155,155,155,155",627
3276,100,"637,676,337,463,372,45,755,500,529,314","155,155,155,155,155,155,155,155,155,155",569
2918,100,"676,867,337,646,80,755,234,45,736,238","155,155,155,155,155,155,155,155,155,155",634
50,100,"134,111,529,234,764,926,755,605,736,650","155,155,155,155,155,155,155,155,155,155",304
1378,100,"134,676,80,199,527,639,547,831,938,281","155,155,155,155,155,155,155,155,155,155",588
1389,100,"637,867,676,80,552,111,646,683,281,938","155,155,155,155,63,155,155,127,155,155",618
4400,100,"134,209,461,463,79,915,281,646,314,650","155,155,155,155,155,155,156,155,155,155,155",654
565,100,"134,209,637,337,234,831,599,623,755,372","155,155,155,155,155,155,155,155,155,155",640
5627,100,"134,178,646,372,831,547,736,460,809,926","155,155,155,155,155,155,155,155,155,155",669
5456,100,"360,337,867,372,547,3,736,809,238,683","155,155,155,155,155,155,155,155,155,127",611
1362,100,"676,867,178,3,547,764,199,738,926,683","155,155,155,155,155,155,155,155,155,127",574
123,100,"134,676,3,199,143,360,460,436,736,683","155,155,155,155,155,155,155,156,155,127",466
3482,100,"372,867,529,461,764,3,111,831,527,460","155,155,155,155,155,155,155,155,155,155",547
1626,100,"209,178,360,111,736,639,281,527,683,436","155,155,155,155,155,155,155,155,127,156",540
6033,100,"938,80,143,360,460,281,809,436,683,278","155,155,155,155,155,155,155,156,127,155",661
5560,100,"676,360,646,80,867,199,3,460,639,683","155,155,155,155,155,155,155,155,155,127",616
4723,100,"867,788,646,178,764,3,736,111,460,238","155,155,155,155,155,155,155,155,155,155",498
1525,100,"134,637,831,199,278,639,527,764,683,552","155,155,155,155,155,155,155,155,127,63",600
3854,100,"209,867,788,676,764,111,460,372,436,360","155,155,155,155,155,155,155,155,156,155",544
184,100,"867,529,738,460,361,281,79,683,278,157","155,155,155,155,155,155,155,127,155,163",645
1025,100,"134,646,209,460,639,463,111,314,683,238","155,155,155,155,155,155,155,155,127,155",535
2100,100,"637,867,646,676,764,460,831,436,372,517","155,155,155,155,155,155,155,156,155,155",371
2034,100,"676,178,80,552,527,583,214,938,83,639","155,155,155,63,155,3,127,155,126,155",485
1554,100,"676,867,337,461,738,79,755,529,143,111","155,155,155,155,155,155,155,155,155,155",612
3938,100,"209,461,738,646,547,178,3,764,111,234","155,155,155,155,155,155,155,155,155,155",688
481,100,"938,360,867,463,646,738,45,547,755,361","155,155,155,155,155,155,155,155,155,155",463
3315,100,"337,788,764,143,527,547,809,436,460,683","155,155,155,155,155,155,155,156,155,127",541
966,100,"360,463,337,529,460,831,143,926,314,45","155,155,155,155,155,155,155,155,155,155",510
4238,100,"134,867,360,111,938,809,639,738,683,700","155,155,155,155,155,155,155,155,127,219",521
3693,100,"637,372,337,463,938,788,764,3,547,683","155,155,155,155,155,155,155,155,155,127",463
1674,100,"676,867,938,337,360,372,461,143,111,831","155,155,155,155,155,155,155,155,155,155",640
4328,100,"938,337,461,45,605,314,764,588,143,650","155,155,155,155,155,155,155,155,155,155",278
4352,100,"209,676,199,529,646,372,3,639,436,683","155,155,155,155,155,155,155,155,156,127",535
5529,100,"209,178,463,529,143,337,831,460,314,199","155,155,155,155,155,155,155,155,155,155",506
2677,100,"134,209,463,646,831,683,436,639,527,281","155,155,155,155,155,127,156,155,155,155",796
3486,100,"134,637,337,361,605,276,599,755,372,278","155,155,155,155,155,155,155,155,155,155",702
796,100,"938,80,646,463,547,831,3,738,527,79","155,155,155,155,155,155,155,155,155,155",635
2917,100,"209,867,788,360,178,637,199,314,3,738","155,155,155,155,155,155,155,155,155,155",519
2572,100,"637,337,360,588,463,80,738,755,926,831","155,155,155,155,155,155,155,155,155,155",275
4,100,"337,461,738,79,361,764,605,111,529,650","155,155,155,155,155,155,155,155,155,155",226
4277,100,"209,360,461,831,79,646,529,926,238,111","155,155,155,155,155,155,155,155,155,155",563
444,100,"938,360,372,461,529,646,337,199,281,45","155,155,155,155,155,155,155,155,155,155",526
6036,100,"209,463,461,738,79,361,234,517,500,736","155,155,155,155,155,155,155,155,155,155",493
2078,100,"209,637,337,234,588,372,183,831,278,736","155,155,155,155,155,155,155,155,155,155",516
2781,100,"134,463,360,372,646,234,764,683,281,926","155,155,155,155,155,155,155,127,155,155",555
1503,100,"867,461,831,646,311,517,588,276,736,183","155,155,155,155,155,155,155,155,155,155",553
2961,100,"938,461,788,652,361,527,736,764,314,755","155,155,155,155,155,155,155,155,155,155",678
2627,100,"134,372,938,337,738,79,831,926,698,45","155,155,155,155,155,155,155,155,176,155",689
1930,100,"134,676,788,337,360,45,769,361,143,314","155,155,155,155,155,155,155,155,155,155",471
2436,100,"646,529,80,764,234,926,79,361,143,3","155,155,155,155,155,155,155,155,155,155",300
4492,100,"209,676,463,788,738,199,755,314,281,45","155,155,155,155,155,155,155,155,155,155",531
4858,100,"676,372,461,738,938,831,788,527,736,314","155,155,155,155,155,155,155,155,155,155",594
1041,100,"337,372,646,831,45,183,547,754,652,736","155,155,155,155,155,155,155,155,155,155",669
987,100,"209,676,529,322,42,330,214,170,633,716","155,155,155,175,176,300,127,39,163,117",690
432,100,"637,337,360,788,143,736,314,527,809,683","155,155,155,155,155,155,155,155,155,127",507
6147,100,"134,637,360,738,45,361,372,676,276,461","155,155,155,155,155,155,155,155,155,155",576
870,100,"360,463,461,738,45,234,276,755,361,678","155,155,155,155,155,155,155,155,155,155",427
4088,100,"209,867,461,736,199,547,639,238,143,311","155,155,155,155,155,155,155,155,155,155",479
5126,100,"209,788,178,199,83,264,214,335,508,661","155,155,155,155,126,220,127,195,219,284",498
464,100,"360,178,199,547,3,463,831,683,314,157","155,155,155,155,155,155,155,127,155,163",608
4325,100,"209,676,463,3,529,111,527,372,460,314","155,155,155,155,155,155,155,155,155,155",571
2618,100,"134,463,938,234,831,517,764,867,755,3","155,155,155,155,155,155,155,155,155,155",586
4940,100,"134,360,111,926,605,143,588,199,238,809","155,155,155,155,155,155,155,155,155,155",601
1823,100,"637,676,831,45,588,460,517,111,867,143","155,155,155,155,155,155,155,155,155,155",612
1373,100,"372,178,463,143,736,111,314,281,926,436","155,155,155,155,155,155,155,155,155,156",469
2795,100,"337,463,867,461,831,234,605,764,547,143","155,155,155,155,155,155,155,155,155,155",510
5933,100,"938,372,461,831,79,588,183,650,833,311","155,155,155,155,155,155,155,155,155,155",448
1778,100,"867,788,111,547,281,736,234,183,605,314","155,155,155,155,155,155,155,155,155,155",563
4793,100,"372,867,111,199,736,527,639,238,809,361","155,155,155,155,155,155,155,155,155,155",667
2949,100,"209,360,463,79,588,738,938,676,547,517","155,155,155,155,155,155,155,155,155,155",600
1077,100,"637,178,646,80,460,314,463,527,938,683","155,155,155,155,155,155,155,155,155,127",290
3462,100,"134,867,80,337,372,831,736,764,547,938","155,155,155,155,155,155,155,155,155,155",539
2322,100,"209,461,831,867,764,314,736,809,683,238","155,155,155,155,155,155,155,155,127,155",693
199,100,"134,938,915,676,738,736,178,143,764,683","155,155,155,156,155,155,155,155,155,155,127",604
248,100,"372,788,527,517,45,926,460,238,311,683","155,155,155,155,155,155,155,155,155,127",612
4142,100,"637,676,360,372,938,111,527,143,809,683","155,155,155,155,155,155,155,155,155,127",464
4017,100,"337,461,199,463,143,646,460,436,527,639","155,155,155,155,155,155,155,156,155,155",519
767,100,"134,637,372,234,646,111,80,79,45,547","155,155,155,155,155,155,155,155,155,155",582
4698,100,"134,676,867,646,80,111,831,529,926,361","155,155,155,155,155,155,155,155,155,155",553
35,100,"372,646,178,527,199,3,661,552,738,529","155,155,155,155,155,155,284,63,155,155",620
2148,100,"134,463,80,79,234,547,517,281,764,683","155,155,155,155,155,155,155,155,155,127",520
4875,100,"209,360,337,199,463,547,143,80,460,314","155,155,155,155,155,155,155,155,155,155",423
5579,100,"134,867,209,3,111,552,788,583,36,463","155,155,155,155,155,63,155,3,44,155",585
5580,100,"209,360,463,738,646,736,527,529,547,314","155,155,155,155,155,155,155,155,155,155",608
1109,100,"134,178,529,461,736,143,764,111,3,460","155,155,155,155,155,155,155,155,155,155",555
6018,100,"337,372,461,45,831,500,276,599,769,242","155,155,155,155,155,155,155,155,155,155",312
2923,100,"676,360,831,646,769,736,238,143,3,527","155,155,155,155,155,155,155,155,155,155",669
1172,100,"209,463,788,867,460,547,45,769,500,143","155,155,155,155,155,155,155,155,155,155",506
714,100,"209,360,676,178,529,143,372,831,809,517","155,155,155,155,155,155,155,155,155,155",380
425,100,"209,337,831,234,547,755,111,527,238,183","155,155,155,155,155,155,155,155,155,155",304
5558,100,"676,178,529,199,111,460,143,639,738,683","155,155,155,155,155,155,155,155,155,127",561
3945,100,"676,178,938,788,529,831,143,738,547,238","155,155,155,155,155,155,155,155,155,155",582
730,100,"637,646,831,547,143,314,926,809,683,281","155,155,155,155,155,155,155,155,127,155",572
3475,100,"134,867,529,209,3,460,278,337,661,834","155,155,155,155,155,155,155,155,284,36",547
2062,100,"676,646,529,111,736,460,199,764,517,547","155,155,155,155,155,155,155,155,155,155",380
3456,100,"867,788,831,111,755,45,361,769,764,529","155,155,155,155,155,155,155,155,155,155",545
2726,100,"337,461,547,45,183,3,460,926,769,599","155,155,155,155,155,155,155,155,155,155",546
3852,100,"867,80,646,831,547,460,199,517,314,278","155,155,155,155,155,155,155,155,155,155",531
4540,101,"637,461,360,79,45,605,588,738,372,938","155,155,155,155,155,155,155,155,155,155",251
3507,101,"463,867,80,646,831,738,199,281,314,143","155,155,155,155,155,155,155,155,155,155",531
4932,101,"134,788,529,3,637,938,527,547,738,281","155,155,155,155,155,155,155,155,155,155",471
5784,101,"134,867,676,527,360,278,460,639,547,436","155,155,155,155,155,155,155,155,155,156",490
5424,101,"209,788,372,867,646,738,831,764,926,639","155,155,155,155,155,155,155,155,155,155",535
5481,101,"938,788,646,461,337,360,45,311,3,652","155,155,155,155,155,155,155,155,155,155",553
4511,101,"938,360,788,646,463,547,764,738,926,143","155,155,155,155,155,155,155,155,155,155",612
5430,101,"637,676,463,372,938,337,646,764,588,769","155,155,155,155,155,155,155,155,155,155",546
2873,101,"676,529,463,764,111,738,755,278,809,460","155,155,155,155,155,155,155,155,155,155",477
1235,101,"637,676,360,311,736,788,605,764,460,143","155,155,155,155,155,155,155,155,155,155",494
4355,101,"938,788,831,80,183,736,769,276,867,238","155,155,155,155,155,155,155,155,155,155",586
3184,101,"938,461,111,831,3,527,926,281,460,683","155,155,155,155,155,155,155,155,155,127",535
2179,101,"134,463,676,234,738,45,517,599,736,938","155,155,155,155,155,155,155,155,155,155",352
3210,101,"134,463,337,372,738,361,276,623,755,833","155,155,155,155,155,155,155,155,155,155",544
3735,101,"676,337,234,361,588,755,311,639,867,599","155,155,155,155,155,155,155,155,155,155",289
4486,101,"209,938,372,461,361,755,769,788,80,529","155,155,155,155,155,155,155,155,155,155",519
574,101,"867,80,111,45,79,529,769,926,238,183","155,155,155,155,155,155,155,155,155,155",483
633,101,"529,80,143,234,238,178,926,199,683,45","155,155,155,155,155,155,155,155,127,155",508
1133,101,"637,461,80,199,143,3,436,463,583,834","155,155,155,155,155,155,156,155,3,36",361
5148,101,"637,178,3,738,661,646,683,372,281,604","155,155,155,155,284,155,127,155,155,269",556
64,101,"867,80,111,311,547,143,764,234,281,755","155,155,155,155,155,155,155,155,155,155",494
5501,101,"637,676,736,527,79,764,361,314,238,683","155,155,155,155,155,155,155,155,155,127",463
1584,101,"637,867,831,199,3,527,583,83,214,834","155,155,155,155,155,155,3,126,127,36",413
729,101,"360,461,646,111,736,436,926,834,583,795","155,155,155,155,155,156,155,36,3,156",346
3759,101,"938,461,111,234,588,769,599,242,678,650","155,155,155,155,155,155,155,155,155,155",437
3009,101,"134,788,831,764,460,736,926,183,605,650","155,155,155,155,155,155,155,155,155,155",516
4554,101,"867,461,831,517,500,650,527,278,199,599","155,155,155,155,155,155,155,155,155,155",569
2626,101,"134,867,676,463,80,646,938,926,3,314","155,155,155,155,155,155,155,155,155,155",628
2261,101,"209,637,372,461,463,80,3,143,460,547","155,155,155,155,155,155,155,155,155,155",641
3610,101,"209,676,529,80,143,637,461,938,736,3","155,155,155,155,155,155,155,155,155,155",600
5528,101,"134,360,372,738,500,652,461,831,646,402","155,155,155,155,155,155,155,155,155,155",553
5711,101,"209,637,867,646,938,311,764,111,79,809","155,155,155,155,155,155,155,155,155,155",553
2930,101,"134,637,360,79,588,372,361,80,111,500","155,155,155,155,155,155,155,155,155,155",293
145,101,"134,360,111,831,588,80,788,460,361,183","155,155,155,155,155,155,155,155,155,155",500
5860,101,"209,360,676,867,938,788,143,463,314,547","155,155,155,155,155,155,155,155,155,155",354
5493,101,"637,372,646,337,738,234,755,599,183,402","155,155,155,155,155,155,155,155,155,155",544
1509,101,"209,646,461,199,652,738,698,281,111,143","155,155,155,155,155,155,176,155,155,155",594
3202,101,"337,867,3,788,764,552,42,36,683,314","155,155,155,155,155,63,176,44,127,155",669
541,101,"209,372,80,143,738,736,199,238,683,281","155,155,155,155,155,155,155,155,127,155",528
1595,101,"209,676,372,646,788,111,755,605,314,650","155,155,155,155,155,155,155,155,155,155",500
4837,101,"372,461,529,111,3,460,527,238,639,683","155,155,155,155,155,155,155,155,155,127",464
5610,101,"134,209,111,360,683,278,637,938,517,809","155,155,155,155,127,155,155,155,155,155",653
66,101,"676,646,80,111,764,527,736,314,683,639","155,155,155,155,155,155,155,155,127,155",653
4215,101,"209,938,517,311,547,736,460,926,278,809","155,155,155,155,155,155,155,155,155,155",415
5436,101,"134,637,337,867,3,764,683,238,436,517","155,155,155,155,155,155,127,155,156,155",547
2737,101,"337,178,529,80,646,527,143,683,372,281","155,155,155,155,155,155,155,127,155,155",535
573,101,"337,867,80,646,3,111,314,436,547,639","155,155,155,155,155,155,155,156,155,155",547
1670,101,"637,676,372,529,111,831,311,517,588,652","155,155,155,155,155,155,155,155,155,155",644
5744,101,"938,788,646,45,764,736,3,178,238,517","155,155,155,155,155,155,155,155,155,155",586
1223,101,"134,938,676,547,361,646,517,281,314,769","155,155,155,155,155,155,155,155,155,155",400
2837,101,"637,676,337,79,605,463,588,646,938,111","155,155,155,155,155,155,155,155,155,155",538
5167,101,"209,637,372,646,738,736,788,460,281,639","155,155,155,155,155,155,155,155,155,155",557
1374,101,"209,360,463,646,80,831,79,547,926,736","155,155,155,155,155,155,155,155,155,155",553
2938,101,"337,529,80,278,646,683,661,335,700,583","155,155,155,155,155,127,284,195,219,3",535
4883,101,"360,337,234,79,588,755,623,628,833,754","155,155,155,155,155,155,155,155,155,155",531
1715,101,"938,360,738,45,238,764,605,529,867,3","155,155,155,155,155,155,155,155,155,155",378
1563,101,"134,80,867,926,79,588,183,678,833,311","155,155,155,155,155,155,155,155,155,155",519
3981,101,"337,178,529,527,3,661,738,238,583,436","155,155,155,155,155,284,155,155,3,156",520
1993,101,"337,867,463,80,547,529,314,143,683,278","155,155,155,155,155,155,155,155,127,155",540
4228,101,"209,337,738,79,80,238,517,605,529,183","155,155,155,155,155,155,155,155,155,155",549
3557,101,"637,360,646,547,361,736,517,599,788,867","155,155,155,155,155,155,155,155,155,155",304
449,101,"134,676,831,764,337,460,738,809,683,314","155,155,155,155,155,155,155,155,127,155",541
944,101,"134,646,529,831,736,605,650,276,623,628","155,155,155,155,155,155,155,155,155,155",447
3243,101,"209,360,461,45,500,361,736,547,926,623","155,155,155,155,155,155,155,155,155,155",553
889,101,"134,461,337,788,111,831,183,500,529,639","155,155,155,155,155,155,155,155,155,155",519
3540,101,"134,209,372,738,463,199,547,281,683,157","155,155,155,155,155,155,155,155,127,163",553
4748,101,"209,938,463,788,736,547,755,183,769,242","155,155,155,155,155,155,155,155,155,155",521
3532,101,"360,461,80,79,605,736,311,764,238,281","155,155,155,155,155,155,155,155,155,155",528
1764,101,"209,637,463,80,938,788,867,650,736,278","155,155,155,155,155,155,155,155,155,155",541
1614,101,"463,867,764,79,517,361,769,605,460,650","155,155,155,155,155,155,155,155,155,155",571
5452,101,"637,788,831,337,360,463,738,527,436,314","155,155,155,155,155,155,155,155,156,155",519
5139,101,"134,209,360,79,676,372,517,646,938,764","155,155,155,155,155,155,155,155,155,155",472
2840,101,"360,646,529,311,45,527,3,178,639,650","155,155,155,155,155,155,155,155,155,155",355
2905,101,"637,867,461,360,676,234,281,45,736,683","155,155,155,155,155,155,155,155,155,127",628
1294,101,"209,646,764,337,547,938,111,831,755,281","155,155,155,155,155,155,155,155,155,155",570
2101,101,"134,637,337,178,867,938,547,460,314,683","155,155,155,155,155,155,155,155,155,127",574
5250,101,"463,831,178,111,736,738,517,583,834,335","155,155,155,155,155,155,155,3,36,195",338
2710,101,"134,788,209,3,360,683,337,463,281,372","155,155,155,155,155,127,155,155,155,155",520
3446,101,"134,788,529,461,281,547,238,314,463,926","155,155,155,155,155,155,155,155,155,155",519
1057,101,"637,788,867,461,178,529,463,938,639,436","155,155,155,155,155,155,155,155,155,156",543
185,101,"637,178,676,143,199,80,278,337,683,552","155,155,155,155,155,155,155,155,127,63",720
622,101,"676,938,463,372,111,527,764,683,547,517","155,155,155,155,155,155,155,127,155,155",535
2367,101,"676,463,143,360,764,436,547,278,281,583","155,155,155,155,155,156,155,155,155,3",398
5110,101,"134,637,372,45,461,646,80,588,529,238","155,155,155,155,155,155,155,155,155,155",349
5210,101,"676,372,738,831,178,736,314,809,311,683","155,155,155,155,155,155,155,155,155,127",523
2654,101,"360,337,80,646,372,143,238,311,683,639","155,155,155,155,155,155,155,155,127,155",541
5074,101,"372,461,463,79,646,764,45,736,605,529","155,155,155,155,155,155,155,155,155,155",553
4457,101,"360,867,463,646,199,3,831,314,552,683","155,155,155,155,155,155,155,155,63,127",690
1462,101,"676,337,461,361,605,80,183,281,199,238","155,155,155,155,155,155,155,155,155,155",554
1213,101,"637,337,360,605,45,599,623,769,361,183","155,155,155,155,155,155,155,155,155,155",644
1506,101,"134,337,652,45,646,755,111,867,639,178","155,155,155,155,155,155,155,155,155,155",388
1010,101,"938,463,646,738,361,769,276,547,183,599","155,155,155,155,155,155,155,155,155,155",270
1760,101,"134,867,788,360,337,3,463,547,527,809","155,155,155,155,155,155,155,155,155,155",600
1298,101,"134,209,637,360,867,646,80,3,650,311","155,155,155,155,155,155,155,155,155,155",430
3549,101,"637,788,143,938,436,278,360,527,461,683","155,155,155,155,156,155,155,155,155,127",633
5694,101,"372,788,529,831,683,738,736,700,157,926","155,155,155,155,127,155,155,219,163,155",606
3791,101,"134,178,831,461,337,527,463,646,360,938","155,155,155,155,155,155,155,155,155,155",639
4216,101,"209,360,337,45,463,676,276,547,736,650","155,155,155,155,155,155,155,155,155,155",553
1837,101,"134,867,461,637,337,372,361,183,547,111","155,155,155,155,155,155,155,155,155,155",499
2380,101,"676,867,463,80,646,831,143,583,738,700","155,155,155,155,155,155,155,3,155,219",535
2786,101,"134,637,360,461,500,361,599,623,769,628","155,155,155,155,155,155,155,155,155,155",691
3513,101,"676,938,831,646,183,460,809,143,605,314","155,155,155,155,155,155,155,155,155,155",523
3166,101,"676,337,738,234,45,764,755,238,938,281","155,155,155,155,155,155,155,155,155,155",472
111,101,"134,209,461,738,79,463,926,361,529,143","155,155,155,155,155,155,155,155,155,155",598
4671,101,"134,209,360,372,500,755,599,463,311,736","155,155,155,155,155,155,155,155,155,155",553
1507,101,"637,111,831,547,3,460,809,683,278,517","155,155,155,155,155,155,155,127,155,155",634
3266,101,"676,867,529,461,178,463,646,3,809,926","155,155,155,155,155,155,155,155,155,155",579
3187,101,"463,461,831,311,736,788,183,588,460,143","155,155,155,155,155,155,155,155,155,155",374
5211,101,"134,337,676,178,436,143,764,314,238,683","155,155,155,155,156,155,155,155,155,127",541
2831,101,"134,209,637,676,3,360,738,199,238,639","155,155,155,155,155,155,155,155,155,155",513
2347,101,"637,788,676,314,337,938,461,738,809,683","155,155,155,155,155,155,155,155,155,127",555
5507,101,"637,676,463,337,529,460,809,683,700,157","155,155,155,155,155,155,155,127,219,163",519
5195,101,"134,360,337,547,234,588,738,736,517,460","155,155,155,155,155,155,155,155,155,155",304
5544,101,"337,867,788,764,547,517,281,683,652,45","155,155,155,155,155,155,155,127,155,155",720
2914,101,"209,676,867,3,143,461,460,683,795,517","155,155,155,155,155,155,155,127,156,155",559
5496,101,"676,529,463,111,527,460,683,583,646,795","155,155,155,155,155,155,127,3,155,156",530
1138,101,"637,463,143,517,639,199,234,79,311,178","155,155,155,155,155,155,155,155,155,155",535
4419,101,"938,372,788,111,234,80,311,755,605,183","155,155,155,155,155,155,155,155,155,155",627
3276,101,"134,80,938,360,831,199,3,527,926,809","155,155,155,155,155,155,155,155,155,155",569
2918,101,"134,646,547,45,736,143,199,926,809,183","155,155,155,155,155,155,155,155,155,155",634
50,101,"938,337,738,831,500,736,278,650,143,599","155,155,155,155,155,155,155,155,155,155",304
1378,101,"209,676,463,938,111,460,3,527,683,795","155,155,155,155,155,155,155,155,127,156",588
1389,101,"134,178,337,199,547,80,3,736,460,436","155,155,155,155,155,155,155,155,155,156",618
4400,101,"209,337,788,361,915,45,517,527,111,311","155,155,155,155,155,156,155,155,155,155,155",654
565,101,"209,360,372,938,234,500,652,45,183,278","155,155,155,155,155,155,155,155,155,155",640
5627,101,"209,461,788,547,527,281,314,361,683,639","155,155,155,155,155,155,155,155,127,155",669
5456,101,"209,788,143,199,238,314,683,278,650,361","155,155,155,155,155,155,127,155,155,155",611
1362,101,"637,867,764,529,831,143,111,683,552,360","155,155,155,155,155,155,155,127,63,155",574
123,101,"134,676,529,788,3,111,199,460,436,938","155,155,155,155,155,155,155,155,156,155",466
3482,101,"738,831,764,460,639,683,278,527,491,700","155,155,155,155,155,127,155,155,146,219",547
1626,101,"134,676,788,80,111,527,337,661,764,583","155,155,155,155,155,155,155,284,155,3",540
6033,101,"209,178,461,646,3,337,661,552,36,517","155,155,155,155,155,155,284,63,44,155",661
5560,101,"676,463,938,547,460,281,683,517,436,238","155,155,155,155,155,155,127,155,156,155",616
4723,101,"134,209,867,529,764,199,527,683,517,809","155,155,155,155,155,155,155,127,155,155",498
1525,101,"209,788,529,764,337,738,527,314,938,736","155,155,155,155,155,155,155,155,155,155",600
3854,101,"938,788,831,738,79,234,45,736,111,529","155,155,155,155,155,155,155,155,155,155",544
184,101,"360,461,738,605,652,547,646,311,111,143","155,155,155,155,155,155,155,155,155,155",645
1025,101,"134,676,337,527,278,436,547,238,736,281","155,155,155,155,155,156,155,155,155,155",535
2100,101,"134,676,209,831,736,809,314,278,311,45","155,155,155,155,155,155,155,155,155,155",371
2034,101,"938,867,764,463,646,314,461,460,552,436","155,155,155,155,155,155,155,155,63,156",485
1554,101,"788,529,80,764,178,736,517,234,650,588","155,155,155,155,155,155,155,155,155,155",612
3938,101,"134,637,461,698,736,45,80,361,831,788","155,155,155,176,155,155,155,155,155,155",688
481,101,"209,788,178,372,143,460,3,314,683,831","155,155,155,155,155,155,155,155,127,155",463
3315,101,"637,676,938,646,360,3,527,547,809,314","155,155,155,155,155,155,155,155,155,155",541
966,101,"209,646,461,764,111,3,639,143,683,517","155,155,155,155,155,155,155,155,127,155",510
4238,101,"209,867,461,360,764,463,80,372,809,700","155,155,155,155,155,155,155,155,155,219",521
3693,101,"134,637,372,463,111,755,764,281,199,683","155,155,155,155,155,155,155,155,155,127",463
1674,101,"360,178,337,372,80,527,111,3,926,199","155,155,155,155,155,155,155,155,155,155",640
4328,101,"134,360,938,736,80,755,278,529,111,599","155,155,155,155,155,155,155,155,155,155",278
4352,101,"463,788,461,111,460,736,436,738,683,517","155,155,155,155,155,155,156,155,127,155",535
5529,101,"676,867,337,461,529,314,311,736,111,500","155,155,155,155,155,155,155,155,155,155",506
2677,101,"637,867,831,3,278,552,111,639,568,460","155,155,155,155,155,63,155,155,169,155",796
3486,101,"463,788,736,915,3,143,738,361,652,588","155,155,155,155,156,155,155,155,155,155,155",702
796,101,"134,209,372,938,111,143,831,926,683,736","155,155,155,155,155,155,155,155,127,155",635
2917,101,"646,178,461,3,80,809,683,639,157,700","155,155,155,155,155,155,127,155,163,219",519
2572,101,"209,461,738,234,588,764,547,111,238,650","155,155,155,155,155,155,155,155,155,155",275
4,101,"134,360,461,547,588,938,80,926,769,599","155,155,155,155,155,155,155,155,155,155",226
4277,101,"938,646,738,547,517,605,736,764,831,183","155,155,155,155,155,155,155,155,155,155",563
444,101,"938,461,867,831,460,361,547,314,683,517","155,155,155,155,155,155,155,155,127,155",526
6036,101,"209,637,360,738,605,755,361,769,831,278","155,155,155,155,155,155,155,155,155,155",493
2078,101,"209,676,372,234,183,276,460,736,281,547","155,155,155,155,155,155,155,155,155,155",516
2781,101,"209,360,867,646,527,199,361,683,178,639","155,155,155,155,155,155,155,127,155,155",555
1503,101,"209,360,372,646,517,500,755,769,238,623","155,155,155,155,155,155,155,155,155,155",553
2961,101,"676,178,788,646,372,111,736,738,79,500","155,155,155,155,155,155,155,155,155,155",678
2627,101,"637,788,80,764,460,547,372,436,809,736","155,155,155,155,155,155,155,156,155,155",689
1930,101,"463,646,80,527,460,764,661,716,170,583","155,155,155,155,155,155,284,117,39,3",471
2436,101,"209,360,938,79,646,547,736,769,3,377","155,155,155,155,155,155,155,155,155,155",300
4492,101,"134,676,178,209,337,463,646,461,314,111","155,155,155,155,155,155,155,155,155,155",531
4858,101,"209,360,461,529,646,738,178,736,764,3","155,155,155,155,155,155,155,155,155,155",594
1041,101,"209,867,80,111,79,755,588,500,623,628","155,155,155,155,155,155,155,155,155,155",669
987,101,"676,867,831,788,199,461,460,436,736,795","155,155,155,155,155,155,155,156,155,156",690
432,101,"637,463,80,788,111,517,178,926,3,311","155,155,155,155,155,155,155,155,155,155",507
6147,101,"209,463,372,79,755,788,461,646,500,547","155,155,155,155,155,155,155,155,155,155",576
870,101,"529,831,3,234,79,361,500,769,183,678","155,155,155,155,155,155,155,155,155,155",427
4088,101,"676,938,143,788,646,463,238,755,361,809","155,155,155,155,155,155,155,155,155,155",479
5126,101,"134,143,831,463,111,337,738,683,461,436","155,155,155,155,155,155,155,127,155,156",498
464,101,"637,676,646,80,529,111,460,3,547,926","155,155,155,155,155,155,155,155,155,155",608
4325,101,"372,646,529,809,683,238,700,281,639,926","155,155,155,155,127,155,219,155,155,155",571
2618,101,"637,676,337,529,178,360,547,795,491,83","155,155,155,155,155,155,155,156,146,126",586
4940,101,"637,646,831,234,111,527,143,809,460,650","155,155,155,155,155,155,155,155,155,155",601
1823,101,"134,463,676,234,79,755,623,278,517,242","155,155,155,155,155,155,155,155,155,155",612
1373,101,"209,637,938,143,80,111,3,460,527,238","155,155,155,155,155,155,155,155,155,155",469
2795,101,"209,788,372,646,755,867,311,926,736,281","155,155,155,155,155,155,155,155,155,155",510
5933,101,"637,337,547,45,755,276,623,769,650,926","155,155,155,155,155,155,155,155,155,155",448
1778,101,"676,360,337,234,45,276,278,650,238,517","155,155,155,155,155,155,155,155,155,155",563
4793,101,"637,337,738,788,80,3,529,764,234,683","155,155,155,155,155,155,155,155,155,127",667
2949,101,"938,529,111,3,143,460,547,527,683,281","155,155,155,155,155,155,155,155,127,155",600
1077,101,"134,209,676,788,646,736,460,436,639,527","155,155,155,155,155,155,155,156,155,155",290
3462,101,"938,178,646,527,809,926,517,683,157,700","155,155,155,155,155,155,155,127,163,219",539
2322,101,"337,867,178,199,3,463,809,460,527,683","155,155,155,155,155,155,155,155,155,127",693
199,101,"134,337,788,80,764,143,183,238,377,650","155,155,155,155,155,155,155,155,155,155",604
248,101,"209,676,738,463,461,311,646,281,736,238","155,155,155,155,155,155,155,155,155,155",612
4142,101,"134,867,676,178,337,646,3,436,517,683","155,155,155,155,155,155,155,156,155,127",464
4017,101,"372,867,461,463,764,529,143,314,809,683","155,155,155,155,155,155,155,155,155,127",519
767,101,"938,178,764,80,831,547,143,238,79,45","155,155,155,155,155,155,155,155,155,155",582
4698,101,"360,111,738,45,599,276,755,361,547,238","155,155,155,155,155,155,155,155,155,155",553
35,101,"134,676,199,80,552,527,111,809,683,646","155,155,155,155,63,155,155,155,127,155",620
2148,101,"209,529,3,547,683,738,700,517,436,157","155,155,155,155,127,155,219,155,156,163",520
4875,101,"209,360,788,143,547,764,3,926,234,755","155,155,155,155,155,155,155,155,155,155",423
5579,101,"676,360,461,372,646,831,80,788,700,683","155,155,155,155,155,155,155,155,219,127",585
5580,101,"209,637,646,788,755,736,143,460,281,314","155,155,155,155,155,155,155,155,155,155",608
1109,101,"134,178,788,461,646,360,938,80,79,652","155,155,155,155,155,155,155,155,155,155",555
6018,101,"134,637,360,79,234,500,276,769,833,402","155,155,155,155,155,155,155,155,155,155",312
2923,101,"360,463,337,372,500,831,736,788,111,314","155,155,155,155,155,155,155,155,155,155",669
1172,101,"337,80,461,460,926,234,238,314,755,769","155,155,155,155,155,155,155,155,155,155",506
714,101,"134,209,529,337,831,111,736,143,527,314","155,155,155,155,155,155,155,155,155,155",380
425,101,"372,461,80,111,311,547,926,769,278,314","155,155,155,155,155,155,155,155,155,155",304
5558,101,"676,867,143,199,360,552,683,639,795,372","155,155,155,155,155,63,127,155,156,155",561
3945,101,"134,209,637,461,80,764,460,463,517,683","155,155,155,155,155,155,155,155,155,127",582
730,101,"209,938,867,831,529,372,738,238,178,234","155,155,155,155,155,155,155,155,155,155",572
3475,101,"360,178,646,337,199,809,527,683,926,238","155,155,155,155,155,155,155,127,155,155",547
2062,101,"209,676,736,178,831,460,314,639,281,278","155,155,155,155,155,155,155,155,155,155",380
3456,101,"209,938,676,738,311,755,926,736,646,650","155,155,155,155,155,155,155,155,155,155",545
2726,101,"372,80,738,79,234,238,736,831,764,500","155,155,155,155,155,155,155,155,155,155",546
3852,101,"676,517,527,764,736,199,926,143,639,45","155,155,155,155,155,155,155,155,155,155",531
4540,102,"637,676,463,234,605,938,80,529,788,460","155,155,155,155,155,155,155,155,155,155",251
3507,102,"676,3,463,764,736,314,238,683,311,700","155,155,155,155,155,155,155,127,155,219",531
4932,102,"637,529,178,3,736,111,143,460,652,683","155,155,155,155,155,155,155,155,155,127",471
5784,102,"637,337,360,646,460,831,736,926,809,755","155,155,155,155,155,155,155,155,155,155",490
5424,102,"209,360,337,79,646,831,736,111,605,788","155,155,155,155,155,155,155,155,155,155",535
5481,102,"372,461,788,80,831,238,143,517,199,314","155,155,155,155,155,155,155,155,155,155",553
4511,102,"134,788,529,938,831,460,3,652,372,238","155,155,155,155,155,155,155,155,155,155",612
5430,102,"209,463,517,178,3,143,199,460,926,361","155,155,155,155,155,155,155,155,155,155",546
2873,102,"637,461,463,79,234,831,517,588,867,183","155,155,155,155,155,155,155,155,155,155",477
1235,102,"134,209,463,867,788,111,736,311,281,460","155,155,155,155,155,155,155,155,155,155",494
4355,102,"80,831,736,234,755,588,500,361,276,547","155,155,155,155,155,155,155,155,155,155",586
3184,102,"134,637,676,867,547,361,314,460,736,683","155,155,155,155,155,155,155,155,155,127",535
2179,102,"676,360,372,646,738,764,926,500,276,833","155,155,155,155,155,155,155,155,155,155",352
3210,102,"463,461,646,79,311,605,276,628,926,736","155,155,155,155,155,155,155,155,155,155",544
3735,102,"134,209,360,463,547,788,183,278,276,628","155,155,155,155,155,155,155,155,155,155",289
4486,102,"134,178,938,360,463,80,234,547,45,527","155,155,155,155,155,155,155,155,155,155",519
574,102,"134,461,676,547,361,755,281,238,599,111","155,155,155,155,155,155,155,155,155,155",483
633,102,"134,209,461,738,500,361,463,938,278,764","155,155,155,155,155,155,155,155,155,155",508
1133,102,"134,867,676,178,527,80,583,834,143,795","155,155,155,155,155,155,3,36,155,156",361
5148,102,"134,463,360,547,831,764,178,3,683,278","155,155,155,155,155,155,155,155,127,155",556
64,102,"372,867,463,788,547,3,111,831,234,809","155,155,155,155,155,155,155,155,155,155",494
5501,102,"637,337,463,867,3,79,281,527,639,769","155,155,155,155,155,155,155,155,155,155",463
1584,102,"676,178,360,463,809,583,83,214,834,436","155,155,155,155,155,3,126,127,36,156",413
729,102,"637,788,143,199,111,463,583,834,436,360","155,155,155,155,155,155,3,36,156,155",346
3759,102,"372,867,111,755,234,605,500,588,183,311","155,155,155,155,155,155,155,155,155,155",437
3009,102,"867,788,646,80,547,79,143,314,278,281","155,155,155,155,155,155,155,155,155,155",516
4554,102,"938,360,738,500,652,517,238,278,276,529","155,155,155,155,155,155,155,155,155,155",569
2626,102,"134,178,209,637,372,738,926,646,238,529","155,155,155,155,155,155,155,155,155,155",628
2261,102,"637,80,178,788,199,111,83,214,170,508","155,155,155,155,155,155,126,127,39,219",641
3610,102,"209,867,788,764,80,460,738,281,639,650","155,155,155,155,155,155,155,155,155,155",600
5528,102,"209,637,337,646,588,769,678,242,402,650","155,155,155,155,155,155,155,155,155,155",553
5711,102,"134,637,337,178,460,238,436,281,926,517","155,155,155,155,155,155,156,155,155,155",553
2930,102,"209,938,372,79,755,111,311,736,529,238","155,155,155,155,155,155,155,155,155,155",293
145,102,"372,461,199,764,736,517,926,234,79,311","155,155,155,155,155,155,155,155,155,155",500
5860,102,"134,867,788,637,938,199,111,527,831,736","155,155,155,155,155,155,155,155,155,155",354
5493,102,"637,372,80,938,337,234,79,605,646,45","155,155,155,155,155,155,155,155,155,155",544
1509,102,"209,867,676,360,337,79,698,639,938,738","155,155,155,155,155,155,176,155,155,155",594
3202,102,"209,867,676,788,80,111,461,831,683,278","155,155,155,155,155,155,155,155,127,155",669
541,102,"209,337,867,461,463,831,3,79,311,650","155,155,155,155,155,155,155,155,155,155",528
1595,102,"209,461,867,646,80,460,517,755,79,605","155,155,155,155,155,155,155,155,155,155",500
4837,102,"938,764,831,143,639,683,436,583,461,491","155,155,155,155,155,127,156,3,155,146",464
5610,102,"461,143,199,831,639,552,683,36,214,508","155,155,155,155,155,63,127,44,127,219",653
66,102,"209,463,788,867,646,527,529,143,738,372","155,155,155,155,155,155,155,155,155,155",653
4215,102,"134,372,938,234,80,547,143,45,460,755","155,155,155,155,155,155,155,155,155,155",415
5436,102,"209,178,461,80,143,3,460,238,436,738","155,155,155,155,155,155,155,155,156,155",547
2737,102,"637,867,143,764,3,461,436,527,360,683","155,155,155,155,155,155,156,155,155,127",535
573,102,"134,209,529,3,143,461,637,278,736,552","155,155,155,155,155,155,155,155,155,63",547
1670,102,"209,461,646,547,361,529,281,314,111,650","155,155,155,155,155,155,155,155,155,155",644
5744,102,"134,178,637,111,831,738,79,361,45,183","155,155,155,155,155,155,155,155,155,155",586
1223,102,"209,646,199,360,637,938,460,831,738,45","155,155,155,155,155,155,155,155,155,155",400
2837,102,"209,360,938,517,311,755,242,460,3,199","155,155,155,155,155,155,155,155,155,155",538
5167,102,"134,209,461,360,738,527,199,736,111,3","155,155,155,155,155,155,155,155,155,155",557
1374,102,"134,637,463,831,460,547,764,372,178,683","155,155,155,155,155,155,155,155,155,127",553
2938,102,"134,867,178,527,3,463,637,834,436,460","155,155,155,155,155,155,155,36,156,155",535
4883,102,"676,463,646,45,529,111,311,281,361,238","155,155,155,155,155,155,155,155,155,155",531
1715,102,"209,676,646,79,80,311,547,111,755,314","155,155,155,155,155,155,155,155,155,155",378
1563,102,"134,209,646,80,547,605,500,276,623,833","155,155,155,155,155,155,155,155,155,155",519
3981,102,"637,646,831,529,80,738,337,360,461,436","155,155,155,155,155,155,155,155,155,156",520
1993,102,"134,637,337,676,143,738,436,460,683,360","155,155,155,155,155,155,156,155,127,155",540
4228,102,"134,637,337,45,646,529,867,500,926,639","155,155,155,155,155,155,155,155,155,155",549
3557,102,"209,938,676,788,111,605,736,143,281,769","155,155,155,155,155,155,155,155,155,155",304
449,102,"676,178,463,788,738,199,83,529,661,264","155,155,155,155,155,155,126,155,284,220",541
944,102,"134,637,337,79,588,628,623,242,738,372","155,155,155,155,155,155,155,155,155,155",447
3243,102,"637,676,360,234,500,276,337,45,755,402","155,155,155,155,155,155,155,155,155,155",553
889,102,"134,372,461,867,831,234,529,178,809,683","155,155,155,155,155,155,155,155,155,127",519
3540,102,"134,788,80,234,143,764,45,238,683,314","155,155,155,155,155,155,155,155,127,155",553
4748,102,"209,637,646,234,736,500,311,529,111,143","155,155,155,155,155,155,155,155,155,155",521
3532,102,"938,372,463,517,788,80,111,736,650,281","155,155,155,155,155,155,155,155,155,155",528
1764,102,"637,372,337,79,938,764,234,650,605,527","155,155,155,155,155,155,155,155,155,155",541
1614,102,"637,676,463,234,361,755,276,183,278,769","155,155,155,155,155,155,155,155,155,155",571
5452,102,"676,788,80,199,738,238,314,361,527,460","155,155,155,155,155,155,155,155,155,155",519
5139,102,"209,461,372,79,788,234,650,605,276,599","155,155,155,155,155,155,155,155,155,155",472
2840,102,"676,461,80,79,311,938,926,281,199,183","155,155,155,155,155,155,155,155,155,155",355
2905,102,"360,337,547,755,605,529,517,788,867,314","155,155,155,155,155,155,155,155,155,155",628
1294,102,"134,360,738,234,547,183,238,80,833,650","155,155,155,155,155,155,155,155,155,155",570
2101,102,"134,209,337,938,529,646,867,547,178,3","155,155,155,155,155,155,155,155,155,155",574
5250,102,"938,178,529,527,278,337,583,834,360,809","155,155,155,155,155,155,3,36,155,155",338
2710,102,"209,360,547,143,460,111,436,938,683,238","155,155,155,155,155,155,156,155,127,155",520
3446,102,"134,178,788,527,529,143,461,834,460,372","155,155,155,155,155,155,155,36,155,155",519
1057,102,"676,938,199,111,460,372,281,238,683,436","155,155,155,155,155,155,155,155,127,156",543
185,102,"209,676,461,436,360,527,278,463,568,552","155,155,155,156,155,155,155,155,169,63",720
622,102,"637,867,831,111,314,764,926,639,683,436","155,155,155,155,155,155,155,155,127,156",535
2367,102,"134,178,788,337,764,314,463,583,834,436","155,155,155,155,155,155,155,3,36,156",398
5110,102,"637,938,360,463,867,646,738,45,547,143","155,155,155,155,155,155,155,155,155,155",349
5210,102,"134,637,738,736,143,460,517,281,755,500","155,155,155,155,155,155,155,155,155,155",523
2654,102,"938,529,646,360,111,45,831,500,361,460","155,155,155,155,155,155,155,155,155,155",541
5074,102,"337,788,646,547,80,517,650,599,867,281","155,155,155,155,155,155,155,155,155,155",553
4457,102,"134,867,461,529,460,111,639,683,700,517","155,155,155,155,155,155,155,127,219,155",690
1462,102,"209,637,360,45,736,676,80,646,628,678","155,155,155,155,155,155,155,155,155,155",554
1213,102,"209,637,463,234,547,45,361,605,500,599","155,155,155,155,155,155,155,155,155,155",644
1506,102,"463,461,831,867,788,652,361,529,311,926","155,155,155,155,155,155,155,155,155,155",388
1010,102,"463,867,738,45,755,183,628,831,517,238","155,155,155,155,155,155,155,155,155,155",270
1760,102,"646,80,831,143,738,199,547,809,683,926","155,155,155,155,155,155,155,155,127,155",600
1298,102,"637,788,867,646,764,460,738,461,372,238","155,155,155,155,155,155,155,155,155,155",430
3549,102,"676,788,527,460,281,199,311,683,278,361","155,155,155,155,155,155,155,127,155,155",633
5694,102,"461,111,3,460,738,547,517,683,436,700","155,155,155,155,155,155,155,127,156,219",606
3791,102,"134,178,529,461,209,143,3,552,683,604","155,155,155,155,155,155,155,63,127,269",639
4216,102,"134,938,652,79,605,276,736,111,769,183","155,155,155,155,155,155,155,155,155,155",553
1837,102,"209,788,529,372,360,463,547,111,143,764","155,155,155,155,155,155,155,155,155,155",499
2380,102,"134,788,199,111,637,278,143,683,809,795","155,155,155,155,155,155,155,127,155,156",535
2786,102,"209,637,360,738,500,605,588,769,833,831","155,155,155,155,155,155,155,155,155,155",691
3513,102,"134,637,738,463,500,461,314,755,769,3","155,155,155,155,155,155,155,155,155,155",523
3166,102,"134,646,199,764,637,372,360,463,527,547","155,155,155,155,155,155,155,155,155,155",472
111,102,"637,372,738,79,646,547,517,500,788,605","155,155,155,155,155,155,155,155,155,155",598
4671,102,"360,463,372,461,517,588,311,646,80,242","155,155,155,155,155,155,155,155,155,155",553
1507,102,"209,637,360,234,646,143,199,238,683,436","155,155,155,155,155,155,155,155,127,156",634
3266,102,"938,337,738,461,199,80,111,683,795,314","155,155,155,155,155,155,155,127,156,155",579
3187,102,"676,360,337,79,646,80,769,650,926,143","155,155,155,155,155,155,155,155,155,155",374
5211,102,"463,646,867,831,80,809,736,460,700,639","155,155,155,155,155,155,155,155,219,155",541
2831,102,"637,867,178,360,926,238,809,517,436,755","155,155,155,155,155,155,155,155,156,155",513
2347,102,"938,360,646,867,111,79,460,788,3,650","155,155,155,155,155,155,155,155,155,155",555
5507,102,"676,867,337,788,111,372,736,281,683,809","155,155,155,155,155,155,155,155,127,155",519
5195,102,"360,461,80,517,361,755,500,867,529,314","155,155,155,155,155,155,155,155,155,155",304
5544,102,"134,461,646,938,547,361,605,736,588,500","155,155,155,155,155,155,155,155,155,155",720
2914,102,"134,646,764,831,926,45,639,517,278,683","155,155,155,155,155,155,155,155,155,127",559
5496,102,"637,461,646,178,3,111,736,314,278,436","155,155,155,155,155,155,155,155,155,156",530
1138,102,"637,461,337,143,234,547,311,45,764,831","155,155,155,155,155,155,155,155,155,155",535
4419,102,"637,337,738,79,764,111,831,736,238,628","155,155,155,155,155,155,155,155,155,155",627
3276,102,"209,938,676,646,788,460,755,183,311,650","155,155,155,155,155,155,155,155,155,155",569
2918,102,"209,360,646,79,755,183,831,242,639,80","155,155,155,155,155,155,155,155,155,155",634
50,102,"134,637,738,45,463,547,676,500,736,529","155,155,155,155,155,155,155,155,155,155",304
1378,102,"676,360,461,938,738,788,281,143,683,650","155,155,155,155,155,155,155,155,127,155",588
1389,102,"637,788,831,938,360,460,111,463,683,527","155,155,155,155,155,155,155,155,127,155",618
4400,102,"209,938,337,234,588,769,915,402,833,517","155,155,155,155,155,155,155,156,155,155,155",654
565,102,"676,360,337,372,605,915,361,831,547,460","155,155,155,155,155,155,156,155,155,155,155",640
5627,102,"209,938,337,178,80,111,547,3,527,199","155,155,155,155,155,155,155,155,155,155",669
5456,102,"637,788,178,461,360,80,738,529,238,683","155,155,155,155,155,155,155,155,155,127",611
1362,102,"134,788,529,111,3,646,281,809,683,639","155,155,155,155,155,155,155,155,127,155",574
123,102,"209,529,461,736,143,281,547,238,3,436","155,155,155,155,155,155,155,155,155,156",466
3482,102,"337,178,461,529,111,3,547,238,683,639","155,155,155,155,155,155,155,155,127,155",547
1626,102,"134,676,529,831,278,639,683,143,583,330","155,155,155,155,155,155,127,155,3,300",540
6033,102,"637,867,831,80,764,3,111,278,552,809","155,155,155,155,155,155,155,155,63,155",661
5560,102,"209,867,676,637,80,199,460,683,278,738","155,155,155,155,155,155,155,127,155,155",616
4723,102,"676,337,529,646,143,547,45,605,517,588","155,155,155,155,155,155,155,155,155,155",498
1525,102,"134,209,199,80,529,278,460,552,337,809","155,155,155,155,155,155,155,63,155,155",600
3854,102,"461,831,738,79,588,547,764,199,639,178","155,155,155,155,155,155,155,155,155,155",544
184,102,"637,676,738,500,461,517,736,238,111,599","155,155,155,155,155,155,155,155,155,155",645
1025,102,"134,867,676,178,209,736,143,461,637,527","155,155,155,155,155,155,155,155,155,155",535
2100,102,"867,831,460,111,736,809,238,639,650,436","155,155,155,155,155,155,155,155,155,156",371
2034,102,"637,764,938,738,639,278,552,42,716,827","155,155,155,155,155,155,63,176,117,60",485
1554,102,"676,938,461,831,736,517,79,755,238,809","155,155,155,155,155,155,155,155,155,155",612
3938,102,"646,788,738,3,281,517,45,234,698,605","155,155,155,155,155,155,155,155,176,155",688
481,102,"134,867,637,529,764,111,547,238,3,281","155,155,155,155,155,155,155,155,155,155",463
3315,102,"637,463,529,788,736,143,3,527,809,683","155,155,155,155,155,155,155,155,155,127",541
966,102,"209,764,111,460,736,360,436,683,278,795","155,155,155,155,155,155,156,127,155,156",510
4238,102,"134,646,529,3,527,337,463,436,314,809","155,155,155,155,155,155,155,156,155,155",521
3693,102,"209,637,463,80,529,646,3,639,238,926","155,155,155,155,155,155,155,155,155,155",463
1674,102,"637,461,938,646,360,831,547,460,639,238","155,155,155,155,155,155,155,155,155,155",640
4328,102,"372,867,738,234,183,311,628,111,278,80","155,155,155,155,155,155,155,155,155,155",278
4352,102,"209,867,529,461,3,436,809,314,360,683","155,155,155,155,155,156,155,155,155,127",535
5529,102,"209,676,199,788,646,529,360,143,311,527","155,155,155,155,155,155,155,155,155,155",506
2677,102,"637,788,646,529,80,738,3,360,238,278","155,155,155,155,155,155,155,155,155,155",796
3486,102,"134,209,637,360,605,588,463,337,755,599","155,155,155,155,155,155,155,155,155,155",702
796,102,"209,360,337,361,867,143,755,311,278,769","155,155,155,155,155,155,155,155,155,155",635
2917,102,"134,463,461,738,646,867,529,111,547,764","155,155,155,155,155,155,155,155,155,155",519
2572,102,"637,461,360,234,500,547,646,764,143,938","155,155,155,155,155,155,155,155,155,155",275
4,102,"134,637,337,234,463,738,605,80,311,238","155,155,155,155,155,155,155,155,155,155",226
4277,102,"134,372,337,676,461,361,588,276,599,754","155,155,155,155,155,155,155,155,155,155",563
444,102,"938,360,867,788,527,517,926,238,683,361","155,155,155,155,155,155,155,155,127,155",526
6036,102,"134,463,372,831,547,183,676,517,646,599","155,155,155,155,155,155,155,155,155,155",493
2078,102,"637,461,372,926,500,314,143,183,281,278","155,155,155,155,155,155,155,155,155,155",516
2781,102,"209,676,463,831,234,646,311,527,529,3","155,155,155,155,155,155,155,155,155,155",555
1503,102,"938,337,372,79,605,646,755,183,831,402","155,155,155,155,155,155,155,155,155,155",553
2961,102,"134,867,676,529,646,360,463,738,517,588","155,155,155,155,155,155,155,155,155,155",678
2627,102,"372,178,143,547,111,831,234,45,698,769","155,155,155,155,155,155,155,155,176,155",689
1930,102,"134,788,199,938,337,547,764,3,281,926","155,155,155,155,155,155,155,155,155,155",471
2436,102,"134,372,461,738,45,599,547,311,764,238","155,155,155,155,155,155,155,155,155,155",300
4492,102,"676,867,938,463,529,547,926,527,281,809","155,155,155,155,155,155,155,155,155,155",531
4858,102,"134,637,360,372,867,938,111,460,314,178","155,155,155,155,155,155,155,155,155,155",594
1041,102,"676,938,738,79,234,588,276,623,242,678","155,155,155,155,155,155,155,155,155,155",669
987,102,"209,80,61,337,461,322,330,42,170,633","155,155,168,155,155,175,300,176,39,163",690
432,102,"637,372,337,45,788,111,547,143,311,281","155,155,155,155,155,155,155,155,155,155",507
6147,102,"938,360,736,111,79,234,788,755,281,639","155,155,155,155,155,155,155,155,155,155",576
870,102,"209,637,738,361,500,755,242,311,278,281","155,155,155,155,155,155,155,155,155,155",427
4088,102,"134,463,938,80,764,755,311,111,281,183","155,155,155,155,155,155,155,155,155,155",479
5126,102,"134,867,788,3,337,463,738,460,683,639","155,155,155,155,155,155,155,155,127,155",498
464,102,"134,360,337,938,529,199,143,238,755,683","155,155,155,155,155,155,155,155,155,127",608
4325,102,"637,461,831,199,527,463,683,583,834,436","155,155,155,155,155,155,127,3,36,156",571
2618,102,"209,637,360,79,676,80,461,738,646,809","155,155,155,155,155,155,155,155,155,155",586
4940,102,"134,637,372,831,605,646,80,111,588,460","155,155,155,155,155,155,155,155,155,155",601
1823,102,"209,637,360,517,500,588,278,764,238,402","155,155,155,155,155,155,155,155,155,155",612
1373,102,"646,461,547,764,143,517,178,314,809,755","155,155,155,155,155,155,155,155,155,155",469
2795,102,"646,529,547,738,238,311,736,143,183,178","155,155,155,155,155,155,155,155,155,155",510
5933,102,"134,337,111,361,764,311,736,281,605,639","155,155,155,155,155,155,155,155,155,155",448
1778,102,"637,938,360,529,111,234,588,361,517,736","155,155,155,155,155,155,155,155,155,155",563
4793,102,"134,637,337,738,915,938,372,461,676,529","155,155,155,155,155,156,155,155,155,155,155",667
2949,102,"360,337,461,234,605,547,736,831,361,639","155,155,155,155,155,155,155,155,155,155",600
1077,102,"637,178,676,646,3,529,639,143,738,360","155,155,155,155,155,155,155,155,155,155",290
3462,102,"209,637,646,764,547,178,314,527,238,683","155,155,155,155,155,155,155,155,155,127",539
2322,102,"134,360,646,178,529,80,831,143,547,683","155,155,155,155,155,155,155,155,155,127",693
199,102,"676,337,461,755,926,529,238,809,143,183","155,155,155,155,155,155,155,155,155,155",604
248,102,"134,637,867,79,361,311,199,45,683,755","155,155,155,155,155,155,155,155,127,155",612
4142,102,"134,209,461,80,111,736,460,238,738,547","155,155,155,155,155,155,155,155,155,155",464
4017,102,"867,788,646,143,764,527,547,238,436,683","155,155,155,155,155,155,155,155,156,127",519
767,102,"676,461,831,143,736,547,238,361,926,281","155,155,155,155,155,155,155,155,155,155",582
4698,102,"209,372,831,736,234,605,764,361,278,183","155,155,155,155,155,155,155,155,155,155",553
35,102,"637,676,764,337,436,314,552,278,834,360","155,155,155,155,156,155,63,155,36,155",620
2148,102,"637,676,461,529,178,143,683,926,700,157","155,155,155,155,155,155,127,155,219,163",520
4875,102,"637,461,372,529,463,547,178,460,527,361","155,155,155,155,155,155,155,155,155,155",423
5579,102,"209,676,80,547,764,143,683,278,700,238","155,155,155,155,155,155,127,155,219,155",585
5580,102,"938,360,652,79,45,80,361,764,281,529","155,155,155,155,155,155,155,155,155,155",608
1109,102,"80,517,547,178,238,652,683,809,281,157","155,155,155,155,155,155,127,155,155,163",555
6018,102,"134,372,337,738,311,183,278,547,461,831","155,155,155,155,155,155,155,155,155,155",312
2923,102,"134,209,676,461,372,234,314,143,650,769","155,155,155,155,155,155,155,155,155,155",669
1172,102,"134,360,461,234,676,926,764,500,238,809","155,155,155,155,155,155,155,155,155,155",506
714,102,"134,178,529,646,143,238,527,547,460,199","155,155,155,155,155,155,155,155,155,155",380
425,102,"134,360,461,79,500,755,683,314,3,517","155,155,155,155,155,155,127,155,155,155",304
5558,102,"676,867,3,831,436,281,683,552,639,795","155,155,155,155,156,155,127,63,155,156",561
3945,102,"209,788,529,646,831,80,199,143,809,111","155,155,155,155,155,155,155,155,155,155",582
730,102,"134,360,111,79,831,143,517,764,45,588","155,155,155,155,155,155,155,155,155,155",572
3475,102,"637,676,463,80,199,529,111,337,461,583","155,155,155,155,155,155,155,155,155,3",547
2062,102,"676,938,831,788,736,3,111,527,764,234","155,155,155,155,155,155,155,155,155,155",380
3456,102,"134,360,337,372,588,646,361,831,788,111","155,155,155,155,155,155,155,155,155,155",545
2726,102,"637,938,831,547,588,80,788,529,517,281","155,155,155,155,155,155,155,155,155,155",546
3852,102,"134,209,372,463,461,80,143,311,650,3","155,155,155,155,155,155,155,155,155,155",531
4540,103,"676,337,234,45,755,628,547,938,650,736","155,155,155,155,155,155,155,155,155,155",251
3507,103,"676,788,646,337,372,463,529,831,45,764","155,155,155,155,155,155,155,155,155,155",531
4932,103,"637,461,867,337,80,360,529,178,738,238","155,155,155,155,155,155,155,155,155,155",471
5784,103,"637,646,178,831,764,547,238,517,639,234","155,155,155,155,155,155,155,155,155,155",490
5424,103,"209,938,676,143,80,547,79,361,314,199","155,155,155,155,155,155,155,155,155,155",535
5481,103,"134,461,652,79,809,527,281,314,238,683","155,155,155,155,155,155,155,155,155,127",553
4511,103,"134,867,676,637,764,646,199,517,809,143","155,155,155,155,155,155,155,155,155,155",612
5430,103,"209,788,529,372,646,234,769,242,314,3","155,155,155,155,155,155,155,155,155,155",546
2873,103,"463,867,788,831,79,45,755,517,311,111","155,155,155,155,155,155,155,155,155,155",477
1235,103,"209,867,80,463,460,143,3,199,281,527","155,155,155,155,155,155,155,155,155,155",494
4355,103,"209,337,463,234,361,278,646,736,639,623","155,155,155,155,155,155,155,155,155,155",586
3184,103,"676,938,788,529,360,111,547,738,45,683","155,155,155,155,155,155,155,155,155,127",535
2179,103,"134,209,646,788,361,926,314,650,605,500","155,155,155,155,155,155,155,155,155,155",352
3210,103,"337,461,831,234,45,755,599,547,769,650","155,155,155,155,155,155,155,155,155,155",544
3735,103,"209,529,764,234,361,605,278,402,547,736","155,155,155,155,155,155,155,155,155,155",289
4486,103,"209,337,738,867,529,199,143,80,764,736","155,155,155,155,155,155,155,155,155,155",519
574,103,"637,372,738,79,646,234,80,361,547,183","155,155,155,155,155,155,155,155,155,155",483
633,103,"938,646,831,45,547,867,3,460,281,311","155,155,155,155,155,155,155,155,155,155",508
1133,103,"676,3,199,111,461,314,436,360,583,834","155,155,155,155,155,155,156,155,3,36",361
5148,103,"134,372,461,646,80,529,3,683,517,700","155,155,155,155,155,155,155,127,155,219",556
64,103,"788,461,547,111,738,311,281,517,605,460","155,155,155,155,155,155,155,155,155,155",494
5501,103,"209,637,463,529,111,79,143,361,527,809","155,155,155,155,155,155,155,155,155,155",463
1584,103,"637,788,831,764,3,314,583,834,436,83","155,155,155,155,155,155,3,36,156,126",413
729,103,"209,867,646,547,178,764,143,111,583,834","155,155,155,155,155,155,155,155,3,36",346
3759,103,"134,788,529,517,45,588,500,755,402,736","155,155,155,155,155,155,155,155,155,155",437
3009,103,"463,178,80,764,736,281,45,314,183,79","155,155,155,155,155,155,155,155,155,155",516
4554,103,"676,372,461,234,45,646,755,926,938,588","155,155,155,155,155,155,155,155,155,155",569
2626,103,"209,461,831,79,547,517,788,764,527,281","155,155,155,155,155,155,155,155,155,155",628
2261,103,"676,867,111,809,314,360,683,639,938,552","155,155,155,155,155,155,127,155,155,63",641
3610,103,"209,178,637,372,529,80,111,736,199,652","155,155,155,155,155,155,155,155,155,155",600
5528,103,"637,938,831,652,311,588,276,460,517,278","155,155,155,155,155,155,155,155,155,155",553
5711,103,"360,463,372,461,831,361,500,867,517,605","155,155,155,155,155,155,155,155,155,155",553
2930,103,"360,646,80,738,361,311,764,238,588,460","155,155,155,155,155,155,155,155,155,155",293
145,103,"134,637,337,45,938,547,867,831,183,517","155,155,155,155,155,155,155,155,155,155",500
5860,103,"209,372,738,831,314,639,755,436,361,157","155,155,155,155,155,155,155,156,155,163",354
5493,103,"134,209,764,461,111,831,238,311,234,588","155,155,155,155,155,155,155,155,155,155",544
1509,103,"637,938,463,234,79,45,698,547,755,646","155,155,155,155,155,155,176,155,155,155",594
3202,103,"637,676,461,337,547,831,702,360,683,278","155,155,155,155,155,155,176,155,127,155",669
541,103,"637,461,867,360,529,926,281,45,79,605","155,155,155,155,155,155,155,155,155,155",528
1595,103,"676,463,80,738,547,764,831,111,234,736","155,155,155,155,155,155,155,155,155,155",500
4837,103,"372,646,529,738,199,527,683,143,583,314","155,155,155,155,155,155,127,155,3,155",464
5610,103,"134,676,178,80,460,436,281,360,461,683","155,155,155,155,155,156,155,155,155,127",653
66,103,"134,788,637,938,764,360,738,809,527,683","155,155,155,155,155,155,155,155,155,127",653
4215,103,"372,461,463,738,79,80,234,311,517,769","155,155,155,155,155,155,155,155,155,155",415
5436,103,"637,461,372,178,337,3,764,809,547,527","155,155,155,155,155,155,155,155,155,155",547
2737,103,"134,111,938,460,527,809,583,683,360,491","155,155,155,155,155,155,3,127,155,146",535
573,103,"209,867,80,788,178,646,199,3,314,460","155,155,155,155,155,155,155,155,155,155",547
1670,103,"867,788,831,736,143,517,234,281,809,178","155,155,155,155,155,155,155,155,155,155",644
5744,103,"134,80,938,111,738,372,79,238,755,45","155,155,155,155,155,155,155,155,155,155",586
1223,103,"637,337,738,311,755,646,867,3,588,517","155,155,155,155,155,155,155,155,155,155",400
2837,103,"360,788,867,738,45,311,80,769,500,517","155,155,155,155,155,155,155,155,155,155",538
5167,103,"676,646,831,45,755,183,143,460,650,605","155,155,155,155,155,155,155,155,155,155",557
1374,103,"676,938,360,529,3,111,652,831,238,605","155,155,155,155,155,155,155,155,155,155",553
2938,103,"209,788,831,111,360,683,547,736,938,460","155,155,155,155,155,127,155,155,155,155",535
4883,103,"134,938,337,738,605,361,80,45,788,143","155,155,155,155,155,155,155,155,155,155",531
1715,103,"637,461,738,361,547,311,276,764,736,238","155,155,155,155,155,155,155,155,155,155",378
1563,103,"637,360,111,361,311,517,599,678,183,402","155,155,155,155,155,155,155,155,155,155",519
3981,103,"134,637,337,199,529,3,278,527,683,639","155,155,155,155,155,155,155,155,127,155",520
1993,103,"360,463,646,764,178,527,199,3,238,111","155,155,155,155,155,155,155,155,155,155",540
4228,103,"676,938,738,45,755,788,80,605,736,926","155,155,155,155,155,155,155,155,155,155",549
3557,103,"209,461,831,80,755,605,926,867,588,281","155,155,155,155,155,155,155,155,155,155",304
449,103,"134,637,143,337,360,736,372,314,79,588","155,155,155,155,155,155,155,155,155,155",541
944,103,"134,209,637,337,588,605,769,463,650,754","155,155,155,155,155,155,155,155,155,155",447
3243,103,"134,461,360,831,764,45,517,736,755,276","155,155,155,155,155,155,155,155,155,155",553
889,103,"209,637,360,79,337,547,605,764,529,788","155,155,155,155,155,155,155,155,155,155",519
3540,103,"209,461,867,646,738,460,736,199,683,45","155,155,155,155,155,155,155,155,127,155",553
4748,103,"209,637,831,234,605,755,183,769,311,402","155,155,155,155,155,155,155,155,155,155",521
3532,103,"134,637,337,372,360,938,517,764,311,402","155,155,155,155,155,155,155,155,155,155",528
1764,103,"637,938,463,547,143,738,361,238,831,281","155,155,155,155,155,155,155,155,155,155",541
1614,103,"360,463,372,738,234,605,755,788,764,769","155,155,155,155,155,155,155,155,155,155",571
5452,103,"360,867,646,178,3,527,143,683,45,650","155,155,155,155,155,155,155,127,155,155",519
5139,103,"938,360,738,79,788,831,500,183,599,276","155,155,155,155,155,155,155,155,155,155",472
2840,103,"867,80,517,234,3,361,755,45,547,143","155,155,155,155,155,155,155,155,155,155",355
2905,103,"938,360,111,755,605,547,788,764,143,278","155,155,155,155,155,155,155,155,155,155",628
1294,103,"637,337,234,79,938,867,183,314,809,281","155,155,155,155,155,155,155,155,155,155",570
2101,103,"337,529,372,143,831,3,238,281,517,234","155,155,155,155,155,155,155,155,155,155",574
5250,103,"676,788,646,111,527,764,583,360,795,436","155,155,155,155,155,155,3,155,156,156",338
2710,103,"637,461,80,831,234,938,764,599,238,867","155,155,155,155,155,155,155,155,155,155",520
3446,103,"676,463,372,45,588,276,831,938,111,80","155,155,155,155,155,155,155,155,155,155",519
1057,103,"676,867,938,337,80,788,360,143,646,3","155,155,155,155,155,155,155,155,155,155",543
185,103,"134,637,831,199,460,463,683,552,352,360","155,155,155,155,155,155,127,63,170,155",720
622,103,"134,788,646,527,809,547,436,238,683,278","155,155,155,155,155,155,156,155,127,155",535
2367,103,"337,867,463,178,199,529,278,583,83,834","155,155,155,155,155,155,155,3,126,36",398
5110,103,"209,788,178,461,529,238,738,79,517,809","155,155,155,155,155,155,155,155,155,155",349
5210,103,"372,646,738,80,527,547,111,361,314,3","155,155,155,155,155,155,155,155,155,155",523
2654,103,"209,463,111,460,926,234,588,755,769,311","155,155,155,155,155,155,155,155,155,155",541
5074,103,"938,360,463,311,652,278,755,517,242,678","155,155,155,155,155,155,155,155,155,155",553
4457,103,"209,178,199,552,36,214,170,661,330,768","155,155,155,63,44,127,39,284,300,128",690
1462,103,"372,646,831,738,867,529,527,736,517,199","155,155,155,155,155,155,155,155,155,155",554
1213,103,"134,372,337,79,234,45,605,588,938,788","155,155,155,155,155,155,155,155,155,155",644
1506,103,"134,209,676,788,867,45,652,517,527,183","155,155,155,155,155,155,155,155,155,155",388
1010,103,"637,676,360,372,605,500,45,242,650,402","155,155,155,155,155,155,155,155,155,155",270
1760,103,"209,178,646,637,360,111,3,683,45,79","155,155,155,155,155,155,155,127,155,155",600
1298,103,"134,637,337,463,360,646,831,178,460,278","155,155,155,155,155,155,155,155,155,155",430
3549,103,"209,360,337,178,646,3,764,372,738,683","155,155,155,155,155,155,155,155,155,127",633
5694,103,"676,646,199,463,527,278,143,314,683,436","155,155,155,155,155,155,155,155,127,156",606
3791,103,"676,360,463,788,938,337,80,529,809,683","155,155,155,155,155,155,155,155,155,127",639
4216,103,"134,209,461,738,831,646,676,79,517,650","155,155,155,155,155,155,155,155,155,155",553
1837,103,"788,80,199,460,527,143,764,281,683,517","155,155,155,155,155,155,155,155,127,155",499
2380,103,"134,867,646,938,460,143,527,436,583,547","155,155,155,155,155,155,155,156,3,155",535
2786,103,"134,637,360,79,461,646,676,628,623,242","155,155,155,155,155,155,155,155,155,155",691
3513,103,"134,372,337,738,588,755,646,311,938,764","155,155,155,155,155,155,155,155,155,155",523
3166,103,"938,788,646,867,111,736,527,738,650,683","155,155,155,155,155,155,155,155,155,127",472
111,103,"637,676,372,738,79,234,646,527,809,314","155,155,155,155,155,155,155,155,155,155",598
4671,103,"134,637,676,517,938,788,281,278,639,529","155,155,155,155,155,155,155,155,155,155",553
1507,103,"372,788,461,80,831,764,527,111,460,436","155,155,155,155,155,155,155,155,155,156",634
3266,103,"938,646,867,738,3,547,926,199,683,281","155,155,155,155,155,155,155,155,127,155",579
3187,103,"637,676,360,79,738,45,461,769,281,199","155,155,155,155,155,155,155,155,155,155",374
5211,103,"134,209,461,676,646,788,111,460,809,683","155,155,155,155,155,155,155,155,155,127",541
2831,103,"209,360,461,831,646,80,178,460,764,517","155,155,155,155,155,155,155,155,155,155",513
2347,103,"938,461,646,736,547,234,809,314,683,79","155,155,155,155,155,155,155,155,127,155",555
5507,103,"360,867,372,736,178,80,111,738,238,517","155,155,155,155,155,155,155,155,155,155",519
5195,103,"637,676,867,360,111,788,605,460,314,517","155,155,155,155,155,155,155,155,155,155",304
5544,103,"134,463,676,915,461,938,311,529,755,238","155,155,155,155,156,155,155,155,155,155,155",720
2914,103,"676,867,831,527,199,111,436,281,683,795","155,155,155,155,155,155,156,155,127,156",559
5496,103,"134,646,529,111,460,278,583,661,90,700","155,155,155,155,155,155,3,284,36,219",530
1138,103,"646,3,736,547,738,314,281,809,683,700","155,155,155,155,155,155,155,155,127,219",535
4419,103,"676,337,361,45,527,769,605,736,178,683","155,155,155,155,155,155,155,155,155,127",627
3276,103,"134,867,788,209,529,736,361,79,588,764","155,155,155,155,155,155,155,155,155,155",569
2918,103,"134,938,337,738,605,547,361,500,278,80","155,155,155,155,155,155,155,155,155,155",634
50,103,"676,360,337,463,183,111,769,238,764,926","155,155,155,155,155,155,155,155,155,155",304
1378,103,"637,788,867,529,547,372,143,178,238,683","155,155,155,155,155,155,155,155,155,127",588
1389,103,"209,360,938,646,831,361,3,460,527,199","155,155,155,155,155,155,155,155,155,155",618
4400,103,"209,867,372,234,79,80,755,529,111,769","155,155,155,155,155,155,155,155,155,155",654
565,103,"134,372,676,79,755,276,938,361,831,764","155,155,155,155,155,155,155,155,155,155",640
5627,103,"337,529,143,527,683,278,372,809,517,700","155,155,155,155,127,155,155,155,155,219",669
5456,103,"134,788,209,3,372,527,314,738,639,238","155,155,155,155,155,155,155,155,155,155",611
1362,103,"134,867,676,764,143,80,527,463,552,604","155,155,155,155,155,155,155,155,63,269",574
123,103,"637,337,463,938,738,867,314,683,143,700","155,155,155,155,155,155,155,127,155,219",466
3482,103,"637,178,461,337,938,360,736,738,436,809","155,155,155,155,155,155,155,155,156,155",547
1626,103,"209,199,111,3,278,831,337,527,661,683","155,155,155,155,155,155,155,155,284,127",540
6033,103,"676,178,111,529,143,788,938,314,436,517","155,155,155,155,155,155,155,155,156,155",661
5560,103,"134,178,111,3,552,36,661,716,170,132","155,155,155,155,63,44,284,117,39,44",616
4723,103,"209,867,111,809,736,461,278,683,436,700","155,155,155,155,155,155,155,127,156,219",498
1525,103,"134,178,209,788,529,3,111,360,831,683","155,155,155,155,155,155,155,155,155,127",600
3854,103,"134,676,178,199,736,461,360,938,831,683","155,155,155,155,155,155,155,155,155,127",544
184,103,"676,461,646,311,529,199,652,926,755,605","155,155,155,155,155,155,155,155,155,155",645
1025,103,"461,547,178,736,199,281,314,683,45,361","155,155,155,155,155,155,155,127,155,155",535
2100,103,"134,178,111,360,337,3,547,436,809,738","155,155,155,155,155,155,155,156,155,155",371
2034,103,"676,867,831,938,80,199,788,461,238,809","155,155,155,155,155,155,155,155,155,155",485
1554,103,"637,676,461,178,199,460,361,234,281,278","155,155,155,155,155,155,155,155,155,155",612
3938,103,"209,360,461,698,736,646,311,500,605,771","155,155,155,176,155,155,155,155,155,176",688
481,103,"676,463,738,45,547,831,764,361,736,281","155,155,155,155,155,155,155,155,155,155",463
3315,103,"938,360,463,461,788,199,111,143,738,683","155,155,155,155,155,155,155,155,155,127",541
966,103,"134,178,529,461,646,764,281,683,738,311","155,155,155,155,155,155,155,127,155,155",510
4238,103,"372,461,646,529,764,738,736,3,238,517","155,155,155,155,155,155,155,155,155,155",521
3693,103,"938,529,461,111,738,736,199,527,683,650","155,155,155,155,155,155,155,155,127,155",463
1674,103,"637,372,463,111,360,199,3,460,527,809","155,155,155,155,155,155,155,155,155,155",640
4328,103,"134,80,738,234,361,588,517,769,281,3","155,155,155,155,155,155,155,155,155,155",278
4352,103,"637,111,143,460,809,683,738,700,795,755","155,155,155,155,155,127,155,219,156,155",535
5529,103,"637,676,80,360,764,111,755,3,683,809","155,155,155,155,155,155,155,155,127,155",506
2677,103,"134,80,652,738,755,238,143,79,698,831","155,155,155,155,155,155,155,155,176,155",796
3486,103,"360,463,337,372,831,755,599,646,639,377","155,155,155,155,155,155,155,155,155,155",702
796,103,"360,463,372,461,738,755,769,183,678,926","155,155,155,155,155,155,155,155,155,155",635
2917,103,"637,788,529,199,738,809,683,583,436,314","155,155,155,155,155,155,127,3,156,155",519
2572,103,"209,360,372,738,605,588,463,676,547,238","155,155,155,155,155,155,155,155,155,155",275
4,103,"637,676,463,831,500,646,80,517,588,736","155,155,155,155,155,155,155,155,155,155",226
4277,103,"209,938,463,738,234,361,755,547,788,764","155,155,155,155,155,155,155,155,155,155",563
444,103,"938,372,463,867,646,529,111,234,311,361","155,155,155,155,155,155,155,155,155,155",526
6036,103,"134,209,372,463,234,361,755,547,517,278","155,155,155,155,155,155,155,155,155,155",493
2078,103,"637,461,360,831,361,755,938,926,238,276","155,155,155,155,155,155,155,155,155,155",516
2781,103,"209,938,372,461,788,547,238,683,639,45","155,155,155,155,155,155,155,127,155,155",555
1503,103,"134,646,738,79,234,281,755,500,599,831","155,155,155,155,155,155,155,155,155,155",553
2961,103,"676,938,337,788,199,111,143,527,652,683","155,155,155,155,155,155,155,155,155,127",678
2627,103,"637,867,764,831,337,360,738,45,605,698","155,155,155,155,155,155,155,155,155,176",689
1930,103,"134,867,80,788,460,337,209,683,661,716","155,155,155,155,155,155,155,127,284,117",471
2436,103,"637,461,360,372,45,500,831,361,646,769","155,155,155,155,155,155,155,155,155,155",300
4492,103,"209,938,372,463,79,676,764,80,361,143","155,155,155,155,155,155,155,155,155,155",531
4858,103,"637,646,178,831,547,199,238,809,517,79","155,155,155,155,155,155,155,155,155,155",594
1041,103,"209,938,463,738,79,234,276,361,242,278","155,155,155,155,155,155,155,155,155,155",669
987,103,"360,178,461,788,143,80,809,322,42,330","155,155,155,155,155,155,155,175,176,300",690
432,103,"209,637,463,938,461,831,79,111,736,788","155,155,155,155,155,155,155,155,155,155",507
6147,103,"209,938,461,676,45,80,755,527,650,314","155,155,155,155,155,155,155,155,155,155",576
870,103,"938,360,461,45,500,769,278,281,926,517","155,155,155,155,155,155,155,155,155,155",427
4088,103,"209,788,372,199,529,637,337,143,281,311","155,155,155,155,155,155,155,155,155,155",479
5126,103,"637,461,764,436,199,3,460,834,795,337","155,155,155,156,155,155,155,36,156,155",498
464,103,"209,788,360,461,639,3,337,926,683,517","155,155,155,155,155,155,155,155,127,155",608
4325,103,"676,178,463,646,80,527,111,278,461,436","155,155,155,155,155,155,155,155,155,156",571
2618,103,"209,788,831,738,460,80,143,683,314,157","155,155,155,155,155,155,155,127,155,163",586
4940,103,"209,637,337,234,547,764,529,3,199,527","155,155,155,155,155,155,155,155,155,155",601
1823,103,"134,209,360,738,79,605,234,402,463,754","155,155,155,155,155,155,155,155,155,155",612
1373,103,"938,372,867,831,178,460,238,278,361,436","155,155,155,155,155,155,155,155,155,156",469
2795,103,"637,360,463,529,764,199,314,527,605,238","155,155,155,155,155,155,155,155,155,155",510
5933,103,"209,360,788,111,605,588,623,183,628,678","155,155,155,155,155,155,155,155,155,155",448
1778,103,"209,938,143,3,764,736,738,926,460,639","155,155,155,155,155,155,155,155,155,155",563
4793,103,"938,360,463,337,461,738,736,314,3,199","155,155,155,155,155,155,155,155,155,155",667
2949,103,"134,372,788,111,3,460,738,683,238,157","155,155,155,155,155,155,155,127,155,163",600
1077,103,"209,867,646,199,278,463,460,83,683,834","155,155,155,155,155,155,155,126,127,36",290
3462,103,"637,938,360,80,736,764,831,3,926,281","155,155,155,155,155,155,155,155,155,155",539
2322,103,"637,788,529,303,461,938,337,738,436,463","155,155,155,164,155,155,155,155,156,155",693
199,103,"463,831,178,764,736,111,547,683,45,361","155,155,155,155,155,155,155,127,155,155",604
248,103,"134,209,360,461,361,80,736,764,926,527","155,155,155,155,155,155,155,155,155,155",612
4142,103,"209,938,529,178,463,372,831,314,683,809","155,155,155,155,155,155,155,155,127,155",464
4017,103,"646,178,529,80,111,547,683,278,795,436","155,155,155,155,155,155,127,155,156,156",519
767,103,"637,938,867,764,111,738,769,831,500,314","155,155,155,155,155,155,155,155,155,155",582
4698,103,"676,938,788,372,461,80,314,361,238,311","155,155,155,155,155,155,155,155,155,155",553
35,103,"360,463,337,867,527,436,314,460,552,583","155,155,155,155,155,156,155,155,63,3",620
2148,103,"134,938,337,646,738,79,276,639,281,460","155,155,155,155,155,155,155,155,155,155",520
4875,103,"134,209,372,463,738,45,547,867,80,650","155,155,155,155,155,155,155,155,155,155",423
5579,103,"637,788,143,337,314,460,463,527,809,436","155,155,155,155,155,155,155,155,155,156",585
5580,103,"938,788,646,831,79,588,547,183,500,769","155,155,155,155,155,155,155,155,155,155",608
1109,103,"938,463,461,646,831,234,45,547,529,755","155,155,155,155,155,155,155,155,155,155",555
6018,103,"938,360,372,646,45,588,736,529,788,517","155,155,155,155,155,155,155,155,155,155",312
2923,103,"134,463,111,234,547,926,529,683,527,700","155,155,155,155,155,155,155,127,155,219",669
1172,103,"134,209,646,45,361,529,314,111,183,238","155,155,155,155,155,155,155,155,155,155",506
714,103,"637,788,867,676,178,736,111,3,463,831","155,155,155,155,155,155,155,155,155,155",380
425,103,"360,646,529,45,867,517,764,281,639,650","155,155,155,155,155,155,155,155,155,155",304
5558,103,"134,867,80,3,111,552,463,646,764,661","155,155,155,155,155,63,155,155,155,284",561
3945,103,"463,646,831,178,736,143,527,281,199,683","155,155,155,155,155,155,155,155,155,127",582
730,103,"637,372,360,45,361,831,646,527,769,867","155,155,155,155,155,155,155,155,155,155",572
3475,103,"134,209,529,360,831,736,683,738,436,491","155,155,155,155,155,155,127,155,156,146",547
2062,103,"134,788,646,461,527,111,360,639,314,209","155,155,155,155,155,155,155,155,155,155",380
3456,103,"938,360,337,79,605,831,402,461,650,238","155,155,155,155,155,155,155,155,155,155",545
2726,103,"372,788,529,517,311,79,111,769,276,460","155,155,155,155,155,155,155,155,155,155",546
3852,103,"209,337,676,79,500,831,183,650,111,314","155,155,155,155,155,155,155,155,155,155",531
4540,104,"676,337,463,79,183,831,628,461,646,111","155,155,155,155,155,155,155,155,155,155",251
3507,104,"209,867,788,461,360,372,234,736,111,764","155,155,155,155,155,155,155,155,155,155",531
4932,104,"134,676,529,463,788,143,764,552,683,795","155,155,155,155,155,155,155,63,127,156",471
5784,104,"867,529,80,788,3,199,143,461,436,314","155,155,155,155,155,155,155,155,156,155",490
5424,104,"337,461,738,547,809,683,45,755,700,157","155,155,155,155,155,127,155,155,219,163",535
5481,104,"134,209,337,79,652,234,361,605,517,111","155,155,155,155,155,155,155,155,155,155",553
4511,104,"134,788,637,80,143,938,547,527,463,738","155,155,155,155,155,155,155,155,155,155",612
5430,104,"360,867,463,788,529,831,234,755,588,623","155,155,155,155,155,155,155,155,155,155",546
2873,104,"134,463,360,80,605,769,628,764,238,650","155,155,155,155,155,155,155,155,155,155",477
1235,104,"337,738,361,80,926,311,650,769,183,281","155,155,155,155,155,155,155,155,155,155",494
4355,104,"637,360,463,45,588,234,623,361,402,831","155,155,155,155,155,155,155,155,155,155",586
3184,104,"209,637,337,79,463,361,788,111,547,926","155,155,155,155,155,155,155,155,155,155",535
2179,104,"209,637,337,234,463,45,605,755,80,311","155,155,155,155,155,155,155,155,155,155",352
3210,104,"637,676,463,738,605,276,361,183,278,926","155,155,155,155,155,155,155,155,155,155",544
3735,104,"134,637,738,79,463,628,623,769,736,238","155,155,155,155,155,155,155,155,155,155",289
4486,104,"637,461,360,372,517,736,183,646,769,867","155,155,155,155,155,155,155,155,155,155",519
574,104,"676,463,831,45,500,938,183,755,736,788","155,155,155,155,155,155,155,155,155,155",483
633,104,"676,178,463,337,461,646,831,183,605,588","155,155,155,155,155,155,155,155,155,155",508
1133,104,"337,788,178,111,809,529,738,583,834,639","155,155,155,155,155,155,155,3,36,155",361
5148,104,"209,529,80,3,337,661,683,360,461,583","155,155,155,155,155,284,127,155,155,3",556
64,104,"637,867,461,831,463,311,111,361,764,926","155,155,155,155,155,155,155,155,155,155",494
5501,104,"134,209,461,938,79,529,547,867,736,281","155,155,155,155,155,155,155,155,155,155",463
1584,104,"134,867,80,199,111,83,264,214,335,583","155,155,155,155,155,126,220,127,195,3",413
729,104,"372,178,788,646,529,143,460,583,795,834","155,155,155,155,155,155,155,3,156,36",346
3759,104,"209,637,676,463,45,605,588,183,833,678","155,155,155,155,155,155,155,155,155,155",437
3009,104,"134,867,788,529,646,80,764,517,45,639","155,155,155,155,155,155,155,155,155,155",516
4554,104,"134,372,337,79,500,547,938,460,111,517","155,155,155,155,155,155,155,155,155,155",569
2626,104,"134,178,529,463,360,143,111,764,281,652","155,155,155,155,155,155,155,155,155,155",628
2261,104,"134,178,199,552,527,661,360,337,788,604","155,155,155,63,155,284,155,155,155,269",641
3610,104,"676,938,360,372,199,527,639,683,436,700","155,155,155,155,155,155,155,127,156,219",600
5528,104,"360,463,372,234,588,500,314,831,402,623","155,155,155,155,155,155,155,155,155,155",553
5711,104,"134,372,646,111,831,79,311,764,926,460","155,155,155,155,155,155,155,155,155,155",553
2930,104,"676,337,80,372,111,926,45,769,736,314","155,155,155,155,155,155,155,155,155,155",293
145,104,"209,637,738,788,831,199,683,361,234,79","155,155,155,155,155,155,127,155,155,155",500
5860,104,"463,646,736,867,111,3,764,809,361,278","155,155,155,155,155,155,155,155,155,155",354
5493,104,"938,461,788,517,547,764,527,3,809,199","155,155,155,155,155,155,155,155,155,155",544
1509,104,"637,676,337,234,698,588,938,463,867,183","155,155,155,155,176,155,155,155,155,155",594
3202,104,"676,337,788,463,178,527,3,199,42,827","155,155,155,155,155,155,155,155,176,60",669
541,104,"637,461,360,178,460,547,683,281,517,639","155,155,155,155,155,155,127,155,155,155",528
1595,104,"134,337,80,676,111,926,529,238,755,45","155,155,155,155,155,155,155,155,155,155",500
4837,104,"676,938,831,463,639,278,143,583,683,436","155,155,155,155,155,155,155,3,127,156",464
5610,104,"134,80,3,111,278,460,809,552,36,330","155,155,155,155,155,155,155,63,44,300",653
66,104,"134,867,676,178,529,3,736,809,683,639","155,155,155,155,155,155,155,155,127,155",653
4215,104,"209,337,463,831,372,547,238,809,683,281","155,155,155,155,155,155,155,155,127,155",415
5436,104,"637,461,867,178,360,529,547,683,639,795","155,155,155,155,155,155,155,127,155,156",547
2737,104,"209,676,199,788,547,461,111,360,436,238","155,155,155,155,155,155,155,155,156,155",535
573,104,"637,461,337,529,764,938,552,583,436,372","155,155,155,155,155,155,63,3,156,155",547
1670,104,"637,788,111,517,79,764,460,3,314,547","155,155,155,155,155,155,155,155,155,155",644
5744,104,"134,209,529,360,111,926,45,238,361,527","155,155,155,155,155,155,155,155,155,155",586
1223,104,"360,461,3,736,199,738,755,809,311,638","155,155,155,155,155,155,155,155,155,154",400
2837,104,"134,637,463,79,461,646,769,678,926,314","155,155,155,155,155,155,155,155,155,155",538
5167,104,"134,676,461,80,372,938,529,527,234,45","155,155,155,155,155,155,155,155,155,155",557
1374,104,"676,867,938,461,463,143,460,314,764,234","155,155,155,155,155,155,155,155,155,155",553
2938,104,"134,788,637,529,3,764,683,646,436,776","155,155,155,155,155,155,127,155,156,267",535
4883,104,"134,209,637,360,234,588,599,547,463,461","155,155,155,155,155,155,155,155,155,155",531
1715,104,"134,360,938,79,80,143,764,183,867,788","155,155,155,155,155,155,155,155,155,155",378
1563,104,"134,938,80,79,183,500,769,623,678,833","155,155,155,155,155,155,155,155,155,155",519
3981,104,"372,461,80,529,788,111,314,436,809,738","155,155,155,155,155,155,155,156,155,155",520
1993,104,"134,372,80,529,460,178,639,661,264,83","155,155,155,155,155,155,155,284,220,126",540
4228,104,"637,337,463,45,831,755,311,764,599,867","155,155,155,155,155,155,155,155,155,155",549
3557,104,"134,372,337,736,788,3,831,755,183,683","155,155,155,155,155,155,155,155,155,127",304
449,104,"337,867,764,529,178,527,143,517,683,3","155,155,155,155,155,155,155,155,127,155",541
944,104,"463,788,80,738,234,45,276,623,402,754","155,155,155,155,155,155,155,155,155,155",447
3243,104,"463,461,646,547,80,755,652,278,281,111","155,155,155,155,155,155,155,155,155,155",553
889,104,"337,372,461,736,178,764,80,281,238,683","155,155,155,155,155,155,155,155,155,127",519
3540,104,"134,637,461,646,764,529,80,736,238,926","155,155,155,155,155,155,155,155,155,155",553
4748,104,"209,360,788,80,79,755,183,599,678,926","155,155,155,155,155,155,155,155,155,155",521
3532,104,"637,938,463,738,831,736,361,143,314,683","155,155,155,155,155,155,155,155,155,127",528
1764,104,"372,788,738,238,361,80,111,278,314,527","155,155,155,155,155,155,155,155,155,155",541
1614,104,"134,209,461,676,79,646,517,769,588,764","155,155,155,155,155,155,155,155,155,155",571
5452,104,"134,461,80,143,178,111,736,199,683,926","155,155,155,155,155,155,155,155,127,155",519
5139,104,"134,80,111,547,755,769,599,242,754,517","155,155,155,155,155,155,155,155,155,155",472
2840,104,"209,337,788,80,764,831,547,527,143,238","155,155,155,155,155,155,155,155,155,155",355
2905,104,"938,337,646,788,867,111,831,79,517,311","155,155,155,155,155,155,155,155,155,155",628
1294,104,"360,463,461,788,831,736,199,764,527,926","155,155,155,155,155,155,155,155,155,155",570
2101,104,"676,372,646,867,80,738,547,764,79,529","155,155,155,155,155,155,155,155,155,155",574
5250,104,"209,676,199,3,111,527,583,834,360,463","155,155,155,155,155,155,3,36,155,155",338
2710,104,"209,676,529,788,143,372,281,460,436,278","155,155,155,155,155,155,155,155,156,155",520
3446,104,"676,360,372,234,588,738,599,547,938,111","155,155,155,155,155,155,155,155,155,155",519
1057,104,"209,867,788,764,547,80,831,529,178,938","155,155,155,155,155,155,155,155,155,155",543
185,104,"637,676,199,278,646,683,568,552,946,352","155,155,155,155,155,127,169,63,174,170",720
622,104,"676,867,3,529,831,80,111,461,683,795","155,155,155,155,155,155,155,155,127,156",535
2367,104,"637,676,461,529,3,111,738,809,314,926","155,155,155,155,155,155,155,155,155,155",398
5110,104,"637,337,547,938,111,588,199,281,314,238","155,155,155,155,155,155,155,155,155,155",349
5210,104,"938,360,337,79,605,547,738,529,183,764","155,155,155,155,155,155,155,155,155,155",523
2654,104,"134,867,209,637,547,360,3,738,238,755","155,155,155,155,155,155,155,155,155,155",541
5074,104,"676,738,517,45,605,769,599,926,278,238","155,155,155,155,155,155,155,155,155,155",553
4457,104,"337,646,3,809,314,583,552,36,330,776","155,155,155,155,155,3,63,44,300,267",690
1462,104,"676,337,234,311,461,764,281,529,788,867","155,155,155,155,155,155,155,155,155,155",554
1213,104,"637,676,360,45,605,500,588,736,678,281","155,155,155,155,155,155,155,155,155,155",644
1506,104,"209,867,646,529,938,738,639,517,234,45","155,155,155,155,155,155,155,155,155,155",388
1010,104,"80,738,547,111,45,605,833,402,754,650","155,155,155,155,155,155,155,155,155,155",270
1760,104,"134,867,788,676,3,337,547,736,436,527","155,155,155,155,155,155,155,155,156,155",600
1298,104,"209,676,178,788,646,80,547,143,314,199","155,155,155,155,155,155,155,155,155,155",430
3549,104,"134,637,372,646,764,831,547,527,683,436","155,155,155,155,155,155,155,155,127,156",633
5694,104,"134,867,199,3,788,552,646,583,776,36","155,155,155,155,155,63,155,3,267,44",606
3791,104,"209,788,764,143,436,463,809,314,460,683","155,155,155,155,156,155,155,155,155,127",639
4216,104,"134,360,372,738,461,676,79,769,628,623","155,155,155,155,155,155,155,155,155,155",553
1837,104,"372,788,111,178,831,736,314,281,639,683","155,155,155,155,155,155,155,155,155,127",499
2380,104,"337,199,111,143,764,683,809,281,436,547","155,155,155,155,155,127,155,155,156,155",535
2786,104,"637,646,529,79,755,588,769,599,183,833","155,155,155,155,155,155,155,155,155,155",691
3513,104,"360,337,372,79,234,500,788,646,276,736","155,155,155,155,155,155,155,155,155,155",523
3166,104,"209,463,372,831,234,461,652,605,547,764","155,155,155,155,155,155,155,155,155,155",472
111,104,"209,360,646,547,588,788,111,605,529,460","155,155,155,155,155,155,155,155,155,155",598
4671,104,"360,463,80,764,605,788,867,238,460,314","155,155,155,155,155,155,155,155,155,155",553
1507,104,"676,867,80,764,111,547,199,436,738,683","155,155,155,155,155,155,155,156,155,127",634
3266,104,"134,676,3,646,764,314,831,337,372,436","155,155,155,155,155,155,155,155,155,156",579
3187,104,"637,676,337,234,80,361,143,460,527,314","155,155,155,155,155,155,155,155,155,155",374
5211,104,"676,867,80,788,143,736,683,547,436,938","155,155,155,155,155,155,127,155,156,155",541
2831,104,"637,788,867,199,764,360,460,238,281,639","155,155,155,155,155,155,155,155,155,155",513
2347,104,"134,178,788,80,764,143,111,463,736,281","155,155,155,155,155,155,155,155,155,155",555
5507,104,"209,938,337,646,460,238,683,700,157,436","155,155,155,155,155,155,127,219,163,156",519
5195,104,"637,461,337,738,361,831,311,764,646,281","155,155,155,155,155,155,155,155,155,155",304
5544,104,"209,637,372,738,915,461,646,178,755,79","155,155,155,155,155,156,155,155,155,155,155",720
2914,104,"209,360,867,938,788,199,314,646,764,738","155,155,155,155,155,155,155,155,155,155",559
5496,104,"676,938,529,3,463,788,661,83,776,264","155,155,155,155,155,155,284,126,267,220",530
1138,104,"134,209,461,788,867,529,926,111,809,683","155,155,155,155,155,155,155,155,155,127",535
4419,104,"938,360,337,736,867,111,500,3,809,683","155,155,155,155,155,155,155,155,155,127",627
3276,104,"676,372,788,938,361,183,281,278,547,639","155,155,155,155,155,155,155,155,155,155",569
2918,104,"209,637,676,646,3,361,45,238,234,199","155,155,155,155,155,155,155,155,155,155",634
50,104,"637,372,463,938,788,500,529,809,639,3","155,155,155,155,155,155,155,155,155,155",304
1378,104,"637,646,461,831,372,683,278,639,755,311","155,155,155,155,155,127,155,155,155,155",588
1389,104,"209,637,788,178,646,529,831,463,360,738","155,155,155,155,155,155,155,155,155,155",618
4400,104,"134,463,337,234,605,788,360,500,278,529","155,155,155,155,155,155,155,155,155,155",654
565,104,"637,676,360,738,500,372,463,461,736,278","155,155,155,155,155,155,155,155,155,155",640
5627,104,"209,938,867,178,3,764,527,738,683,652","155,155,155,155,155,155,155,155,127,155",669
5456,104,"134,867,646,637,178,547,529,80,460,238","155,155,155,155,155,155,155,155,155,155",611
1362,104,"209,867,461,460,111,360,639,436,683,637","155,155,155,155,155,155,155,156,127,155",574
123,104,"209,867,788,461,80,372,3,278,938,637","155,155,155,155,155,155,155,155,155,155",466
3482,104,"209,637,337,461,3,111,360,278,683,517","155,155,155,155,155,155,155,155,127,155",547
1626,104,"134,178,529,3,199,738,683,764,661,360","155,155,155,155,155,155,127,155,284,155",540
6033,104,"463,867,80,788,529,461,831,111,738,547","155,155,155,155,155,155,155,155,155,155",661
5560,104,"209,178,461,552,834,436,143,36,776,661","155,155,155,63,36,156,155,44,267,284",616
4723,104,"637,463,80,646,111,3,926,527,683,639","155,155,155,155,155,155,155,155,127,155",498
1525,104,"134,209,199,80,111,143,461,436,683,552","155,155,155,155,155,155,155,156,127,63",600
3854,104,"637,372,938,646,360,738,517,605,178,639","155,155,155,155,155,155,155,155,155,155",544
184,104,"360,372,788,646,234,867,517,755,183,500","155,155,155,155,155,155,155,155,155,155",645
1025,104,"676,788,529,738,460,314,683,547,700,583","155,155,155,155,155,155,127,155,219,3",535
2100,104,"134,764,831,639,527,278,463,360,547,583","155,155,155,155,155,155,155,155,155,3",371
2034,104,"209,938,461,867,788,646,527,143,436,311","155,155,155,155,155,155,155,155,156,155",485
1554,104,"637,938,463,831,45,605,588,788,183,683","155,155,155,155,155,155,155,155,155,127",612
3938,104,"209,461,646,698,764,361,867,926,281,500","155,155,155,176,155,155,155,155,155,155",688
481,104,"637,646,337,529,360,547,736,3,683,111","155,155,155,155,155,155,155,155,127,155",463
3315,104,"134,209,529,360,938,738,372,527,764,639","155,155,155,155,155,155,155,155,155,155",541
966,104,"676,337,80,646,372,547,738,234,831,736","155,155,155,155,155,155,155,155,155,155",510
4238,104,"337,867,461,80,547,764,314,738,700,639","155,155,155,155,155,155,155,155,219,155",521
3693,104,"938,529,646,461,3,547,527,926,361,755","155,155,155,155,155,155,155,155,155,155",463
1674,104,"134,788,199,461,111,337,238,527,639,436","155,155,155,155,155,155,155,155,155,156",640
4328,104,"134,637,738,605,938,547,461,500,460,314","155,155,155,155,155,155,155,155,155,155",278
4352,104,"134,867,831,111,463,639,143,583,337,491","155,155,155,155,155,155,155,3,155,146",535
5529,104,"676,3,372,646,461,80,143,234,111,238","155,155,155,155,155,155,155,155,155,155",506
2677,104,"209,80,461,360,652,831,3,281,738,460","155,155,155,155,155,155,155,155,155,155",796
3486,104,"134,463,360,234,605,311,833,650,754,238","155,155,155,155,155,155,155,155,155,155",702
796,104,"337,461,738,45,547,234,183,278,650,623","155,155,155,155,155,155,155,155,155,155",635
2917,104,"676,3,461,199,738,809,683,736,436,157","155,155,155,155,155,155,127,155,156,163",519
2572,104,"938,372,463,788,80,646,831,736,517,639","155,155,155,155,155,155,155,155,155,155",275
4,104,"676,788,80,529,45,183,527,143,281,500","155,155,155,155,155,155,155,155,155,155",226
4277,104,"337,111,80,311,736,143,605,926,3,281","155,155,155,155,155,155,155,155,155,155",563
444,104,"372,788,80,527,683,736,238,436,700,157","155,155,155,155,127,155,155,156,219,163",526
6036,104,"337,463,831,45,738,599,311,80,788,278","155,155,155,155,155,155,155,155,155,155",493
2078,104,"134,637,938,788,3,736,517,281,238,361","155,155,155,155,155,155,155,155,155,155",516
2781,104,"209,337,372,45,788,764,527,517,199,3","155,155,155,155,155,155,155,155,155,155",555
1503,104,"209,360,738,764,588,276,111,652,650,833","155,155,155,155,155,155,155,155,155,155",553
2961,104,"209,938,372,831,463,234,676,788,646,80","155,155,155,155,155,155,155,155,155,155",678
2627,104,"209,360,529,79,547,867,926,314,755,45","155,155,155,155,155,155,155,155,155,155",689
1930,104,"134,867,360,143,637,461,517,234,314,278","155,155,155,155,155,155,155,155,155,155",471
2436,104,"209,938,461,831,79,764,788,45,605,314","155,155,155,155,155,155,155,155,155,155",300
4492,104,"209,938,646,529,80,45,234,281,314,809","155,155,155,155,155,155,155,155,155,155",531
4858,104,"637,372,80,337,764,3,683,335,661,170","155,155,155,155,155,155,127,195,284,39",594
1041,104,"676,461,738,547,605,500,276,599,588,926","155,155,155,155,155,155,155,155,155,155",669
987,104,"134,867,676,199,529,80,322,42,170,633","155,155,155,155,155,155,175,176,39,163",690
432,104,"938,337,831,79,80,361,788,143,529,311","155,155,155,155,155,155,155,155,155,155",507
6147,104,"134,463,461,234,646,831,79,311,769,736","155,155,155,155,155,155,155,155,155,155",576
870,104,"209,938,463,831,79,605,588,769,183,628","155,155,155,155,155,155,155,155,155,155",427
4088,104,"360,178,337,529,3,460,736,527,436,157","155,155,155,155,155,155,155,155,156,163",479
5126,104,"209,867,676,3,527,938,683,337,111,314","155,155,155,155,155,155,127,155,155,155",498
464,104,"938,764,529,199,461,547,527,436,683,834","155,155,155,155,155,155,155,156,127,36",608
4325,104,"134,676,178,209,529,199,831,463,111,738","155,155,155,155,155,155,155,155,155,155",571
2618,104,"134,360,372,738,529,111,736,527,547,683","155,155,155,155,155,155,155,155,155,127",586
4940,104,"134,463,360,676,529,80,646,199,683,281","155,155,155,155,155,155,155,155,127,155",601
1823,104,"337,463,831,79,755,588,547,500,628,311","155,155,155,155,155,155,155,155,155,155",612
1373,104,"867,461,831,646,80,529,736,639,809,527","155,155,155,155,155,155,155,155,155,155",469
2795,104,"463,867,529,111,527,311,517,234,45,460","155,155,155,155,155,155,155,155,155,155",510
5933,104,"209,676,646,45,755,599,529,788,238,926","155,155,155,155,155,155,155,155,155,155",448
1778,104,"134,337,738,361,45,500,764,314,238,278","155,155,155,155,155,155,155,155,155,155",563
4793,104,"676,867,337,463,646,547,234,80,361,683","155,155,155,155,155,155,155,155,155,127",667
2949,104,"360,463,646,79,234,755,276,547,736,460","155,155,155,155,155,155,155,155,155,155",600
1077,104,"676,867,178,3,80,111,639,683,436,461","155,155,155,155,155,155,155,127,156,155",290
3462,104,"134,209,529,461,80,527,238,926,45,199","155,155,155,155,155,155,155,155,155,155",539
2322,104,"134,637,463,676,527,80,652,547,764,111","155,155,155,155,155,155,155,155,155,155",693
199,104,"938,337,463,45,529,311,377,605,199,460","155,155,155,155,155,155,155,155,155,155",604
248,104,"938,463,80,738,234,79,111,764,736,517","155,155,155,155,155,155,155,155,155,155",612
4142,104,"209,676,372,738,79,755,547,764,529,831","155,155,155,155,155,155,155,155,155,155",464
4017,104,"637,788,867,676,764,143,111,360,938,238","155,155,155,155,155,155,155,155,155,155",519
767,104,"676,867,788,461,372,80,45,517,361,111","155,155,155,155,155,155,155,155,155,155",582
4698,104,"637,938,736,79,460,926,361,143,314,769","155,155,155,155,155,155,155,155,155,155",553
35,104,"676,867,529,788,337,436,463,738,360,683","155,155,155,155,155,156,155,155,155,127",620
2148,104,"337,788,461,831,547,588,646,80,111,764","155,155,155,155,155,155,155,155,155,155",520
4875,104,"360,788,372,547,736,527,314,683,700,436","155,155,155,155,155,155,155,127,219,156",423
5579,104,"463,646,461,80,547,764,111,314,831,683","155,155,155,155,155,155,155,155,155,127",585
5580,104,"938,360,463,831,45,111,605,588,652,736","155,155,155,155,155,155,155,155,155,155",608
1109,104,"637,938,360,738,234,599,547,788,311,529","155,155,155,155,155,155,155,155,155,155",555
6018,104,"676,360,461,831,755,588,547,736,111,867","155,155,155,155,155,155,155,155,155,155",312
2923,104,"938,372,463,79,80,361,764,529,867,547","155,155,155,155,155,155,155,155,155,155",669
1172,104,"209,938,143,372,527,460,736,311,234,281","155,155,155,155,155,155,155,155,155,155",506
714,104,"676,938,3,736,143,111,460,831,238,926","155,155,155,155,155,155,155,155,155,155",380
425,104,"209,337,372,738,500,80,736,517,143,276","155,155,155,155,155,155,155,155,155,155",304
5558,104,"134,867,676,3,552,460,583,776,834,83","155,155,155,155,63,155,3,267,36,126",561
3945,104,"938,463,831,3,738,45,238,361,527,311","155,155,155,155,155,155,155,155,155,155",582
730,104,"637,372,738,500,646,517,764,755,769,867","155,155,155,155,155,155,155,155,155,155",572
3475,104,"676,867,831,80,529,111,143,683,314,83","155,155,155,155,155,155,155,127,155,126",547
2062,104,"209,676,637,461,178,764,460,111,281,736","155,155,155,155,155,155,155,155,155,155",380
3456,104,"676,463,372,831,234,588,517,938,764,769","155,155,155,155,155,155,155,155,155,155",545
2726,104,"209,938,461,738,361,605,276,183,788,736","155,155,155,155,155,155,155,155,155,155",546
3852,104,"360,178,143,461,80,372,529,736,314,199","155,155,155,155,155,155,155,155,155,155",531
4540,105,"134,463,360,79,588,547,676,755,736,111","155,155,155,155,155,155,155,155,155,155",251
3507,105,"938,646,143,234,361,45,755,79,278,683","155,155,155,155,155,155,155,155,155,127",531
4932,105,"676,3,372,461,547,281,436,809,795,238","155,155,155,155,155,155,156,155,156,155",471
5784,105,"209,676,764,831,3,527,436,460,738,683","155,155,155,155,155,155,156,155,155,127",490
5424,105,"134,360,372,938,529,80,755,361,3,683","155,155,155,155,155,155,155,155,155,127",535
5481,105,"360,337,372,867,831,547,111,788,605,639","155,155,155,155,155,155,155,155,155,155",553
4511,105,"134,199,461,360,460,463,372,314,683,639","155,155,155,155,155,155,155,155,127,155",612
5430,105,"676,938,831,143,3,461,111,547,736,683","155,155,155,155,155,155,155,155,155,127",546
2873,105,"788,529,143,736,517,45,605,500,588,460","155,155,155,155,155,155,155,155,155,155",477
1235,105,"637,788,529,738,45,361,547,736,517,460","155,155,155,155,155,155,155,155,155,155",494
4355,105,"209,372,80,527,547,45,769,500,652,755","155,155,155,155,155,155,155,155,155,155",586
3184,105,"637,372,463,79,143,361,527,3,45,650","155,155,155,155,155,155,155,155,155,155",535
2179,105,"134,360,646,788,764,143,311,755,650,183","155,155,155,155,155,155,155,155,155,155",352
3210,105,"360,463,372,738,605,361,678,650,831,754","155,155,155,155,155,155,155,155,155,155",544
3735,105,"134,463,738,79,45,500,588,547,736,111","155,155,155,155,155,155,155,155,155,155",289
4486,105,"676,360,337,234,372,738,461,831,938,111","155,155,155,155,155,155,155,155,155,155",519
574,105,"461,80,738,234,831,311,281,517,460,650","155,155,155,155,155,155,155,155,155,155",483
633,105,"80,738,143,79,45,831,311,926,314,683","155,155,155,155,155,155,155,155,155,127",508
1133,105,"209,646,199,360,547,3,111,436,463,583","155,155,155,155,155,155,155,156,155,3",361
5148,105,"637,143,360,80,199,736,111,639,809,436","155,155,155,155,155,155,155,155,155,156",556
64,105,"360,372,867,646,736,764,238,683,809,281","155,155,155,155,155,155,155,127,155,155",494
5501,105,"209,360,463,738,736,238,178,199,809,683","155,155,155,155,155,155,155,155,155,127",463
1584,105,"360,143,199,111,809,460,83,264,214,335","155,155,155,155,155,155,126,220,127,195",413
729,105,"360,461,788,3,547,460,436,111,809,795","155,155,155,155,155,155,156,155,155,156",346
3759,105,"938,3,736,517,79,183,650,599,628,242","155,155,155,155,155,155,155,155,155,155",437
3009,105,"676,372,80,529,831,764,238,111,143,517","155,155,155,155,155,155,155,155,155,155",516
4554,105,"134,372,337,738,500,547,646,80,831,111","155,155,155,155,155,155,155,155,155,155",569
2626,105,"938,337,738,79,461,831,605,736,529,183","155,155,155,155,155,155,155,155,155,155",628
2261,105,"209,676,529,199,683,278,795,552,491,517","155,155,155,155,127,155,156,63,146,155",641
3610,105,"938,337,372,646,788,238,143,183,3,683","155,155,155,155,155,155,155,155,155,127",600
5528,105,"134,372,337,79,676,646,831,588,276,517","155,155,155,155,155,155,155,155,155,155",553
5711,105,"134,372,788,111,738,755,361,234,769,278","155,155,155,155,155,155,155,155,155,155",553
2930,105,"209,529,764,926,79,605,755,588,736,3","155,155,155,155,155,155,155,155,155,155",293
145,105,"461,529,80,764,143,238,460,683,639,436","155,155,155,155,155,155,155,127,155,156",500
5860,105,"134,676,529,637,337,809,314,738,436,281","155,155,155,155,155,155,155,155,156,155",354
5493,105,"938,360,337,79,605,646,361,788,80,311","155,155,155,155,155,155,155,155,155,155",544
1509,105,"134,461,831,234,698,938,500,276,771,886","155,155,155,155,176,155,155,155,176,176",594
3202,105,"134,80,111,461,360,736,683,738,652,552","155,155,155,155,155,155,127,155,155,63",669
541,105,"463,80,764,529,736,281,755,527,683,436","155,155,155,155,155,155,155,155,127,156",528
1595,105,"209,360,372,831,79,755,623,646,460,529","155,155,155,155,155,155,155,155,155,155",500
4837,105,"209,938,788,529,178,463,460,738,527,683","155,155,155,155,155,155,155,155,155,127",464
5610,105,"938,178,143,80,547,111,372,736,683,639","155,155,155,155,155,155,155,155,127,155",653
66,105,"134,788,637,938,143,337,372,238,281,683","155,155,155,155,155,155,155,155,155,127",653
4215,105,"938,360,463,337,372,80,311,755,605,547","155,155,155,155,155,155,155,155,155,155",415
5436,105,"134,337,80,646,788,738,547,199,676,683","155,155,155,155,155,155,155,155,155,127",547
2737,105,"134,209,460,436,337,683,314,517,281,547","155,155,155,156,155,127,155,155,155,155",535
573,105,"529,281,436,278,650,361,755,157,583,834","155,155,156,155,155,155,155,163,3,36",547
1670,105,"134,637,463,234,80,788,111,361,764,926","155,155,155,155,155,155,155,155,155,155",644
5744,105,"372,788,3,547,736,178,652,926,79,238","155,155,155,155,155,155,155,155,155,155",586
1223,105,"209,646,199,736,80,461,831,436,463,834","155,155,155,155,155,155,155,156,155,36",400
2837,105,"209,676,372,831,463,605,111,764,183,769","155,155,155,155,155,155,155,155,155,155",538
5167,105,"637,676,111,736,143,926,605,755,276,281","155,155,155,155,155,155,155,155,155,155",557
1374,105,"209,637,788,867,831,676,111,755,311,650","155,155,155,155,155,155,155,155,155,155",553
2938,105,"360,867,199,80,111,683,143,583,661,335","155,155,155,155,155,127,155,3,284,195",535
4883,105,"80,764,178,238,199,436,314,683,278,700","155,155,155,155,155,156,155,127,155,219",531
1715,105,"134,360,938,79,529,460,234,867,926,809","155,155,155,155,155,155,155,155,155,155",378
1563,105,"134,209,637,337,588,605,402,278,736,938","155,155,155,155,155,155,155,155,155,155",519
3981,105,"637,788,80,337,360,314,938,463,436,517","155,155,155,155,155,155,155,155,156,155",520
1993,105,"209,676,199,764,143,736,80,436,661,776","155,155,155,155,155,155,155,156,284,267",540
4228,105,"209,637,517,79,111,45,926,736,3,769","155,155,155,155,155,155,155,155,155,155",549
3557,105,"637,461,738,79,500,938,736,764,460,314","155,155,155,155,155,155,155,155,155,155",304
449,105,"134,178,111,337,461,372,460,738,809,278","155,155,155,155,155,155,155,155,155,155",541
944,105,"676,360,337,79,605,599,183,628,242,311","155,155,155,155,155,155,155,155,155,155",447
3243,105,"134,178,529,764,639,238,311,199,361,314","155,155,155,155,155,155,155,155,155,155",553
889,105,"209,938,337,463,788,529,80,372,639,278","155,155,155,155,155,155,155,155,155,155",519
3540,105,"938,360,461,736,143,547,199,281,45,926","155,155,155,155,155,155,155,155,155,155",553
4748,105,"134,372,337,234,588,183,769,623,628,402","155,155,155,155,155,155,155,155,155,155",521
3532,105,"788,80,738,178,199,238,460,527,314,683","155,155,155,155,155,155,155,155,155,127",528
1764,105,"360,867,646,529,3,178,238,314,683,650","155,155,155,155,155,155,155,155,127,155",541
1614,105,"637,337,80,183,500,199,314,281,278,769","155,155,155,155,155,155,155,155,155,155",571
5452,105,"676,529,80,547,3,683,157,517,436,700","155,155,155,155,155,127,163,155,156,219",519
5139,105,"209,676,372,831,463,183,517,833,736,926","155,155,155,155,155,155,155,155,155,155",472
2840,105,"676,463,646,80,111,867,79,3,460,736","155,155,155,155,155,155,155,155,155,155",355
2905,105,"337,111,831,79,234,238,183,80,311,281","155,155,155,155,155,155,155,155,155,155",628
1294,105,"637,80,788,111,764,926,143,238,650,605","155,155,155,155,155,155,155,155,155,155",570
2101,105,"637,461,938,764,547,3,527,281,436,683","155,155,155,155,155,155,155,155,156,127",574
5250,105,"637,676,646,199,527,278,436,238,795,583","155,155,155,155,155,155,156,155,156,3",338
2710,105,"637,360,314,683,639,700,361,650,234,79","155,155,155,127,155,219,155,155,155,155",520
3446,105,"134,867,529,372,80,938,311,547,460,281","155,155,155,155,155,155,155,155,155,155",519
1057,105,"676,337,360,460,547,683,278,281,238,517","155,155,155,155,155,127,155,155,155,155",543
185,105,"209,764,143,460,637,639,527,314,938,436","155,155,155,155,155,155,155,155,155,156",720
622,105,"676,80,199,463,764,461,111,639,527,143","155,155,155,155,155,155,155,155,155,155",535
2367,105,"134,676,80,639,809,278,527,314,461,209","155,155,155,155,155,155,155,155,155,155",398
5110,105,"938,360,337,461,738,361,755,314,199,311","155,155,155,155,155,155,155,155,155,155",349
5210,105,"134,209,337,676,45,461,517,646,80,242","155,155,155,155,155,155,155,155,155,155",523
2654,105,"637,178,831,461,143,3,460,234,183,278","155,155,155,155,155,155,155,155,155,155",541
5074,105,"637,461,337,79,938,234,361,500,529,311","155,155,155,155,155,155,155,155,155,155",553
4457,105,"134,80,461,463,527,199,314,372,278,547","155,155,155,155,155,155,155,155,155,155",690
1462,105,"134,209,337,361,588,938,764,755,311,199","155,155,155,155,155,155,155,155,155,155",554
1213,105,"637,372,337,45,588,652,361,736,278,276","155,155,155,155,155,155,155,155,155,155",644
1506,105,"209,867,788,372,637,529,652,463,736,361","155,155,155,155,155,155,155,155,155,155",388
1010,105,"209,337,738,79,764,788,736,755,588,831","155,155,155,155,155,155,155,155,155,155",270
1760,105,"209,788,646,831,111,436,461,938,683,639","155,155,155,155,155,156,155,155,127,155",600
1298,105,"209,360,529,736,764,831,199,3,281,436","155,155,155,155,155,155,155,155,155,156",430
3549,105,"209,637,676,461,831,372,764,178,683,517","155,155,155,155,155,155,155,155,127,155",633
5694,105,"676,938,3,278,460,552,683,661,335,132","155,155,155,155,155,63,127,284,195,44",606
3791,105,"134,209,764,80,831,111,547,460,436,3","155,155,155,155,155,155,155,155,156,155",639
4216,105,"209,337,463,738,652,361,755,605,276,517","155,155,155,155,155,155,155,155,155,155",553
1837,105,"134,178,637,337,360,461,738,755,311,831","155,155,155,155,155,155,155,155,155,155",499
2380,105,"134,867,178,736,337,764,547,831,809,436","155,155,155,155,155,155,155,155,155,156",535
2786,105,"676,337,738,361,605,500,755,183,402,281","155,155,155,155,155,155,155,155,155,155",691
3513,105,"337,80,755,79,234,605,588,45,736,460","155,155,155,155,155,155,155,155,155,155",523
3166,105,"209,938,463,738,361,311,242,833,676,461","155,155,155,155,155,155,155,155,155,155",472
111,105,"209,360,788,736,45,547,111,361,238,281","155,155,155,155,155,155,155,155,155,155",598
4671,105,"209,788,529,831,79,234,45,755,599,278","155,155,155,155,155,155,155,155,155,155",553
1507,105,"209,637,360,938,111,311,517,529,926,683","155,155,155,155,155,155,155,155,155,127",634
3266,105,"867,80,3,178,111,809,517,45,143,683","155,155,155,155,155,155,155,155,155,127",579
3187,105,"134,463,676,738,45,547,238,461,278,276","155,155,155,155,155,155,155,155,155,155",374
5211,105,"676,788,646,360,143,527,460,436,281,683","155,155,155,155,155,155,155,156,155,127",541
2831,105,"676,337,646,436,738,460,461,372,527,712","155,155,155,156,155,155,155,155,155,44",513
2347,105,"134,867,461,831,460,517,234,311,639,199","155,155,155,155,155,155,155,155,155,155",555
5507,105,"360,529,3,80,547,460,683,157,700,650","155,155,155,155,155,155,127,163,219,155",519
5195,105,"209,938,372,738,79,234,605,650,809,769","155,155,155,155,155,155,155,155,155,155",304
5544,105,"209,360,337,463,372,831,915,529,311,238","155,155,155,155,155,155,155,156,155,155,155",720
2914,105,"209,637,461,234,788,517,199,3,314,683","155,155,155,155,155,155,155,155,155,127",559
5496,105,"209,676,831,3,463,683,583,436,238,661","155,155,155,155,155,127,3,156,155,284",530
1138,105,"637,646,178,736,460,527,683,517,238,281","155,155,155,155,155,155,127,155,155,155",535
4419,105,"134,360,372,646,45,461,361,547,183,80","155,155,155,155,155,155,155,155,155,155",627
3276,105,"209,637,372,517,769,938,736,755,788,314","155,155,155,155,155,155,155,155,155,155",569
2918,105,"360,463,788,3,831,199,547,234,809,926","155,155,155,155,155,155,155,155,155,155",634
50,105,"134,637,738,79,463,361,500,764,529,755","155,155,155,155,155,155,155,155,155,155",304
1378,105,"209,199,111,809,337,552,460,36,360,143","155,155,155,155,155,63,155,44,155,155",588
1389,105,"637,178,676,646,143,547,199,736,527,314","155,155,155,155,155,155,155,155,155,155",618
4400,105,"372,788,461,45,361,111,527,311,588,183","155,155,155,155,155,155,155,155,155,155",654
565,105,"134,637,738,79,755,599,463,547,754,831","155,155,155,155,155,155,155,155,155,155",640
5627,105,"134,178,209,529,461,938,764,143,111,683","155,155,155,155,155,155,155,155,155,127",669
5456,105,"134,867,788,736,337,238,938,463,738,436","155,155,155,155,155,155,155,155,155,156",611
1362,105,"209,178,646,736,831,436,547,683,278,652","155,155,155,155,155,156,155,127,155,155",574
123,105,"134,788,764,199,646,529,831,209,80,238","155,155,155,155,155,155,155,155,155,155",466
3482,105,"134,676,637,461,80,199,547,646,700,639","155,155,155,155,155,155,155,155,219,155",547
1626,105,"637,676,867,337,80,529,809,83,264,170","155,155,155,155,155,155,155,126,220,39",540
6033,105,"938,867,111,3,199,143,314,736,463,809","155,155,155,155,155,155,155,155,155,155",661
5560,105,"134,209,764,80,552,143,661,36,716,776","155,155,155,155,63,155,284,44,117,267",616
4723,105,"134,637,360,736,461,111,143,788,238,809","155,155,155,155,155,155,155,155,155,155",498
1525,105,"646,111,831,764,738,238,547,460,436,683","155,155,155,155,155,155,155,155,156,127",600
3854,105,"134,867,461,360,646,337,3,938,527,809","155,155,155,155,155,155,155,155,155,155",544
184,105,"637,676,372,831,646,80,938,788,764,926","155,155,155,155,155,155,155,155,155,155",645
1025,105,"134,646,637,80,314,461,809,738,683,700","155,155,155,155,155,155,155,155,127,219",535
2100,105,"637,788,676,461,646,143,199,831,834,491","155,155,155,155,155,155,155,155,36,146",371
2034,105,"938,529,831,460,527,314,436,547,834,583","155,155,155,155,155,155,156,155,36,3",485
1554,105,"134,360,337,79,676,764,867,80,460,361","155,155,155,155,155,155,155,155,155,155",612
3938,105,"676,938,463,360,547,461,788,764,738,527","155,155,155,155,155,155,155,155,155,155",688
481,105,"372,178,788,646,764,143,831,683,3,736","155,155,155,155,155,155,155,127,155,155",463
3315,105,"637,337,111,3,788,764,809,314,683,527","155,155,155,155,155,155,155,155,127,155",541
966,105,"111,178,3,199,460,639,527,683,926,436","155,155,155,155,155,155,155,127,155,156",510
4238,105,"637,676,143,646,436,527,460,278,683,834","155,155,155,155,156,155,155,155,127,36",521
3693,105,"209,637,360,79,337,80,809,867,736,199","155,155,155,155,155,155,155,155,155,155",463
1674,105,"463,178,461,80,764,529,199,527,436,517","155,155,155,155,155,155,155,155,156,155",640
4328,105,"676,463,372,79,45,738,599,769,311,80","155,155,155,155,155,155,155,155,155,155",278
4352,105,"209,788,529,360,143,3,111,527,436,683","155,155,155,155,155,155,155,155,156,127",535
5529,105,"134,788,80,79,111,517,764,143,769,183","155,155,155,155,155,155,155,155,155,155",506
2677,105,"337,867,178,568,111,463,36,646,143,764","155,155,155,169,155,155,44,155,155,155",796
3486,105,"209,637,372,831,234,361,463,402,650,646","155,155,155,155,155,155,155,155,155,155",702
796,105,"134,360,738,500,111,788,238,460,281,3","155,155,155,155,155,155,155,155,155,155",635
2917,105,"637,788,867,80,178,764,547,238,436,281","155,155,155,155,155,155,155,155,156,155",519
2572,105,"209,637,337,79,676,646,547,460,143,527","155,155,155,155,155,155,155,155,155,155",275
4,105,"134,360,372,461,111,79,234,867,527,650","155,155,155,155,155,155,155,155,155,155",226
4277,105,"134,637,337,463,500,547,764,80,938,143","155,155,155,155,155,155,155,155,155,155",563
444,105,"938,337,461,736,143,764,460,45,605,80","155,155,155,155,155,155,155,155,155,155",526
6036,105,"209,637,676,738,361,276,311,764,517,926","155,155,155,155,155,155,155,155,155,155",493
2078,105,"637,372,463,45,500,646,361,736,938,764","155,155,155,155,155,155,155,155,155,155",516
2781,105,"676,337,463,831,588,547,311,646,111,867","155,155,155,155,155,155,155,155,155,155",555
1503,105,"938,337,652,234,461,80,547,646,517,238","155,155,155,155,155,155,155,155,155,155",553
2961,105,"637,372,646,831,311,183,80,652,650,926","155,155,155,155,155,155,155,155,155,155",678
2627,105,"938,788,646,527,547,460,199,278,698,650","155,155,155,155,155,155,155,155,176,155",689
1930,105,"134,209,199,831,143,3,736,938,337,463","155,155,155,155,155,155,155,155,155,155",471
2436,105,"134,209,637,337,463,547,831,372,736,80","155,155,155,155,155,155,155,155,155,155",300
4492,105,"80,831,143,517,547,460,736,926,769,650","155,155,155,155,155,155,155,155,155,155",531
4858,105,"938,788,646,529,111,460,809,314,281,683","155,155,155,155,155,155,155,155,155,127",594
1041,105,"134,463,676,738,79,183,628,547,736,278","155,155,155,155,155,155,155,155,155,155",669
987,105,"209,764,80,322,42,633,330,170,214,716","155,155,155,175,176,163,300,39,127,117",690
432,105,"134,209,676,938,646,547,788,736,683,517","155,155,155,155,155,155,155,155,127,155",507
6147,105,"637,461,646,45,831,361,769,788,111,764","155,155,155,155,155,155,155,155,155,155",576
870,105,"938,372,738,234,605,769,623,402,278,754","155,155,155,155,155,155,155,155,155,155",427
4088,105,"209,867,788,461,646,111,238,436,281,517","155,155,155,155,155,155,155,156,155,155",479
5126,105,"637,788,676,337,436,646,639,683,281,583","155,155,155,155,156,155,155,127,155,3",498
464,105,"134,360,867,676,3,372,738,238,314,460","155,155,155,155,155,155,155,155,155,155",608
4325,105,"938,867,360,178,788,3,736,314,683,517","155,155,155,155,155,155,155,155,127,155",571
2618,105,"676,938,337,461,547,736,527,738,460,683","155,155,155,155,155,155,155,155,155,127",586
4940,105,"337,788,646,547,764,111,79,234,517,311","155,155,155,155,155,155,155,155,155,155",601
1823,105,"134,372,461,738,311,736,646,80,788,111","155,155,155,155,155,155,155,155,155,155",612
1373,105,"637,646,337,764,360,436,517,583,834,157","155,155,155,155,155,156,155,3,36,163",469
2795,105,"209,461,831,234,45,755,111,764,769,736","155,155,155,155,155,155,155,155,155,155",510
5933,105,"134,372,337,234,183,755,278,242,628,831","155,155,155,155,155,155,155,155,155,155",448
1778,105,"134,637,337,738,755,676,360,461,517,278","155,155,155,155,155,155,155,155,155,155",563
4793,105,"209,463,788,736,234,867,361,527,111,238","155,155,155,155,155,155,155,155,155,155",667
2949,105,"676,3,547,143,311,178,683,650,278,183","155,155,155,155,155,155,127,155,155,155",600
1077,105,"676,938,463,199,831,111,460,436,795,738","155,155,155,155,155,155,155,156,156,155",290
3462,105,"637,676,372,738,831,788,736,527,809,281","155,155,155,155,155,155,155,155,155,155",539
2322,105,"938,867,111,646,461,547,683,303,238,460","155,155,155,155,155,155,127,164,155,155",693
199,105,"134,337,738,646,547,234,183,867,278,3","155,155,155,155,155,155,155,155,155,155",604
248,105,"372,463,867,529,111,755,547,926,764,238","155,155,155,155,155,155,155,155,155,155",612
4142,105,"637,372,337,529,199,3,683,764,460,583","155,155,155,155,155,155,127,155,155,3",464
4017,105,"134,372,80,3,111,831,337,238,809,683","155,155,155,155,155,155,155,155,155,127",519
767,105,"938,788,529,337,360,547,736,755,79,605","155,155,155,155,155,155,155,155,155,155",582
4698,105,"134,209,360,337,45,547,461,372,276,646","155,155,155,155,155,155,155,155,155,155",553
35,105,"372,788,463,80,178,3,661,552,111,517","155,155,155,155,155,155,284,63,155,155",620
2148,105,"209,676,178,788,463,337,360,831,527,460","155,155,155,155,155,155,155,155,155,155",520
4875,105,"676,463,372,788,831,867,736,764,79,199","155,155,155,155,155,155,155,155,155,155",423
5579,105,"637,461,938,360,529,683,639,281,926,491","155,155,155,155,155,127,155,155,155,146",585
5580,105,"209,637,676,738,938,547,234,311,755,867","155,155,155,155,155,155,155,155,155,155",608
1109,105,"134,867,461,637,831,527,517,281,652,736","155,155,155,155,155,155,155,155,155,155",555
6018,105,"676,360,517,500,926,628,111,281,788,650","155,155,155,155,155,155,155,155,155,155",312
2923,105,"209,646,637,461,143,79,517,199,3,361","155,155,155,155,155,155,155,155,155,155",669
1172,105,"938,178,461,764,831,683,738,281,809,755","155,155,155,155,155,127,155,155,155,155",506
714,105,"209,637,676,337,111,809,238,436,926,795","155,155,155,155,155,155,155,156,155,156",380
425,105,"134,209,337,45,461,788,238,605,588,143","155,155,155,155,155,155,155,155,155,155",304
5558,105,"209,788,529,199,111,463,337,552,460,661","155,155,155,155,155,155,155,63,155,284",561
3945,105,"134,788,80,199,3,278,764,314,281,683","155,155,155,155,155,155,155,155,155,127",582
730,105,"134,209,676,79,646,547,529,111,361,527","155,155,155,155,155,155,155,155,155,155",572
3475,105,"637,461,360,646,178,3,111,809,736,547","155,155,155,155,155,155,155,155,155,155",547
2062,105,"676,461,646,547,809,736,795,238,436,517","155,155,155,155,155,155,156,155,156,155",380
3456,105,"134,337,676,234,500,646,311,738,183,650","155,155,155,155,155,155,155,155,155,155",545
2726,105,"637,360,867,463,738,79,281,111,628,623","155,155,155,155,155,155,155,155,155,155",546
3852,105,"676,867,143,3,764,79,45,755,769,736","155,155,155,155,155,155,155,155,155,155",531
4540,106,"134,372,646,738,361,831,605,547,311,500","155,155,155,155,155,155,155,155,155,155",251
3507,106,"646,80,738,111,281,809,683,361,311,278","155,155,155,155,155,155,127,155,155,155",531
4932,106,"637,938,463,529,199,80,111,143,736,547","155,155,155,155,155,155,155,155,155,155",471
5784,106,"209,788,646,80,637,372,461,360,764,436","155,155,155,155,155,155,155,155,155,156",490
5424,106,"676,867,337,360,372,463,529,111,738,527","155,155,155,155,155,155,155,155,155,155",535
5481,106,"134,637,337,360,755,738,588,80,788,867","155,155,155,155,155,155,155,155,155,155",553
4511,106,"360,646,547,143,460,111,652,809,683,45","155,155,155,155,155,155,155,155,127,155",612
5430,106,"463,461,738,79,80,361,764,926,45,143","155,155,155,155,155,155,155,155,155,155",546
2873,106,"134,360,738,500,867,361,788,460,314,281","155,155,155,155,155,155,155,155,155,155",477
1235,106,"938,372,646,517,234,500,361,111,314,755","155,155,155,155,155,155,155,155,155,155",494
4355,106,"360,463,337,234,605,755,45,599,678,628","155,155,155,155,155,155,155,155,155,155",586
3184,106,"134,637,831,788,460,178,281,199,809,361","155,155,155,155,155,155,155,155,155,155",535
2179,106,"463,646,80,738,79,311,764,45,769,831","155,155,155,155,155,155,155,155,155,155",352
3210,106,"676,461,938,527,45,547,183,281,628,402","155,155,155,155,155,155,155,155,155,155",544
3735,106,"938,337,738,79,755,361,183,678,599,402","155,155,155,155,155,155,155,155,155,155",289
4486,106,"134,209,80,360,463,831,45,361,311,183","155,155,155,155,155,155,155,155,155,155",519
574,106,"337,461,764,517,755,143,769,529,311,809","155,155,155,155,155,155,155,155,155,155",483
633,106,"788,461,831,80,79,605,500,276,599,361","155,155,155,155,155,155,155,155,155,155",508
1133,106,"676,938,831,80,111,143,583,834,547,335","155,155,155,155,155,155,3,36,155,195",361
5148,106,"134,461,337,867,199,314,809,527,436,926","155,155,155,155,155,155,155,155,156,155",556
64,106,"209,867,676,831,547,199,311,234,683,157","155,155,155,155,155,155,155,155,127,163",494
5501,106,"134,372,461,831,79,234,676,500,736,80","155,155,155,155,155,155,155,155,155,155",463
1584,106,"199,517,314,436,278,281,583,795,83,214","155,155,155,156,155,155,3,156,126,127",413
729,106,"938,178,80,111,3,463,583,834,795,639","155,155,155,155,155,155,3,36,156,155",346
3759,106,"938,461,738,79,755,276,628,831,926,646","155,155,155,155,155,155,155,155,155,155",437
3009,106,"360,463,337,867,111,199,460,547,143,639","155,155,155,155,155,155,155,155,155,155",516
4554,106,"637,676,646,234,311,500,547,652,736,764","155,155,155,155,155,155,155,155,155,155",569
2626,106,"637,337,547,79,646,788,45,111,764,809","155,155,155,155,155,155,155,155,155,155",628
2261,106,"134,676,3,788,461,938,436,337,683,278","155,155,155,155,155,155,156,155,127,155",641
3610,106,"134,637,372,938,652,738,80,755,788,769","155,155,155,155,155,155,155,155,155,155",600
5528,106,"938,372,831,738,79,311,755,605,599,769","155,155,155,155,155,155,155,155,155,155",553
5711,106,"134,209,461,646,788,281,500,652,527,314","155,155,155,155,155,155,155,155,155,155",553
2930,106,"134,637,461,79,605,831,678,736,646,650","155,155,155,155,155,155,155,155,155,155",293
145,106,"337,461,3,547,738,683,157,436,712,795","155,155,155,155,155,127,163,156,44,156",500
5860,106,"938,143,646,831,372,311,527,460,199,278","155,155,155,155,155,155,155,155,155,155",354
5493,106,"134,676,209,788,360,639,736,831,3,926","155,155,155,155,155,155,155,155,155,155",544
1509,106,"134,372,461,938,79,698,45,788,238,80","155,155,155,155,155,176,155,155,155,155",594
3202,106,"463,867,529,788,278,143,646,683,281,517","155,155,155,155,155,155,155,127,155,155",669
541,106,"637,676,337,461,80,764,527,926,755,683","155,155,155,155,155,155,155,155,155,127",528
1595,106,"637,676,337,372,788,111,45,764,755,314","155,155,155,155,155,155,155,155,155,155",500
4837,106,"637,461,372,360,646,178,788,80,736,547","155,155,155,155,155,155,155,155,155,155",464
5610,106,"134,209,199,80,3,552,36,330,214,661","155,155,155,155,155,63,44,300,127,284",653
66,106,"209,360,372,529,80,764,460,45,234,809","155,155,155,155,155,155,155,155,155,155",653
4215,106,"209,938,337,788,646,736,867,547,3,281","155,155,155,155,155,155,155,155,155,155",415
5436,106,"337,529,764,111,527,461,436,683,809,700","155,155,155,155,155,155,156,127,155,219",547
2737,106,"938,867,529,646,460,83,661,776,264,491","155,155,155,155,155,126,284,267,220,146",535
573,106,"676,178,938,788,831,527,547,436,517,736","155,155,155,155,155,155,155,156,155,155",547
1670,106,"209,360,461,738,234,652,736,311,80,831","155,155,155,155,155,155,155,155,155,155",644
5744,106,"637,676,360,79,652,547,831,45,788,764","155,155,155,155,155,155,155,155,155,155",586
1223,106,"134,209,360,547,3,79,361,650,278,183","155,155,155,155,155,155,155,155,155,155",400
2837,106,"209,337,463,45,676,461,517,769,547,623","155,155,155,155,155,155,155,155,155,155",538
5167,106,"463,867,788,646,80,736,517,45,926,199","155,155,155,155,155,155,155,155,155,155",557
1374,106,"209,337,372,463,646,529,80,111,652,311","155,155,155,155,155,155,155,155,155,155",553
2938,106,"938,337,461,788,3,143,764,436,736,314","155,155,155,155,155,155,155,156,155,155",535
4883,106,"134,529,143,178,199,460,809,683,314,517","155,155,155,155,155,155,155,127,155,155",531
1715,106,"372,646,80,755,764,111,867,314,238,809","155,155,155,155,155,155,155,155,155,155",378
1563,106,"646,529,80,831,311,361,769,605,276,599","155,155,155,155,155,155,155,155,155,155",519
3981,106,"209,637,867,337,676,111,460,3,809,436","155,155,155,155,155,155,155,155,155,156",520
1993,106,"134,372,337,788,738,831,809,683,700,436","155,155,155,155,155,155,155,127,219,156",540
4228,106,"134,209,337,738,755,599,311,461,183,628","155,155,155,155,155,155,155,155,155,155",549
3557,106,"209,637,372,529,831,79,547,605,788,527","155,155,155,155,155,155,155,155,155,155",304
449,106,"209,637,867,676,178,199,527,683,436,460","155,155,155,155,155,155,155,127,156,155",541
944,106,"360,463,646,234,500,361,769,183,311,650","155,155,155,155,155,155,155,155,155,155",447
3243,106,"209,337,372,738,867,80,652,234,588,547","155,155,155,155,155,155,155,155,155,155",553
889,106,"134,637,337,234,372,938,764,311,605,639","155,155,155,155,155,155,155,155,155,155",519
3540,106,"134,209,637,360,738,178,111,80,764,926","155,155,155,155,155,155,155,155,155,155",553
4748,106,"637,676,372,45,588,311,278,650,926,938","155,155,155,155,155,155,155,155,155,155",521
3532,106,"360,646,867,45,588,3,143,311,238,527","155,155,155,155,155,155,155,155,155,155",528
1764,106,"637,676,337,234,605,646,517,80,788,242","155,155,155,155,155,155,155,155,155,155",541
1614,106,"676,463,372,738,311,183,650,276,788,111","155,155,155,155,155,155,155,155,155,155",571
5452,106,"637,788,178,676,831,529,764,337,547,527","155,155,155,155,155,155,155,155,155,155",519
5139,106,"134,637,461,926,311,500,276,623,183,238","155,155,155,155,155,155,155,155,155,155",472
2840,106,"134,867,529,360,337,764,372,738,463,527","155,155,155,155,155,155,155,155,155,155",355
2905,106,"134,867,646,209,337,463,372,938,111,79","155,155,155,155,155,155,155,155,155,155",628
1294,106,"134,637,463,461,676,79,764,527,311,314","155,155,155,155,155,155,155,155,155,155",570
2101,106,"676,463,372,938,646,143,831,755,926,199","155,155,155,155,155,155,155,155,155,155",574
5250,106,"637,337,867,178,527,111,809,463,360,238","155,155,155,155,155,155,155,155,155,155",338
2710,106,"209,676,178,199,809,460,436,527,683,639","155,155,155,155,155,155,156,155,127,155",520
3446,106,"134,676,461,360,337,463,372,361,527,183","155,155,155,155,155,155,155,155,155,155",519
1057,106,"134,209,463,529,337,3,938,764,547,637","155,155,155,155,155,155,155,155,155,155",543
185,106,"134,867,676,178,209,460,764,436,639,314","155,155,155,155,155,155,155,156,155,155",720
622,106,"134,178,111,461,661,360,646,209,372,683","155,155,155,155,284,155,155,155,155,127",535
2367,106,"372,461,788,80,199,809,143,738,583,214","155,155,155,155,155,155,155,155,3,127",398
5110,106,"209,867,788,676,646,547,80,337,143,111","155,155,155,155,155,155,155,155,155,155",349
5210,106,"938,463,547,234,517,500,736,764,314,460","155,155,155,155,155,155,155,155,155,155",523
2654,106,"938,867,80,547,3,517,238,361,527,281","155,155,155,155,155,155,155,155,155,155",541
5074,106,"938,461,80,652,79,234,769,605,788,926","155,155,155,155,155,155,155,155,155,155",553
4457,106,"867,461,738,788,3,199,460,278,639,683","155,155,155,155,155,155,155,155,155,127",690
1462,106,"209,337,461,831,588,646,311,238,650,281","155,155,155,155,155,155,155,155,155,155",554
1213,106,"134,463,337,79,234,372,738,605,833,311","155,155,155,155,155,155,155,155,155,155",644
1506,106,"209,764,461,529,831,738,517,278,45,712","155,155,155,155,155,155,155,155,155,44",388
1010,106,"867,80,3,547,79,234,736,183,769,500","155,155,155,155,155,155,155,155,155,155",270
1760,106,"209,867,372,831,178,463,460,199,314,938","155,155,155,155,155,155,155,155,155,155",600
1298,106,"209,360,676,80,764,547,436,639,795,157","155,155,155,155,155,155,156,155,156,163",430
3549,106,"134,637,463,3,460,199,926,683,639,700","155,155,155,155,155,155,155,127,155,219",633
5694,106,"209,676,764,529,80,111,683,436,938,552","155,155,155,155,155,155,127,156,155,63",606
3791,106,"209,676,637,764,199,460,3,436,314,281","155,155,155,155,155,155,155,156,155,155",639
4216,106,"209,360,461,372,79,738,788,314,111,769","155,155,155,155,155,155,155,155,155,155",553
1837,106,"134,178,788,529,337,463,372,461,234,527","155,155,155,155,155,155,155,155,155,155",499
2380,106,"360,867,337,178,80,736,3,314,683,639","155,155,155,155,155,155,155,155,127,155",535
2786,106,"637,529,831,111,311,500,588,276,599,183","155,155,155,155,155,155,155,155,155,155",691
3513,106,"134,463,337,738,500,547,588,646,361,755","155,155,155,155,155,155,155,155,155,155",523
3166,106,"676,337,738,234,652,755,80,646,111,527","155,155,155,155,155,155,155,155,155,155",472
111,106,"637,646,788,831,736,769,111,527,926,650","155,155,155,155,155,155,155,155,155,155",598
4671,106,"676,360,738,79,605,234,361,276,547,755","155,155,155,155,155,155,155,155,155,155",553
1507,106,"637,461,938,178,80,111,547,738,736,3","155,155,155,155,155,155,155,155,155,155",634
3266,106,"637,867,461,676,143,436,639,314,111,360","155,155,155,155,155,156,155,155,155,155",579
3187,106,"938,529,3,234,238,361,143,314,517,755","155,155,155,155,155,155,155,155,155,155",374
5211,106,"209,637,360,79,831,111,788,527,183,683","155,155,155,155,155,155,155,155,155,127",541
2831,106,"360,372,529,178,199,460,764,738,639,517","155,155,155,155,155,155,155,155,155,155",513
2347,106,"134,867,461,209,547,360,372,527,517,588","155,155,155,155,155,155,155,155,155,155",555
5507,106,"209,637,360,676,529,80,683,700,157,436","155,155,155,155,155,155,127,219,163,156",519
5195,106,"134,360,738,755,736,238,276,460,314,639","155,155,155,155,155,155,155,155,155,155",304
5544,106,"938,461,646,915,3,764,234,527,460,361","155,155,155,155,156,155,155,155,155,155,155",720
2914,106,"134,676,199,831,788,360,278,809,683,372","155,155,155,155,155,155,155,155,127,155",559
5496,106,"134,867,178,637,360,461,111,809,314,436","155,155,155,155,155,155,155,155,155,156",530
1138,106,"676,463,372,80,178,736,111,143,683,278","155,155,155,155,155,155,155,155,127,155",535
4419,106,"134,209,360,79,676,463,45,80,529,238","155,155,155,155,155,155,155,155,155,155",627
3276,106,"134,178,637,337,360,736,372,938,460,527","155,155,155,155,155,155,155,155,155,155",569
2918,106,"938,337,788,79,45,547,461,605,736,143","155,155,155,155,155,155,155,155,155,155",634
50,106,"134,463,337,372,360,755,736,938,311,788","155,155,155,155,155,155,155,155,155,155",304
1378,106,"676,337,529,831,372,547,111,527,764,178","155,155,155,155,155,155,155,155,155,155",588
1389,106,"209,938,337,831,460,527,143,736,199,311","155,155,155,155,155,155,155,155,155,155",618
4400,106,"676,360,738,234,500,605,915,80,111,460","155,155,155,155,155,155,155,156,155,155,155",654
565,106,"209,463,372,738,234,755,769,623,678,402","155,155,155,155,155,155,155,155,155,155",640
5627,106,"134,867,80,637,764,199,360,938,314,683","155,155,155,155,155,155,155,155,155,127",669
5456,106,"134,867,646,337,80,938,738,3,281,683","155,155,155,155,155,155,155,155,155,127",611
1362,106,"938,867,337,764,80,3,529,111,683,738","155,155,155,155,155,155,155,155,127,155",574
123,106,"637,337,463,867,831,234,736,809,683,238","155,155,155,155,155,155,155,155,127,155",466
3482,106,"637,867,337,111,199,314,646,527,809,547","155,155,155,155,155,155,155,155,155,155",547
1626,106,"938,337,788,867,178,199,809,527,738,278","155,155,155,155,155,155,155,155,155,155",540
6033,106,"209,764,80,461,938,314,527,736,683,278","155,155,155,155,155,155,155,155,127,155",661
5560,106,"134,676,788,529,527,738,199,111,314,683","155,155,155,155,155,155,155,155,155,127",616
4723,106,"134,209,372,637,111,143,460,736,764,683","155,155,155,155,155,155,155,155,155,127",498
1525,106,"676,178,646,199,314,372,764,281,639,683","155,155,155,155,155,155,155,155,155,127",600
3854,106,"637,676,463,372,529,80,143,788,111,809","155,155,155,155,155,155,155,155,155,155",544
184,106,"134,637,738,79,463,938,111,460,234,45","155,155,155,155,155,155,155,155,155,155",645
1025,106,"637,867,676,199,337,111,809,436,639,683","155,155,155,155,155,155,155,156,155,127",535
2100,106,"209,646,143,3,527,463,809,436,639,281","155,155,155,155,155,155,155,156,155,155",371
2034,106,"676,867,80,646,337,42,716,552,633,360","155,155,155,155,155,176,117,63,163,155",485
1554,106,"337,867,361,234,500,547,178,238,311,650","155,155,155,155,155,155,155,155,155,155",612
3938,106,"209,637,360,698,676,938,463,80,605,599","155,155,155,176,155,155,155,155,155,155",688
481,106,"209,788,646,547,529,764,178,199,683,460","155,155,155,155,155,155,155,155,127,155",463
3315,106,"637,676,938,736,738,831,460,683,278,361","155,155,155,155,155,155,155,127,155,155",541
966,106,"209,529,360,337,80,143,738,547,234,281","155,155,155,155,155,155,155,155,155,155",510
4238,106,"134,788,209,199,527,460,143,583,214,834","155,155,155,155,155,155,155,3,127,36",521
3693,106,"209,637,360,461,361,938,111,517,788,281","155,155,155,155,155,155,155,155,155,155",463
1674,106,"134,646,637,360,461,463,372,143,547,460","155,155,155,155,155,155,155,155,155,155",640
4328,106,"938,372,80,517,755,605,183,736,529,769","155,155,155,155,155,155,155,155,155,155",278
4352,106,"134,867,337,143,360,683,278,372,547,795","155,155,155,155,155,127,155,155,155,156",535
5529,106,"134,337,676,111,755,738,736,926,199,683","155,155,155,155,155,155,155,155,155,127",506
2677,106,"134,209,372,637,788,867,764,436,460,568","155,155,155,155,155,155,155,156,155,169",796
3486,106,"134,209,360,915,646,460,143,314,527,3","155,155,155,155,156,155,155,155,155,155,155",702
796,106,"637,788,867,80,360,337,764,238,463,372","155,155,155,155,155,155,155,155,155,155",635
2917,106,"134,209,676,80,639,143,337,683,700,238","155,155,155,155,155,155,155,127,219,155",519
2572,106,"938,360,463,461,460,45,529,926,527,143","155,155,155,155,155,155,155,155,155,155",275
4,106,"637,676,463,79,831,234,547,80,646,736","155,155,155,155,155,155,155,155,155,155",226
4277,106,"360,372,788,738,79,80,238,769,926,183","155,155,155,155,155,155,155,155,155,155",563
444,106,"134,209,360,337,463,867,764,3,314,639","155,155,155,155,155,155,155,155,155,155",526
6036,106,"209,867,80,111,234,547,311,361,736,529","155,155,155,155,155,155,155,155,155,155",493
2078,106,"637,676,360,463,361,755,769,831,547,736","155,155,155,155,155,155,155,155,155,155",516
2781,106,"209,637,831,938,361,736,111,867,143,314","155,155,155,155,155,155,155,155,155,155",555
1503,106,"134,209,360,234,461,831,80,588,500,769","155,155,155,155,155,155,155,155,155,155",553
2961,106,"209,360,337,938,461,80,234,111,517,769","155,155,155,155,155,155,155,155,155,155",678
2627,106,"134,209,337,79,463,738,234,361,111,698","155,155,155,155,155,155,155,155,155,176",689
1930,106,"209,867,831,143,736,639,683,436,461,547","155,155,155,155,155,155,127,156,155,155",471
2436,106,"134,938,915,79,547,143,605,809,278,639","155,155,155,156,155,155,155,155,155,155,155",300
4492,106,"134,788,637,938,463,80,111,311,605,278","155,155,155,155,155,155,155,155,155,155",531
4858,106,"637,867,111,764,3,199,809,281,683,700","155,155,155,155,155,155,155,155,127,219",594
1041,106,"938,372,461,738,79,588,769,678,242,238","155,155,155,155,155,155,155,155,155,155",669
987,106,"209,867,676,178,529,80,322,42,330,214","155,155,155,155,155,155,175,176,300,127",690
432,106,"938,360,461,80,199,311,809,683,234,650","155,155,155,155,155,155,155,127,155,155",507
6147,106,"637,938,360,234,736,867,831,460,605,143","155,155,155,155,155,155,155,155,155,155",576
870,106,"134,209,337,831,463,183,599,678,769,311","155,155,155,155,155,155,155,155,155,155",427
4088,106,"134,209,788,360,764,337,529,314,736,831","155,155,155,155,155,155,155,155,155,155",479
5126,106,"134,676,80,111,646,527,738,683,281,372","155,155,155,155,155,155,155,127,155,155",498
464,106,"637,676,646,461,529,143,788,764,809,683","155,155,155,155,155,155,155,155,155,127",608
4325,106,"209,788,529,178,372,199,831,683,738,700","155,155,155,155,155,155,155,127,155,219",571
2618,106,"637,938,831,45,788,80,183,764,529,683","155,155,155,155,155,155,155,155,155,127",586
4940,106,"676,867,461,372,738,80,527,111,547,683","155,155,155,155,155,155,155,155,155,127",601
1823,106,"938,337,788,755,183,143,529,588,3,199","155,155,155,155,155,155,155,155,155,155",612
1373,106,"637,788,867,80,3,360,111,372,436,738","155,155,155,155,155,155,155,155,156,155",469
2795,106,"938,178,461,646,360,517,79,111,736,460","155,155,155,155,155,155,155,155,155,155",510
5933,106,"134,209,463,867,111,755,45,605,588,276","155,155,155,155,155,155,155,155,155,155",448
1778,106,"676,372,738,461,605,80,788,111,926,238","155,155,155,155,155,155,155,155,155,155",563
4793,106,"209,637,337,461,311,755,276,938,278,867","155,155,155,155,155,155,155,155,155,155",667
2949,106,"134,372,337,764,788,79,45,755,769,650","155,155,155,155,155,155,155,155,155,155",600
1077,106,"463,80,461,143,460,683,661,738,238,436","155,155,155,155,155,127,284,155,155,156",290
3462,106,"337,372,463,646,867,738,178,3,527,683","155,155,155,155,155,155,155,155,155,127",539
2322,106,"134,372,80,234,926,79,460,736,527,238","155,155,155,155,155,155,155,155,155,155",693
199,106,"209,637,372,738,867,111,527,460,199,238","155,155,155,155,155,155,155,155,155,155",604
248,106,"209,360,938,234,588,547,831,183,460,517","155,155,155,155,155,155,155,155,155,155",612
4142,106,"134,867,80,209,646,199,738,372,281,926","155,155,155,155,155,155,155,155,155,155",464
4017,106,"637,788,831,461,764,199,436,834,683,795","155,155,155,155,155,155,156,36,127,156",519
767,106,"134,209,637,738,45,599,337,736,278,938","155,155,155,155,155,155,155,155,155,155",582
4698,106,"134,209,637,738,500,547,646,938,143,278","155,155,155,155,155,155,155,155,155,155",553
35,106,"134,646,80,111,764,337,143,552,661,463","155,155,155,155,155,155,155,63,284,155",620
2148,106,"209,337,527,281,314,683,700,436,157,335","155,155,155,155,155,127,219,156,163,195",520
4875,106,"209,360,676,463,646,547,529,517,764,361","155,155,155,155,155,155,155,155,155,155",423
5579,106,"209,867,676,646,360,178,80,278,3,552","155,155,155,155,155,155,155,155,155,63",585
5580,106,"372,788,463,461,831,234,45,361,738,646","155,155,155,155,155,155,155,155,155,155",608
1109,106,"134,676,199,764,143,831,281,639,278,683","155,155,155,155,155,155,155,155,155,127",555
6018,106,"209,676,646,517,45,605,769,623,361,183","155,155,155,155,155,155,155,155,155,155",312
2923,106,"134,637,372,831,45,517,111,926,460,199","155,155,155,155,155,155,155,155,155,155",669
1172,106,"134,463,461,337,764,547,460,809,683,234","155,155,155,155,155,155,155,155,127,155",506
714,106,"676,337,80,238,527,281,809,361,639,183","155,155,155,155,155,155,155,155,155,155",380
425,106,"676,788,80,517,755,926,361,764,736,281","155,155,155,155,155,155,155,155,155,155",304
5558,106,"938,463,646,738,788,80,199,683,278,517","155,155,155,155,155,155,155,127,155,155",561
3945,106,"337,80,460,547,372,527,736,809,683,639","155,155,155,155,155,155,155,155,127,155",582
730,106,"360,461,736,234,361,517,605,547,527,238","155,155,155,155,155,155,155,155,155,155",572
3475,106,"143,178,199,764,547,683,795,281,436,491","155,155,155,155,155,127,156,155,156,146",547
2062,106,"676,360,547,788,529,80,639,527,764,738","155,155,155,155,155,155,155,155,155,155",380
3456,106,"134,209,831,361,45,311,517,183,605,588","155,155,155,155,155,155,155,155,155,155",545
2726,106,"134,209,337,738,234,372,361,755,769,311","155,155,155,155,155,155,155,155,155,155",546
3852,106,"134,463,938,738,867,178,809,143,788,926","155,155,155,155,155,155,155,155,155,155",531
4540,107,"134,463,938,234,547,831,278,769,623,788","155,155,155,155,155,155,155,155,155,155",251
3507,107,"637,337,463,938,547,788,738,80,764,683","155,155,155,155,155,155,155,155,155,127",531
4932,107,"637,676,646,80,788,736,547,831,178,281","155,155,155,155,155,155,155,155,155,155",471
5784,107,"676,938,463,529,3,831,460,372,683,436","155,155,155,155,155,155,155,155,127,156",490
5424,107,"209,637,867,3,527,517,683,281,361,157","155,155,155,155,155,155,127,155,155,163",535
5481,107,"337,788,80,738,755,361,500,547,45,736","155,155,155,155,155,155,155,155,155,155",553
4511,107,"209,637,337,646,199,736,111,738,238,755","155,155,155,155,155,155,155,155,155,155",612
5430,107,"209,637,463,234,588,605,361,788,111,529","155,155,155,155,155,155,155,155,155,155",546
2873,107,"938,646,529,517,755,111,281,650,588,143","155,155,155,155,155,155,155,155,155,155",477
1235,107,"360,372,646,45,311,361,547,460,764,178","155,155,155,155,155,155,155,155,155,155",494
4355,107,"134,209,360,79,588,605,361,311,463,372","155,155,155,155,155,155,155,155,155,155",586
3184,107,"637,676,938,372,111,45,764,460,314,199","155,155,155,155,155,155,155,155,155,155",535
2179,107,"676,938,831,788,361,80,764,926,736,281","155,155,155,155,155,155,155,155,155,155",352
3210,107,"134,209,360,372,588,755,623,628,402,278","155,155,155,155,155,155,155,155,155,155",544
3735,107,"637,938,738,79,45,234,183,242,926,517","155,155,155,155,155,155,155,155,155,155",289
4486,107,"637,676,360,337,588,736,831,281,500,238","155,155,155,155,155,155,155,155,155,155",519
574,107,"938,372,646,79,80,311,111,361,183,45","155,155,155,155,155,155,155,155,155,155",483
633,107,"676,337,360,143,238,111,460,281,436,683","155,155,155,155,155,155,155,155,156,127",508
1133,107,"134,209,764,199,80,639,831,809,372,517","155,155,155,155,155,155,155,155,155,155",361
5148,107,"676,178,80,809,83,264,278,460,683,604","155,155,155,155,126,220,155,155,127,269",556
64,107,"637,867,646,676,337,463,281,755,314,926","155,155,155,155,155,155,155,155,155,155",494
5501,107,"360,337,372,755,788,831,517,588,143,650","155,155,155,155,155,155,155,155,155,155",463
1584,107,"637,788,80,529,527,809,143,583,83,264","155,155,155,155,155,155,155,3,126,220",413
729,107,"134,676,3,646,547,831,527,314,809,436","155,155,155,155,155,155,155,155,155,156",346
3759,107,"938,463,738,361,588,599,623,833,311,639","155,155,155,155,155,155,155,155,155,155",437
3009,107,"209,637,372,461,463,178,460,199,547,926","155,155,155,155,155,155,155,155,155,155",516
4554,107,"134,463,360,79,605,372,234,738,628,938","155,155,155,155,155,155,155,155,155,155",569
2626,107,"134,867,676,637,360,337,372,361,517,463","155,155,155,155,155,155,155,155,155,155",628
2261,107,"134,178,199,552,604,463,111,738,639,143","155,155,155,63,269,155,155,155,155,155",641
3610,107,"134,463,372,80,461,360,788,646,676,178","155,155,155,155,155,155,155,155,155,155",600
5528,107,"134,209,738,234,500,652,646,938,769,276","155,155,155,155,155,155,155,155,155,155",553
5711,107,"637,178,143,547,80,938,463,111,361,183","155,155,155,155,155,155,155,155,155,155",553
2930,107,"637,867,547,234,3,361,764,79,755,809","155,155,155,155,155,155,155,155,155,155",293
145,107,"372,646,80,111,79,311,926,547,460,588","155,155,155,155,155,155,155,155,155,155",500
5860,107,"134,867,209,938,143,238,527,314,436,278","155,155,155,155,155,155,155,155,156,155",354
5493,107,"637,676,360,738,547,769,628,623,402,461","155,155,155,155,155,155,155,155,155,155",544
1509,107,"209,867,646,736,80,529,698,652,639,755","155,155,155,155,155,155,176,155,155,155",594
3202,107,"337,867,831,3,809,552,42,36,683,738","155,155,155,155,155,63,176,44,127,155",669
541,107,"134,209,637,738,337,529,372,867,736,764","155,155,155,155,155,155,155,155,155,155",528
1595,107,"134,360,234,529,111,45,764,831,311,926","155,155,155,155,155,155,155,155,155,155",500
4837,107,"637,676,938,867,337,178,529,831,683,738","155,155,155,155,155,155,155,155,127,155",464
5610,107,"209,676,199,529,143,788,360,764,552,36","155,155,155,155,155,155,155,155,63,44",653
66,107,"676,178,938,143,463,831,80,111,764,646","155,155,155,155,155,155,155,155,155,155",653
4215,107,"867,461,788,281,79,764,361,736,460,143","155,155,155,155,155,155,155,155,155,155",415
5436,107,"637,360,529,80,831,460,547,527,683,809","155,155,155,155,155,155,155,155,127,155",547
2737,107,"938,178,337,764,80,3,547,683,281,517","155,155,155,155,155,155,155,127,155,155",535
573,107,"209,360,547,143,639,461,938,527,111,238","155,155,155,155,155,155,155,155,155,155",547
1670,107,"134,461,676,529,80,547,234,111,45,238","155,155,155,155,155,155,155,155,155,155",644
5744,107,"209,938,831,111,311,605,736,460,529,527","155,155,155,155,155,155,155,155,155,155",586
1223,107,"134,463,867,738,234,460,199,809,639,178","155,155,155,155,155,155,155,155,155,155",400
2837,107,"134,637,372,831,45,755,361,183,276,529","155,155,155,155,155,155,155,155,155,155",538
5167,107,"209,337,372,676,461,646,736,605,588,183","155,155,155,155,155,155,155,155,155,155",557
1374,107,"637,788,178,337,372,143,652,831,738,361","155,155,155,155,155,155,155,155,155,155",553
2938,107,"360,178,788,461,460,661,834,583,700,683","155,155,155,155,155,284,36,3,219,127",535
4883,107,"360,372,867,788,143,199,527,683,314,238","155,155,155,155,155,155,155,127,155,155",531
1715,107,"676,738,79,111,234,764,755,314,143,199","155,155,155,155,155,155,155,155,155,155",378
1563,107,"134,463,738,234,588,276,599,769,183,754","155,155,155,155,155,155,155,155,155,155",519
3981,107,"209,637,676,3,199,738,436,517,683,795","155,155,155,155,155,155,156,155,127,156",520
1993,107,"676,337,831,80,460,527,661,583,83,834","155,155,155,155,155,155,284,3,126,36",540
4228,107,"134,938,529,736,517,361,238,769,276,809","155,155,155,155,155,155,155,155,155,155",549
3557,107,"209,637,360,234,372,311,529,926,402,867","155,155,155,155,155,155,155,155,155,155",304
449,107,"360,372,461,831,311,517,80,867,527,736","155,155,155,155,155,155,155,155,155,155",541
944,107,"676,80,517,234,311,361,276,45,833,650","155,155,155,155,155,155,155,155,155,155",447
3243,107,"134,788,461,938,372,80,527,736,314,650","155,155,155,155,155,155,155,155,155,155",553
889,107,"637,461,463,337,360,527,831,738,314,683","155,155,155,155,155,155,155,155,155,127",519
3540,107,"637,867,646,178,337,547,463,460,360,738","155,155,155,155,155,155,155,155,155,155",553
4748,107,"209,637,372,831,605,755,183,623,628,926","155,155,155,155,155,155,155,155,155,155",521
3532,107,"676,360,461,79,311,183,646,938,80,599","155,155,155,155,155,155,155,155,155,155",528
1764,107,"134,463,738,234,605,547,361,80,45,3","155,155,155,155,155,155,155,155,155,155",541
1614,107,"134,463,372,234,588,646,547,605,111,314","155,155,155,155,155,155,155,155,155,155",571
5452,107,"463,867,788,529,646,111,3,460,143,199","155,155,155,155,155,155,155,155,155,155",519
5139,107,"209,867,372,517,234,605,755,769,599,361","155,155,155,155,155,155,155,155,155,155",472
2840,107,"637,676,461,79,547,281,788,764,183,527","155,155,155,155,155,155,155,155,155,155",355
2905,107,"209,360,372,80,111,79,45,605,361,547","155,155,155,155,155,155,155,155,155,155",628
1294,107,"938,178,831,788,199,278,552,683,700,335","155,155,155,155,155,155,63,127,219,195",570
2101,107,"360,867,463,547,736,831,738,79,926,178","155,155,155,155,155,155,155,155,155,155",574
5250,107,"134,867,676,178,80,360,938,834,788,436","155,155,155,155,155,155,155,36,155,156",338
2710,107,"938,463,788,867,461,646,738,79,529,517","155,155,155,155,155,155,155,155,155,155",520
3446,107,"134,529,143,764,527,547,436,281,683,834","155,155,155,155,155,155,156,155,127,36",519
1057,107,"637,788,178,461,143,80,360,460,372,683","155,155,155,155,155,155,155,155,155,127",543
185,107,"676,867,337,111,463,568,552,352,460,314","155,155,155,155,155,169,63,170,155,155",720
622,107,"337,178,80,527,661,461,809,831,436,700","155,155,155,155,284,155,155,155,156,219",535
2367,107,"637,337,867,463,80,199,360,547,527,143","155,155,155,155,155,155,155,155,155,155",398
5110,107,"938,337,646,547,529,755,527,736,650,157","155,155,155,155,155,155,155,155,155,163",349
5210,107,"676,646,527,311,45,736,755,926,281,833","155,155,155,155,155,155,155,155,155,155",523
2654,107,"209,676,372,831,111,361,926,460,527,769","155,155,155,155,155,155,155,155,155,155",541
5074,107,"637,337,360,79,831,460,605,278,788,314","155,155,155,155,155,155,155,155,155,155",553
4457,107,"209,676,637,360,461,337,547,178,111,646","155,155,155,155,155,155,155,155,155,155",690
1462,107,"209,637,372,738,831,517,460,547,926,281","155,155,155,155,155,155,155,155,155,155",554
1213,107,"134,788,143,517,547,183,605,500,623,833","155,155,155,155,155,155,155,155,155,155",644
1506,107,"209,646,337,463,372,831,736,281,527,460","155,155,155,155,155,155,155,155,155,155",388
1010,107,"360,337,547,45,500,588,755,628,111,517","155,155,155,155,155,155,155,155,155,155",270
1760,107,"209,372,637,461,738,3,460,527,683,700","155,155,155,155,155,155,155,155,127,219",600
1298,107,"676,938,463,337,372,529,199,831,809,361","155,155,155,155,155,155,155,155,155,155",430
3549,107,"209,360,463,178,529,547,736,831,738,683","155,155,155,155,155,155,155,155,155,127",633
5694,107,"637,676,199,80,3,111,527,738,314,552","155,155,155,155,155,155,155,155,155,63",606
3791,107,"209,867,111,360,652,460,436,337,527,639","155,155,155,155,155,155,156,155,155,155",639
4216,107,"134,209,337,372,605,500,463,547,276,80","155,155,155,155,155,155,155,155,155,155",553
1837,107,"209,360,461,938,831,79,736,547,683,517","155,155,155,155,155,155,155,155,127,155",499
2380,107,"134,178,463,460,314,436,278,736,683,700","155,155,155,155,155,156,155,155,127,219",535
2786,107,"209,637,337,234,588,276,755,361,242,45","155,155,155,155,155,155,155,155,155,155",691
3513,107,"637,372,938,234,755,769,460,111,788,143","155,155,155,155,155,155,155,155,155,155",523
3166,107,"637,372,360,337,938,79,646,80,111,764","155,155,155,155,155,155,155,155,155,155",472
111,107,"676,463,788,646,867,281,79,809,314,238","155,155,155,155,155,155,155,155,155,155",598
4671,107,"676,461,788,79,234,605,529,3,639,809","155,155,155,155,155,155,155,155,155,155",553
1507,107,"134,463,938,80,372,360,676,178,460,436","155,155,155,155,155,155,155,155,155,156",634
3266,107,"134,143,461,527,809,736,436,683,552,795","155,155,155,155,155,155,156,127,63,156",579
3187,107,"209,938,463,79,867,111,311,605,527,809","155,155,155,155,155,155,155,155,155,155",374
5211,107,"676,867,178,80,83,463,938,661,461,683","155,155,155,155,126,155,155,284,155,127",541
2831,107,"209,360,831,80,178,764,809,926,361,45","155,155,155,155,155,155,155,155,155,155",513
2347,107,"209,867,461,360,372,234,736,527,361,639","155,155,155,155,155,155,155,155,155,155",555
5507,107,"134,360,178,547,736,764,199,460,831,683","155,155,155,155,155,155,155,155,155,127",519
5195,107,"134,637,463,831,45,764,276,111,788,650","155,155,155,155,155,155,155,155,155,155",304
5544,107,"360,461,738,80,3,460,527,809,111,143","155,155,155,155,155,155,155,155,155,155",720
2914,107,"209,637,676,80,738,831,199,527,314,238","155,155,155,155,155,155,155,155,155,155",559
5496,107,"134,788,80,764,527,314,436,683,278,281","155,155,155,155,155,155,156,127,155,155",530
1138,107,"134,360,938,234,755,517,278,242,178,926","155,155,155,155,155,155,155,155,155,155",535
4419,107,"637,867,738,311,605,788,831,588,238,278","155,155,155,155,155,155,155,155,155,155",627
3276,107,"209,676,738,234,45,599,755,361,769,183","155,155,155,155,155,155,155,155,155,155",569
2918,107,"209,637,738,234,463,788,646,831,605,143","155,155,155,155,155,155,155,155,155,155",634
50,107,"637,676,360,234,337,45,461,831,755,938","155,155,155,155,155,155,155,155,155,155",304
1378,107,"209,867,80,460,639,463,337,700,831,683","155,155,155,155,155,155,155,219,155,127",588
1389,107,"637,178,676,831,80,463,809,281,238,436","155,155,155,155,155,155,155,155,155,156",618
4400,107,"134,209,372,738,500,461,605,80,736,460","155,155,155,155,155,155,155,155,155,155",654
565,107,"676,372,738,361,915,45,605,831,311,736","155,155,155,155,155,156,155,155,155,155,155",640
5627,107,"134,788,80,143,337,527,314,683,281,517","155,155,155,155,155,155,155,127,155,155",669
5456,107,"134,788,646,639,463,199,547,143,111,372","155,155,155,155,155,155,155,155,155,155",611
1362,107,"209,764,80,809,111,337,552,683,460,604","155,155,155,155,155,155,63,127,155,269",574
123,107,"938,337,80,3,639,143,361,683,650,157","155,155,155,155,155,155,155,127,155,163",466
3482,107,"360,788,463,529,764,3,111,809,314,639","155,155,155,155,155,155,155,155,155,155",547
1626,107,"209,764,199,80,3,83,170,330,716,508","155,155,155,155,155,126,39,300,117,219",540
6033,107,"637,788,867,178,831,552,199,80,143,461","155,155,155,155,155,63,155,155,155,155",661
5560,107,"209,529,360,143,80,111,809,278,552,337","155,155,155,155,155,155,155,155,63,155",616
4723,107,"372,461,178,527,547,460,517,311,238,809","155,155,155,155,155,155,155,155,155,155",498
1525,107,"463,867,461,527,738,314,460,436,238,683","155,155,155,155,155,155,155,156,155,127",600
3854,107,"209,646,372,831,809,738,755,683,314,639","155,155,155,155,155,155,155,127,155,155",544
184,107,"134,80,652,234,281,79,238,311,527,314","155,155,155,155,155,155,155,155,155,155",645
1025,107,"637,646,547,143,463,3,926,111,436,683","155,155,155,155,155,155,155,155,156,127",535
2100,107,"788,80,764,178,436,238,795,926,491,834","155,155,155,155,156,155,156,155,146,36",371
2034,107,"637,178,764,527,143,360,314,552,461,926","155,155,155,155,155,155,155,63,155,155",485
1554,107,"134,360,676,80,788,529,79,311,460,755","155,155,155,155,155,155,155,155,155,155",612
3938,107,"209,637,360,698,938,372,867,605,771,45","155,155,155,176,155,155,155,155,176,155",688
481,107,"134,676,788,337,764,3,938,463,111,926","155,155,155,155,155,155,155,155,155,155",463
3315,107,"461,529,143,738,809,639,683,700,157,436","155,155,155,155,155,155,127,219,163,156",541
966,107,"637,788,80,938,111,436,547,281,683,650","155,155,155,155,155,156,155,155,127,155",510
4238,107,"134,867,646,209,529,199,360,639,436,527","155,155,155,155,155,155,155,155,156,155",521
3693,107,"938,788,529,547,238,639,527,460,278,234","155,155,155,155,155,155,155,155,155,155",463
1674,107,"134,788,80,764,199,111,3,652,436,281","155,155,155,155,155,155,155,155,156,155",640
4328,107,"209,637,337,79,463,276,623,769,736,281","155,155,155,155,155,155,155,155,155,155",278
4352,107,"209,867,676,527,809,764,683,738,460,436","155,155,155,155,155,155,127,155,155,156",535
5529,107,"637,676,867,337,80,788,45,183,736,460","155,155,155,155,155,155,155,155,155,155",506
2677,107,"209,646,764,529,80,831,3,552,460,568","155,155,155,155,155,155,155,63,155,169",796
3486,107,"637,461,831,361,311,769,678,628,650,926","155,155,155,155,155,155,155,155,155,155",702
796,107,"637,831,764,199,3,278,337,683,547,700","155,155,155,155,155,155,155,127,155,219",635
2917,107,"134,209,372,461,646,637,199,527,683,335","155,155,155,155,155,155,155,155,127,195",519
2572,107,"134,463,676,80,529,547,460,831,764,926","155,155,155,155,155,155,155,155,155,155",275
4,107,"938,788,867,738,311,605,111,460,769,278","155,155,155,155,155,155,155,155,155,155",226
4277,107,"134,461,337,738,361,769,517,599,736,646","155,155,155,155,155,155,155,155,155,155",563
444,107,"938,372,461,867,788,764,831,517,755,79","155,155,155,155,155,155,155,155,155,155",526
6036,107,"134,637,463,234,646,80,45,938,281,460","155,155,155,155,155,155,155,155,155,155",493
2078,107,"938,178,461,646,199,143,738,234,755,45","155,155,155,155,155,155,155,155,155,155",516
2781,107,"134,637,372,738,45,676,311,788,764,529","155,155,155,155,155,155,155,155,155,155",555
1503,107,"637,461,360,831,500,588,769,599,938,646","155,155,155,155,155,155,155,155,155,155",553
2961,107,"637,372,360,234,738,938,788,281,926,867","155,155,155,155,155,155,155,155,155,155",678
2627,107,"637,867,360,938,372,736,738,79,361,238","155,155,155,155,155,155,155,155,155,155",689
1930,107,"337,463,867,646,80,831,809,764,683,335","155,155,155,155,155,155,155,155,127,195",471
2436,107,"337,463,831,79,361,788,764,736,238,650","155,155,155,155,155,155,155,155,155,155",300
4492,107,"134,178,209,461,938,736,527,460,926,281","155,155,155,155,155,155,155,155,155,155",531
4858,107,"637,676,461,80,646,788,460,527,238,650","155,155,155,155,155,155,155,155,155,155",594
1041,107,"360,80,736,755,311,547,769,599,833,402","155,155,155,155,155,155,155,155,155,155",669
987,107,"134,867,637,322,42,633,170,330,214,716","155,155,155,175,176,163,39,300,127,117",690
432,107,"938,360,788,461,372,80,738,361,547,238","155,155,155,155,155,155,155,155,155,155",507
6147,107,"938,360,736,111,738,500,143,831,788,460","155,155,155,155,155,155,155,155,155,155",576
870,107,"209,360,337,372,183,676,311,831,461,80","155,155,155,155,155,155,155,155,155,155",427
4088,107,"209,529,463,547,111,460,527,809,738,278","155,155,155,155,155,155,155,155,155,155",479
5126,107,"676,337,199,527,143,683,460,83,508,583","155,155,155,155,155,127,155,126,219,3",498
464,107,"764,199,547,460,436,809,683,314,157,700","155,155,155,155,156,155,127,155,163,219",608
4325,107,"676,788,3,143,764,831,736,683,238,639","155,155,155,155,155,155,155,127,155,155",571
2618,107,"209,637,360,463,605,588,361,599,938,646","155,155,155,155,155,155,155,155,155,155",586
4940,107,"788,461,547,3,764,527,926,79,281,755","155,155,155,155,155,155,155,155,155,155",601
1823,107,"337,372,463,517,605,599,833,678,461,80","155,155,155,155,155,155,155,155,155,155",612
1373,107,"676,337,529,764,143,738,436,809,736,926","155,155,155,155,155,155,156,155,155,155",469
2795,107,"134,463,938,867,80,360,529,736,3,517","155,155,155,155,155,155,155,155,155,155",510
5933,107,"372,738,736,79,234,605,500,599,588,183","155,155,155,155,155,155,155,155,155,155",448
1778,107,"209,637,360,79,646,547,111,926,143,3","155,155,155,155,155,155,155,155,155,155",563
4793,107,"134,372,867,738,788,831,764,199,143,517","155,155,155,155,155,155,155,155,155,155",667
2949,107,"209,867,831,234,45,605,111,529,199,3","155,155,155,155,155,155,155,155,155,155",600
1077,107,"134,209,646,80,199,3,111,460,683,661","155,155,155,155,155,155,155,155,127,284",290
3462,107,"134,209,637,461,736,45,683,700,650,157","155,155,155,155,155,155,127,219,155,163",539
2322,107,"134,463,337,178,111,831,314,683,3,303","155,155,155,155,155,155,155,127,155,164",693
199,107,"637,676,915,463,80,938,652,926,238,683","155,155,155,156,155,155,155,155,155,155,127",604
248,107,"637,676,360,361,831,736,80,788,500,529","155,155,155,155,155,155,155,155,155,155",612
4142,107,"938,788,80,646,461,314,463,736,377,436","155,155,155,155,155,155,155,155,155,156",464
4017,107,"134,209,867,461,111,637,646,831,683,238","155,155,155,155,155,155,155,155,127,155",519
767,107,"134,463,360,79,588,867,361,736,683,527","155,155,155,155,155,155,155,155,127,155",582
4698,107,"134,209,676,80,178,736,361,199,683,311","155,155,155,155,155,155,155,155,127,155",553
35,107,"676,788,529,360,463,143,831,436,460,278","155,155,155,155,155,155,155,156,155,155",620
2148,107,"372,867,463,547,831,764,238,143,926,639","155,155,155,155,155,155,155,155,155,155",520
4875,107,"676,463,461,45,788,547,529,736,755,460","155,155,155,155,155,155,155,155,155,155",423
5579,107,"134,646,637,831,3,111,552,683,738,281","155,155,155,155,155,155,63,127,155,155",585
5580,107,"360,463,337,652,500,588,547,769,628,461","155,155,155,155,155,155,155,155,155,155",608
1109,107,"134,646,209,938,461,372,738,79,311,926","155,155,155,155,155,155,155,155,155,155",555
6018,107,"637,646,529,234,79,361,183,599,678,238","155,155,155,155,155,155,155,155,155,155",312
2923,107,"637,337,463,361,646,938,517,281,764,238","155,155,155,155,155,155,155,155,155,155",669
1172,107,"646,111,831,764,178,547,517,234,45,79","155,155,155,155,155,155,155,155,155,155",506
714,107,"209,938,372,463,676,529,3,199,764,547","155,155,155,155,155,155,155,155,155,155",380
425,107,"337,788,3,460,311,527,314,199,650,178","155,155,155,155,155,155,155,155,155,155",304
5558,107,"209,529,80,111,552,738,683,583,83,661","155,155,155,155,63,155,127,3,126,284",561
3945,107,"134,867,788,80,178,360,314,809,337,683","155,155,155,155,155,155,155,155,155,127",582
730,107,"938,764,337,372,463,111,831,199,527,683","155,155,155,155,155,155,155,155,155,127",572
3475,107,"637,646,788,3,143,831,809,639,683,314","155,155,155,155,155,155,155,155,127,155",547
2062,107,"134,178,637,831,199,639,278,527,337,736","155,155,155,155,155,155,155,155,155,155",380
3456,107,"134,637,463,646,500,938,788,111,314,281","155,155,155,155,155,155,155,155,155,155",545
2726,107,"676,337,372,45,605,276,738,831,111,623","155,155,155,155,155,155,155,155,155,155",546
3852,107,"637,788,867,199,547,111,360,463,281,809","155,155,155,155,155,155,155,155,155,155",531
4540,108,"134,372,337,547,517,500,461,80,764,650","155,155,155,155,155,155,155,155,155,155",251
3507,108,"134,637,337,234,547,736,111,867,238,769","155,155,155,155,155,155,155,155,155,155",531
4932,108,"637,938,867,80,788,529,111,143,314,199","155,155,155,155,155,155,155,155,155,155",471
5784,108,"676,178,463,764,372,527,436,683,278,281","155,155,155,155,155,155,156,127,155,155",490
5424,108,"209,637,143,360,738,111,372,736,281,683","155,155,155,155,155,155,155,155,155,127",535
5481,108,"134,938,646,736,143,311,234,361,588,238","155,155,155,155,155,155,155,155,155,155",553
4511,108,"134,867,461,209,360,527,178,199,460,683","155,155,155,155,155,155,155,155,155,127",612
5430,108,"134,637,337,45,461,831,755,183,926,833","155,155,155,155,155,155,155,155,155,155",546
2873,108,"209,938,738,45,361,769,755,788,529,650","155,155,155,155,155,155,155,155,155,155",477
1235,108,"938,337,463,646,111,755,867,311,527,809","155,155,155,155,155,155,155,155,155,155",494
4355,108,"676,360,337,463,764,238,276,111,529,278","155,155,155,155,155,155,155,155,155,155",586
3184,108,"134,637,337,372,676,646,143,736,460,650","155,155,155,155,155,155,155,155,155,155",535
2179,108,"209,637,461,234,80,45,736,311,605,402","155,155,155,155,155,155,155,155,155,155",352
3210,108,"134,463,372,831,361,547,311,242,736,111","155,155,155,155,155,155,155,155,155,155",544
3735,108,"209,637,360,79,234,45,623,461,788,314","155,155,155,155,155,155,155,155,155,155",289
4486,108,"209,360,337,738,938,529,809,281,183,683","155,155,155,155,155,155,155,155,155,127",519
574,108,"938,337,461,736,769,867,650,639,199,683","155,155,155,155,155,155,155,155,155,127",483
633,108,"134,360,337,372,588,547,461,676,460,238","155,155,155,155,155,155,155,155,155,155",508
1133,108,"867,788,831,460,436,517,238,650,795,583","155,155,155,155,156,155,155,155,156,3",361
5148,108,"637,80,460,639,372,738,683,700,436,926","155,155,155,155,155,155,127,219,156,155",556
64,108,"134,676,3,764,831,460,736,238,311,926","155,155,155,155,155,155,155,155,155,155",494
5501,108,"209,461,111,926,311,755,238,460,199,683","155,155,155,155,155,155,155,155,155,127",463
1584,108,"134,676,199,639,527,460,337,583,83,214","155,155,155,155,155,155,155,3,126,127",413
729,108,"372,867,461,788,143,547,436,831,639,278","155,155,155,155,155,155,156,155,155,155",346
3759,108,"360,463,788,529,311,755,605,276,588,628","155,155,155,155,155,155,155,155,155,155",437
3009,108,"360,461,80,646,547,311,281,234,361,3","155,155,155,155,155,155,155,155,155,155",516
4554,108,"938,463,461,831,79,605,517,314,650,281","155,155,155,155,155,155,155,155,155,155",569
2626,108,"337,461,738,45,646,755,605,311,111,238","155,155,155,155,155,155,155,155,155,155",628
2261,108,"337,646,199,111,3,809,736,683,738,281","155,155,155,155,155,155,155,127,155,155",641
3610,108,"134,209,788,360,337,652,143,45,238,683","155,155,155,155,155,155,155,155,155,127",600
5528,108,"637,676,360,234,547,736,831,242,652,111","155,155,155,155,155,155,155,155,155,155",553
5711,108,"134,372,461,676,646,529,738,652,764,926","155,155,155,155,155,155,155,155,155,155",553
2930,108,"134,463,337,80,738,79,45,769,736,111","155,155,155,155,155,155,155,155,155,155",293
145,108,"134,637,337,361,605,463,372,938,460,80","155,155,155,155,155,155,155,155,155,155",500
5860,108,"676,788,529,337,80,764,461,436,314,463","155,155,155,155,155,155,155,156,155,155",354
5493,108,"938,372,463,80,529,234,79,755,605,500","155,155,155,155,155,155,155,155,155,155",544
1509,108,"637,372,360,698,463,80,111,652,605,831","155,155,155,176,155,155,155,155,155,155",594
3202,108,"134,867,461,463,938,683,639,552,314,42","155,155,155,155,155,127,155,63,155,176",669
541,108,"134,360,80,831,111,764,143,311,238,3","155,155,155,155,155,155,155,155,155,155",528
1595,108,"938,178,461,529,736,314,436,238,809,700","155,155,155,155,155,155,156,155,155,219",500
4837,108,"134,337,676,788,314,436,547,683,278,583","155,155,155,155,155,156,155,127,155,3",464
5610,108,"637,938,646,143,764,547,460,809,683,552","155,155,155,155,155,155,155,155,127,63",653
66,108,"372,867,646,3,199,80,809,238,683,652","155,155,155,155,155,155,155,155,127,155",653
4215,108,"637,938,738,79,788,517,500,460,867,238","155,155,155,155,155,155,155,155,155,155",415
5436,108,"209,867,178,199,736,764,143,646,527,360","155,155,155,155,155,155,155,155,155,155",547
2737,108,"134,788,209,831,360,143,337,314,639,278","155,155,155,155,155,155,155,155,155,155",535
573,108,"209,867,529,278,178,788,460,527,360,764","155,155,155,155,155,155,155,155,155,155",547
1670,108,"637,372,337,738,500,605,80,938,831,588","155,155,155,155,155,155,155,155,155,155",644
5744,108,"676,372,738,234,588,547,311,867,281,639","155,155,155,155,155,155,155,155,155,155",586
1223,108,"646,788,80,831,764,143,460,314,738,926","155,155,155,155,155,155,155,155,155,155",400
2837,108,"134,637,337,45,461,80,788,736,769,278","155,155,155,155,155,155,155,155,155,155",538
5167,108,"360,646,529,831,79,45,311,361,605,276","155,155,155,155,155,155,155,155,155,155",557
1374,108,"134,637,461,529,199,831,652,764,79,281","155,155,155,155,155,155,155,155,155,155",553
2938,108,"676,867,178,111,143,278,788,83,214,776","155,155,155,155,155,155,155,126,127,267",535
4883,108,"209,337,463,361,676,45,80,238,867,111","155,155,155,155,155,155,155,155,155,155",531
1715,108,"134,209,372,738,79,463,831,111,517,183","155,155,155,155,155,155,155,155,155,155",378
1563,108,"676,938,738,361,755,500,276,623,183,628","155,155,155,155,155,155,155,155,155,155",519
3981,108,"134,360,938,676,143,788,527,111,683,460","155,155,155,155,155,155,155,155,127,155",520
1993,108,"676,178,337,436,938,661,834,214,264,776","155,155,155,156,155,284,36,127,220,267",540
4228,108,"134,463,938,547,361,183,517,242,764,639","155,155,155,155,155,155,155,155,155,155",549
3557,108,"372,178,529,736,80,143,831,460,45,199","155,155,155,155,155,155,155,155,155,155",304
449,108,"209,637,788,867,831,938,360,463,234,650","155,155,155,155,155,155,155,155,155,155",541
944,108,"134,372,461,234,755,605,628,311,754,650","155,155,155,155,155,155,155,155,155,155",447
3243,108,"209,788,372,738,646,736,547,281,639,3","155,155,155,155,155,155,155,155,155,155",553
889,108,"337,372,738,788,80,460,639,111,238,314","155,155,155,155,155,155,155,155,155,155",519
3540,108,"134,209,637,360,372,314,529,755,238,650","155,155,155,155,155,155,155,155,155,155",553
4748,108,"134,637,738,234,500,463,45,278,628,276","155,155,155,155,155,155,155,155,155,155",521
3532,108,"134,463,360,547,45,361,80,3,683,639","155,155,155,155,155,155,155,155,127,155",528
1764,108,"637,867,788,547,3,764,527,281,755,639","155,155,155,155,155,155,155,155,155,155",541
1614,108,"209,637,517,547,500,736,311,867,281,183","155,155,155,155,155,155,155,155,155,155",571
5452,108,"938,360,867,337,463,529,372,3,527,764","155,155,155,155,155,155,155,155,155,155",519
5139,108,"637,676,337,646,769,183,599,281,926,938","155,155,155,155,155,155,155,155,155,155",472
2840,108,"938,867,463,788,178,111,460,527,314,143","155,155,155,155,155,155,155,155,155,155",355
2905,108,"134,676,637,788,178,209,527,926,517,683","155,155,155,155,155,155,155,155,155,127",628
1294,108,"209,867,547,529,938,238,639,460,809,517","155,155,155,155,155,155,155,155,155,155",570
2101,108,"676,461,80,517,361,755,646,938,639,3","155,155,155,155,155,155,155,155,155,155",574
5250,108,"637,676,867,3,111,80,337,809,143,461","155,155,155,155,155,155,155,155,155,155",338
2710,108,"209,646,637,337,547,938,80,234,588,361","155,155,155,155,155,155,155,155,155,155",520
3446,108,"938,360,463,79,461,80,738,755,788,867","155,155,155,155,155,155,155,155,155,155",519
1057,108,"337,529,461,436,314,278,460,463,683,700","155,155,155,156,155,155,155,155,127,219",543
185,108,"134,199,143,463,337,42,738,683,568,552","155,155,155,155,155,176,155,127,169,63",720
622,108,"209,867,831,143,372,547,436,736,517,314","155,155,155,155,155,155,156,155,155,155",535
2367,108,"360,178,764,461,372,529,831,278,314,491","155,155,155,155,155,155,155,155,155,146",398
5110,108,"209,788,529,337,238,314,311,79,460,143","155,155,155,155,155,155,155,155,155,155",349
5210,108,"637,461,360,234,605,938,588,547,517,500","155,155,155,155,155,155,155,155,155,155",523
2654,108,"134,461,938,764,3,372,111,831,926,738","155,155,155,155,155,155,155,155,155,155",541
5074,108,"209,360,461,463,79,80,234,605,547,529","155,155,155,155,155,155,155,155,155,155",553
4457,108,"676,360,463,788,80,764,683,652,143,314","155,155,155,155,155,155,127,155,155,155",690
1462,108,"134,938,646,831,234,183,111,764,278,769","155,155,155,155,155,155,155,155,155,155",554
1213,108,"209,637,360,234,463,45,831,361,755,678","155,155,155,155,155,155,155,155,155,155",644
1506,108,"867,788,831,547,178,238,199,652,809,361","155,155,155,155,155,155,155,155,155,155",388
1010,108,"134,676,209,788,831,463,311,183,926,628","155,155,155,155,155,155,155,155,155,155",270
1760,108,"134,178,209,764,529,360,337,80,938,547","155,155,155,155,155,155,155,155,155,155",600
1298,108,"867,788,80,831,199,3,527,460,278,517","155,155,155,155,155,155,155,155,155,155",430
3549,108,"134,209,337,461,463,111,460,547,143,527","155,155,155,155,155,155,155,155,155,155",633
5694,108,"209,867,80,788,646,938,436,460,738,809","155,155,155,155,155,155,156,155,155,155",606
3791,108,"637,178,831,676,360,547,938,111,143,683","155,155,155,155,155,155,155,155,155,127",639
4216,108,"134,209,637,360,500,676,461,45,463,80","155,155,155,155,155,155,155,155,155,155",553
1837,108,"938,461,831,45,788,3,527,809,650,183","155,155,155,155,155,155,155,155,155,155",499
2380,108,"209,867,461,529,337,199,436,831,639,314","155,155,155,155,155,155,156,155,155,155",535
2786,108,"867,831,111,79,605,276,361,242,238,517","155,155,155,155,155,155,155,155,155,155",691
3513,108,"134,646,111,311,764,238,527,588,3,460","155,155,155,155,155,155,155,155,155,155",523
3166,108,"637,646,867,111,143,926,79,736,199,683","155,155,155,155,155,155,155,155,155,127",472
111,108,"676,337,372,234,831,788,111,80,650,314","155,155,155,155,155,155,155,155,155,155",598
4671,108,"637,676,372,461,605,547,926,311,588,183","155,155,155,155,155,155,155,155,155,155",553
1507,108,"209,637,360,337,938,676,764,143,527,238","155,155,155,155,155,155,155,155,155,155",634
3266,108,"938,337,463,788,111,926,3,683,527,278","155,155,155,155,155,155,155,127,155,155",579
3187,108,"134,938,676,738,588,517,736,143,650,183","155,155,155,155,155,155,155,155,155,155",374
5211,108,"637,676,372,867,3,529,461,683,281,238","155,155,155,155,155,155,155,127,155,155",541
2831,108,"360,337,80,529,199,831,809,314,639,436","155,155,155,155,155,155,155,155,155,156",513
2347,108,"676,529,199,80,372,460,360,831,547,738","155,155,155,155,155,155,155,155,155,155",555
5507,108,"209,938,788,463,764,3,80,736,111,650","155,155,155,155,155,155,155,155,155,155",519
5195,108,"134,111,529,234,79,755,605,199,809,639","155,155,155,155,155,155,155,155,155,155",304
5544,108,"372,461,831,79,234,547,311,755,809,183","155,155,155,155,155,155,155,155,155,155",720
2914,108,"337,764,463,111,143,314,809,736,683,700","155,155,155,155,155,155,155,155,127,219",559
5496,108,"134,676,3,831,278,639,809,683,314,436","155,155,155,155,155,155,155,127,155,156",530
1138,108,"134,209,360,738,79,361,547,337,183,517","155,155,155,155,155,155,155,155,155,155",535
4419,108,"676,337,831,183,764,517,605,529,460,143","155,155,155,155,155,155,155,155,155,155",627
3276,108,"209,637,337,234,361,45,242,372,769,646","155,155,155,155,155,155,155,155,155,155",569
2918,108,"209,646,529,926,111,500,281,183,278,639","155,155,155,155,155,155,155,155,155,155",634
50,108,"134,637,360,79,80,938,460,764,769,788","155,155,155,155,155,155,155,155,155,155",304
1378,108,"209,764,529,111,3,831,337,238,436,360","155,155,155,155,155,155,155,155,156,155",588
1389,108,"938,461,646,80,788,3,199,45,764,178","155,155,155,155,155,155,155,155,155,155",618
4400,108,"637,676,915,45,500,80,372,588,623,628","155,155,155,156,155,155,155,155,155,155,155",654
565,108,"938,337,372,234,183,517,402,754,788,314","155,155,155,155,155,155,155,155,155,155",640
5627,108,"134,788,637,831,646,938,199,463,281,314","155,155,155,155,155,155,155,155,155,155",669
5456,108,"676,529,461,463,111,809,736,764,547,314","155,155,155,155,155,155,155,155,155,155",611
1362,108,"134,676,178,209,199,764,788,143,831,436","155,155,155,155,155,155,155,155,155,156",574
123,108,"134,867,637,372,831,736,547,311,605,764","155,155,155,155,155,155,155,155,155,155",466
3482,108,"360,461,372,199,3,111,238,683,278,517","155,155,155,155,155,155,155,127,155,155",547
1626,108,"134,788,529,199,831,527,809,683,337,661","155,155,155,155,155,155,155,127,155,284",540
6033,108,"676,788,646,199,337,736,436,360,809,314","155,155,155,155,155,155,156,155,155,155",661
5560,108,"637,529,764,337,460,360,547,314,683,436","155,155,155,155,155,155,155,155,127,156",616
4723,108,"637,372,938,738,500,831,788,517,588,281","155,155,155,155,155,155,155,155,155,155",498
1525,108,"134,788,637,831,199,278,552,111,683,337","155,155,155,155,155,155,63,155,127,155",600
3854,108,"134,676,199,764,461,527,372,436,809,683","155,155,155,155,155,155,155,156,155,127",544
184,108,"337,738,755,234,547,652,111,238,361,764","155,155,155,155,155,155,155,155,155,155",645
1025,108,"676,788,529,337,683,461,360,700,639,436","155,155,155,155,127,155,155,219,155,156",535
2100,108,"209,676,461,178,938,834,436,491,583,809","155,155,155,155,155,36,156,146,3,155",371
2034,108,"360,646,3,143,372,529,460,527,738,736","155,155,155,155,155,155,155,155,155,155",485
1554,108,"134,209,637,547,736,788,80,311,769,278","155,155,155,155,155,155,155,155,155,155",612
3938,108,"134,209,637,360,698,547,143,80,238,605","155,155,155,155,176,155,155,155,155,155",688
481,108,"134,867,209,460,143,547,3,637,938,926","155,155,155,155,155,155,155,155,155,155",463
3315,108,"209,360,461,938,676,867,372,788,80,639","155,155,155,155,155,155,155,155,155,155",541
966,108,"676,360,372,938,80,547,764,178,736,460","155,155,155,155,155,155,155,155,155,155",510
4238,108,"134,676,178,80,764,337,436,639,738,683","155,155,155,155,155,155,156,155,155,127",521
3693,108,"463,80,111,461,527,683,517,278,736,700","155,155,155,155,155,127,155,155,155,219",463
1674,108,"637,360,867,646,915,234,3,527,199,639","155,155,155,155,155,156,155,155,155,155,155",640
4328,108,"209,637,337,738,605,461,45,517,278,599","155,155,155,155,155,155,155,155,155,155",278
4352,108,"637,676,867,80,199,529,360,143,460,639","155,155,155,155,155,155,155,155,155,155",535
5529,108,"637,938,547,867,111,361,605,755,183,276","155,155,155,155,155,155,155,155,155,155",506
2677,108,"637,788,867,831,3,460,552,568,42,330","155,155,155,155,155,155,63,169,176,300",796
3486,108,"360,461,738,234,500,605,755,623,769,833","155,155,155,155,155,155,155,155,155,155",702
796,108,"134,360,461,79,736,926,199,683,809,311","155,155,155,155,155,155,155,127,155,155",635
2917,108,"637,646,111,529,639,337,683,661,335,468","155,155,155,155,155,155,127,284,195,267",519
2572,108,"134,209,676,738,234,605,755,311,278,3","155,155,155,155,155,155,155,155,155,155",275
4,108,"209,463,646,79,831,80,311,764,45,736","155,155,155,155,155,155,155,155,155,155",226
4277,108,"134,463,372,676,938,111,311,605,278,683","155,155,155,155,155,155,155,155,155,127",563
444,108,"676,867,529,461,460,831,314,281,755,45","155,155,155,155,155,155,155,155,155,155",526
6036,108,"134,209,461,738,234,45,361,769,80,517","155,155,155,155,155,155,155,155,155,155",493
2078,108,"360,337,372,738,500,80,764,646,361,736","155,155,155,155,155,155,155,155,155,155",516
2781,108,"676,788,80,831,111,460,199,926,234,517","155,155,155,155,155,155,155,155,155,155",555
1503,108,"134,938,337,45,80,755,183,500,311,599","155,155,155,155,155,155,155,155,155,155",553
2961,108,"676,867,337,764,831,80,463,199,460,278","155,155,155,155,155,155,155,155,155,155",678
2627,108,"209,637,788,337,461,646,738,698,650,938","155,155,155,155,155,155,155,176,155,155",689
1930,108,"209,676,337,80,764,527,460,809,143,831","155,155,155,155,155,155,155,155,155,155",471
2436,108,"676,360,463,234,372,738,45,736,938,242","155,155,155,155,155,155,155,155,155,155",300
4492,108,"134,867,788,80,337,463,831,755,361,45","155,155,155,155,155,155,155,155,155,155",531
4858,108,"134,637,337,463,676,547,527,199,736,831","155,155,155,155,155,155,155,155,155,155",594
1041,108,"134,372,788,234,588,605,276,599,361,628","155,155,155,155,155,155,155,155,155,155",669
987,108,"646,461,529,178,80,61,639,683,322,42","155,155,155,155,155,168,155,127,175,176",690
432,108,"676,178,463,337,646,736,111,831,926,755","155,155,155,155,155,155,155,155,155,155",507
6147,108,"637,788,143,831,234,764,361,500,199,809","155,155,155,155,155,155,155,155,155,155",576
870,108,"360,337,646,831,588,599,183,650,238,736","155,155,155,155,155,155,155,155,155,155",427
4088,108,"676,80,143,372,926,460,527,517,436,278","155,155,155,155,155,155,155,155,156,155",479
5126,108,"938,80,529,463,738,683,639,583,83,508","155,155,155,155,155,127,155,3,126,219",498
464,108,"637,360,463,547,111,738,517,527,460,683","155,155,155,155,155,155,155,155,155,127",608
4325,108,"337,867,80,764,111,314,700,527,738,683","155,155,155,155,155,155,219,155,155,127",571
2618,108,"134,372,646,738,831,547,314,361,234,311","155,155,155,155,155,155,155,155,155,155",586
4940,108,"676,337,372,360,764,547,80,755,588,238","155,155,155,155,155,155,155,155,155,155",601
1823,108,"637,372,360,79,831,111,628,833,278,314","155,155,155,155,155,155,155,155,155,155",612
1373,108,"637,788,178,646,547,80,372,738,712,436","155,155,155,155,155,155,155,155,44,156",469
2795,108,"134,637,463,461,646,311,143,238,769,650","155,155,155,155,155,155,155,155,155,155",510
5933,108,"134,209,360,463,831,80,755,361,183,238","155,155,155,155,155,155,155,155,155,155",448
1778,108,"134,372,461,646,45,605,938,314,80,788","155,155,155,155,155,155,155,155,155,155",563
4793,108,"209,637,372,463,529,831,143,45,3,314","155,155,155,155,155,155,155,155,155,155",667
2949,108,"209,938,738,529,80,143,460,527,314,683","155,155,155,155,155,155,155,155,155,127",600
1077,108,"209,676,178,199,831,80,111,461,527,436","155,155,155,155,155,155,155,155,155,156",290
3462,108,"209,938,676,337,45,461,547,788,527,111","155,155,155,155,155,155,155,155,155,155",539
2322,108,"372,788,646,111,764,517,314,281,683,700","155,155,155,155,155,155,155,155,127,219",693
199,108,"134,463,676,234,605,738,788,314,460,311","155,155,155,155,155,155,155,155,155,155",604
248,108,"134,209,360,738,547,311,183,736,938,926","155,155,155,155,155,155,155,155,155,155",612
4142,108,"209,637,337,676,738,372,311,361,111,736","155,155,155,155,155,155,155,155,155,155",464
4017,108,"209,867,676,178,646,199,529,111,436,527","155,155,155,155,155,155,155,155,156,155",519
767,108,"134,209,360,337,605,938,736,831,529,500","155,155,155,155,155,155,155,155,155,155",582
4698,108,"637,676,938,337,80,738,755,831,599,276","155,155,155,155,155,155,155,155,155,155",553
35,108,"209,676,178,527,111,831,552,683,795,508","155,155,155,155,155,155,63,127,156,219",620
2148,108,"637,676,646,143,178,517,683,926,527,700","155,155,155,155,155,155,127,155,155,219",520
4875,108,"134,209,372,80,831,143,926,79,736,809","155,155,155,155,155,155,155,155,155,155",423
5579,108,"637,788,646,80,199,547,460,938,143,372","155,155,155,155,155,155,155,155,155,155",585
5580,108,"676,372,461,79,755,361,80,650,769,588","155,155,155,155,155,155,155,155,155,155",608
1109,108,"209,637,337,45,461,831,361,500,755,938","155,155,155,155,155,155,155,155,155,155",555
6018,108,"637,938,831,736,547,529,111,80,755,588","155,155,155,155,155,155,155,155,155,155",312
2923,108,"134,209,461,360,337,547,831,183,500,529","155,155,155,155,155,155,155,155,155,155",669
1172,108,"134,360,461,79,646,234,111,517,755,281","155,155,155,155,155,155,155,155,155,155",506
714,108,"134,646,199,529,337,637,278,281,314,436","155,155,155,155,155,155,155,155,155,156",380
425,108,"372,529,80,736,311,361,3,45,314,683","155,155,155,155,155,155,155,155,155,127",304
5558,108,"134,676,764,337,527,552,683,360,583,834","155,155,155,155,155,63,127,155,3,36",561
3945,108,"134,867,788,209,80,463,646,45,683,700","155,155,155,155,155,155,155,155,127,219",582
730,108,"938,178,461,463,646,547,360,111,764,736","155,155,155,155,155,155,155,155,155,155",572
3475,108,"134,867,529,209,646,111,281,463,583,776","155,155,155,155,155,155,155,155,3,267",547
2062,108,"134,646,199,831,143,764,209,314,461,436","155,155,155,155,155,155,155,155,155,156",380
3456,108,"134,209,372,738,605,463,623,517,183,242","155,155,155,155,155,155,155,155,155,155",545
2726,108,"134,209,461,463,361,500,80,764,529,314","155,155,155,155,155,155,155,155,155,155",546
3852,108,"134,209,372,676,461,80,755,500,111,460","155,155,155,155,155,155,155,155,155,155",531
4540,109,"676,337,463,361,80,547,769,500,764,588","155,155,155,155,155,155,155,155,155,155",251
3507,109,"134,463,461,337,831,79,926,183,314,45","155,155,155,155,155,155,155,155,155,155",531
4932,109,"134,867,788,676,529,764,143,527,463,436","155,155,155,155,155,155,155,155,155,156",471
5784,109,"463,178,111,831,143,460,764,683,436,311","155,155,155,155,155,155,155,127,156,155",490
5424,109,"337,372,788,547,529,764,311,45,111,517","155,155,155,155,155,155,155,155,155,155",535
5481,109,"134,463,867,738,652,517,831,926,588,143","155,155,155,155,155,155,155,155,155,155",553
4511,109,"676,360,337,938,372,529,736,764,652,517","155,155,155,155,155,155,155,155,155,155",612
5430,109,"209,461,831,80,361,45,788,529,111,547","155,155,155,155,155,155,155,155,155,155",546
2873,109,"134,360,372,738,79,605,588,547,183,242","155,155,155,155,155,155,155,155,155,155",477
1235,109,"134,788,80,764,867,736,361,143,809,650","155,155,155,155,155,155,155,155,155,155",494
4355,109,"209,360,372,738,79,234,755,45,361,183","155,155,155,155,155,155,155,155,155,155",586
3184,109,"209,360,337,372,461,736,646,80,111,738","155,155,155,155,155,155,155,155,155,155",535
2179,109,"676,360,788,529,831,111,79,755,199,45","155,155,155,155,155,155,155,155,155,155",352
3210,109,"637,337,360,605,755,463,736,650,833,754","155,155,155,155,155,155,155,155,155,155",544
3735,109,"788,738,764,45,79,769,628,678,402,650","155,155,155,155,155,155,155,155,155,155",289
4486,109,"209,360,372,738,646,111,809,199,764,755","155,155,155,155,155,155,155,155,155,155",519
574,109,"867,831,738,79,547,311,529,45,650,278","155,155,155,155,155,155,155,155,155,155",483
633,109,"209,637,676,80,143,926,3,361,281,809","155,155,155,155,155,155,155,155,155,155",508
1133,109,"209,178,360,143,639,337,583,834,436,335","155,155,155,155,155,155,3,36,156,195",361
5148,109,"788,461,178,527,831,80,3,661,604,764","155,155,155,155,155,155,155,284,269,155",556
64,109,"337,463,831,79,738,547,646,788,926,588","155,155,155,155,155,155,155,155,155,155",494
5501,109,"134,463,372,337,646,234,79,676,547,183","155,155,155,155,155,155,155,155,155,155",463
1584,109,"209,788,80,111,809,831,461,143,583,83","155,155,155,155,155,155,155,155,3,126",413
729,109,"938,529,111,460,143,583,795,834,646,436","155,155,155,155,155,3,156,36,155,156",346
3759,109,"360,463,646,79,234,500,623,183,650,278","155,155,155,155,155,155,155,155,155,155",437
3009,109,"463,788,80,646,547,111,3,460,436,650","155,155,155,155,155,155,155,155,156,155",516
4554,109,"134,637,337,79,234,605,646,831,755,360","155,155,155,155,155,155,155,155,155,155",569
2626,109,"134,788,199,637,209,337,45,463,80,926","155,155,155,155,155,155,155,155,155,155",628
2261,109,"209,676,867,3,788,529,764,683,795,639","155,155,155,155,155,155,155,127,156,155",641
3610,109,"676,337,463,3,372,80,111,238,683,436","155,155,155,155,155,155,155,155,127,156",600
5528,109,"134,463,360,372,605,361,769,599,183,242","155,155,155,155,155,155,155,155,155,155",553
5711,109,"209,637,461,764,360,463,45,372,652,755","155,155,155,155,155,155,155,155,155,155",553
2930,109,"360,372,461,234,529,547,926,769,736,143","155,155,155,155,155,155,155,155,155,155",293
145,109,"134,637,372,234,79,361,605,529,314,143","155,155,155,155,155,155,155,155,155,155",500
5860,109,"209,938,867,463,738,788,80,547,314,460","155,155,155,155,155,155,155,155,155,155",354
5493,109,"676,646,547,79,45,605,517,867,527,460","155,155,155,155,155,155,155,155,155,155",544
1509,109,"134,209,867,461,80,547,79,698,588,764","155,155,155,155,155,155,155,176,155,155",594
3202,109,"209,178,80,3,36,278,529,552,646,738","155,155,155,155,44,155,155,63,155,155",669
541,109,"676,372,80,831,764,527,460,143,3,755","155,155,155,155,155,155,155,155,155,155",528
1595,109,"938,178,461,646,314,460,463,436,809,527","155,155,155,155,155,155,155,156,155,155",500
4837,109,"209,867,529,646,111,199,278,683,738,83","155,155,155,155,155,155,155,127,155,126",464
5610,109,"209,178,646,372,314,831,436,683,360,652","155,155,155,155,155,155,156,127,155,155",653
66,109,"134,209,529,199,738,809,281,652,683,926","155,155,155,155,155,155,155,155,127,155",653
4215,109,"360,788,646,45,281,755,234,639,809,683","155,155,155,155,155,155,155,155,155,127",415
5436,109,"788,80,738,764,178,111,683,926,281,314","155,155,155,155,155,155,127,155,155,155",547
2737,109,"134,867,676,178,209,460,527,764,436,683","155,155,155,155,155,155,155,155,156,127",535
573,109,"209,676,646,436,527,463,938,738,639,736","155,155,155,156,155,155,155,155,155,155",547
1670,109,"337,372,461,79,652,361,45,80,547,755","155,155,155,155,155,155,155,155,155,155",644
5744,109,"637,676,738,234,588,736,111,831,599,867","155,155,155,155,155,155,155,155,155,155",586
1223,109,"134,360,372,646,461,938,676,831,527,639","155,155,155,155,155,155,155,155,155,155",400
2837,109,"372,867,738,79,361,276,736,588,311,314","155,155,155,155,155,155,155,155,155,155",538
5167,109,"209,461,831,517,45,311,529,238,143,867","155,155,155,155,155,155,155,155,155,155",557
1374,109,"337,788,80,738,79,755,311,45,238,769","155,155,155,155,155,155,155,155,155,155",553
2938,109,"676,867,3,463,529,683,809,436,795,583","155,155,155,155,155,127,155,156,156,3",535
4883,109,"134,209,676,738,79,588,755,769,678,650","155,155,155,155,155,155,155,155,155,155",531
1715,109,"209,938,463,461,736,764,314,79,45,650","155,155,155,155,155,155,155,155,155,155",378
1563,109,"372,646,738,79,45,276,588,242,650,754","155,155,155,155,155,155,155,155,155,155",519
3981,109,"372,788,529,809,683,639,281,436,795,491","155,155,155,155,127,155,155,156,156,146",520
1993,109,"360,463,337,372,788,529,764,460,143,278","155,155,155,155,155,155,155,155,155,155",540
4228,109,"360,372,461,45,529,547,361,588,238,314","155,155,155,155,155,155,155,155,155,155",549
3557,109,"938,788,646,738,234,500,311,588,80,517","155,155,155,155,155,155,155,155,155,155",304
449,109,"637,178,527,938,337,372,639,281,683,809","155,155,155,155,155,155,155,155,127,155",541
944,109,"209,360,461,372,755,769,276,833,402,754","155,155,155,155,155,155,155,155,155,155",447
3243,109,"867,788,646,547,234,311,517,402,111,652","155,155,155,155,155,155,155,155,155,155",553
889,109,"360,337,646,45,867,311,650,3,143,178","155,155,155,155,155,155,155,155,155,155",519
3540,109,"134,637,788,646,529,764,372,755,314,199","155,155,155,155,155,155,155,155,155,155",553
4748,109,"637,646,738,234,500,361,755,183,278,242","155,155,155,155,155,155,155,155,155,155",521
3532,109,"637,337,547,529,178,788,764,831,755,527","155,155,155,155,155,155,155,155,155,155",528
1764,109,"676,372,461,45,788,926,281,769,183,238","155,155,155,155,155,155,155,155,155,155",541
1614,109,"134,209,461,831,361,311,788,926,764,111","155,155,155,155,155,155,155,155,155,155",571
5452,109,"134,637,788,461,529,80,831,111,238,547","155,155,155,155,155,155,155,155,155,155",519
5139,109,"209,637,360,337,361,276,628,402,311,461","155,155,155,155,155,155,155,155,155,155",472
2840,109,"676,337,938,867,199,372,463,460,650,755","155,155,155,155,155,155,155,155,155,155",355
2905,109,"134,676,360,938,234,3,45,683,238,314","155,155,155,155,155,155,155,127,155,155",628
1294,109,"134,209,676,80,234,311,831,45,183,736","155,155,155,155,155,155,155,155,155,155",570
2101,109,"637,867,764,360,938,111,527,738,683,700","155,155,155,155,155,155,155,155,127,219",574
5250,109,"209,867,178,527,788,583,834,143,795,436","155,155,155,155,155,3,36,155,156,156",338
2710,109,"134,676,3,646,938,527,238,683,517,436","155,155,155,155,155,155,155,127,155,156",520
3446,109,"372,461,529,527,926,460,361,547,281,650","155,155,155,155,155,155,155,155,155,155",519
1057,109,"134,463,938,788,676,111,527,436,360,278","155,155,155,155,155,155,155,156,155,155",543
185,109,"938,178,461,529,3,764,314,809,436,683","155,155,155,155,155,155,155,155,156,127",720
622,109,"134,867,3,337,143,527,461,314,646,360","155,155,155,155,155,155,155,155,155,155",535
2367,109,"938,764,461,360,646,463,199,831,111,278","155,155,155,155,155,155,155,155,155,155",398
5110,109,"134,360,337,646,738,234,605,547,831,529","155,155,155,155,155,155,155,155,155,155",349
5210,109,"209,360,337,45,461,738,831,80,529,111","155,155,155,155,155,155,155,155,155,155",523
2654,109,"360,111,738,500,361,831,527,926,650,278","155,155,155,155,155,155,155,155,155,155",541
5074,109,"938,461,80,652,234,311,500,278,111,529","155,155,155,155,155,155,155,155,155,155",553
4457,109,"134,867,788,178,527,111,460,661,552,36","155,155,155,155,155,155,155,284,63,44",690
1462,109,"337,463,831,547,764,238,500,143,278,926","155,155,155,155,155,155,155,155,155,155",554
1213,109,"134,637,360,79,234,547,605,588,736,938","155,155,155,155,155,155,155,155,155,155",644
1506,109,"134,209,676,337,646,517,605,938,460,143","155,155,155,155,155,155,155,155,155,155",388
1010,109,"360,463,738,45,588,517,238,278,460,639","155,155,155,155,155,155,155,155,155,155",270
1760,109,"134,199,111,831,3,938,738,809,314,517","155,155,155,155,155,155,155,155,155,155",600
1298,109,"209,938,372,646,143,517,3,460,311,639","155,155,155,155,155,155,155,155,155,155",430
3549,109,"676,360,461,738,80,764,199,111,736,517","155,155,155,155,155,155,155,155,155,155",633
5694,109,"337,461,463,831,314,683,700,157,335,661","155,155,155,155,155,127,219,163,195,284",606
3791,109,"209,676,337,199,80,646,463,372,178,683","155,155,155,155,155,155,155,155,155,127",639
4216,109,"637,461,360,45,588,517,80,242,460,646","155,155,155,155,155,155,155,155,155,155",553
1837,109,"637,372,463,755,183,736,867,314,650,281","155,155,155,155,155,155,155,155,155,155",499
2380,109,"209,676,646,436,314,527,683,738,700,712","155,155,155,156,155,155,127,155,219,44",535
2786,109,"463,461,738,755,605,599,361,628,311,754","155,155,155,155,155,155,155,155,155,155",691
3513,109,"337,529,764,45,361,588,547,517,639,143","155,155,155,155,155,155,155,155,155,155",523
3166,109,"637,461,372,463,45,517,361,183,80,764","155,155,155,155,155,155,155,155,155,155",472
111,109,"938,372,461,831,234,80,361,517,926,605","155,155,155,155,155,155,155,155,155,155",598
4671,109,"676,372,738,79,45,628,831,361,461,547","155,155,155,155,155,155,155,155,155,155",553
1507,109,"637,938,529,111,143,764,527,683,552,809","155,155,155,155,155,155,155,127,63,155",634
3266,109,"209,764,529,143,111,637,831,238,436,360","155,155,155,155,155,155,155,155,156,155",579
3187,109,"637,461,867,79,736,926,143,311,281,45","155,155,155,155,155,155,155,155,155,155",374
5211,109,"637,372,463,646,360,764,529,3,238,738","155,155,155,155,155,155,155,155,155,155",541
2831,109,"209,360,461,463,234,650,278,764,314,111","155,155,155,155,155,155,155,155,155,155",513
2347,109,"134,676,831,80,764,646,460,639,436,552","155,155,155,155,155,155,155,155,156,63",555
5507,109,"209,676,199,461,764,547,436,281,238,683","155,155,155,155,155,155,156,155,155,127",519
5195,109,"938,831,738,736,143,500,3,650,278,639","155,155,155,155,155,155,155,155,155,155",304
5544,109,"209,360,337,738,809,314,527,683,238,915","155,155,155,155,155,155,155,127,155,155,156",720
2914,109,"938,867,111,143,436,460,683,639,517,926","155,155,155,155,156,155,127,155,155,155",559
5496,109,"676,867,831,463,738,337,314,683,436,834","155,155,155,155,155,155,155,127,156,36",530
1138,109,"637,461,372,529,80,788,199,547,3,111","155,155,155,155,155,155,155,155,155,155",535
4419,109,"676,360,461,517,311,755,628,736,527,238","155,155,155,155,155,155,155,155,155,155",627
3276,109,"209,637,337,234,738,45,276,547,676,242","155,155,155,155,155,155,155,155,155,155",569
2918,109,"134,463,788,831,547,234,460,199,178,926","155,155,155,155,155,155,155,155,155,155",634
50,109,"134,529,547,764,3,79,755,238,45,639","155,155,155,155,155,155,155,155,155,155",304
1378,109,"637,788,867,676,360,527,199,463,938,683","155,155,155,155,155,155,155,155,155,127",588
1389,109,"360,199,547,463,460,314,281,436,926,683","155,155,155,155,155,155,155,156,155,127",618
4400,109,"337,372,461,79,646,517,867,926,111,755","155,155,155,155,155,155,155,155,155,155",654
565,109,"637,938,646,234,361,517,500,736,926,183","155,155,155,155,155,155,155,155,155,155",640
5627,109,"134,867,676,80,938,461,637,278,652,436","155,155,155,155,155,155,155,155,155,156",669
5456,109,"209,938,372,463,676,3,199,809,683,639","155,155,155,155,155,155,155,155,127,155",611
1362,109,"637,867,646,676,3,938,461,436,360,736","155,155,155,155,155,155,155,156,155,155",574
123,109,"134,676,529,646,199,938,80,360,372,738","155,155,155,155,155,155,155,155,155,155",466
3482,109,"134,676,178,736,460,111,199,764,831,314","155,155,155,155,155,155,155,155,155,155",547
1626,109,"637,337,360,788,3,460,809,527,683,661","155,155,155,155,155,155,155,155,127,284",540
6033,109,"209,788,646,529,461,360,337,3,238,436","155,155,155,155,155,155,155,155,155,156",661
5560,109,"134,676,3,111,639,738,683,552,143,281","155,155,155,155,155,155,127,63,155,155",616
4723,109,"637,646,788,736,3,79,311,755,605,361","155,155,155,155,155,155,155,155,155,155",498
1525,109,"637,676,831,436,460,738,281,646,552,372","155,155,155,156,155,155,155,155,63,155",600
3854,109,"209,676,199,461,637,372,639,683,700,157","155,155,155,155,155,155,155,127,219,163",544
184,109,"637,676,337,547,652,646,769,111,926,314","155,155,155,155,155,155,155,155,155,155",645
1025,109,"209,788,764,360,111,3,809,639,683,436","155,155,155,155,155,155,155,155,127,156",535
2100,109,"209,676,637,788,764,178,938,834,491,436","155,155,155,155,155,155,155,36,146,156",371
2034,109,"337,867,831,529,738,278,764,552,583,83","155,155,155,155,155,155,155,63,3,126",485
1554,109,"676,646,199,764,461,372,809,683,157,281","155,155,155,155,155,155,155,127,163,155",612
3938,109,"134,938,646,788,80,698,529,460,588,281","155,155,155,155,155,176,155,155,155,155",688
481,109,"209,646,637,461,360,736,460,639,3,683","155,155,155,155,155,155,155,155,155,127",463
3315,109,"676,938,463,788,831,547,281,314,436,683","155,155,155,155,155,155,155,155,156,127",541
966,109,"134,676,463,80,938,178,547,527,3,738","155,155,155,155,155,155,155,155,155,155",510
4238,109,"209,529,360,143,547,80,639,809,683,337","155,155,155,155,155,155,155,155,127,155",521
3693,109,"463,178,461,646,831,3,547,527,755,683","155,155,155,155,155,155,155,155,155,127",463
1674,109,"676,867,938,360,372,111,831,736,238,683","155,155,155,155,155,155,155,155,155,127",640
4328,109,"637,461,738,79,276,769,736,402,833,678","155,155,155,155,155,155,155,155,155,155",278
4352,109,"337,143,736,764,831,683,795,809,238,491","155,155,155,155,155,127,156,155,155,146",535
5529,109,"209,788,372,529,80,281,738,736,143,311","155,155,155,155,155,155,155,155,155,155",506
2677,109,"134,209,788,111,199,3,809,568,683,706","155,155,155,155,155,155,155,169,127,146",796
3486,109,"134,372,337,755,605,276,599,402,242,833","155,155,155,155,155,155,155,155,155,155",702
796,109,"209,360,461,831,529,517,311,588,111,764","155,155,155,155,155,155,155,155,155,155",635
2917,109,"637,178,337,529,831,80,199,111,3,314","155,155,155,155,155,155,155,155,155,155",519
2572,109,"637,676,463,938,547,529,646,867,736,281","155,155,155,155,155,155,155,155,155,155",275
4,109,"337,372,461,831,738,234,755,361,605,311","155,155,155,155,155,155,155,155,155,155",226
4277,109,"134,360,676,938,736,80,111,831,361,278","155,155,155,155,155,155,155,155,155,155",563
444,109,"134,360,938,831,738,755,588,361,143,238","155,155,155,155,155,155,155,155,155,155",526
6036,109,"209,463,867,79,517,111,769,238,3,809","155,155,155,155,155,155,155,155,155,155",493
2078,109,"209,676,372,79,517,527,3,111,311,867","155,155,155,155,155,155,155,155,155,155",516
2781,109,"134,637,646,79,588,788,80,517,529,143","155,155,155,155,155,155,155,155,155,155",555
1503,109,"360,463,337,234,547,652,646,80,500,588","155,155,155,155,155,155,155,155,155,155",553
2961,109,"637,676,463,372,360,337,529,547,831,45","155,155,155,155,155,155,155,155,155,155",678
2627,109,"637,867,676,337,463,738,698,281,234,771","155,155,155,155,155,155,176,155,155,176",689
1930,109,"676,938,738,646,3,764,143,281,683,650","155,155,155,155,155,155,155,155,127,155",471
2436,109,"134,337,738,79,80,769,831,915,736,278","155,155,155,155,155,155,155,155,156,155,155",300
4492,109,"637,461,111,764,831,45,361,311,278,755","155,155,155,155,155,155,155,155,155,155",531
4858,109,"134,209,637,372,143,764,178,547,3,683","155,155,155,155,155,155,155,155,155,127",594
1041,109,"637,461,360,372,45,605,623,183,678,242","155,155,155,155,155,155,155,155,155,155",669
987,109,"676,938,831,764,463,788,646,738,460,322","155,155,155,155,155,155,155,155,155,175",690
432,109,"209,360,337,463,461,646,926,45,3,178","155,155,155,155,155,155,155,155,155,155",507
6147,109,"134,637,372,463,79,500,788,461,755,3","155,155,155,155,155,155,155,155,155,155",576
870,109,"209,337,738,234,45,599,623,402,754,238","155,155,155,155,155,155,155,155,155,155",427
4088,109,"676,788,143,199,460,639,517,45,650,183","155,155,155,155,155,155,155,155,155,155",479
5126,109,"360,178,199,831,661,3,460,683,795,639","155,155,155,155,284,155,155,127,156,155",498
464,109,"134,209,764,178,436,831,460,700,661,36","155,155,155,155,156,155,155,219,284,44",608
4325,109,"637,178,461,764,736,831,314,281,639,436","155,155,155,155,155,155,155,155,155,156",571
2618,109,"637,676,372,461,111,547,3,460,178,527","155,155,155,155,155,155,155,155,155,155",586
4940,109,"637,461,372,79,111,234,517,736,527,809","155,155,155,155,155,155,155,155,155,155",601
1823,109,"209,676,517,79,588,361,500,650,242,736","155,155,155,155,155,155,155,155,155,155",612
1373,109,"209,360,867,529,831,764,314,738,809,436","155,155,155,155,155,155,155,155,155,156",469
2795,109,"209,637,360,79,676,234,738,500,926,45","155,155,155,155,155,155,155,155,155,155",510
5933,109,"209,529,143,311,45,234,605,755,183,599","155,155,155,155,155,155,155,155,155,155",448
1778,109,"134,360,676,738,646,183,276,623,628,926","155,155,155,155,155,155,155,155,155,155",563
4793,109,"337,788,80,547,3,361,652,45,199,517","155,155,155,155,155,155,155,155,155,155",667
2949,109,"463,461,788,45,79,755,769,311,764,529","155,155,155,155,155,155,155,155,155,155",600
1077,109,"134,372,646,788,738,755,764,178,517,460","155,155,155,155,155,155,155,155,155,155",290
3462,109,"360,463,461,867,831,529,281,547,683,45","155,155,155,155,155,155,155,155,127,155",539
2322,109,"209,637,788,337,143,314,3,360,738,639","155,155,155,155,155,155,155,155,155,155",693
199,109,"938,463,867,915,529,736,314,755,143,809","155,155,155,155,156,155,155,155,155,155,155",604
248,109,"134,463,372,461,529,234,588,764,143,178","155,155,155,155,155,155,155,155,155,155",612
4142,109,"209,938,676,831,867,143,314,736,683,281","155,155,155,155,155,155,155,155,127,155",464
4017,109,"134,637,337,178,461,788,314,80,436,527","155,155,155,155,155,155,155,155,156,155",519
767,109,"134,360,547,867,460,234,314,143,527,755","155,155,155,155,155,155,155,155,155,155",582
4698,109,"134,209,637,738,234,361,337,547,278,402","155,155,155,155,155,155,155,155,155,155",553
35,109,"938,867,80,199,552,278,170,214,83,716","155,155,155,155,63,155,39,127,126,117",620
2148,109,"637,676,463,547,738,361,281,199,683,650","155,155,155,155,155,155,155,155,127,155",520
4875,109,"463,788,831,547,143,314,199,517,809,683","155,155,155,155,155,155,155,155,155,127",423
5579,109,"637,178,80,552,199,529,700,661,335,36","155,155,155,63,155,155,219,284,195,44",585
5580,109,"134,637,738,788,831,234,45,517,605,650","155,155,155,155,155,155,155,155,155,155",608
1109,109,"337,372,463,788,461,646,80,605,529,926","155,155,155,155,155,155,155,155,155,155",555
6018,109,"209,938,461,738,234,361,276,833,650,926","155,155,155,155,155,155,155,155,155,155",312
2923,109,"360,337,372,736,460,143,517,80,178,527","155,155,155,155,155,155,155,155,155,155",669
1172,109,"209,337,646,3,527,460,683,45,234,157","155,155,155,155,155,155,127,155,155,163",506
714,109,"637,788,178,461,143,337,238,938,111,199","155,155,155,155,155,155,155,155,155,155",380
425,109,"134,637,337,361,676,605,547,311,764,460","155,155,155,155,155,155,155,155,155,155",304
5558,109,"209,867,178,788,143,3,831,527,463,547","155,155,155,155,155,155,155,155,155,155",561
3945,109,"209,637,676,646,461,360,547,683,738,238","155,155,155,155,155,155,155,127,155,155",582
730,109,"938,178,337,529,143,738,755,926,639,311","155,155,155,155,155,155,155,155,155,155",572
3475,109,"134,788,529,209,143,637,547,527,238,683","155,155,155,155,155,155,155,155,155,127",547
2062,109,"134,867,831,3,646,111,809,738,281,372","155,155,155,155,155,155,155,155,155,155",380
3456,109,"646,831,143,79,361,500,183,639,599,736","155,155,155,155,155,155,155,155,155,155",545
2726,109,"938,372,461,79,588,788,547,80,183,311","155,155,155,155,155,155,155,155,155,155",546
3852,109,"938,463,461,646,738,178,527,460,281,764","155,155,155,155,155,155,155,155,155,155",531
