user_id,seed,sampled_q_ids,sampled_subject_ids,student_total_questions
3507,100,"683,923,184,342,677,485,193,130,368,517","127,195,36,163,156,189,21,63,3,155",531
5784,100,"683,452,184,539,867,406,314,405,59,199","127,146,36,148,155,127,155,154,164,155",490
5424,100,"683,923,811,907,184,731,383,37,209,629","127,195,3,219,36,219,189,151,155,148",535
5481,100,"683,923,705,781,130,193,368,789,178,438","127,195,44,39,63,21,3,156,155,3",553
4511,100,"683,452,811,383,867,884,441,363,349,406","127,146,3,189,155,44,117,128,127,127",612
5430,100,"683,923,203,677,379,193,547,368,517,497","127,195,125,156,39,21,155,3,155,128",546
2873,100,"452,638,923,184,677,547,438,417,130,513","146,154,195,36,156,155,3,165,63,148",477
1235,100,"452,923,312,533,383,363,199,3,190,811","146,195,148,39,189,128,155,155,163,164,3",494
4355,100,"683,923,705,781,789,379,130,193,547,640","127,195,44,39,156,39,63,21,155,148",586
3184,100,"683,923,811,907,248,111,457,406,410,184","127,195,3,219,148,155,156,127,148,36",535
2179,100,"452,638,923,184,677,547,342,438,417,332","146,154,195,36,156,155,163,3,165,154",352
3210,100,"683,923,184,193,368,547,130,246,640,769","127,195,36,21,3,155,63,54,148,155",544
4486,100,"683,923,184,193,368,677,485,290,160,130","127,195,36,21,3,156,189,3,39,63",519
633,100,"683,452,184,539,867,383,629,461,190,3","127,146,36,148,155,189,148,155,163,164,155",508
1430,100,"683,923,203,130,658,342,497,640,379,789","127,195,125,63,195,163,128,148,39,156",412
1133,100,"452,638,923,383,614,3,199,312,742,59","146,154,195,189,3,155,155,148,164,164",361
5148,100,"683,452,811,383,539,405,199,710,312,867","127,146,3,189,148,154,155,127,148,155",556
64,100,"683,923,184,485,37,553,638,438,290,137","127,195,36,189,151,117,154,3,3,39",494
5501,100,"683,923,184,193,368,547,438,638,517,497","127,195,36,21,3,155,3,154,155,128",463
1584,100,"452,923,312,59,383,614,539,202,154,527","146,195,148,164,189,3,148,153,164,155",413
3104,100,"533,699,789,638,539,340,938,689,527,457","39,170,156,154,148,181,155,128,155,156",363
729,100,"452,923,312,533,383,199,3,614,527,539","146,195,148,39,189,155,155,3,155,148",346
4554,100,"683,923,705,781,789,379,354,769,638,640","127,195,44,39,156,39,202,155,154,148",569
2626,100,"683,923,203,677,193,638,379,368,130,866","127,195,125,156,21,154,39,3,63,284",628
2261,100,"683,452,811,539,570,163,867,312,772,248","127,146,3,148,117,163,155,148,126,148",641
5528,100,"683,923,705,781,789,379,354,769,640,212","127,195,44,39,156,39,202,155,148,148",553
5711,100,"683,923,705,781,789,379,130,677,547,368","127,195,44,39,156,39,63,156,155,3",553
2466,100,"452,638,438,332,379,474,212,640,193,547","146,154,3,154,39,3,148,148,21,155",375
145,100,"683,923,417,193,368,438,184,547,105,517","127,195,165,21,3,3,36,155,284,155",500
5860,100,"452,923,312,59,539,154,202,405,111,199","146,195,148,164,148,164,153,154,155,155",354
5493,100,"683,923,417,193,485,638,130,246,379,769","127,195,165,21,189,154,63,54,39,155",544
3202,100,"683,383,539,312,405,59,199,24,248,731","127,189,148,148,154,164,155,156,148,219",669
541,100,"683,452,184,363,551,738,421,89,547,130","127,146,36,128,195,155,195,42,155,63",528
2883,100,"452,923,312,533,3,383,238,834,184,629","146,195,148,39,155,189,155,36,36,148",389
1595,100,"452,705,379,781,923,368,547,513,517,789","146,44,39,39,195,3,155,148,155,156",500
4837,100,"683,452,184,539,383,710,405,867,363,312","127,146,36,148,189,127,154,155,128,148",464
5610,100,"683,452,884,363,547,349,406,354,184,866","127,146,44,128,155,127,127,202,36,284",653
66,100,"683,452,884,614,866,790,539,383,710,867","127,146,44,3,284,148,148,189,127,155",653
5436,100,"683,452,184,539,867,190,406,405,238,80","127,146,36,148,155,163,164,127,154,155,155",547
2737,100,"683,452,184,539,867,406,314,405,3,238","127,146,36,148,155,127,155,154,155,155",535
573,100,"452,638,438,332,379,160,517,105,677,658","146,154,3,154,39,39,155,284,156,195",547
1670,100,"683,923,203,247,638,184,866,677,417,485","127,195,125,63,154,36,284,156,165,189",644
5744,100,"683,923,705,781,789,379,417,547,130,474","127,195,44,39,156,39,165,155,63,3",586
1223,100,"452,638,417,332,789,738,342,368,547,212","146,154,165,154,156,155,163,3,155,148",400
376,100,"683,452,811,539,731,867,405,248,406,202","127,146,3,148,219,155,154,148,127,153",412
2837,100,"683,923,417,193,368,547,474,130,638,640","127,195,165,21,3,155,3,63,154,148",538
2931,100,"683,184,731,3,539,689,312,485,111,410","127,36,219,155,148,128,148,189,155,148",461
1374,100,"683,923,705,781,130,789,379,677,368,547","127,195,44,39,63,156,39,156,3,155",553
2938,100,"683,923,811,731,248,383,312,539,420,111","127,195,3,219,148,189,148,148,153,155",535
1563,100,"683,923,417,193,368,547,474,130,246,769","127,195,165,21,3,155,3,63,54,155",519
3981,100,"683,452,184,539,154,629,867,383,312,710","127,146,36,148,164,148,155,189,148,127",520
1993,100,"683,452,811,383,539,405,363,786,867,312","127,146,3,189,148,154,128,154,155,148",540
4228,100,"683,923,184,193,368,547,677,738,474,212","127,195,36,21,3,155,156,155,3,148",549
934,100,"683,923,203,705,37,674,497,383,105,811","127,195,125,44,151,146,128,189,284,3",577
449,100,"683,923,417,184,485,553,37,134,811,383","127,195,165,36,189,117,151,155,3,189",541
944,100,"452,638,438,332,379,474,789,640,212,769","146,154,3,154,39,3,156,148,148,155",447
3243,100,"683,923,705,781,789,379,354,769,640,212","127,195,44,39,156,39,202,155,148,148",553
889,100,"683,923,811,907,248,731,383,290,184,379","127,195,3,219,148,219,189,3,36,39",519
3540,100,"683,923,203,184,342,105,368,290,638,37","127,195,125,36,163,284,3,3,154,151",553
2861,100,"683,923,184,342,497,547,379,640,212,769","127,195,36,163,128,155,39,148,148,155",412
4748,100,"452,638,417,332,130,474,379,789,212,246","146,154,165,154,63,3,39,156,148,54",521
3532,100,"683,923,417,193,368,547,474,105,517,130","127,195,165,21,3,155,3,284,155,63",528
1764,100,"683,923,417,193,368,547,474,130,638,485","127,195,165,21,3,155,3,63,154,189",541
1614,100,"683,923,203,677,379,789,738,638,640,547","127,195,125,156,39,156,155,154,148,155",571
5452,100,"683,923,811,383,485,3,638,941,772,731","127,195,3,189,189,155,154,154,126,219",519
5139,100,"683,923,417,193,368,547,474,517,342,497","127,195,165,21,3,155,3,155,163,128",472
2840,100,"452,638,438,332,379,474,677,193,658,640","146,154,3,154,39,3,156,21,195,148",355
2905,100,"683,923,811,731,248,539,772,111,410,383","127,195,3,219,148,148,126,155,148,189",628
1538,100,"683,923,184,342,497,547,379,137,438,677","127,195,36,163,128,155,39,39,3,156",494
681,100,"683,923,811,907,184,368,406,290,638,438","127,195,3,219,36,3,127,3,154,3",514
2101,100,"683,452,811,539,731,238,714,363,184,406","127,146,3,148,219,155,163,128,36,127",574
5250,100,"452,923,312,539,811,202,405,111,199,248","146,195,148,148,3,153,154,155,155,148",338
2710,100,"683,452,811,383,867,3,238,363,405,938","127,146,3,189,155,155,155,128,154,155",520
3446,100,"683,923,184,193,368,547,438,105,485,781","127,195,36,21,3,155,3,284,189,39",519
1057,100,"683,452,184,539,867,383,710,614,646,461","127,146,36,148,155,189,127,3,155,155",543
671,100,"683,452,811,383,867,3,238,363,354,349","127,146,3,189,155,155,155,128,202,127",460
185,100,"683,383,539,312,405,59,199,867,406,80","127,189,148,148,154,164,155,155,127,155",720
622,100,"683,452,811,539,731,867,405,363,421,312","127,146,3,148,219,155,154,128,195,148",535
2367,100,"452,923,312,539,811,363,383,3,199,867","146,195,148,148,3,128,189,155,155,155",398
717,100,"683,699,130,246,417,354,769,379,640,268","127,170,63,54,165,202,155,39,148,61",461
5110,100,"452,923,312,533,383,461,3,379,677,811","146,195,148,39,189,155,155,39,156,3",349
2548,100,"452,638,417,332,789,547,368,212,474,193","146,154,165,154,156,155,3,148,3,21",228
5210,100,"683,923,184,193,368,547,130,246,738,789","127,195,36,21,3,155,63,54,155,156",523
2654,100,"683,452,811,539,570,867,3,383,312,199","127,146,3,148,117,155,155,189,148,155",541
5074,100,"683,923,705,781,789,379,354,769,640,212","127,195,44,39,156,39,202,155,148,148",553
4457,100,"683,923,811,731,248,539,111,420,154,742","127,195,3,219,148,148,155,153,164,164",690
1462,100,"683,923,184,193,368,638,438,517,677,547","127,195,36,21,3,154,3,155,156,155",554
1213,100,"683,923,705,781,789,379,417,547,130,368","127,195,44,39,156,39,165,155,63,3",644
1760,100,"683,923,203,184,383,811,485,37,193,379","127,195,125,36,189,3,189,151,21,39",600
1298,100,"452,923,312,533,184,539,811,383,629,461","146,195,148,39,36,148,3,189,148,155",430
2094,100,"683,923,203,184,383,811,37,539,731,907","127,195,125,36,189,3,151,148,219,219",537
3549,100,"683,811,539,731,884,441,363,923,170,406","127,3,148,219,44,117,128,195,39,127",633
5694,100,"683,923,811,731,383,497,184,3,629,111","127,195,3,219,189,128,36,155,148,155",606
112,100,"683,699,126,209,705,923,638,203,247,782","127,170,165,155,44,195,154,125,63,117",749
3791,100,"683,452,866,710,561,614,539,383,184,551","127,146,284,127,63,3,148,189,36,195",639
1269,100,"452,638,438,332,547,789,640,130,658,212","146,154,3,154,155,156,148,63,195,148",476
4216,100,"683,923,705,781,789,379,417,547,130,769","127,195,44,39,156,39,165,155,63,155",553
1837,100,"683,923,417,184,485,383,811,3,638,438","127,195,165,36,189,189,3,155,154,3",499
2380,100,"683,452,811,539,731,867,363,312,383,405","127,146,3,148,219,155,128,148,189,154",535
2786,100,"683,923,203,247,658,130,379,789,354,246","127,195,125,63,195,63,39,156,202,54",691
3513,100,"452,638,438,332,379,160,677,547,203,37","146,154,3,154,39,39,156,155,125,151",523
111,100,"683,923,203,247,658,130,379,342,497,547","127,195,125,63,195,63,39,163,128,155",598
4671,100,"683,923,705,781,789,379,354,769,640,638","127,195,44,39,156,39,202,155,148,154",553
1507,100,"683,452,184,539,383,710,405,867,312,421","127,146,36,148,189,127,154,155,148,195",634
3266,100,"683,452,811,539,731,238,406,867,405,363","127,146,3,148,219,155,127,155,154,128",579
3187,100,"452,137,677,160,368,923,417,184,517,513","146,39,156,39,3,195,165,36,155,148",374
5211,100,"683,923,184,485,710,539,811,383,941,638","127,195,36,189,127,148,3,189,154,154",541
2831,100,"452,638,923,383,3,770,290,772,811,614","146,154,195,189,155,129,3,126,3,3",513
2347,100,"683,923,705,553,184,638,342,438,517,193","127,195,44,117,36,154,163,3,155,21",555
5507,100,"683,923,184,342,497,130,246,738,438,368","127,195,36,163,128,63,54,155,3,3",519
5544,100,"683,923,203,184,705,37,710,160,209,866","127,195,125,36,44,151,127,39,155,284",720
2914,100,"683,452,811,539,570,383,405,199,867,406","127,146,3,148,117,189,154,155,155,127",559
5496,100,"683,452,811,539,731,867,405,248,406,312","127,146,3,148,219,155,154,148,127,148",530
1138,100,"683,452,811,539,731,238,406,383,312,533","127,146,3,148,219,155,127,189,148,39",535
4419,100,"683,923,203,247,638,674,517,705,789,379","127,195,125,63,154,146,155,44,156,39",627
3276,100,"683,923,184,342,497,130,246,738,438,368","127,195,36,163,128,63,54,155,3,3",569
1047,100,"683,401,699,438,923,203,126,178,184,731","127,174,170,3,195,125,165,155,36,219",782
2918,100,"683,923,203,184,383,811,37,485,705,789","127,195,125,36,189,3,151,189,44,156",634
1378,100,"683,452,811,539,405,363,312,421,786,867","127,146,3,148,154,128,148,195,154,155",588
1389,100,"683,452,811,383,867,405,539,406,314,3","127,146,3,189,155,154,148,127,155,155",618
4400,100,"683,923,203,247,638,674,517,705,789,342","127,195,125,63,154,146,155,44,156,163",654
565,100,"683,923,705,553,184,638,290,37,193,130","127,195,44,117,36,154,3,151,21,63",640
5627,100,"683,452,811,539,405,363,786,199,884,312","127,146,3,148,154,128,154,155,44,148",669
5456,100,"683,452,811,383,539,405,884,867,786,199","127,146,3,189,148,154,44,155,154,155",611
123,100,"683,184,811,383,485,3,731,638,629,497","127,36,3,189,189,155,219,154,148,128",466
3482,100,"683,452,184,363,551,738,421,89,786,349","127,146,36,128,195,155,195,42,154,127",547
6033,100,"683,452,884,441,406,923,363,398,80,349","127,146,44,117,127,195,128,270,155,127",661
5560,100,"683,452,811,539,405,202,312,731,199,248","127,146,3,148,154,153,148,219,155,148",616
4723,100,"683,452,184,539,867,406,314,405,3,238","127,146,36,148,155,127,155,154,155,155",498
1525,100,"683,452,184,539,383,710,405,199,636,867","127,146,36,148,189,127,154,155,56,155",600
3854,100,"683,923,811,383,614,731,37,710,452,772","127,195,3,189,3,219,151,127,146,126",544
184,100,"683,923,203,184,705,37,710,160,290,438","127,195,125,36,44,151,127,39,3,3",645
1025,100,"683,923,811,907,184,731,248,312,539,383","127,195,3,219,36,219,148,148,148,189",535
4422,100,"683,923,184,342,497,547,379,640,638,738","127,195,36,163,128,155,39,148,154,155",374
2100,100,"452,383,312,533,811,539,614,3,867,199","146,189,148,39,3,148,3,155,155,155",371
2034,100,"452,923,312,533,184,539,811,190,410,383","146,195,148,39,36,148,3,163,164,148,189",485
1554,100,"683,923,203,184,342,638,438,247,658,246","127,195,125,36,163,154,3,63,195,54",612
3938,100,"683,401,130,438,781,342,354,497,547,184","127,174,63,3,39,163,202,128,155,36",688
3315,100,"683,923,811,383,485,638,379,193,497,37","127,195,3,189,189,154,39,21,128,151",541
966,100,"683,452,184,539,867,383,629,461,770,497","127,146,36,148,155,189,148,155,129,128",510
4238,100,"683,452,811,383,539,405,363,786,731,710","127,146,3,189,148,154,128,154,219,127",521
3693,100,"683,452,811,383,539,405,710,731,867,199","127,146,3,189,148,154,127,219,155,155",463
1674,100,"683,452,884,441,349,638,866,561,184,461","127,146,44,117,127,154,284,63,36,155",640
4816,100,"683,923,203,247,658,246,379,497,438,781","127,195,125,63,195,54,39,128,3,39",550
4352,100,"683,452,811,383,867,405,539,406,314,199","127,146,3,189,155,154,148,127,155,155",535
2677,100,"683,401,14,782,772,37,497,383,710,614","127,174,137,117,126,151,128,189,127,3",796
3486,100,"683,923,705,781,789,379,354,417,638,130","127,195,44,39,156,39,202,165,154,63",702
796,100,"683,923,203,247,658,130,379,677,246,354","127,195,125,63,195,63,39,156,54,202",635
5561,100,"683,923,203,247,658,130,379,342,368,677","127,195,125,63,195,63,39,163,3,156",509
2917,100,"683,923,184,485,37,368,105,130,438,134","127,195,36,189,151,3,284,63,3,155",519
4277,100,"683,923,705,781,789,130,379,342,354,438","127,195,44,39,156,63,39,163,202,3",563
444,100,"683,923,184,193,368,638,130,517,677,438","127,195,36,21,3,154,63,155,156,3",526
2078,100,"683,923,184,342,677,368,193,438,638,517","127,195,36,163,156,3,21,3,154,155",516
2781,100,"683,452,811,539,405,363,786,349,551,738","127,146,3,148,154,128,154,127,195,155",555
1503,100,"683,923,705,37,342,497,130,379,638,193","127,195,44,151,163,128,63,39,154,21",553
2961,100,"683,923,203,247,658,677,354,640,246,379","127,195,125,63,195,156,202,148,54,39",678
2627,100,"452,923,312,533,184,160,137,789,379,354","146,195,148,39,36,39,39,156,39,202",689
4492,100,"683,923,811,383,485,203,379,497,677,368","127,195,3,189,189,125,39,128,156,3",531
4858,100,"683,923,184,485,37,553,638,539,134,137","127,195,36,189,151,117,154,148,155,39",594
1041,100,"683,923,203,247,658,130,379,789,354,246","127,195,125,63,195,63,39,156,202,54",669
987,100,"683,452,811,539,570,163,406,321,861,867","127,146,3,148,117,163,127,127,135,155",690
432,100,"683,452,184,363,658,923,160,547,40,497","127,146,36,128,195,195,39,155,3,128",507
970,100,"683,923,184,342,677,485,193,368,513,638","127,195,36,163,156,189,21,3,148,154",394
6147,100,"683,923,203,247,658,130,379,789,246,769","127,195,125,63,195,63,39,156,54,155",576
1709,100,"683,923,383,485,203,638,379,368,658,247","127,195,189,189,125,154,39,3,195,63",682
4088,100,"452,923,772,3,539,154,363,312,199,405","146,195,126,155,148,164,128,148,155,154",479
5126,100,"683,452,811,539,405,202,312,199,731,248","127,146,3,148,154,153,148,155,219,148",498
464,100,"683,923,203,184,705,37,710,160,290,638","127,195,125,36,44,151,127,39,3,154",608
4325,100,"683,923,811,907,248,731,383,111,539,3","127,195,3,219,148,219,189,155,148,155",571
2211,100,"683,699,184,209,638,517,247,782,674,47","127,170,36,155,154,155,63,117,146,127",717
2618,100,"683,923,811,907,248,731,383,452,184,710","127,195,3,219,148,219,189,146,36,127",586
4940,100,"683,923,203,184,705,37,193,674,438,638","127,195,125,36,44,151,21,146,3,154",601
1823,100,"683,923,203,247,638,674,517,184,705,789","127,195,125,63,154,146,155,36,44,156",612
2795,100,"683,923,417,193,368,547,474,638,332,212","127,195,165,21,3,155,3,154,154,148",510
2949,100,"683,923,203,247,638,184,677,438,485,368","127,195,125,63,154,36,156,3,189,3",600
4827,100,"683,923,184,193,368,547,677,738,474,212","127,195,36,21,3,155,156,155,3,148",412
1788,100,"699,190,629,803,689,438,539,485,819,909","170,163,164,148,148,128,3,148,189,3,169",187
3462,100,"683,923,705,553,37,638,517,674,105,497","127,195,44,117,151,154,155,146,284,128",539
2322,100,"683,923,811,731,383,497,184,37,553,406","127,195,3,219,189,128,36,151,117,127",693
248,100,"683,452,184,363,438,547,354,160,738,497","127,146,36,128,3,155,202,39,155,128",612
4017,100,"683,452,184,363,551,786,539,312,154,59","127,146,36,128,195,154,148,148,164,164",519
767,100,"683,923,184,342,497,130,368,547,438,137","127,195,36,163,128,63,3,155,3,39",582
4698,100,"683,923,705,37,638,184,193,130,438,368","127,195,44,151,154,36,21,63,3,3",553
35,100,"683,452,811,539,570,163,406,321,405,238","127,146,3,148,117,163,127,127,154,155",620
2148,100,"683,923,184,342,677,368,193,438,638,547","127,195,36,163,156,3,21,3,154,155",520
5579,100,"683,452,811,383,867,405,539,406,314,3","127,146,3,189,155,154,148,127,155,155",585
5580,100,"683,923,203,184,638,485,710,677,160,178","127,195,125,36,154,189,127,156,39,155",608
1109,100,"683,923,811,383,485,3,638,379,290,193","127,195,3,189,189,155,154,39,3,21",555
2923,100,"683,923,811,907,705,37,383,111,209,731","127,195,3,219,44,151,189,155,155,219",669
1172,100,"683,923,184,193,368,547,677,738,474,246","127,195,36,21,3,155,156,155,3,54",506
714,100,"452,923,312,533,3,383,714,638,379,465","146,195,148,39,155,189,163,154,39,114",380
5558,100,"683,452,184,539,154,312,405,199,867,314","127,146,36,148,164,148,154,155,155,155",561
3945,100,"683,452,811,383,867,3,238,184,190,199","127,146,3,189,155,155,155,36,163,164,155",582
730,100,"683,923,705,781,789,130,438,379,638,193","127,195,44,39,156,63,3,39,154,21",572
3475,100,"683,452,811,383,539,405,363,786,710,238","127,146,3,189,148,154,128,154,127,155",547
932,100,"683,923,184,193,368,547,438,160,497,130","127,195,36,21,3,155,3,39,128,63",568
2062,100,"452,923,312,533,383,199,3,614,527,811","146,195,148,39,189,155,155,3,155,3",380
3456,100,"683,923,184,193,368,547,130,677,438,497","127,195,36,21,3,155,63,156,3,128",545
1046,100,"683,923,184,193,368,638,379,474,738,640","127,195,36,21,3,154,39,3,155,148",401
2726,100,"683,923,203,677,379,789,738,342,438,638","127,195,125,156,39,156,155,163,3,154",546
3852,100,"452,638,438,332,342,247,658,640,547,203","146,154,3,154,163,63,195,148,155,125",531
5016,100,"452,383,199,238,811,363,834,789,907,787","146,189,155,155,3,128,36,156,219,148",264
3507,101,"683,923,184,193,368,547,438,638,517,130","127,195,36,21,3,155,3,154,155,63",531
5784,101,"683,452,184,539,867,190,406,405,314,710","127,146,36,148,155,163,164,127,154,155,127",490
5424,101,"683,923,811,907,184,731,383,37,209,629","127,195,3,219,36,219,189,151,155,148",535
5481,101,"683,923,705,781,130,193,368,789,178,438","127,195,44,39,63,21,3,156,155,3",553
4511,101,"683,452,811,383,867,884,441,363,349,406","127,146,3,189,155,44,117,128,127,127",612
5430,101,"683,923,203,677,379,193,547,368,517,497","127,195,125,156,39,21,155,3,155,128",546
2873,101,"452,638,923,184,677,547,438,332,738,368","146,154,195,36,156,155,3,154,155,3",477
1235,101,"452,923,312,533,383,363,199,3,714,811","146,195,148,39,189,128,155,155,163,3",494
4355,101,"683,923,705,781,789,379,417,193,368,547","127,195,44,39,156,39,165,21,3,155",586
3184,101,"683,923,811,907,248,111,457,406,410,184","127,195,3,219,148,155,156,127,148,36",535
2179,101,"452,638,923,184,677,547,438,417,212,332","146,154,195,36,156,155,3,165,148,154",352
3210,101,"683,923,184,342,497,130,246,640,769,379","127,195,36,163,128,63,54,148,155,39",544
4486,101,"683,923,417,184,193,485,368,290,677,160","127,195,165,36,21,189,3,3,156,39",519
633,101,"683,452,184,539,867,383,629,461,770,497","127,146,36,148,155,189,148,155,129,128",508
1430,101,"683,923,203,130,658,438,640,513,379,789","127,195,125,63,195,3,148,148,39,156",412
1133,101,"452,638,923,383,614,3,199,312,111,527","146,154,195,189,3,155,155,148,155,155",361
5148,101,"683,452,811,383,539,405,59,312,199,731","127,146,3,189,148,154,164,148,155,219",556
64,101,"683,923,184,485,37,553,638,438,290,137","127,195,36,189,151,117,154,3,3,39",494
5501,101,"683,923,417,193,368,547,474,517,137,379","127,195,165,21,3,155,3,155,39,39",463
1584,101,"452,923,312,59,383,614,539,202,527,80","146,195,148,164,189,3,148,153,155,155",413
3104,101,"533,699,789,342,312,485,3,941,457,638","39,170,156,163,148,189,155,154,156,154",363
729,101,"452,923,312,533,383,199,3,614,527,539","146,195,148,39,189,155,155,3,155,148",346
4554,101,"683,923,705,781,789,379,354,769,417,212","127,195,44,39,156,39,202,155,165,148",569
2626,101,"683,923,203,677,193,638,379,368,130,866","127,195,125,156,21,154,39,3,63,284",628
2261,101,"683,452,811,539,570,867,312,238,406,405","127,146,3,148,117,155,148,155,127,154",641
5528,101,"683,923,705,781,789,379,354,769,640,212","127,195,44,39,156,39,202,155,148,148",553
5711,101,"683,923,705,781,789,379,417,547,130,368","127,195,44,39,156,39,165,155,63,3",553
2466,101,"452,638,438,332,342,547,640,658,379,212","146,154,3,154,163,155,148,195,39,148",375
145,101,"683,923,184,342,497,547,638,485,438,243","127,195,36,163,128,155,154,189,3,129",500
5860,101,"452,923,312,59,539,111,811,3,199,80","146,195,148,164,148,155,3,155,155,155",354
5493,101,"683,923,184,193,368,638,438,517,677,513","127,195,36,21,3,154,3,155,156,148",544
3202,101,"683,383,539,312,405,59,163,248,867,199","127,189,148,148,154,164,163,148,155,155",669
541,101,"683,452,184,363,551,738,421,89,547,130","127,146,36,128,195,155,195,42,155,63",528
2883,101,"452,923,312,533,3,383,238,834,184,629","146,195,148,39,155,189,155,36,36,148",389
1595,101,"452,705,379,781,923,368,547,513,517,789","146,44,39,39,195,3,155,148,155,156",500
4837,101,"683,452,184,539,383,710,405,867,363,312","127,146,36,148,189,127,154,155,128,148",464
5610,101,"683,452,884,363,547,349,406,354,184,866","127,146,44,128,155,127,127,202,36,284",653
66,101,"683,452,884,614,866,790,539,383,710,867","127,146,44,3,284,148,148,189,127,155",653
5436,101,"683,452,184,539,867,406,314,80,199,629","127,146,36,148,155,127,155,155,155,148",547
2737,101,"683,452,184,539,867,190,406,405,238,80","127,146,36,148,155,163,164,127,154,155,155",535
573,101,"452,638,417,184,383,629,461,811,485,790","146,154,165,36,189,148,155,3,189,148",547
1670,101,"683,923,203,247,638,184,866,677,417,485","127,195,125,63,154,36,284,156,165,189",644
5744,101,"683,923,705,781,789,379,417,547,130,474","127,195,44,39,156,39,165,155,63,3",586
1223,101,"452,638,438,332,547,789,738,658,184,212","146,154,3,154,155,156,155,195,36,148",400
376,101,"683,452,811,539,731,867,405,248,406,202","127,146,3,148,219,155,154,148,127,153",412
2837,101,"683,923,184,193,368,547,130,677,438,137","127,195,36,21,3,155,63,156,3,39",538
2931,101,"683,184,731,3,539,689,312,485,111,410","127,36,219,155,148,128,148,189,155,148",461
1374,101,"683,923,705,781,130,789,379,677,368,547","127,195,44,39,63,156,39,156,3,155",553
2938,101,"683,923,811,731,248,383,312,539,420,111","127,195,3,219,148,189,148,148,153,155",535
1563,101,"683,923,184,193,368,547,130,246,640,769","127,195,36,21,3,155,63,54,148,155",519
3981,101,"683,452,184,539,154,629,867,383,312,710","127,146,36,148,164,148,155,189,148,127",520
1993,101,"683,452,811,383,539,405,363,786,867,312","127,146,3,189,148,154,128,154,155,148",540
4228,101,"683,923,184,193,368,547,677,738,474,212","127,195,36,21,3,155,156,155,3,148",549
934,101,"683,923,203,705,37,674,497,383,105,811","127,195,125,44,151,146,128,189,284,3",577
449,101,"683,923,184,485,37,553,134,811,383,497","127,195,36,189,151,117,155,3,189,128",541
944,101,"452,638,417,332,474,789,379,212,640,769","146,154,165,154,3,156,39,148,148,155",447
3243,101,"683,923,705,781,789,379,354,769,640,212","127,195,44,39,156,39,202,155,148,148",553
889,101,"683,923,811,907,248,731,383,190,184,819","127,195,3,219,148,219,189,163,164,36,3",519
3540,101,"683,923,203,184,638,485,133,539,710,731","127,195,125,36,154,189,163,148,127,219",553
2861,101,"683,923,184,193,368,547,677,738,474,212","127,195,36,21,3,155,156,155,3,148",412
4748,101,"452,638,438,332,379,474,789,640,212,130","146,154,3,154,39,3,156,148,148,63",521
3532,101,"683,923,417,193,368,547,474,105,517,130","127,195,165,21,3,155,3,284,155,63",528
1764,101,"683,923,184,193,368,547,438,105,485,781","127,195,36,21,3,155,3,284,189,39",541
1614,101,"683,923,203,677,379,789,738,638,640,547","127,195,125,156,39,156,155,154,148,155",571
5452,101,"683,923,811,383,485,3,638,941,772,731","127,195,3,189,189,155,154,154,126,219",519
5139,101,"683,923,184,193,368,547,677,517,638,379","127,195,36,21,3,155,156,155,154,39",472
2840,101,"452,638,438,332,379,474,677,193,658,640","146,154,3,154,39,3,156,21,195,148",355
2905,101,"683,923,811,731,248,539,772,111,410,383","127,195,3,219,148,148,126,155,148,189",628
1538,101,"683,923,417,193,485,638,368,438,246,677","127,195,165,21,189,154,3,3,54,156",494
681,101,"683,923,811,907,184,368,406,290,638,438","127,195,3,219,36,3,127,3,154,3",514
2101,101,"683,452,811,539,731,238,786,383,406,923","127,146,3,148,219,155,154,189,127,195",574
5250,101,"452,923,312,539,811,202,405,111,199,248","146,195,148,148,3,153,154,155,155,148",338
2710,101,"683,452,811,383,867,3,238,363,405,938","127,146,3,189,155,155,155,128,154,155",520
3446,101,"683,923,184,193,368,547,438,105,485,781","127,195,36,21,3,155,3,284,189,39",519
1057,101,"683,452,184,539,867,383,710,614,646,753","127,146,36,148,155,189,127,3,155,164",543
671,101,"683,452,811,383,867,3,238,714,349,354","127,146,3,189,155,155,155,163,127,202",460
185,101,"683,383,539,312,405,199,636,710,867,742","127,189,148,148,154,155,56,127,155,164",720
622,101,"683,452,811,539,731,867,742,405,363,238","127,146,3,148,219,155,164,154,128,155",535
2367,101,"452,923,312,59,539,363,24,787,405,202","146,195,148,164,148,128,156,148,154,153",398
717,101,"683,699,130,246,417,354,769,379,640,268","127,170,63,54,165,202,155,39,148,61",461
5110,101,"452,923,312,533,383,461,3,379,677,811","146,195,148,39,189,155,155,39,156,3",349
2548,101,"452,638,547,368,332,789,193,37,212,474","146,154,155,3,154,156,21,151,148,3",228
5210,101,"683,923,184,193,368,547,130,246,738,789","127,195,36,21,3,155,63,54,155,156",523
2654,101,"683,452,811,539,570,867,3,383,312,199","127,146,3,148,117,155,155,189,148,155",541
5074,101,"683,923,705,781,789,379,354,769,640,212","127,195,44,39,156,39,202,155,148,148",553
4457,101,"683,923,811,731,248,539,111,420,154,202","127,195,3,219,148,148,155,153,164,153",690
1462,101,"683,923,417,193,485,638,130,438,677,137","127,195,165,21,189,154,63,3,156,39",554
1213,101,"683,923,705,781,789,379,417,547,130,368","127,195,44,39,156,39,165,155,63,3",644
1760,101,"683,923,203,184,383,811,485,37,193,379","127,195,125,36,189,3,189,151,21,39",600
1298,101,"452,923,312,533,184,539,811,383,629,461","146,195,148,39,36,148,3,189,148,155",430
2094,101,"683,923,203,184,383,811,37,539,731,907","127,195,125,36,189,3,151,148,219,219",537
3549,101,"683,811,539,731,884,441,363,923,170,406","127,3,148,219,44,117,128,195,39,127",633
5694,101,"683,923,811,731,383,497,184,3,629,111","127,195,3,219,189,128,36,155,148,155",606
112,101,"683,699,126,209,705,923,638,203,247,782","127,170,165,155,44,195,154,125,63,117",749
3791,101,"683,452,866,710,561,614,539,383,184,551","127,146,284,127,63,3,148,189,36,195",639
1269,101,"452,638,438,332,547,789,640,130,658,212","146,154,3,154,155,156,148,63,195,148",476
4216,101,"683,923,705,781,789,379,417,547,130,769","127,195,44,39,156,39,165,155,63,155",553
1837,101,"683,923,184,485,710,383,638,517,497,193","127,195,36,189,127,189,154,155,128,21",499
2380,101,"683,452,811,539,731,867,363,312,383,405","127,146,3,148,219,155,128,148,189,154",535
2786,101,"683,923,203,247,658,130,379,789,354,246","127,195,125,63,195,63,39,156,202,54",691
3513,101,"452,638,438,332,379,160,677,547,203,37","146,154,3,154,39,39,156,155,125,151",523
111,101,"683,923,203,247,658,130,379,342,497,547","127,195,125,63,195,63,39,163,128,155",598
4671,101,"683,923,705,781,789,379,354,769,640,417","127,195,44,39,156,39,202,155,148,165",553
1507,101,"683,452,184,539,154,629,867,383,312,710","127,146,36,148,164,148,155,189,148,127",634
3266,101,"683,452,811,539,731,238,406,867,405,363","127,146,3,148,219,155,127,155,154,128",579
3187,101,"452,137,677,160,368,923,417,184,517,513","146,39,156,39,3,195,165,36,155,148",374
5211,101,"683,923,417,184,485,383,731,638,629,497","127,195,165,36,189,189,219,154,148,128",541
2831,101,"452,638,923,383,3,770,290,772,811,614","146,154,195,189,155,129,3,126,3,3",513
2347,101,"683,923,705,553,184,638,438,290,417,193","127,195,44,117,36,154,3,3,165,21",555
5507,101,"683,923,184,342,497,130,246,738,438,368","127,195,36,163,128,63,54,155,3,3",519
5544,101,"683,923,203,184,705,37,710,160,209,866","127,195,125,36,44,151,127,39,155,284",720
2914,101,"683,452,811,539,570,383,405,199,867,406","127,146,3,148,117,189,154,155,155,127",559
5496,101,"683,452,811,539,731,867,405,248,406,312","127,146,3,148,219,155,154,148,127,148",530
1138,101,"683,452,811,539,731,238,406,383,312,533","127,146,3,148,219,155,127,189,148,39",535
4419,101,"683,923,203,247,638,674,517,705,789,379","127,195,125,63,154,146,155,44,156,39",627
3276,101,"683,923,184,193,368,547,438,105,517,497","127,195,36,21,3,155,3,284,155,128",569
1047,101,"683,401,699,438,923,203,126,133,731,209","127,174,170,3,195,125,165,163,219,155",782
2918,101,"683,923,203,184,383,811,37,485,705,789","127,195,125,36,189,3,151,189,44,156",634
1378,101,"683,452,811,539,405,363,312,421,786,867","127,146,3,148,154,128,148,195,154,155",588
1389,101,"683,452,811,383,867,405,539,406,314,3","127,146,3,189,155,154,148,127,155,155",618
4400,101,"683,923,203,247,638,674,517,705,789,193","127,195,125,63,154,146,155,44,156,21",654
565,101,"683,923,705,553,184,638,290,37,193,342","127,195,44,117,36,154,3,151,21,163",640
5627,101,"683,452,811,539,163,321,406,59,405,421","127,146,3,148,163,127,127,164,154,195",669
5456,101,"683,452,811,383,539,405,884,867,786,199","127,146,3,189,148,154,44,155,154,155",611
123,101,"683,184,811,383,485,3,731,638,629,497","127,36,3,189,189,155,219,154,148,128",466
3482,101,"683,452,184,363,551,738,421,89,786,349","127,146,36,128,195,155,195,42,154,127",547
6033,101,"683,452,884,441,406,923,363,398,80,349","127,146,44,117,127,195,128,270,155,127",661
5560,101,"683,452,811,539,405,202,312,731,199,248","127,146,3,148,154,153,148,219,155,148",616
4723,101,"683,452,184,539,867,190,406,405,811,3","127,146,36,148,155,163,164,127,154,3,155",498
1525,101,"683,452,184,539,383,710,405,199,636,867","127,146,36,148,189,127,154,155,56,155",600
3854,101,"683,923,811,383,614,731,37,710,452,772","127,195,3,189,3,219,151,127,146,126",544
184,101,"683,923,203,184,705,37,710,160,290,438","127,195,125,36,44,151,127,39,3,3",645
1025,101,"683,923,811,907,184,731,248,312,539,383","127,195,3,219,36,219,148,148,148,189",535
4422,101,"683,923,184,193,368,547,677,738,474,212","127,195,36,21,3,155,156,155,3,148",374
2100,101,"452,383,312,533,811,539,614,742,3,867","146,189,148,39,3,148,3,164,155,155",371
2034,101,"452,923,312,533,184,539,811,410,646,383","146,195,148,39,36,148,3,148,155,189",485
1554,101,"683,923,203,184,705,781,789,379,246,354","127,195,125,36,44,39,156,39,54,202",612
3938,101,"683,401,130,438,781,184,485,923,789,638","127,174,63,3,39,36,189,195,156,154",688
3315,101,"683,923,811,383,485,638,379,193,497,37","127,195,3,189,189,154,39,21,128,151",541
966,101,"683,452,184,539,867,383,629,461,770,497","127,146,36,148,155,189,148,155,129,128",510
4238,101,"683,452,811,383,539,405,363,786,731,710","127,146,3,189,148,154,128,154,219,127",521
3693,101,"683,452,811,383,539,405,710,731,867,199","127,146,3,189,148,154,127,219,155,155",463
1674,101,"683,452,884,441,349,638,866,561,184,461","127,146,44,117,127,154,284,63,36,155",640
4816,101,"683,923,203,247,658,342,640,789,246,547","127,195,125,63,195,163,148,156,54,155",550
4352,101,"683,452,811,383,867,405,539,406,314,199","127,146,3,189,155,154,148,127,155,155",535
2677,101,"683,401,14,782,772,37,497,383,710,614","127,174,137,117,126,151,128,189,127,3",796
3486,101,"683,923,705,781,789,379,354,638,130,640","127,195,44,39,156,39,202,154,63,148",702
796,101,"683,923,203,247,658,130,379,342,497,640","127,195,125,63,195,63,39,163,128,148",635
5561,101,"683,923,203,247,658,130,379,677,368,781","127,195,125,63,195,63,39,156,3,39",509
2917,101,"683,923,417,193,368,547,474,105,517,130","127,195,165,21,3,155,3,284,155,63",519
4277,101,"683,923,705,781,789,130,379,638,354,547","127,195,44,39,156,63,39,154,202,155",563
444,101,"683,923,417,184,193,368,438,105,517,638","127,195,165,36,21,3,3,284,155,154",526
2078,101,"683,923,184,342,677,368,193,438,638,517","127,195,36,163,156,3,21,3,154,155",516
2781,101,"683,452,811,539,405,363,786,349,551,738","127,146,3,148,154,128,154,127,195,155",555
1503,101,"683,923,705,37,342,497,130,379,638,193","127,195,44,151,163,128,63,39,154,21",553
2961,101,"683,923,203,247,658,677,354,640,246,379","127,195,125,63,195,156,202,148,54,39",678
2627,101,"452,923,312,533,184,160,137,789,379,354","146,195,148,39,36,39,39,156,39,202",689
4492,101,"683,923,811,383,485,203,379,497,417,789","127,195,3,189,189,125,39,128,165,156",531
4858,101,"683,923,184,485,37,553,638,539,134,137","127,195,36,189,151,117,154,148,155,39",594
1041,101,"683,923,203,247,658,130,379,789,354,246","127,195,125,63,195,63,39,156,202,54",669
987,101,"683,452,811,539,570,163,406,321,861,867","127,146,3,148,117,163,127,127,135,155",690
432,101,"683,452,184,363,658,923,160,547,40,497","127,146,36,128,195,195,39,155,3,128",507
970,101,"683,923,184,193,368,638,438,517,677,290","127,195,36,21,3,154,3,155,156,3",394
6147,101,"683,923,203,247,658,130,379,789,246,769","127,195,125,63,195,63,39,156,54,155",576
1709,101,"683,923,383,485,203,638,379,368,658,247","127,195,189,189,125,154,39,3,195,63",682
4088,101,"452,923,772,3,539,312,199,714,24,787","146,195,126,155,148,148,155,163,156,148",479
5126,101,"683,452,811,539,405,154,202,312,199,248","127,146,3,148,154,164,153,148,155,148",498
464,101,"683,923,203,184,705,37,710,160,290,638","127,195,125,36,44,151,127,39,3,154",608
4325,101,"683,923,811,907,248,731,383,111,539,3","127,195,3,219,148,219,189,155,148,155",571
2211,101,"683,699,184,209,638,517,247,782,674,47","127,170,36,155,154,155,63,117,146,127",717
2618,101,"683,923,811,907,248,731,383,452,184,710","127,195,3,219,148,219,189,146,36,127",586
4940,101,"683,923,203,184,342,705,37,638,674,438","127,195,125,36,163,44,151,154,146,3",601
1823,101,"683,923,203,247,638,674,517,184,705,789","127,195,125,63,154,146,155,36,44,156",612
2795,101,"683,923,184,342,497,547,368,438,638,640","127,195,36,163,128,155,3,3,154,148",510
2949,101,"683,923,203,247,638,184,677,438,485,417","127,195,125,63,154,36,156,3,189,165",600
4827,101,"683,923,417,184,193,368,438,638,547,677","127,195,165,36,21,3,3,154,155,156",412
1788,101,"699,190,629,626,327,803,689,539,438,59","170,163,164,148,164,148,148,128,148,3,164",187
3462,101,"683,923,705,553,37,638,517,674,105,497","127,195,44,117,151,154,155,146,284,128",539
2322,101,"683,923,811,731,383,497,184,37,553,406","127,195,3,219,189,128,36,151,117,127",693
248,101,"683,452,184,363,417,160,438,738,658,547","127,146,36,128,165,39,3,155,195,155",612
4017,101,"683,452,184,363,551,786,539,312,154,59","127,146,36,128,195,154,148,148,164,164",519
767,101,"683,923,184,193,368,547,438,638,517,130","127,195,36,21,3,155,3,154,155,63",582
4698,101,"683,923,705,37,638,184,193,130,438,368","127,195,44,151,154,36,21,63,3,3",553
35,101,"683,452,811,539,570,867,312,406,405,421","127,146,3,148,117,155,148,127,154,195",620
2148,101,"683,923,184,193,368,638,677,438,547,212","127,195,36,21,3,154,156,3,155,148",520
5579,101,"683,452,811,383,867,405,539,406,314,3","127,146,3,189,155,154,148,127,155,155",585
5580,101,"683,923,203,184,638,485,133,710,677,160","127,195,125,36,154,189,163,127,156,39",608
1109,101,"683,923,811,383,485,3,638,379,290,193","127,195,3,189,189,155,154,39,3,21",555
2923,101,"683,923,811,907,705,37,383,111,209,731","127,195,3,219,44,151,189,155,155,219",669
1172,101,"683,923,184,342,497,547,379,246,738,438","127,195,36,163,128,155,39,54,155,3",506
714,101,"452,923,312,533,3,383,238,199,867,314","146,195,148,39,155,189,155,155,155,155",380
5558,101,"683,452,184,539,383,629,867,202,199,405","127,146,36,148,189,148,155,153,155,154",561
3945,101,"683,452,811,383,867,3,238,184,714,731","127,146,3,189,155,155,155,36,163,219",582
730,101,"683,923,705,781,789,130,438,379,638,193","127,195,44,39,156,63,3,39,154,21",572
3475,101,"683,452,811,383,539,405,363,786,710,238","127,146,3,189,148,154,128,154,127,155",547
932,101,"683,923,184,193,368,547,438,160,497,130","127,195,36,21,3,155,3,39,128,63",568
2062,101,"452,923,312,533,383,199,3,614,527,811","146,195,148,39,189,155,155,3,155,3",380
3456,101,"683,923,184,193,368,547,130,677,438,497","127,195,36,21,3,155,63,156,3,128",545
1046,101,"683,923,184,193,368,638,379,474,738,640","127,195,36,21,3,154,39,3,155,148",401
2726,101,"683,923,203,677,379,789,738,342,438,638","127,195,125,156,39,156,155,163,3,154",546
3852,101,"452,638,438,332,342,247,658,640,547,203","146,154,3,154,163,63,195,148,155,125",531
5016,101,"452,383,199,238,811,363,834,789,907,787","146,189,155,155,3,128,36,156,219,148",264
3507,102,"683,923,417,184,193,368,438,638,517,160","127,195,165,36,21,3,3,154,155,39",531
5784,102,"683,452,184,539,867,406,314,405,80,629","127,146,36,148,155,127,155,154,155,148",490
5424,102,"683,923,811,907,184,731,383,37,209,629","127,195,3,219,36,219,189,151,155,148",535
5481,102,"683,923,705,781,130,193,368,789,178,438","127,195,44,39,63,21,3,156,155,3",553
4511,102,"683,452,811,383,867,884,441,363,349,406","127,146,3,189,155,44,117,128,127,127",612
5430,102,"683,923,203,677,379,193,547,368,342,438","127,195,125,156,39,21,155,3,163,3",546
2873,102,"452,638,923,184,677,547,342,438,658,738","146,154,195,36,156,155,163,3,195,155",477
1235,102,"452,923,312,533,383,363,199,3,238,614","146,195,148,39,189,128,155,155,155,3",494
4355,102,"683,923,705,781,789,379,130,193,547,640","127,195,44,39,156,39,63,21,155,148",586
3184,102,"683,923,811,907,248,111,457,406,410,184","127,195,3,219,148,155,156,127,148,36",535
2179,102,"452,638,923,184,677,547,438,332,738,368","146,154,195,36,156,155,3,154,155,3",352
3210,102,"683,923,184,193,368,547,130,246,640,769","127,195,36,21,3,155,63,54,148,155",544
4486,102,"683,923,184,193,368,677,485,290,160,130","127,195,36,21,3,156,189,3,39,63",519
633,102,"683,452,184,539,867,383,629,461,770,497","127,146,36,148,155,189,148,155,129,128",508
1430,102,"683,923,203,130,658,342,497,640,379,789","127,195,125,63,195,163,128,148,39,156",412
1133,102,"452,638,923,383,614,3,199,312,59,111","146,154,195,189,3,155,155,148,164,155",361
5148,102,"683,452,811,383,539,405,199,710,312,867","127,146,3,189,148,154,155,127,148,155",556
64,102,"683,923,417,184,485,553,37,811,539,137","127,195,165,36,189,117,151,3,148,39",494
5501,102,"683,923,184,193,368,547,438,638,517,497","127,195,36,21,3,155,3,154,155,128",463
1584,102,"452,923,312,539,811,202,405,867,363,614","146,195,148,148,3,153,154,155,128,3",413
3104,102,"533,699,789,342,312,485,3,941,457,638","39,170,156,163,148,189,155,154,156,154",363
729,102,"452,923,312,533,383,199,3,614,527,539","146,195,148,39,189,155,155,3,155,148",346
4554,102,"683,923,705,781,789,379,354,769,638,640","127,195,44,39,156,39,202,155,154,148",569
2626,102,"683,923,203,677,417,130,193,379,368,497","127,195,125,156,165,63,21,39,3,128",628
2261,102,"683,452,811,539,570,867,312,238,406,405","127,146,3,148,117,155,148,155,127,154",641
5528,102,"683,923,705,781,789,379,354,769,640,212","127,195,44,39,156,39,202,155,148,148",553
5711,102,"683,923,705,781,789,379,417,547,130,368","127,195,44,39,156,39,165,155,63,3",553
2466,102,"452,638,438,332,342,547,640,658,379,212","146,154,3,154,163,155,148,195,39,148",375
145,102,"683,923,184,193,368,638,677,438,105,547","127,195,36,21,3,154,156,3,284,155",500
5860,102,"452,923,312,539,742,202,405,111,199,867","146,195,148,148,164,153,154,155,155,155",354
5493,102,"683,923,184,342,497,130,246,640,379,769","127,195,36,163,128,63,54,148,39,155",544
3202,102,"683,383,539,312,405,59,163,248,867,199","127,189,148,148,154,164,163,148,155,155",669
541,102,"683,452,184,363,551,738,421,89,547,130","127,146,36,128,195,155,195,42,155,63",528
2883,102,"452,923,312,533,3,383,190,238,379,160","146,195,148,39,155,189,163,164,155,39,39",389
1595,102,"452,705,379,781,923,368,547,513,517,789","146,44,39,39,195,3,155,148,155,156",500
4837,102,"683,452,184,539,154,629,867,405,363,421","127,146,36,148,164,148,155,154,128,195",464
5610,102,"683,452,884,363,417,923,547,184,640,866","127,146,44,128,165,195,155,36,148,284",653
66,102,"683,452,884,614,866,790,539,383,710,867","127,146,44,3,284,148,148,189,127,155",653
5436,102,"683,452,184,539,867,190,406,405,238,80","127,146,36,148,155,163,164,127,154,155,155",547
2737,102,"683,452,184,539,867,406,314,405,3,238","127,146,36,148,155,127,155,154,155,155",535
573,102,"452,638,438,332,379,160,517,105,677,658","146,154,3,154,39,39,155,284,156,195",547
1670,102,"683,923,203,247,638,184,866,677,485,193","127,195,125,63,154,36,284,156,189,21",644
5744,102,"683,923,705,781,789,379,130,193,547,474","127,195,44,39,156,39,63,21,155,3",586
1223,102,"452,638,417,332,789,738,342,368,547,212","146,154,165,154,156,155,163,3,155,148",400
376,102,"683,452,811,539,731,867,405,248,406,202","127,146,3,148,219,155,154,148,127,153",412
2837,102,"683,923,417,193,368,547,474,130,638,640","127,195,165,21,3,155,3,63,154,148",538
2931,102,"683,184,731,3,539,689,312,485,111,410","127,36,219,155,148,128,148,189,155,148",461
1374,102,"683,923,705,781,130,789,379,677,368,547","127,195,44,39,63,156,39,156,3,155",553
2938,102,"683,923,811,731,248,383,312,539,420,59","127,195,3,219,148,189,148,148,153,164",535
1563,102,"683,923,184,193,368,547,130,246,640,769","127,195,36,21,3,155,63,54,148,155",519
3981,102,"683,452,184,539,383,710,405,59,636,199","127,146,36,148,189,127,154,164,56,155",520
1993,102,"683,452,811,383,539,405,363,786,867,312","127,146,3,189,148,154,128,154,155,148",540
4228,102,"683,923,184,193,368,547,677,738,474,212","127,195,36,21,3,155,156,155,3,148",549
934,102,"683,923,203,705,37,674,497,383,105,811","127,195,125,44,151,146,128,189,284,3",577
449,102,"683,923,184,485,37,553,134,811,383,497","127,195,36,189,151,117,155,3,189,128",541
944,102,"452,638,438,332,379,474,789,640,212,769","146,154,3,154,39,3,156,148,148,155",447
3243,102,"683,923,705,781,789,379,354,769,640,212","127,195,44,39,156,39,202,155,148,148",553
889,102,"683,923,811,907,248,731,383,290,184,379","127,195,3,219,148,219,189,3,36,39",519
3540,102,"683,923,203,184,638,485,133,539,710,731","127,195,125,36,154,189,163,148,127,219",553
2861,102,"683,923,184,193,368,547,677,738,474,212","127,195,36,21,3,155,156,155,3,148",412
4748,102,"452,638,438,332,379,474,789,640,212,130","146,154,3,154,39,3,156,148,148,63",521
3532,102,"683,923,184,193,368,547,438,105,517,638","127,195,36,21,3,155,3,284,155,154",528
1764,102,"683,923,184,193,368,547,438,105,485,781","127,195,36,21,3,155,3,284,189,39",541
1614,102,"683,923,203,677,379,789,738,342,547,640","127,195,125,156,39,156,155,163,155,148",571
5452,102,"683,923,811,383,485,3,638,941,772,731","127,195,3,189,189,155,154,154,126,219",519
5139,102,"683,923,184,193,368,547,677,517,638,379","127,195,36,21,3,155,156,155,154,39",472
2840,102,"452,638,438,332,379,474,677,193,658,640","146,154,3,154,39,3,156,21,195,148",355
2905,102,"683,923,811,731,248,539,772,111,410,383","127,195,3,219,148,148,126,155,148,189",628
1538,102,"683,923,184,342,497,547,379,137,438,677","127,195,36,163,128,155,39,39,3,156",494
681,102,"683,923,811,907,184,368,406,290,638,438","127,195,3,219,36,3,127,3,154,3",514
2101,102,"683,452,811,539,731,238,714,363,184,406","127,146,3,148,219,155,163,128,36,127",574
5250,102,"452,923,312,539,154,3,811,202,742,420","146,195,148,148,164,155,3,153,164,153",338
2710,102,"683,452,811,383,867,3,238,363,405,938","127,146,3,189,155,155,155,128,154,155",520
3446,102,"683,923,184,342,677,485,193,130,368,105","127,195,36,163,156,189,21,63,3,284",519
1057,102,"683,452,184,539,867,383,710,614,190,461","127,146,36,148,155,189,127,3,163,164,155",543
671,102,"683,452,811,383,867,3,238,363,354,349","127,146,3,189,155,155,155,128,202,127",460
185,102,"683,383,539,312,405,59,199,867,742,248","127,189,148,148,154,164,155,155,164,148",720
622,102,"683,452,811,539,731,867,405,363,421,312","127,146,3,148,219,155,154,128,195,148",535
2367,102,"452,923,312,539,154,202,811,363,614,405","146,195,148,148,164,153,3,128,3,154",398
717,102,"683,699,130,246,417,354,769,379,640,268","127,170,63,54,165,202,155,39,148,61",461
5110,102,"452,923,312,533,383,461,3,379,677,811","146,195,148,39,189,155,155,39,156,3",349
2548,102,"452,638,342,332,547,368,193,212,789,640","146,154,163,154,155,3,21,148,156,148",228
5210,102,"683,923,417,193,368,547,474,130,246,212","127,195,165,21,3,155,3,63,54,148",523
2654,102,"683,452,811,539,570,867,3,383,312,199","127,146,3,148,117,155,155,189,148,155",541
5074,102,"683,923,705,781,789,379,354,769,640,212","127,195,44,39,156,39,202,155,148,148",553
4457,102,"683,923,811,731,248,539,111,420,383,639","127,195,3,219,148,148,155,153,189,155",690
1462,102,"683,923,184,193,368,638,438,517,677,547","127,195,36,21,3,154,3,155,156,155",554
1213,102,"683,923,705,781,789,379,130,677,547,368","127,195,44,39,156,39,63,156,155,3",644
1760,102,"683,923,203,184,383,811,485,37,193,379","127,195,125,36,189,3,189,151,21,39",600
1298,102,"452,923,312,533,184,539,811,383,629,461","146,195,148,39,36,148,3,189,148,155",430
2094,102,"683,923,203,184,383,811,37,539,731,907","127,195,125,36,189,3,151,148,219,219",537
3549,102,"683,811,539,731,884,441,363,923,170,406","127,3,148,219,44,117,128,195,39,127",633
5694,102,"683,923,811,731,383,497,184,3,629,111","127,195,3,219,189,128,36,155,148,155",606
112,102,"683,699,126,209,705,923,638,203,247,782","127,170,165,155,44,195,154,125,63,117",749
3791,102,"683,452,866,710,561,614,539,383,184,551","127,146,284,127,63,3,148,189,36,195",639
1269,102,"452,638,417,332,789,547,130,640,658,474","146,154,165,154,156,155,63,148,195,3",476
4216,102,"683,923,705,781,789,379,130,193,547,640","127,195,44,39,156,39,63,21,155,148",553
1837,102,"683,923,417,184,485,383,811,3,638,438","127,195,165,36,189,189,3,155,154,3",499
2380,102,"683,452,811,539,731,867,363,312,383,405","127,146,3,148,219,155,128,148,189,154",535
2786,102,"683,923,203,247,658,130,379,789,354,246","127,195,125,63,195,63,39,156,202,54",691
3513,102,"452,638,438,332,379,160,677,547,203,37","146,154,3,154,39,39,156,155,125,151",523
111,102,"683,923,203,247,658,130,379,677,368,781","127,195,125,63,195,63,39,156,3,39",598
4671,102,"683,923,705,781,789,379,354,769,640,638","127,195,44,39,156,39,202,155,148,154",553
1507,102,"683,452,184,539,383,710,405,867,312,421","127,146,36,148,189,127,154,155,148,195",634
3266,102,"683,452,811,539,731,238,406,867,405,363","127,146,3,148,219,155,127,155,154,128",579
3187,102,"452,137,677,160,368,923,485,379,513,438","146,39,156,39,3,195,189,39,148,3",374
5211,102,"683,923,184,485,710,539,811,383,941,638","127,195,36,189,127,148,3,189,154,154",541
2831,102,"452,638,923,383,3,770,290,772,811,614","146,154,195,189,155,129,3,126,3,3",513
2347,102,"683,923,705,553,184,638,438,290,417,193","127,195,44,117,36,154,3,3,165,21",555
5507,102,"683,923,184,193,368,638,677,485,130,438","127,195,36,21,3,154,156,189,63,3",519
5544,102,"683,923,203,184,342,705,37,710,209,638","127,195,125,36,163,44,151,127,155,154",720
2914,102,"683,452,811,539,570,383,405,199,867,406","127,146,3,148,117,189,154,155,155,127",559
5496,102,"683,452,811,539,731,867,405,248,406,312","127,146,3,148,219,155,154,148,127,148",530
1138,102,"683,452,811,539,731,238,406,383,312,533","127,146,3,148,219,155,127,189,148,39",535
4419,102,"683,923,203,247,638,674,517,705,789,379","127,195,125,63,154,146,155,44,156,39",627
3276,102,"683,923,184,193,368,547,438,105,517,497","127,195,36,21,3,155,3,284,155,128",569
1047,102,"683,401,699,438,923,203,126,133,731,209","127,174,170,3,195,125,165,163,219,155",782
2918,102,"683,923,203,184,383,811,37,485,705,789","127,195,125,36,189,3,151,189,44,156",634
1378,102,"683,452,811,539,405,363,312,421,786,867","127,146,3,148,154,128,148,195,154,155",588
1389,102,"683,452,811,383,867,405,539,406,314,3","127,146,3,189,155,154,148,127,155,155",618
4400,102,"683,923,203,247,638,674,517,705,789,193","127,195,125,63,154,146,155,44,156,21",654
565,102,"683,923,705,553,184,638,290,37,193,342","127,195,44,117,36,154,3,151,21,163",640
5627,102,"683,452,811,539,405,363,786,199,884,312","127,146,3,148,154,128,154,155,44,148",669
5456,102,"683,452,811,383,539,405,884,867,786,199","127,146,3,189,148,154,44,155,154,155",611
123,102,"683,184,811,383,485,3,731,638,629,497","127,36,3,189,189,155,219,154,148,128",466
3482,102,"683,452,184,363,551,738,421,89,786,349","127,146,36,128,195,155,195,42,154,127",547
6033,102,"683,452,884,441,406,923,363,398,80,349","127,146,44,117,127,195,128,270,155,127",661
5560,102,"683,452,811,539,405,202,312,731,199,248","127,146,3,148,154,153,148,219,155,148",616
4723,102,"683,452,184,539,867,406,314,405,3,238","127,146,36,148,155,127,155,154,155,155",498
1525,102,"683,452,184,539,383,710,405,199,636,867","127,146,36,148,189,127,154,155,56,155",600
3854,102,"683,923,811,383,614,731,37,710,452,772","127,195,3,189,3,219,151,127,146,126",544
184,102,"683,923,203,184,342,705,37,710,209,638","127,195,125,36,163,44,151,127,155,154",645
1025,102,"683,923,811,907,184,731,248,312,539,383","127,195,3,219,36,219,148,148,148,189",535
4422,102,"683,923,184,342,497,547,379,640,638,738","127,195,36,163,128,155,39,148,154,155",374
2100,102,"452,383,312,533,811,539,614,59,3,867","146,189,148,39,3,148,3,164,155,155",371
2034,102,"452,923,312,533,184,539,811,410,646,383","146,195,148,39,36,148,3,148,155,189",485
1554,102,"683,923,203,184,705,781,789,379,246,354","127,195,125,36,44,39,156,39,54,202",612
3938,102,"683,401,130,417,438,781,638,923,485,789","127,174,63,165,3,39,154,195,189,156",688
3315,102,"683,923,811,383,485,638,379,193,497,37","127,195,3,189,189,154,39,21,128,151",541
966,102,"683,452,184,539,867,383,629,461,190,770","127,146,36,148,155,189,148,155,163,164,129",510
4238,102,"683,452,811,383,539,405,363,786,731,710","127,146,3,189,148,154,128,154,219,127",521
3693,102,"683,452,811,383,539,405,710,731,867,199","127,146,3,189,148,154,127,219,155,155",463
1674,102,"683,452,884,441,349,638,866,561,184,461","127,146,44,117,127,154,284,63,36,155",640
4816,102,"683,923,203,247,658,246,379,497,438,781","127,195,125,63,195,54,39,128,3,39",550
4352,102,"683,452,811,383,867,405,539,406,314,199","127,146,3,189,155,154,148,127,155,155",535
2677,102,"683,401,14,782,772,37,497,383,710,614","127,174,137,117,126,151,128,189,127,3",796
3486,102,"683,923,705,781,789,379,354,638,130,640","127,195,44,39,156,39,202,154,63,148",702
796,102,"683,923,203,247,658,130,379,677,246,354","127,195,125,63,195,63,39,156,54,202",635
5561,102,"683,923,203,247,658,130,379,677,368,781","127,195,125,63,195,63,39,156,3,39",509
2917,102,"683,923,184,485,37,368,105,130,438,134","127,195,36,189,151,3,284,63,3,155",519
4277,102,"683,923,705,781,789,130,379,342,354,438","127,195,44,39,156,63,39,163,202,3",563
444,102,"683,923,184,342,677,485,193,130,368,160","127,195,36,163,156,189,21,63,3,39",526
2078,102,"683,923,184,193,368,638,438,517,677,547","127,195,36,21,3,154,3,155,156,155",516
2781,102,"683,452,811,539,405,363,786,349,551,738","127,146,3,148,154,128,154,127,195,155",555
1503,102,"683,923,705,37,638,184,193,130,438,379","127,195,44,151,154,36,21,63,3,39",553
2961,102,"683,923,203,247,658,677,342,368,130,417","127,195,125,63,195,156,163,3,63,165",678
2627,102,"452,923,312,533,184,160,137,789,379,354","146,195,148,39,36,39,39,156,39,202",689
4492,102,"683,923,811,383,485,203,379,497,677,368","127,195,3,189,189,125,39,128,156,3",531
4858,102,"683,923,184,485,37,553,638,539,134,137","127,195,36,189,151,117,154,148,155,39",594
1041,102,"683,923,203,247,658,130,379,789,354,246","127,195,125,63,195,63,39,156,202,54",669
987,102,"683,452,811,539,570,163,406,321,861,867","127,146,3,148,117,163,127,127,135,155",690
432,102,"683,452,184,363,658,923,160,547,40,497","127,146,36,128,195,195,39,155,3,128",507
970,102,"683,923,184,342,677,485,193,368,513,638","127,195,36,163,156,189,21,3,148,154",394
6147,102,"683,923,203,247,658,130,379,789,246,769","127,195,125,63,195,63,39,156,54,155",576
1709,102,"683,923,383,485,203,638,379,368,658,247","127,195,189,189,125,154,39,3,195,63",682
4088,102,"452,923,772,3,539,154,363,312,199,405","146,195,126,155,148,164,128,148,155,154",479
5126,102,"683,452,811,539,405,202,312,199,731,248","127,146,3,148,154,153,148,155,219,148",498
464,102,"683,923,203,184,705,37,710,160,290,638","127,195,125,36,44,151,127,39,3,154",608
4325,102,"683,923,811,907,248,731,383,111,154,539","127,195,3,219,148,219,189,155,164,148",571
2211,102,"683,699,184,209,638,517,247,782,674,47","127,170,36,155,154,155,63,117,146,127",717
2618,102,"683,923,811,907,248,731,383,452,184,710","127,195,3,219,148,219,189,146,36,127",586
4940,102,"683,923,203,184,342,705,37,638,674,438","127,195,125,36,163,44,151,154,146,3",601
1823,102,"683,923,203,247,638,674,517,184,705,789","127,195,125,63,154,146,155,36,44,156",612
2795,102,"683,923,184,193,368,547,438,638,517,497","127,195,36,21,3,155,3,154,155,128",510
2949,102,"683,923,203,247,638,184,677,438,485,368","127,195,125,63,154,36,156,3,189,3",600
4827,102,"683,923,184,342,677,368,193,547,438,638","127,195,36,163,156,3,21,155,3,154",412
1788,102,"699,190,629,626,327,803,689,539,438,714","170,163,164,148,164,148,148,128,148,3,163",187
3462,102,"683,923,705,553,37,342,497,638,379,105","127,195,44,117,151,163,128,154,39,284",539
2322,102,"683,923,811,731,383,497,184,37,553,406","127,195,3,219,189,128,36,151,117,127",693
248,102,"683,452,184,363,438,547,354,160,738,497","127,146,36,128,3,155,202,39,155,128",612
4017,102,"683,452,184,363,551,786,539,312,526,421","127,146,36,128,195,154,148,148,63,195",519
767,102,"683,923,184,193,368,547,438,638,517,130","127,195,36,21,3,155,3,154,155,63",582
4698,102,"683,923,705,37,638,184,193,130,438,368","127,195,44,151,154,36,21,63,3,3",553
35,102,"683,452,811,539,570,867,312,406,405,421","127,146,3,148,117,155,148,127,154,195",620
2148,102,"683,923,184,193,368,638,677,438,547,212","127,195,36,21,3,154,156,3,155,148",520
5579,102,"683,452,811,383,867,405,539,406,314,3","127,146,3,189,155,154,148,127,155,155",585
5580,102,"683,923,203,184,342,638,37,677,485,731","127,195,125,36,163,154,151,156,189,219",608
1109,102,"683,923,811,383,485,3,638,379,290,193","127,195,3,189,189,155,154,39,3,21",555
2923,102,"683,923,811,907,705,37,383,111,209,731","127,195,3,219,44,151,189,155,155,219",669
1172,102,"683,923,184,193,368,547,677,738,474,246","127,195,36,21,3,155,156,155,3,54",506
714,102,"452,923,312,533,3,383,238,199,867,314","146,195,148,39,155,189,155,155,155,155",380
5558,102,"683,452,184,539,154,312,405,199,867,314","127,146,36,148,164,148,154,155,155,155",561
3945,102,"683,452,811,383,867,3,238,184,190,199","127,146,3,189,155,155,155,36,163,164,155",582
730,102,"683,923,705,781,789,130,438,379,638,193","127,195,44,39,156,63,3,39,154,21",572
3475,102,"683,452,811,383,539,405,363,786,710,238","127,146,3,189,148,154,128,154,127,155",547
932,102,"683,923,417,193,368,547,474,130,212,517","127,195,165,21,3,155,3,63,148,155",568
2062,102,"452,923,312,533,383,199,3,614,527,811","146,195,148,39,189,155,155,3,155,3",380
3456,102,"683,923,184,193,368,547,130,677,438,497","127,195,36,21,3,155,63,156,3,128",545
1046,102,"683,923,184,193,368,638,379,474,738,640","127,195,36,21,3,154,39,3,155,148",401
2726,102,"683,923,203,677,379,789,738,342,438,638","127,195,125,156,39,156,155,163,3,154",546
3852,102,"452,638,417,184,383,629,461,160,290,485","146,154,165,36,189,148,155,39,3,189",531
5016,102,"452,383,199,714,238,811,834,787,867,629","146,189,155,163,155,3,36,148,155,148",264
3507,103,"683,923,417,184,193,368,438,638,517,160","127,195,165,36,21,3,3,154,155,39",531
5784,103,"683,452,184,539,867,406,314,405,80,629","127,146,36,148,155,127,155,154,155,148",490
5424,103,"683,923,811,907,184,731,383,37,209,629","127,195,3,219,36,219,189,151,155,148",535
5481,103,"683,923,705,781,130,193,368,789,178,438","127,195,44,39,63,21,3,156,155,3",553
4511,103,"683,452,811,383,867,884,441,363,349,406","127,146,3,189,155,44,117,128,127,127",612
5430,103,"683,923,203,677,379,193,547,368,342,438","127,195,125,156,39,21,155,3,163,3",546
2873,103,"452,638,923,184,677,547,342,438,658,738","146,154,195,36,156,155,163,3,195,155",477
1235,103,"452,923,312,533,383,363,199,3,714,811","146,195,148,39,189,128,155,155,163,3",494
4355,103,"683,923,705,781,789,379,417,193,368,547","127,195,44,39,156,39,165,21,3,155",586
3184,103,"683,923,811,907,248,111,457,406,410,184","127,195,3,219,148,155,156,127,148,36",535
2179,103,"452,638,923,184,677,547,438,332,738,368","146,154,195,36,156,155,3,154,155,3",352
3210,103,"683,923,184,342,497,130,246,640,769,379","127,195,36,163,128,63,54,148,155,39",544
4486,103,"683,923,184,193,368,677,485,290,160,130","127,195,36,21,3,156,189,3,39,63",519
633,103,"683,452,184,539,867,383,629,461,770,497","127,146,36,148,155,189,148,155,129,128",508
1430,103,"683,923,203,130,658,438,640,513,379,789","127,195,125,63,195,3,148,148,39,156",412
1133,103,"452,638,923,383,614,3,199,312,59,111","146,154,195,189,3,155,155,148,164,155",361
5148,103,"683,452,811,383,539,405,59,312,199,731","127,146,3,189,148,154,164,148,155,219",556
64,103,"683,923,417,184,485,553,37,811,539,137","127,195,165,36,189,117,151,3,148,39",494
5501,103,"683,923,417,193,368,547,474,517,137,379","127,195,165,21,3,155,3,155,39,39",463
1584,103,"452,923,312,59,383,614,539,202,527,80","146,195,148,164,189,3,148,153,155,155",413
3104,103,"533,699,789,638,539,340,938,689,527,457","39,170,156,154,148,181,155,128,155,156",363
729,103,"452,923,312,533,383,199,3,614,527,539","146,195,148,39,189,155,155,3,155,148",346
4554,103,"683,923,705,781,789,379,354,769,638,640","127,195,44,39,156,39,202,155,154,148",569
2626,103,"683,923,203,677,193,638,379,368,130,866","127,195,125,156,21,154,39,3,63,284",628
2261,103,"683,452,811,539,570,867,312,238,406,59","127,146,3,148,117,155,148,155,127,164",641
5528,103,"683,923,705,781,789,379,354,769,640,212","127,195,44,39,156,39,202,155,148,148",553
5711,103,"683,923,705,781,789,379,130,677,547,368","127,195,44,39,156,39,63,156,155,3",553
2466,103,"452,638,438,332,379,474,212,640,193,547","146,154,3,154,39,3,148,148,21,155",375
145,103,"683,923,184,342,497,547,638,485,438,243","127,195,36,163,128,155,154,189,3,129",500
5860,103,"452,923,312,539,811,614,527,3,867,383","146,195,148,148,3,3,155,155,155,189",354
5493,103,"683,923,417,193,485,638,130,246,379,769","127,195,165,21,189,154,63,54,39,155",544
3202,103,"683,383,539,312,405,59,163,248,867,199","127,189,148,148,154,164,163,148,155,155",669
541,103,"683,452,184,363,551,738,421,89,547,130","127,146,36,128,195,155,195,42,155,63",528
2883,103,"452,923,312,533,3,383,190,238,379,160","146,195,148,39,155,189,163,164,155,39,39",389
1595,103,"452,705,379,781,923,368,547,513,517,789","146,44,39,39,195,3,155,148,155,156",500
4837,103,"683,452,184,539,154,629,867,405,363,421","127,146,36,148,164,148,155,154,128,195",464
5610,103,"683,452,884,363,417,923,547,184,640,866","127,146,44,128,165,195,155,36,148,284",653
66,103,"683,452,884,614,866,790,539,383,710,867","127,146,44,3,284,148,148,189,127,155",653
5436,103,"683,452,184,539,867,190,406,405,238,80","127,146,36,148,155,163,164,127,154,155,155",547
2737,103,"683,452,184,539,867,406,314,405,3,238","127,146,36,148,155,127,155,154,155,155",535
573,103,"452,638,417,184,383,629,461,811,485,790","146,154,165,36,189,148,155,3,189,148",547
1670,103,"683,923,203,247,638,184,866,677,485,193","127,195,125,63,154,36,284,156,189,21",644
5744,103,"683,923,705,781,789,379,130,193,547,474","127,195,44,39,156,39,63,21,155,3",586
1223,103,"452,638,417,332,789,738,184,547,640,438","146,154,165,154,156,155,36,155,148,3",400
376,103,"683,452,811,539,731,867,405,248,406,202","127,146,3,148,219,155,154,148,127,153",412
2837,103,"683,923,184,193,368,547,130,677,438,137","127,195,36,21,3,155,63,156,3,39",538
2931,103,"683,184,731,3,539,689,312,485,111,410","127,36,219,155,148,128,148,189,155,148",461
1374,103,"683,923,705,781,130,789,379,677,368,547","127,195,44,39,63,156,39,156,3,155",553
2938,103,"683,923,811,731,248,383,312,539,420,111","127,195,3,219,148,189,148,148,153,155",535
1563,103,"683,923,417,193,368,547,474,130,246,769","127,195,165,21,3,155,3,63,54,155",519
3981,103,"683,452,184,539,154,629,867,383,312,710","127,146,36,148,164,148,155,189,148,127",520
1993,103,"683,452,811,383,539,405,363,786,867,312","127,146,3,189,148,154,128,154,155,148",540
4228,103,"683,923,184,193,368,547,677,738,474,212","127,195,36,21,3,155,156,155,3,148",549
934,103,"683,923,203,705,37,674,497,383,105,811","127,195,125,44,151,146,128,189,284,3",577
449,103,"683,923,184,485,37,553,134,811,383,497","127,195,36,189,151,117,155,3,189,128",541
944,103,"452,638,438,332,342,547,640,212,379,789","146,154,3,154,163,155,148,148,39,156",447
3243,103,"683,923,705,781,789,379,354,769,640,212","127,195,44,39,156,39,202,155,148,148",553
889,103,"683,923,811,907,248,731,383,290,184,379","127,195,3,219,148,219,189,3,36,39",519
3540,103,"683,923,203,184,638,485,710,539,731,465","127,195,125,36,154,189,127,148,219,114",553
2861,103,"683,923,417,193,368,547,474,212,379,332","127,195,165,21,3,155,3,148,39,154",412
4748,103,"452,638,438,332,379,474,789,640,212,130","146,154,3,154,39,3,156,148,148,63",521
3532,103,"683,923,184,193,368,547,438,105,517,638","127,195,36,21,3,155,3,284,155,154",528
1764,103,"683,923,417,193,368,547,474,130,638,485","127,195,165,21,3,155,3,63,154,189",541
1614,103,"683,923,203,677,379,789,738,638,640,547","127,195,125,156,39,156,155,154,148,155",571
5452,103,"683,923,811,383,485,3,638,941,772,731","127,195,3,189,189,155,154,154,126,219",519
5139,103,"683,923,184,193,368,547,677,517,638,379","127,195,36,21,3,155,156,155,154,39",472
2840,103,"452,638,438,332,379,474,677,193,658,640","146,154,3,154,39,3,156,21,195,148",355
2905,103,"683,923,811,731,248,539,772,111,410,383","127,195,3,219,148,148,126,155,148,189",628
1538,103,"683,923,184,342,497,547,379,137,438,677","127,195,36,163,128,155,39,39,3,156",494
681,103,"683,923,811,907,184,368,406,290,638,438","127,195,3,219,36,3,127,3,154,3",514
2101,103,"683,452,811,539,731,238,786,383,406,923","127,146,3,148,219,155,154,189,127,195",574
5250,103,"452,923,312,59,383,614,539,202,527,80","146,195,148,164,189,3,148,153,155,155",338
2710,103,"683,452,811,383,867,3,238,363,405,938","127,146,3,189,155,155,155,128,154,155",520
3446,103,"683,923,184,342,677,485,193,130,368,105","127,195,36,163,156,189,21,63,3,284",519
1057,103,"683,452,184,539,867,383,710,614,646,461","127,146,36,148,155,189,127,3,155,155",543
671,103,"683,452,811,383,867,3,238,363,354,349","127,146,3,189,155,155,155,128,202,127",460
185,103,"683,383,539,312,405,59,199,867,742,248","127,189,148,148,154,164,155,155,164,148",720
622,103,"683,452,811,539,731,867,405,363,421,312","127,146,3,148,219,155,154,128,195,148",535
2367,103,"452,923,312,539,154,202,811,363,614,405","146,195,148,148,164,153,3,128,3,154",398
717,103,"683,699,130,246,638,379,769,354,640,268","127,170,63,54,154,39,155,202,148,61",461
5110,103,"452,923,312,533,383,461,3,379,677,811","146,195,148,39,189,155,155,39,156,3",349
2548,103,"452,638,547,368,332,789,193,37,212,474","146,154,155,3,154,156,21,151,148,3",228
5210,103,"683,923,417,193,368,547,474,130,246,212","127,195,165,21,3,155,3,63,54,148",523
2654,103,"683,452,811,539,570,867,3,383,312,199","127,146,3,148,117,155,155,189,148,155",541
5074,103,"683,923,705,781,789,379,354,769,640,212","127,195,44,39,156,39,202,155,148,148",553
4457,103,"683,923,811,731,248,539,111,420,383,639","127,195,3,219,148,148,155,153,189,155",690
1462,103,"683,923,184,193,368,638,438,517,677,547","127,195,36,21,3,154,3,155,156,155",554
1213,103,"683,923,705,781,789,379,417,547,130,368","127,195,44,39,156,39,165,155,63,3",644
1760,103,"683,923,203,184,383,811,485,37,193,379","127,195,125,36,189,3,189,151,21,39",600
1298,103,"452,923,312,533,184,539,811,383,629,417","146,195,148,39,36,148,3,189,148,165",430
2094,103,"683,923,203,184,383,811,37,539,731,907","127,195,125,36,189,3,151,148,219,219",537
3549,103,"683,811,539,731,884,441,363,923,170,406","127,3,148,219,44,117,128,195,39,127",633
5694,103,"683,923,811,731,383,497,184,3,629,111","127,195,3,219,189,128,36,155,148,155",606
112,103,"683,699,184,209,638,517,379,246,819,340","127,170,36,155,154,155,39,54,3,181",749
3791,103,"683,452,866,710,561,614,539,383,184,417","127,146,284,127,63,3,148,189,36,165",639
1269,103,"452,638,438,332,547,789,640,130,658,212","146,154,3,154,155,156,148,63,195,148",476
4216,103,"683,923,705,781,789,379,130,193,547,640","127,195,44,39,156,39,63,21,155,148",553
1837,103,"683,923,184,485,710,383,638,517,497,193","127,195,36,189,127,189,154,155,128,21",499
2380,103,"683,452,811,539,731,867,363,312,383,405","127,146,3,148,219,155,128,148,189,154",535
2786,103,"683,923,203,247,658,130,379,789,354,246","127,195,125,63,195,63,39,156,202,54",691
3513,103,"452,638,417,184,438,203,105,160,290,193","146,154,165,36,3,125,284,39,3,21",523
111,103,"683,923,203,247,658,130,379,677,368,781","127,195,125,63,195,63,39,156,3,39",598
4671,103,"683,923,705,781,789,379,354,769,640,638","127,195,44,39,156,39,202,155,148,154",553
1507,103,"683,452,184,539,383,710,405,867,312,421","127,146,36,148,189,127,154,155,148,195",634
3266,103,"683,452,811,539,731,238,406,867,405,363","127,146,3,148,219,155,127,155,154,128",579
3187,103,"452,137,677,160,368,923,485,379,513,438","146,39,156,39,3,195,189,39,148,3",374
5211,103,"683,923,184,485,710,539,811,383,941,638","127,195,36,189,127,148,3,189,154,154",541
2831,103,"452,638,923,383,3,770,290,772,811,614","146,154,195,189,155,129,3,126,3,3",513
2347,103,"683,923,705,553,184,638,438,290,193,677","127,195,44,117,36,154,3,3,21,156",555
5507,103,"683,923,184,193,368,638,677,485,130,438","127,195,36,21,3,154,156,189,63,3",519
5544,103,"683,923,203,184,705,37,710,160,209,866","127,195,125,36,44,151,127,39,155,284",720
2914,103,"683,452,811,539,570,383,405,199,867,406","127,146,3,148,117,189,154,155,155,127",559
5496,103,"683,452,811,539,731,867,742,405,248,406","127,146,3,148,219,155,164,154,148,127",530
1138,103,"683,452,811,539,731,238,406,383,312,533","127,146,3,148,219,155,127,189,148,39",535
4419,103,"683,923,203,247,638,674,517,705,789,379","127,195,125,63,154,146,155,44,156,39",627
3276,103,"683,923,184,193,368,547,438,105,517,497","127,195,36,21,3,155,3,284,155,128",569
1047,103,"683,401,699,417,438,923,203,126,340,671","127,174,170,165,3,195,125,165,181,174",782
2918,103,"683,923,203,184,383,811,37,485,705,789","127,195,125,36,189,3,151,189,44,156",634
1378,103,"683,452,811,539,405,363,312,742,421,786","127,146,3,148,154,128,148,164,195,154",588
1389,103,"683,452,811,383,867,405,539,406,314,3","127,146,3,189,155,154,148,127,155,155",618
4400,103,"683,923,203,247,638,674,517,705,789,193","127,195,125,63,154,146,155,44,156,21",654
565,103,"683,923,705,553,184,638,290,37,193,342","127,195,44,117,36,154,3,151,21,163",640
5627,103,"683,452,811,539,405,363,786,199,884,312","127,146,3,148,154,128,154,155,44,148",669
5456,103,"683,452,811,383,539,405,884,867,786,199","127,146,3,189,148,154,44,155,154,155",611
123,103,"683,184,811,383,485,3,731,638,629,497","127,36,3,189,189,155,219,154,148,128",466
3482,103,"683,452,184,363,551,738,421,89,786,349","127,146,36,128,195,155,195,42,154,127",547
6033,103,"683,452,884,441,406,923,363,398,80,349","127,146,44,117,127,195,128,270,155,127",661
5560,103,"683,452,811,539,405,154,202,312,731,199","127,146,3,148,154,164,153,148,219,155",616
4723,103,"683,452,184,539,867,190,406,405,811,3","127,146,36,148,155,163,164,127,154,3,155",498
1525,103,"683,452,184,539,383,710,405,199,636,867","127,146,36,148,189,127,154,155,56,155",600
3854,103,"683,923,811,383,614,731,37,710,452,772","127,195,3,189,3,219,151,127,146,126",544
184,103,"683,923,203,184,342,705,37,710,209,638","127,195,125,36,163,44,151,127,155,154",645
1025,103,"683,923,811,907,184,731,248,312,539,383","127,195,3,219,36,219,148,148,148,189",535
4422,103,"683,923,184,193,368,547,677,738,474,212","127,195,36,21,3,155,156,155,3,148",374
2100,103,"452,383,312,533,811,539,614,3,867,199","146,189,148,39,3,148,3,155,155,155",371
2034,103,"452,923,312,533,184,539,811,410,646,753","146,195,148,39,36,148,3,148,155,164",485
1554,103,"683,923,203,184,705,781,789,379,246,354","127,195,125,36,44,39,156,39,54,202",612
3938,103,"683,401,130,438,781,342,354,497,547,184","127,174,63,3,39,163,202,128,155,36",688
3315,103,"683,923,811,383,485,638,379,193,497,37","127,195,3,189,189,154,39,21,128,151",541
966,103,"683,452,184,539,867,383,629,461,770,497","127,146,36,148,155,189,148,155,129,128",510
4238,103,"683,452,811,383,539,405,363,786,731,710","127,146,3,189,148,154,128,154,219,127",521
3693,103,"683,452,811,383,539,405,710,731,867,199","127,146,3,189,148,154,127,219,155,155",463
1674,103,"683,452,884,441,349,638,866,561,184,461","127,146,44,117,127,154,284,63,36,155",640
4816,103,"683,923,203,247,658,342,640,789,246,547","127,195,125,63,195,163,148,156,54,155",550
4352,103,"683,452,811,383,867,405,539,406,314,199","127,146,3,189,155,154,148,127,155,155",535
2677,103,"683,401,14,782,772,37,497,383,710,614","127,174,137,117,126,151,128,189,127,3",796
3486,103,"683,923,705,781,789,379,354,417,638,130","127,195,44,39,156,39,202,165,154,63",702
796,103,"683,923,203,247,658,130,379,677,246,354","127,195,125,63,195,63,39,156,54,202",635
5561,103,"683,923,203,247,658,130,379,677,368,781","127,195,125,63,195,63,39,156,3,39",509
2917,103,"683,923,417,193,368,547,474,105,517,130","127,195,165,21,3,155,3,284,155,63",519
4277,103,"683,923,705,781,789,130,379,638,354,547","127,195,44,39,156,63,39,154,202,155",563
444,103,"683,923,184,193,368,638,130,517,677,438","127,195,36,21,3,154,63,155,156,3",526
2078,103,"683,923,184,193,368,638,438,517,677,547","127,195,36,21,3,154,3,155,156,155",516
2781,103,"683,452,811,539,405,363,786,349,551,738","127,146,3,148,154,128,154,127,195,155",555
1503,103,"683,923,705,37,638,184,193,130,438,417","127,195,44,151,154,36,21,63,3,165",553
2961,103,"683,923,203,247,658,677,354,640,246,379","127,195,125,63,195,156,202,148,54,39",678
2627,103,"452,923,312,533,184,160,137,417,789,379","146,195,148,39,36,39,39,165,156,39",689
4492,103,"683,923,811,383,485,203,379,497,417,789","127,195,3,189,189,125,39,128,165,156",531
4858,103,"683,923,184,485,37,553,638,539,134,137","127,195,36,189,151,117,154,148,155,39",594
1041,103,"683,923,203,247,658,130,379,789,354,246","127,195,125,63,195,63,39,156,202,54",669
987,103,"683,452,811,539,570,867,312,742,59,406","127,146,3,148,117,155,148,164,164,127",690
432,103,"683,452,184,363,658,923,160,547,40,497","127,146,36,128,195,195,39,155,3,128",507
970,103,"683,923,184,193,368,638,438,517,677,290","127,195,36,21,3,154,3,155,156,3",394
6147,103,"683,923,203,247,658,130,379,789,246,769","127,195,125,63,195,63,39,156,54,155",576
1709,103,"683,923,383,485,203,638,379,368,658,247","127,195,189,189,125,154,39,3,195,63",682
4088,103,"452,923,772,3,539,312,199,363,202,24","146,195,126,155,148,148,155,128,153,156",479
5126,103,"683,452,811,539,405,154,202,312,199,248","127,146,3,148,154,164,153,148,155,148",498
464,103,"683,923,203,184,342,705,37,710,209,553","127,195,125,36,163,44,151,127,155,117",608
4325,103,"683,923,811,907,248,731,383,111,154,539","127,195,3,219,148,219,189,155,164,148",571
2211,103,"683,699,184,209,638,517,247,782,674,47","127,170,36,155,154,155,63,117,146,127",717
2618,103,"683,923,811,907,248,731,383,452,184,710","127,195,3,219,148,219,189,146,36,127",586
4940,103,"683,923,203,184,705,37,193,674,438,638","127,195,125,36,44,151,21,146,3,154",601
1823,103,"683,923,203,247,638,674,517,184,705,789","127,195,125,63,154,146,155,36,44,156",612
2795,103,"683,923,184,342,497,547,368,438,638,640","127,195,36,163,128,155,3,3,154,148",510
2949,103,"683,923,203,247,638,184,677,438,485,368","127,195,125,63,154,36,156,3,189,3",600
4827,103,"683,923,417,184,193,368,438,638,547,677","127,195,165,36,21,3,3,154,155,156",412
1788,103,"699,629,417,803,689,438,539,819,485,211","170,148,165,148,128,3,148,3,189,163",187
3462,103,"683,923,705,553,37,417,184,638,517,105","127,195,44,117,151,165,36,154,155,284",539
2322,103,"683,923,811,731,383,497,184,37,553,406","127,195,3,219,189,128,36,151,117,127",693
248,103,"683,452,184,363,417,160,438,738,658,547","127,146,36,128,165,39,3,155,195,155",612
4017,103,"683,452,184,363,551,786,539,312,154,59","127,146,36,128,195,154,148,148,164,164",519
767,103,"683,923,184,193,368,547,438,638,517,130","127,195,36,21,3,155,3,154,155,63",582
4698,103,"683,923,705,37,342,638,184,193,368,130","127,195,44,151,163,154,36,21,3,63",553
35,103,"683,452,811,539,570,867,312,406,59,405","127,146,3,148,117,155,148,127,164,154",620
2148,103,"683,923,184,193,368,638,677,438,547,212","127,195,36,21,3,154,156,3,155,148",520
5579,103,"683,452,811,383,867,405,539,406,314,3","127,146,3,189,155,154,148,127,155,155",585
5580,103,"683,923,203,184,638,485,710,677,160,178","127,195,125,36,154,189,127,156,39,155",608
1109,103,"683,923,811,383,485,3,638,379,290,193","127,195,3,189,189,155,154,39,3,21",555
2923,103,"683,923,811,907,705,37,383,111,209,731","127,195,3,219,44,151,189,155,155,219",669
1172,103,"683,923,184,193,368,547,677,738,474,246","127,195,36,21,3,155,156,155,3,54",506
714,103,"452,923,312,533,3,383,190,238,629,638","146,195,148,39,155,189,163,164,155,148,154",380
5558,103,"683,452,184,539,154,312,405,199,867,314","127,146,36,148,164,148,154,155,155,155",561
3945,103,"683,452,811,383,867,3,238,184,199,731","127,146,3,189,155,155,155,36,155,219",582
730,103,"683,923,705,781,789,130,438,379,638,193","127,195,44,39,156,63,3,39,154,21",572
3475,103,"683,452,811,383,539,405,363,786,710,714","127,146,3,189,148,154,128,154,127,163",547
932,103,"683,923,417,193,368,547,474,130,212,517","127,195,165,21,3,155,3,63,148,155",568
2062,103,"452,923,312,533,383,199,3,614,527,811","146,195,148,39,189,155,155,3,155,3",380
3456,103,"683,923,184,193,368,547,130,677,438,497","127,195,36,21,3,155,63,156,3,128",545
1046,103,"683,923,184,193,368,638,379,474,738,640","127,195,36,21,3,154,39,3,155,148",401
2726,103,"683,923,203,677,417,379,789,246,438,130","127,195,125,156,165,39,156,54,3,63",546
3852,103,"452,638,438,332,379,160,677,247,658,203","146,154,3,154,39,39,156,63,195,125",531
5016,103,"452,383,199,238,190,461,22,811,363,834","146,189,155,155,163,164,155,189,3,128,36",264
3507,104,"683,923,184,193,368,547,438,638,517,130","127,195,36,21,3,155,3,154,155,63",531
5784,104,"683,452,184,539,867,406,314,405,80,629","127,146,36,148,155,127,155,154,155,148",490
5424,104,"683,923,811,907,184,731,383,37,190,209","127,195,3,219,36,219,189,151,163,164,155",535
5481,104,"683,923,705,781,130,193,368,789,178,438","127,195,44,39,63,21,3,156,155,3",553
4511,104,"683,452,811,383,867,884,441,363,349,406","127,146,3,189,155,44,117,128,127,127",612
5430,104,"683,923,203,677,379,193,547,368,342,438","127,195,125,156,39,21,155,3,163,3",546
2873,104,"452,638,923,184,677,547,438,332,738,368","146,154,195,36,156,155,3,154,155,3",477
1235,104,"452,923,312,533,383,363,199,3,238,614","146,195,148,39,189,128,155,155,155,3",494
4355,104,"683,923,705,781,789,379,417,193,368,547","127,195,44,39,156,39,165,21,3,155",586
3184,104,"683,923,811,907,248,111,457,406,410,184","127,195,3,219,148,155,156,127,148,36",535
2179,104,"452,638,923,184,677,547,438,332,738,368","146,154,195,36,156,155,3,154,155,3",352
3210,104,"683,923,184,342,497,130,246,640,769,379","127,195,36,163,128,63,54,148,155,39",544
4486,104,"683,923,184,342,497,130,368,438,379,105","127,195,36,163,128,63,3,3,39,284",519
633,104,"683,452,184,539,867,383,629,461,190,3","127,146,36,148,155,189,148,155,163,164,155",508
1430,104,"683,923,203,417,130,379,789,438,658,342","127,195,125,165,63,39,156,3,195,163",412
1133,104,"452,638,923,383,614,3,199,312,111,527","146,154,195,189,3,155,155,148,155,155",361
5148,104,"683,452,811,383,539,405,199,710,312,867","127,146,3,189,148,154,155,127,148,155",556
64,104,"683,923,184,485,37,553,638,438,290,137","127,195,36,189,151,117,154,3,3,39",494
5501,104,"683,923,184,193,368,547,438,638,517,497","127,195,36,21,3,155,3,154,155,128",463
1584,104,"452,923,312,539,154,363,742,202,614,527","146,195,148,148,164,128,164,153,3,155",413
3104,104,"533,699,789,342,312,485,3,941,457,638","39,170,156,163,148,189,155,154,156,154",363
729,104,"452,923,312,533,383,199,3,614,527,539","146,195,148,39,189,155,155,3,155,148",346
4554,104,"683,923,705,781,789,379,354,769,417,212","127,195,44,39,156,39,202,155,165,148",569
2626,104,"683,923,203,677,193,638,379,368,130,866","127,195,125,156,21,154,39,3,63,284",628
2261,104,"683,452,811,539,570,867,312,238,406,405","127,146,3,148,117,155,148,155,127,154",641
5528,104,"683,923,705,781,789,379,354,769,640,212","127,195,44,39,156,39,202,155,148,148",553
5711,104,"683,923,705,781,789,379,417,547,130,368","127,195,44,39,156,39,165,155,63,3",553
2466,104,"452,638,438,332,379,474,212,640,193,547","146,154,3,154,39,3,148,148,21,155",375
145,104,"683,923,184,193,368,638,677,438,105,547","127,195,36,21,3,154,156,3,284,155",500
5860,104,"452,923,312,59,539,111,811,3,199,80","146,195,148,164,148,155,3,155,155,155",354
5493,104,"683,923,184,193,368,638,438,517,677,513","127,195,36,21,3,154,3,155,156,148",544
3202,104,"683,383,539,312,405,59,163,248,867,199","127,189,148,148,154,164,163,148,155,155",669
541,104,"683,452,184,363,551,738,421,89,547,130","127,146,36,128,195,155,195,42,155,63",528
2883,104,"452,923,312,533,3,383,190,238,379,160","146,195,148,39,155,189,163,164,155,39,39",389
1595,104,"452,705,379,781,923,368,547,513,517,789","146,44,39,39,195,3,155,148,155,156",500
4837,104,"683,452,184,539,383,710,405,867,363,312","127,146,36,148,189,127,154,155,128,148",464
5610,104,"683,452,884,363,547,349,406,354,184,866","127,146,44,128,155,127,127,202,36,284",653
66,104,"683,452,884,614,866,790,539,383,710,867","127,146,44,3,284,148,148,189,127,155",653
5436,104,"683,452,184,539,867,406,314,80,199,629","127,146,36,148,155,127,155,155,155,148",547
2737,104,"683,452,184,539,867,190,406,405,238,80","127,146,36,148,155,163,164,127,154,155,155",535
573,104,"452,638,438,332,379,160,517,105,677,658","146,154,3,154,39,39,155,284,156,195",547
1670,104,"683,923,203,247,638,184,866,677,485,193","127,195,125,63,154,36,284,156,189,21",644
5744,104,"683,923,705,781,789,379,417,547,130,474","127,195,44,39,156,39,165,155,63,3",586
1223,104,"452,638,438,332,547,789,738,658,184,212","146,154,3,154,155,156,155,195,36,148",400
376,104,"683,452,811,539,731,867,742,405,248,406","127,146,3,148,219,155,164,154,148,127",412
2837,104,"683,923,184,193,368,547,130,677,438,137","127,195,36,21,3,155,63,156,3,39",538
2931,104,"683,184,731,3,539,689,312,485,111,410","127,36,219,155,148,128,148,189,155,148",461
1374,104,"683,923,705,781,130,789,379,677,368,547","127,195,44,39,63,156,39,156,3,155",553
2938,104,"683,923,811,731,248,383,312,539,420,111","127,195,3,219,148,189,148,148,153,155",535
1563,104,"683,923,184,342,497,130,246,640,769,379","127,195,36,163,128,63,54,148,155,39",519
3981,104,"683,452,184,539,383,710,405,199,636,867","127,146,36,148,189,127,154,155,56,155",520
1993,104,"683,452,811,383,539,405,363,786,867,312","127,146,3,189,148,154,128,154,155,148",540
4228,104,"683,923,184,193,368,547,677,738,474,212","127,195,36,21,3,155,156,155,3,148",549
934,104,"683,923,203,705,37,674,497,383,105,811","127,195,125,44,151,146,128,189,284,3",577
449,104,"683,923,184,485,37,553,134,811,383,497","127,195,36,189,151,117,155,3,189,128",541
944,104,"452,638,417,332,474,789,379,212,640,769","146,154,165,154,3,156,39,148,148,155",447
3243,104,"683,923,705,781,789,379,354,769,640,212","127,195,44,39,156,39,202,155,148,148",553
889,104,"683,923,811,907,248,731,383,290,184,379","127,195,3,219,148,219,189,3,36,39",519
3540,104,"683,923,203,184,638,485,710,539,731,465","127,195,125,36,154,189,127,148,219,114",553
2861,104,"683,923,184,193,368,547,677,738,474,212","127,195,36,21,3,155,156,155,3,148",412
4748,104,"452,638,438,332,342,247,658,547,640,354","146,154,3,154,163,63,195,155,148,202",521
3532,104,"683,923,417,193,368,547,474,105,517,130","127,195,165,21,3,155,3,284,155,63",528
1764,104,"683,923,184,342,677,485,193,130,368,105","127,195,36,163,156,189,21,63,3,284",541
1614,104,"683,923,203,677,417,379,789,246,438,130","127,195,125,156,165,39,156,54,3,63",571
5452,104,"683,923,811,383,485,3,638,941,772,731","127,195,3,189,189,155,154,154,126,219",519
5139,104,"683,923,184,193,368,547,677,517,638,379","127,195,36,21,3,155,156,155,154,39",472
2840,104,"452,638,438,332,379,474,677,193,658,640","146,154,3,154,39,3,156,21,195,148",355
2905,104,"683,923,811,731,248,539,772,111,410,383","127,195,3,219,148,148,126,155,148,189",628
1538,104,"683,923,184,193,368,677,438,638,379,160","127,195,36,21,3,156,3,154,39,39",494
681,104,"683,923,811,907,184,368,406,290,638,438","127,195,3,219,36,3,127,3,154,3",514
2101,104,"683,452,811,539,731,238,786,383,406,923","127,146,3,148,219,155,154,189,127,195",574
5250,104,"452,923,312,539,811,202,405,111,199,248","146,195,148,148,3,153,154,155,155,148",338
2710,104,"683,452,811,383,867,3,238,363,405,714","127,146,3,189,155,155,155,128,154,163",520
3446,104,"683,923,184,193,368,547,438,105,485,781","127,195,36,21,3,155,3,284,189,39",519
1057,104,"683,452,184,539,867,383,710,614,190,461","127,146,36,148,155,189,127,3,163,164,155",543
671,104,"683,452,811,383,867,3,238,363,354,349","127,146,3,189,155,155,155,128,202,127",460
185,104,"683,383,539,312,405,199,636,710,867,742","127,189,148,148,154,155,56,127,155,164",720
622,104,"683,452,811,539,731,867,405,363,421,312","127,146,3,148,219,155,154,128,195,148",535
2367,104,"452,923,312,59,539,363,24,787,405,202","146,195,148,164,148,128,156,148,154,153",398
717,104,"683,699,130,246,638,379,769,354,640,268","127,170,63,54,154,39,155,202,148,61",461
5110,104,"452,923,312,533,383,461,3,379,677,811","146,195,148,39,189,155,155,39,156,3",349
2548,104,"452,638,342,332,547,368,193,212,789,640","146,154,163,154,155,3,21,148,156,148",228
5210,104,"683,923,184,193,368,547,130,246,738,789","127,195,36,21,3,155,63,54,155,156",523
2654,104,"683,452,811,539,570,867,3,383,312,199","127,146,3,148,117,155,155,189,148,155",541
5074,104,"683,923,705,781,789,379,354,769,640,212","127,195,44,39,156,39,202,155,148,148",553
4457,104,"683,923,811,731,248,539,111,420,59,867","127,195,3,219,148,148,155,153,164,155",690
1462,104,"683,923,417,193,485,342,130,137,379,497","127,195,165,21,189,163,63,39,39,128",554
1213,104,"683,923,705,781,789,379,130,677,547,368","127,195,44,39,156,39,63,156,155,3",644
1760,104,"683,923,203,184,383,811,485,37,193,379","127,195,125,36,189,3,189,151,21,39",600
1298,104,"452,923,312,533,184,539,811,383,629,417","146,195,148,39,36,148,3,189,148,165",430
2094,104,"683,923,203,184,383,811,37,539,731,907","127,195,125,36,189,3,151,148,219,219",537
3549,104,"683,811,539,731,884,441,363,923,170,406","127,3,148,219,44,117,128,195,39,127",633
5694,104,"683,923,811,731,383,497,184,3,629,111","127,195,3,219,189,128,36,155,148,155",606
112,104,"683,699,126,209,705,923,638,203,247,782","127,170,165,155,44,195,154,125,63,117",749
3791,104,"683,452,866,710,561,614,539,383,190,184","127,146,284,127,63,3,148,189,163,164,36",639
1269,104,"452,638,417,332,789,547,130,640,658,474","146,154,165,154,156,155,63,148,195,3",476
4216,104,"683,923,705,781,789,379,130,193,547,640","127,195,44,39,156,39,63,21,155,148",553
1837,104,"683,923,184,485,710,383,638,517,497,193","127,195,36,189,127,189,154,155,128,21",499
2380,104,"683,452,811,539,731,867,363,312,383,405","127,146,3,148,219,155,128,148,189,154",535
2786,104,"683,923,203,247,658,130,379,789,354,246","127,195,125,63,195,63,39,156,202,54",691
3513,104,"452,638,417,184,438,203,105,160,290,193","146,154,165,36,3,125,284,39,3,21",523
111,104,"683,923,203,247,658,130,379,677,368,781","127,195,125,63,195,63,39,156,3,39",598
4671,104,"683,923,705,781,789,379,354,769,640,638","127,195,44,39,156,39,202,155,148,154",553
1507,104,"683,452,184,539,383,710,405,867,312,421","127,146,36,148,189,127,154,155,148,195",634
3266,104,"683,452,811,539,731,238,406,867,405,363","127,146,3,148,219,155,127,155,154,128",579
3187,104,"452,137,677,160,368,923,485,379,513,438","146,39,156,39,3,195,189,39,148,3",374
5211,104,"683,923,184,485,710,539,811,383,941,638","127,195,36,189,127,148,3,189,154,154",541
2831,104,"452,638,923,383,3,770,290,772,811,614","146,154,195,189,155,129,3,126,3,3",513
2347,104,"683,923,705,553,184,638,342,438,517,193","127,195,44,117,36,154,163,3,155,21",555
5507,104,"683,923,184,193,368,638,677,485,130,438","127,195,36,21,3,154,156,189,63,3",519
5544,104,"683,923,203,184,705,37,710,160,209,866","127,195,125,36,44,151,127,39,155,284",720
2914,104,"683,452,811,539,570,383,405,199,867,406","127,146,3,148,117,189,154,155,155,127",559
5496,104,"683,452,811,539,731,867,742,405,248,406","127,146,3,148,219,155,164,154,148,127",530
1138,104,"683,452,811,539,731,238,406,383,312,533","127,146,3,148,219,155,127,189,148,39",535
4419,104,"683,923,203,247,638,674,517,705,789,379","127,195,125,63,154,146,155,44,156,39",627
3276,104,"683,923,417,184,193,368,105,677,638,517","127,195,165,36,21,3,284,156,154,155",569
1047,104,"683,401,699,417,438,923,203,133,731,866","127,174,170,165,3,195,125,163,219,284",782
2918,104,"683,923,203,184,383,811,37,485,705,789","127,195,125,36,189,3,151,189,44,156",634
1378,104,"683,452,811,539,405,363,312,421,786,867","127,146,3,148,154,128,148,195,154,155",588
1389,104,"683,452,811,383,867,405,539,406,314,3","127,146,3,189,155,154,148,127,155,155",618
4400,104,"683,923,203,247,638,674,517,705,789,342","127,195,125,63,154,146,155,44,156,163",654
565,104,"683,923,705,553,184,638,290,37,193,342","127,195,44,117,36,154,3,151,21,163",640
5627,104,"683,452,811,539,405,363,786,199,884,312","127,146,3,148,154,128,154,155,44,148",669
5456,104,"683,452,811,383,539,405,884,867,786,199","127,146,3,189,148,154,44,155,154,155",611
123,104,"683,184,811,383,485,3,731,638,629,497","127,36,3,189,189,155,219,154,148,128",466
3482,104,"683,452,184,363,551,738,421,89,786,349","127,146,36,128,195,155,195,42,154,127",547
6033,104,"683,452,884,441,406,923,363,398,80,349","127,146,44,117,127,195,128,270,155,127",661
5560,104,"683,452,811,539,405,202,312,731,199,248","127,146,3,148,154,153,148,219,155,148",616
4723,104,"683,452,184,539,867,406,314,405,3,238","127,146,36,148,155,127,155,154,155,155",498
1525,104,"683,452,184,539,383,710,405,199,636,867","127,146,36,148,189,127,154,155,56,155",600
3854,104,"683,923,811,383,614,731,37,710,452,772","127,195,3,189,3,219,151,127,146,126",544
184,104,"683,923,203,184,705,37,710,160,290,438","127,195,125,36,44,151,127,39,3,3",645
1025,104,"683,923,811,907,184,731,248,312,539,383","127,195,3,219,36,219,148,148,148,189",535
4422,104,"683,923,417,193,368,547,474,212,379,332","127,195,165,21,3,155,3,148,39,154",374
2100,104,"452,383,312,533,811,539,614,59,3,867","146,189,148,39,3,148,3,164,155,155",371
2034,104,"452,923,312,533,184,539,811,190,410,383","146,195,148,39,36,148,3,163,164,148,189",485
1554,104,"683,923,203,184,705,781,789,379,246,354","127,195,125,36,44,39,156,39,54,202",612
3938,104,"683,401,130,438,781,184,485,923,789,638","127,174,63,3,39,36,189,195,156,154",688
3315,104,"683,923,811,383,485,638,379,193,497,37","127,195,3,189,189,154,39,21,128,151",541
966,104,"683,452,184,539,867,383,629,461,770,497","127,146,36,148,155,189,148,155,129,128",510
4238,104,"683,452,811,383,539,405,363,786,731,710","127,146,3,189,148,154,128,154,219,127",521
3693,104,"683,452,811,383,539,405,710,731,867,199","127,146,3,189,148,154,127,219,155,155",463
1674,104,"683,452,884,441,349,638,866,561,184,461","127,146,44,117,127,154,284,63,36,155",640
4816,104,"683,923,203,247,658,342,640,789,246,547","127,195,125,63,195,163,148,156,54,155",550
4352,104,"683,452,811,383,867,405,539,406,314,199","127,146,3,189,155,154,148,127,155,155",535
2677,104,"683,401,14,782,772,37,497,383,710,614","127,174,137,117,126,151,128,189,127,3",796
3486,104,"683,923,705,781,789,379,354,417,638,130","127,195,44,39,156,39,202,165,154,63",702
796,104,"683,923,203,247,658,130,379,342,497,640","127,195,125,63,195,63,39,163,128,148",635
5561,104,"683,923,203,247,658,130,379,677,368,781","127,195,125,63,195,63,39,156,3,39",509
2917,104,"683,923,417,193,368,547,474,105,517,342","127,195,165,21,3,155,3,284,155,163",519
4277,104,"683,923,705,781,789,130,379,342,354,438","127,195,44,39,156,63,39,163,202,3",563
444,104,"683,923,184,193,368,638,130,517,677,438","127,195,36,21,3,154,63,155,156,3",526
2078,104,"683,923,417,184,193,485,368,438,105,638","127,195,165,36,21,189,3,3,284,154",516
2781,104,"683,452,811,539,405,363,786,349,551,738","127,146,3,148,154,128,154,127,195,155",555
1503,104,"683,923,705,37,638,184,193,130,438,379","127,195,44,151,154,36,21,63,3,39",553
2961,104,"683,923,203,247,658,677,342,368,130,417","127,195,125,63,195,156,163,3,63,165",678
2627,104,"452,923,312,533,184,160,137,417,789,379","146,195,148,39,36,39,39,165,156,39",689
4492,104,"683,923,811,383,485,203,379,497,417,789","127,195,3,189,189,125,39,128,165,156",531
4858,104,"683,923,184,485,37,553,638,539,134,137","127,195,36,189,151,117,154,148,155,39",594
1041,104,"683,923,203,247,658,130,379,789,354,246","127,195,125,63,195,63,39,156,202,54",669
987,104,"683,452,811,539,570,163,406,321,861,867","127,146,3,148,117,163,127,127,135,155",690
432,104,"683,452,184,363,658,923,160,547,40,497","127,146,36,128,195,195,39,155,3,128",507
970,104,"683,923,184,193,368,638,438,517,677,290","127,195,36,21,3,154,3,155,156,3",394
6147,104,"683,923,203,247,658,130,379,789,246,769","127,195,125,63,195,63,39,156,54,155",576
1709,104,"683,923,383,485,203,638,379,368,658,247","127,195,189,189,125,154,39,3,195,63",682
4088,104,"452,923,772,3,539,154,363,312,199,405","146,195,126,155,148,164,128,148,155,154",479
5126,104,"683,452,811,539,405,202,312,199,731,248","127,146,3,148,154,153,148,155,219,148",498
464,104,"683,923,203,184,705,37,710,160,290,638","127,195,125,36,44,151,127,39,3,154",608
4325,104,"683,923,811,907,248,731,383,111,539,3","127,195,3,219,148,219,189,155,148,155",571
2211,104,"683,699,184,209,638,517,247,782,674,47","127,170,36,155,154,155,63,117,146,127",717
2618,104,"683,923,811,907,248,731,383,452,184,710","127,195,3,219,148,219,189,146,36,127",586
4940,104,"683,923,203,184,705,37,193,674,438,638","127,195,125,36,44,151,21,146,3,154",601
1823,104,"683,923,203,247,638,674,517,184,705,789","127,195,125,63,154,146,155,36,44,156",612
2795,104,"683,923,184,342,497,547,368,438,638,640","127,195,36,163,128,155,3,3,154,148",510
2949,104,"683,923,203,247,638,184,677,438,485,368","127,195,125,63,154,36,156,3,189,3",600
4827,104,"683,923,417,184,193,368,438,638,547,677","127,195,165,36,21,3,3,154,155,156",412
1788,104,"699,629,126,539,803,689,438,742,485,819","170,148,165,148,148,128,3,164,189,3",187
3462,104,"683,923,705,553,37,342,497,638,379,105","127,195,44,117,151,163,128,154,39,284",539
2322,104,"683,923,811,731,383,497,184,37,553,406","127,195,3,219,189,128,36,151,117,127",693
248,104,"683,452,184,363,438,547,354,160,738,497","127,146,36,128,3,155,202,39,155,128",612
4017,104,"683,452,184,363,551,786,539,312,59,405","127,146,36,128,195,154,148,148,164,154",519
767,104,"683,923,417,193,368,547,474,130,638,517","127,195,165,21,3,155,3,63,154,155",582
4698,104,"683,923,705,37,638,184,193,130,438,368","127,195,44,151,154,36,21,63,3,3",553
35,104,"683,452,811,539,570,867,312,406,59,405","127,146,3,148,117,155,148,127,164,154",620
2148,104,"683,923,184,193,368,638,677,438,547,212","127,195,36,21,3,154,156,3,155,148",520
5579,104,"683,452,811,383,867,405,539,406,314,3","127,146,3,189,155,154,148,127,155,155",585
5580,104,"683,923,203,184,342,638,37,677,485,731","127,195,125,36,163,154,151,156,189,219",608
1109,104,"683,923,811,383,485,3,638,379,290,193","127,195,3,189,189,155,154,39,3,21",555
2923,104,"683,923,811,907,705,37,383,111,209,731","127,195,3,219,44,151,189,155,155,219",669
1172,104,"683,923,184,193,368,547,677,738,474,246","127,195,36,21,3,155,156,155,3,54",506
714,104,"452,923,312,533,3,383,714,638,379,465","146,195,148,39,155,189,163,154,39,114",380
5558,104,"683,452,184,539,383,629,867,202,199,405","127,146,36,148,189,148,155,153,155,154",561
3945,104,"683,452,811,383,867,3,238,184,714,731","127,146,3,189,155,155,155,36,163,219",582
730,104,"683,923,705,781,789,130,438,379,638,193","127,195,44,39,156,63,3,39,154,21",572
3475,104,"683,452,811,383,539,405,363,786,710,238","127,146,3,189,148,154,128,154,127,155",547
932,104,"683,923,184,342,497,130,368,547,438,137","127,195,36,163,128,63,3,155,3,39",568
2062,104,"452,923,312,533,383,199,3,614,527,811","146,195,148,39,189,155,155,3,155,3",380
3456,104,"683,923,417,193,368,547,474,130,638,640","127,195,165,21,3,155,3,63,154,148",545
1046,104,"683,923,184,193,368,638,379,474,738,640","127,195,36,21,3,154,39,3,155,148",401
2726,104,"683,923,203,677,379,789,738,638,640,547","127,195,125,156,39,156,155,154,148,155",546
3852,104,"452,638,417,184,383,629,461,160,290,485","146,154,165,36,189,148,155,39,3,189",531
5016,104,"452,383,199,238,190,461,22,811,363,834","146,189,155,155,163,164,155,189,3,128,36",264
3507,105,"683,923,184,193,368,547,438,638,517,130","127,195,36,21,3,155,3,154,155,63",531
5784,105,"683,452,184,539,867,406,314,405,59,199","127,146,36,148,155,127,155,154,164,155",490
5424,105,"683,923,811,907,184,731,383,37,190,209","127,195,3,219,36,219,189,151,163,164,155",535
5481,105,"683,923,705,781,130,193,368,789,178,438","127,195,44,39,63,21,3,156,155,3",553
4511,105,"683,452,811,383,867,884,441,363,349,406","127,146,3,189,155,44,117,128,127,127",612
5430,105,"683,923,203,677,379,193,547,368,517,497","127,195,125,156,39,21,155,3,155,128",546
2873,105,"452,638,923,184,677,547,438,332,738,368","146,154,195,36,156,155,3,154,155,3",477
1235,105,"452,923,312,533,383,363,199,3,238,614","146,195,148,39,189,128,155,155,155,3",494
4355,105,"683,923,705,781,789,379,130,193,547,640","127,195,44,39,156,39,63,21,155,148",586
3184,105,"683,923,811,907,248,111,457,406,410,184","127,195,3,219,148,155,156,127,148,36",535
2179,105,"452,638,923,184,677,547,438,332,738,368","146,154,195,36,156,155,3,154,155,3",352
3210,105,"683,923,184,193,368,547,130,246,640,769","127,195,36,21,3,155,63,54,148,155",544
4486,105,"683,923,184,193,368,677,485,290,160,130","127,195,36,21,3,156,189,3,39,63",519
633,105,"683,452,184,539,867,383,629,461,770,497","127,146,36,148,155,189,148,155,129,128",508
1430,105,"683,923,203,130,658,438,640,513,379,789","127,195,125,63,195,3,148,148,39,156",412
1133,105,"452,638,923,383,614,3,199,312,742,111","146,154,195,189,3,155,155,148,164,155",361
5148,105,"683,452,811,383,539,405,59,312,199,731","127,146,3,189,148,154,164,148,155,219",556
64,105,"683,923,184,485,37,553,638,438,290,137","127,195,36,189,151,117,154,3,3,39",494
5501,105,"683,923,184,193,368,547,438,638,517,497","127,195,36,21,3,155,3,154,155,128",463
1584,105,"452,923,312,539,811,202,405,867,363,614","146,195,148,148,3,153,154,155,128,3",413
3104,105,"533,699,789,638,539,340,938,689,527,457","39,170,156,154,148,181,155,128,155,156",363
729,105,"452,923,312,533,383,199,3,614,527,539","146,195,148,39,189,155,155,3,155,148",346
4554,105,"683,923,705,781,789,379,354,769,417,212","127,195,44,39,156,39,202,155,165,148",569
2626,105,"683,923,203,677,417,130,193,379,368,497","127,195,125,156,165,63,21,39,3,128",628
2261,105,"683,452,811,539,570,163,867,312,772,248","127,146,3,148,117,163,155,148,126,148",641
5528,105,"683,923,705,781,789,379,354,769,640,212","127,195,44,39,156,39,202,155,148,148",553
5711,105,"683,923,705,781,789,379,130,677,547,368","127,195,44,39,156,39,63,156,155,3",553
2466,105,"452,638,438,332,342,547,640,658,379,212","146,154,3,154,163,155,148,195,39,148",375
145,105,"683,923,417,193,368,438,184,547,105,517","127,195,165,21,3,3,36,155,284,155",500
5860,105,"452,923,312,59,539,111,811,3,199,80","146,195,148,164,148,155,3,155,155,155",354
5493,105,"683,923,417,193,485,342,130,738,212,497","127,195,165,21,189,163,63,155,148,128",544
3202,105,"683,383,539,312,405,199,731,154,202,867","127,189,148,148,154,155,219,164,153,155",669
541,105,"683,452,184,363,551,738,421,89,547,130","127,146,36,128,195,155,195,42,155,63",528
2883,105,"452,923,312,533,3,383,190,238,379,160","146,195,148,39,155,189,163,164,155,39,39",389
1595,105,"452,705,379,781,923,368,547,513,517,789","146,44,39,39,195,3,155,148,155,156",500
4837,105,"683,452,184,539,383,710,405,867,363,312","127,146,36,148,189,127,154,155,128,148",464
5610,105,"683,452,884,363,547,349,406,354,184,866","127,146,44,128,155,127,127,202,36,284",653
66,105,"683,452,884,614,866,790,539,383,710,867","127,146,44,3,284,148,148,189,127,155",653
5436,105,"683,452,184,539,867,190,406,405,238,80","127,146,36,148,155,163,164,127,154,155,155",547
2737,105,"683,452,184,539,867,190,406,405,238,80","127,146,36,148,155,163,164,127,154,155,155",535
573,105,"452,638,438,332,379,160,517,105,677,658","146,154,3,154,39,39,155,284,156,195",547
1670,105,"683,923,203,247,638,184,866,677,485,193","127,195,125,63,154,36,284,156,189,21",644
5744,105,"683,923,705,781,789,379,417,547,130,474","127,195,44,39,156,39,165,155,63,3",586
1223,105,"452,638,438,332,547,789,738,658,184,212","146,154,3,154,155,156,155,195,36,148",400
376,105,"683,452,811,539,731,867,405,59,312,406","127,146,3,148,219,155,154,164,148,127",412
2837,105,"683,923,184,193,368,547,130,677,438,137","127,195,36,21,3,155,63,156,3,39",538
2931,105,"683,184,731,3,539,689,312,485,111,410","127,36,219,155,148,128,148,189,155,148",461
1374,105,"683,923,705,781,130,789,379,677,368,547","127,195,44,39,63,156,39,156,3,155",553
2938,105,"683,923,811,731,248,383,312,539,420,111","127,195,3,219,148,189,148,148,153,155",535
1563,105,"683,923,417,193,368,547,474,130,246,769","127,195,165,21,3,155,3,63,54,155",519
3981,105,"683,452,184,539,154,629,867,383,312,710","127,146,36,148,164,148,155,189,148,127",520
1993,105,"683,452,811,383,539,405,363,786,867,312","127,146,3,189,148,154,128,154,155,148",540
4228,105,"683,923,184,342,497,547,379,137,105,677","127,195,36,163,128,155,39,39,284,156",549
934,105,"683,923,203,705,37,674,497,383,105,811","127,195,125,44,151,146,128,189,284,3",577
449,105,"683,923,184,485,37,553,134,811,383,497","127,195,36,189,151,117,155,3,189,128",541
944,105,"452,638,417,332,474,789,379,212,640,769","146,154,165,154,3,156,39,148,148,155",447
3243,105,"683,923,705,781,789,379,354,769,640,212","127,195,44,39,156,39,202,155,148,148",553
889,105,"683,923,811,907,248,731,383,290,184,379","127,195,3,219,148,219,189,3,36,39",519
3540,105,"683,923,203,184,638,485,710,539,731,465","127,195,125,36,154,189,127,148,219,114",553
2861,105,"683,923,184,193,368,547,677,738,474,212","127,195,36,21,3,155,156,155,3,148",412
4748,105,"452,638,438,332,379,474,789,640,212,130","146,154,3,154,39,3,156,148,148,63",521
3532,105,"683,923,184,193,368,547,438,105,517,638","127,195,36,21,3,155,3,284,155,154",528
1764,105,"683,923,184,193,368,547,438,105,485,781","127,195,36,21,3,155,3,284,189,39",541
1614,105,"683,923,203,677,379,789,738,638,640,547","127,195,125,156,39,156,155,154,148,155",571
5452,105,"683,923,811,383,485,3,638,941,772,731","127,195,3,189,189,155,154,154,126,219",519
5139,105,"683,923,184,193,368,547,677,517,638,379","127,195,36,21,3,155,156,155,154,39",472
2840,105,"452,638,417,184,438,547,640,677,160,368","146,154,165,36,3,155,148,156,39,3",355
2905,105,"683,923,811,731,248,539,772,111,410,383","127,195,3,219,148,148,126,155,148,189",628
1538,105,"683,923,417,193,485,638,368,438,246,677","127,195,165,21,189,154,3,3,54,156",494
681,105,"683,923,811,907,184,368,406,290,638,438","127,195,3,219,36,3,127,3,154,3",514
2101,105,"683,452,811,539,731,238,786,383,406,923","127,146,3,148,219,155,154,189,127,195",574
5250,105,"452,923,312,539,811,202,405,111,199,248","146,195,148,148,3,153,154,155,155,148",338
2710,105,"683,452,811,383,867,3,238,363,405,938","127,146,3,189,155,155,155,128,154,155",520
3446,105,"683,923,184,193,368,547,438,105,485,781","127,195,36,21,3,155,3,284,189,39",519
1057,105,"683,452,184,539,867,383,710,614,190,461","127,146,36,148,155,189,127,3,163,164,155",543
671,105,"683,452,811,383,867,3,238,363,354,349","127,146,3,189,155,155,155,128,202,127",460
185,105,"683,383,539,312,405,59,199,867,406,80","127,189,148,148,154,164,155,155,127,155",720
622,105,"683,452,811,539,731,867,405,363,421,312","127,146,3,148,219,155,154,128,195,148",535
2367,105,"452,923,312,539,811,363,383,3,199,867","146,195,148,148,3,128,189,155,155,155",398
717,105,"683,699,130,246,417,354,769,379,640,268","127,170,63,54,165,202,155,39,148,61",461
5110,105,"452,923,312,533,383,461,3,379,677,811","146,195,148,39,189,155,155,39,156,3",349
2548,105,"452,638,547,368,332,789,193,37,212,474","146,154,155,3,154,156,21,151,148,3",228
5210,105,"683,923,184,193,368,547,130,246,738,789","127,195,36,21,3,155,63,54,155,156",523
2654,105,"683,452,811,539,570,867,3,383,312,199","127,146,3,148,117,155,155,189,148,155",541
5074,105,"683,923,705,781,789,379,354,769,640,212","127,195,44,39,156,39,202,155,148,148",553
4457,105,"683,923,811,731,248,539,111,420,154,202","127,195,3,219,148,148,155,153,164,153",690
1462,105,"683,923,184,193,368,638,438,517,677,547","127,195,36,21,3,154,3,155,156,155",554
1213,105,"683,923,705,781,789,379,417,547,130,368","127,195,44,39,156,39,165,155,63,3",644
1760,105,"683,923,203,184,383,811,485,37,193,379","127,195,125,36,189,3,189,151,21,39",600
1298,105,"452,923,312,533,184,539,811,383,629,461","146,195,148,39,36,148,3,189,148,155",430
2094,105,"683,923,203,184,383,811,37,539,731,907","127,195,125,36,189,3,151,148,219,219",537
3549,105,"683,811,539,731,884,441,363,923,170,406","127,3,148,219,44,117,128,195,39,127",633
5694,105,"683,923,811,731,383,497,184,3,629,111","127,195,3,219,189,128,36,155,148,155",606
112,105,"683,699,126,209,705,923,638,203,247,782","127,170,165,155,44,195,154,125,63,117",749
3791,105,"683,452,866,710,561,614,539,383,184,417","127,146,284,127,63,3,148,189,36,165",639
1269,105,"452,638,438,332,547,789,640,130,658,212","146,154,3,154,155,156,148,63,195,148",476
4216,105,"683,923,705,781,789,379,417,547,130,342","127,195,44,39,156,39,165,155,63,163",553
1837,105,"683,923,184,485,710,383,638,517,497,193","127,195,36,189,127,189,154,155,128,21",499
2380,105,"683,452,811,539,731,867,363,312,383,405","127,146,3,148,219,155,128,148,189,154",535
2786,105,"683,923,203,247,658,130,379,789,354,246","127,195,125,63,195,63,39,156,202,54",691
3513,105,"452,638,438,332,342,547,640,658,379,130","146,154,3,154,163,155,148,195,39,63",523
111,105,"683,923,203,247,658,130,379,677,368,781","127,195,125,63,195,63,39,156,3,39",598
4671,105,"683,923,705,781,789,379,354,769,640,638","127,195,44,39,156,39,202,155,148,154",553
1507,105,"683,452,184,539,383,710,405,867,312,421","127,146,36,148,189,127,154,155,148,195",634
3266,105,"683,452,811,539,731,238,406,867,405,363","127,146,3,148,219,155,127,155,154,128",579
3187,105,"452,137,677,160,368,923,417,184,517,513","146,39,156,39,3,195,165,36,155,148",374
5211,105,"683,923,184,485,710,539,811,383,941,638","127,195,36,189,127,148,3,189,154,154",541
2831,105,"452,638,923,383,3,770,290,772,811,614","146,154,195,189,155,129,3,126,3,3",513
2347,105,"683,923,705,553,184,638,342,438,517,193","127,195,44,117,36,154,163,3,155,21",555
5507,105,"683,923,184,193,368,638,677,485,130,438","127,195,36,21,3,154,156,189,63,3",519
5544,105,"683,923,203,184,705,37,710,160,209,866","127,195,125,36,44,151,127,39,155,284",720
2914,105,"683,452,811,539,570,383,405,199,867,406","127,146,3,148,117,189,154,155,155,127",559
5496,105,"683,452,811,539,731,867,405,59,312,406","127,146,3,148,219,155,154,164,148,127",530
1138,105,"683,452,811,539,731,238,406,383,312,533","127,146,3,148,219,155,127,189,148,39",535
4419,105,"683,923,203,247,638,674,517,705,789,379","127,195,125,63,154,146,155,44,156,39",627
3276,105,"683,923,184,342,497,130,246,738,438,368","127,195,36,163,128,63,54,155,3,3",569
1047,105,"683,401,699,438,923,203,126,133,731,209","127,174,170,3,195,125,165,163,219,155",782
2918,105,"683,923,203,184,383,811,37,485,705,789","127,195,125,36,189,3,151,189,44,156",634
1378,105,"683,452,811,539,405,363,312,421,786,867","127,146,3,148,154,128,148,195,154,155",588
1389,105,"683,452,811,383,867,405,539,406,314,3","127,146,3,189,155,154,148,127,155,155",618
4400,105,"683,923,203,247,638,674,517,705,789,342","127,195,125,63,154,146,155,44,156,163",654
565,105,"683,923,705,553,184,638,290,37,193,342","127,195,44,117,36,154,3,151,21,163",640
5627,105,"683,452,811,539,405,363,786,199,884,312","127,146,3,148,154,128,154,155,44,148",669
5456,105,"683,452,811,383,539,405,884,867,786,199","127,146,3,189,148,154,44,155,154,155",611
123,105,"683,184,811,383,485,3,731,638,629,497","127,36,3,189,189,155,219,154,148,128",466
3482,105,"683,452,184,363,551,738,421,89,786,349","127,146,36,128,195,155,195,42,154,127",547
6033,105,"683,452,884,441,406,923,363,398,80,349","127,146,44,117,127,195,128,270,155,127",661
5560,105,"683,452,811,539,405,202,312,731,199,248","127,146,3,148,154,153,148,219,155,148",616
4723,105,"683,452,184,539,867,406,314,405,3,238","127,146,36,148,155,127,155,154,155,155",498
1525,105,"683,452,184,539,383,710,405,199,636,867","127,146,36,148,189,127,154,155,56,155",600
3854,105,"683,923,811,383,614,731,37,710,452,772","127,195,3,189,3,219,151,127,146,126",544
184,105,"683,923,203,184,705,37,710,160,290,438","127,195,125,36,44,151,127,39,3,3",645
1025,105,"683,923,811,907,184,731,248,312,539,383","127,195,3,219,36,219,148,148,148,189",535
4422,105,"683,923,184,193,368,547,677,738,474,212","127,195,36,21,3,155,156,155,3,148",374
2100,105,"452,383,312,533,811,539,614,3,867,199","146,189,148,39,3,148,3,155,155,155",371
2034,105,"452,923,312,533,184,539,811,190,410,383","146,195,148,39,36,148,3,163,164,148,189",485
1554,105,"683,923,203,184,705,781,789,379,246,354","127,195,125,36,44,39,156,39,54,202",612
3938,105,"683,401,130,417,438,781,638,923,485,789","127,174,63,165,3,39,154,195,189,156",688
3315,105,"683,923,811,383,485,638,379,193,497,37","127,195,3,189,189,154,39,21,128,151",541
966,105,"683,452,184,539,867,383,629,461,770,497","127,146,36,148,155,189,148,155,129,128",510
4238,105,"683,452,811,383,539,405,363,786,731,710","127,146,3,189,148,154,128,154,219,127",521
3693,105,"683,452,811,383,539,405,710,731,867,199","127,146,3,189,148,154,127,219,155,155",463
1674,105,"683,452,884,441,349,638,866,561,184,461","127,146,44,117,127,154,284,63,36,155",640
4816,105,"683,923,203,247,658,342,640,789,246,547","127,195,125,63,195,163,148,156,54,155",550
4352,105,"683,452,811,383,867,405,539,406,314,199","127,146,3,189,155,154,148,127,155,155",535
2677,105,"683,401,14,782,772,37,497,383,710,614","127,174,137,117,126,151,128,189,127,3",796
3486,105,"683,923,705,781,789,379,354,417,638,130","127,195,44,39,156,39,202,165,154,63",702
796,105,"683,923,203,247,658,130,379,677,246,354","127,195,125,63,195,63,39,156,54,202",635
5561,105,"683,923,203,247,658,130,379,342,368,677","127,195,125,63,195,63,39,163,3,156",509
2917,105,"683,923,184,485,37,368,105,130,438,134","127,195,36,189,151,3,284,63,3,155",519
4277,105,"683,923,705,781,789,130,379,638,354,547","127,195,44,39,156,63,39,154,202,155",563
444,105,"683,923,184,193,368,638,130,517,677,438","127,195,36,21,3,154,63,155,156,3",526
2078,105,"683,923,184,193,368,638,438,517,677,547","127,195,36,21,3,154,3,155,156,155",516
2781,105,"683,452,811,539,405,363,786,349,551,738","127,146,3,148,154,128,154,127,195,155",555
1503,105,"683,923,705,37,638,184,193,130,438,417","127,195,44,151,154,36,21,63,3,165",553
2961,105,"683,923,203,247,658,677,354,640,246,379","127,195,125,63,195,156,202,148,54,39",678
2627,105,"452,923,312,533,184,160,137,417,789,379","146,195,148,39,36,39,39,165,156,39",689
4492,105,"683,923,811,383,485,203,379,497,677,368","127,195,3,189,189,125,39,128,156,3",531
4858,105,"683,923,417,184,485,553,37,731,438,209","127,195,165,36,189,117,151,219,3,155",594
1041,105,"683,923,203,247,658,130,379,789,354,246","127,195,125,63,195,63,39,156,202,54",669
987,105,"683,452,811,539,570,163,406,321,861,867","127,146,3,148,117,163,127,127,135,155",690
432,105,"683,452,184,363,658,923,160,547,40,497","127,146,36,128,195,195,39,155,3,128",507
970,105,"683,923,417,184,193,485,368,438,638,677","127,195,165,36,21,189,3,3,154,156",394
6147,105,"683,923,203,247,658,130,379,789,246,769","127,195,125,63,195,63,39,156,54,155",576
1709,105,"683,923,383,485,203,638,379,368,658,247","127,195,189,189,125,154,39,3,195,63",682
4088,105,"452,923,772,3,539,154,363,312,199,405","146,195,126,155,148,164,128,148,155,154",479
5126,105,"683,452,811,539,405,154,202,312,199,248","127,146,3,148,154,164,153,148,155,148",498
464,105,"683,923,203,184,705,37,710,160,290,638","127,195,125,36,44,151,127,39,3,154",608
4325,105,"683,923,811,907,248,731,383,111,539,3","127,195,3,219,148,219,189,155,148,155",571
2211,105,"683,699,184,209,638,517,247,782,674,47","127,170,36,155,154,155,63,117,146,127",717
2618,105,"683,923,811,907,248,731,383,452,184,710","127,195,3,219,148,219,189,146,36,127",586
4940,105,"683,923,203,184,705,37,193,674,438,638","127,195,125,36,44,151,21,146,3,154",601
1823,105,"683,923,203,247,638,674,517,184,705,789","127,195,125,63,154,146,155,36,44,156",612
2795,105,"683,923,184,193,368,547,438,638,517,497","127,195,36,21,3,155,3,154,155,128",510
2949,105,"683,923,203,247,638,184,677,438,485,368","127,195,125,63,154,36,156,3,189,3",600
4827,105,"683,923,184,193,368,547,677,738,474,212","127,195,36,21,3,155,156,155,3,148",412
1788,105,"699,629,539,689,438,803,485,819,35,410","170,148,148,128,3,148,189,3,163,148",187
3462,105,"683,923,705,553,37,638,517,674,105,497","127,195,44,117,151,154,155,146,284,128",539
2322,105,"683,923,811,731,383,497,184,37,553,406","127,195,3,219,189,128,36,151,117,127",693
248,105,"683,452,184,363,417,160,438,738,658,547","127,146,36,128,165,39,3,155,195,155",612
4017,105,"683,452,184,363,551,786,539,312,154,526","127,146,36,128,195,154,148,148,164,63",519
767,105,"683,923,184,193,368,547,438,638,517,130","127,195,36,21,3,155,3,154,155,63",582
4698,105,"683,923,705,37,638,184,193,130,438,368","127,195,44,151,154,36,21,63,3,3",553
35,105,"683,452,811,539,570,163,406,321,405,238","127,146,3,148,117,163,127,127,154,155",620
2148,105,"683,923,184,193,368,638,677,438,547,212","127,195,36,21,3,154,156,3,155,148",520
5579,105,"683,452,811,383,867,405,539,406,314,3","127,146,3,189,155,154,148,127,155,155",585
5580,105,"683,923,203,184,342,638,37,677,485,731","127,195,125,36,163,154,151,156,189,219",608
1109,105,"683,923,811,383,485,3,638,379,290,193","127,195,3,189,189,155,154,39,3,21",555
2923,105,"683,923,811,907,705,37,383,111,209,731","127,195,3,219,44,151,189,155,155,219",669
1172,105,"683,923,184,193,368,547,677,738,474,246","127,195,36,21,3,155,156,155,3,54",506
714,105,"452,923,312,533,3,383,238,199,867,314","146,195,148,39,155,189,155,155,155,155",380
5558,105,"683,452,184,539,383,629,867,202,199,405","127,146,36,148,189,148,155,153,155,154",561
3945,105,"683,452,811,383,867,3,238,184,714,731","127,146,3,189,155,155,155,36,163,219",582
730,105,"683,923,705,781,789,130,438,379,638,193","127,195,44,39,156,63,3,39,154,21",572
3475,105,"683,452,811,383,539,405,363,786,710,714","127,146,3,189,148,154,128,154,127,163",547
932,105,"683,923,417,193,368,547,474,130,212,517","127,195,165,21,3,155,3,63,148,155",568
2062,105,"452,923,312,533,383,199,3,614,527,811","146,195,148,39,189,155,155,3,155,3",380
3456,105,"683,923,184,193,368,547,130,677,438,497","127,195,36,21,3,155,63,156,3,128",545
1046,105,"683,923,184,193,368,638,379,474,738,640","127,195,36,21,3,154,39,3,155,148",401
2726,105,"683,923,203,677,379,789,738,638,640,547","127,195,125,156,39,156,155,154,148,155",546
3852,105,"452,638,438,332,379,160,677,247,658,203","146,154,3,154,39,39,156,63,195,125",531
5016,105,"452,383,199,238,811,363,834,789,907,787","146,189,155,155,3,128,36,156,219,148",264
3507,106,"683,923,184,342,677,485,193,130,368,517","127,195,36,163,156,189,21,63,3,155",531
5784,106,"683,452,184,539,867,406,314,405,80,629","127,146,36,148,155,127,155,154,155,148",490
5424,106,"683,923,811,907,184,731,383,37,209,629","127,195,3,219,36,219,189,151,155,148",535
5481,106,"683,923,705,781,130,193,368,789,178,438","127,195,44,39,63,21,3,156,155,3",553
4511,106,"683,452,811,383,867,884,441,363,349,406","127,146,3,189,155,44,117,128,127,127",612
5430,106,"683,923,203,677,379,193,547,368,517,497","127,195,125,156,39,21,155,3,155,128",546
2873,106,"452,638,923,184,677,547,438,332,738,368","146,154,195,36,156,155,3,154,155,3",477
1235,106,"452,923,312,533,383,363,199,3,714,811","146,195,148,39,189,128,155,155,163,3",494
4355,106,"683,923,705,781,789,379,130,193,547,640","127,195,44,39,156,39,63,21,155,148",586
3184,106,"683,923,811,907,248,111,457,406,410,184","127,195,3,219,148,155,156,127,148,36",535
2179,106,"452,638,923,184,677,547,342,438,658,738","146,154,195,36,156,155,163,3,195,155",352
3210,106,"683,923,184,193,368,547,130,246,640,769","127,195,36,21,3,155,63,54,148,155",544
4486,106,"683,923,184,342,497,130,368,438,379,105","127,195,36,163,128,63,3,3,39,284",519
633,106,"683,452,184,539,867,383,629,461,770,497","127,146,36,148,155,189,148,155,129,128",508
1430,106,"683,923,203,130,658,342,497,640,379,789","127,195,125,63,195,163,128,148,39,156",412
1133,106,"452,638,923,383,614,3,199,312,111,527","146,154,195,189,3,155,155,148,155,155",361
5148,106,"683,452,811,383,539,405,199,710,312,867","127,146,3,189,148,154,155,127,148,155",556
64,106,"683,923,184,485,37,553,638,438,290,137","127,195,36,189,151,117,154,3,3,39",494
5501,106,"683,923,184,193,368,547,438,638,517,497","127,195,36,21,3,155,3,154,155,128",463
1584,106,"452,923,312,539,154,363,202,111,3,527","146,195,148,148,164,128,153,155,155,155",413
3104,106,"533,699,789,342,312,485,3,941,457,638","39,170,156,163,148,189,155,154,156,154",363
729,106,"452,923,312,533,383,199,3,614,527,539","146,195,148,39,189,155,155,3,155,148",346
4554,106,"683,923,705,781,789,379,354,769,417,212","127,195,44,39,156,39,202,155,165,148",569
2626,106,"683,923,203,677,417,130,193,379,368,342","127,195,125,156,165,63,21,39,3,163",628
2261,106,"683,452,811,539,570,867,312,238,406,405","127,146,3,148,117,155,148,155,127,154",641
5528,106,"683,923,705,781,789,379,354,769,640,212","127,195,44,39,156,39,202,155,148,148",553
5711,106,"683,923,705,781,789,379,130,677,547,368","127,195,44,39,156,39,63,156,155,3",553
2466,106,"452,638,417,332,474,379,212,769,640,193","146,154,165,154,3,39,148,155,148,21",375
145,106,"683,923,184,193,368,638,677,438,105,547","127,195,36,21,3,154,156,3,284,155",500
5860,106,"452,923,312,539,154,202,742,405,420,111","146,195,148,148,164,153,164,154,153,155",354
5493,106,"683,923,417,193,485,638,130,246,379,769","127,195,165,21,189,154,63,54,39,155",544
3202,106,"683,383,539,312,405,59,199,24,248,731","127,189,148,148,154,164,155,156,148,219",669
541,106,"683,452,184,363,551,738,421,89,547,130","127,146,36,128,195,155,195,42,155,63",528
2883,106,"452,923,312,533,3,383,238,834,184,629","146,195,148,39,155,189,155,36,36,148",389
1595,106,"452,705,379,781,923,368,547,513,517,789","146,44,39,39,195,3,155,148,155,156",500
4837,106,"683,452,184,539,383,710,405,867,363,312","127,146,36,148,189,127,154,155,128,148",464
5610,106,"683,452,884,363,547,349,406,354,184,866","127,146,44,128,155,127,127,202,36,284",653
66,106,"683,452,884,614,866,790,539,383,710,867","127,146,44,3,284,148,148,189,127,155",653
5436,106,"683,452,184,539,867,406,314,80,199,629","127,146,36,148,155,127,155,155,155,148",547
2737,106,"683,452,184,539,867,406,314,405,3,238","127,146,36,148,155,127,155,154,155,155",535
573,106,"452,638,438,332,342,368,247,517,674,209","146,154,3,154,163,3,63,155,146,155",547
1670,106,"683,923,203,247,638,184,866,677,485,193","127,195,125,63,154,36,284,156,189,21",644
5744,106,"683,923,705,781,789,379,130,193,547,474","127,195,44,39,156,39,63,21,155,3",586
1223,106,"452,638,438,332,547,789,738,342,368,193","146,154,3,154,155,156,155,163,3,21",400
376,106,"683,452,811,539,731,867,405,59,312,406","127,146,3,148,219,155,154,164,148,127",412
2837,106,"683,923,184,342,497,130,368,547,379,789","127,195,36,163,128,63,3,155,39,156",538
2931,106,"683,184,731,3,539,689,312,485,111,410","127,36,219,155,148,128,148,189,155,148",461
1374,106,"683,923,705,781,130,789,379,677,368,547","127,195,44,39,63,156,39,156,3,155",553
2938,106,"683,923,811,731,248,383,312,539,420,59","127,195,3,219,148,189,148,148,153,164",535
1563,106,"683,923,184,193,368,547,130,246,640,769","127,195,36,21,3,155,63,54,148,155",519
3981,106,"683,452,184,539,383,710,405,59,636,199","127,146,36,148,189,127,154,164,56,155",520
1993,106,"683,452,811,383,539,405,363,786,867,312","127,146,3,189,148,154,128,154,155,148",540
4228,106,"683,923,417,193,368,547,474,212,379,513","127,195,165,21,3,155,3,148,39,148",549
934,106,"683,923,203,705,37,674,497,383,105,811","127,195,125,44,151,146,128,189,284,3",577
449,106,"683,923,184,485,37,553,134,811,383,497","127,195,36,189,151,117,155,3,189,128",541
944,106,"452,638,438,332,342,547,640,212,379,789","146,154,3,154,163,155,148,148,39,156",447
3243,106,"683,923,705,781,789,379,354,769,640,212","127,195,44,39,156,39,202,155,148,148",553
889,106,"683,923,811,907,248,731,383,290,184,379","127,195,3,219,148,219,189,3,36,39",519
3540,106,"683,923,203,184,342,105,368,290,638,37","127,195,125,36,163,284,3,3,154,151",553
2861,106,"683,923,184,193,368,547,677,738,474,212","127,195,36,21,3,155,156,155,3,148",412
4748,106,"452,638,438,332,379,474,789,640,212,130","146,154,3,154,39,3,156,148,148,63",521
3532,106,"683,923,184,193,368,547,438,105,517,638","127,195,36,21,3,155,3,284,155,154",528
1764,106,"683,923,184,193,368,547,438,105,485,781","127,195,36,21,3,155,3,284,189,39",541
1614,106,"683,923,203,677,417,379,789,246,438,130","127,195,125,156,165,39,156,54,3,63",571
5452,106,"683,923,811,383,485,3,638,941,772,731","127,195,3,189,189,155,154,154,126,219",519
5139,106,"683,923,184,193,368,547,677,517,638,379","127,195,36,21,3,155,156,155,154,39",472
2840,106,"452,638,438,332,342,547,640,658,379,789","146,154,3,154,163,155,148,195,39,156",355
2905,106,"683,923,811,731,248,539,772,111,410,383","127,195,3,219,148,148,126,155,148,189",628
1538,106,"683,923,417,193,485,638,368,438,246,677","127,195,165,21,189,154,3,3,54,156",494
681,106,"683,923,811,907,184,368,406,290,638,438","127,195,3,219,36,3,127,3,154,3",514
2101,106,"683,452,811,539,731,238,786,383,406,923","127,146,3,148,219,155,154,189,127,195",574
5250,106,"452,923,312,59,383,614,539,202,527,80","146,195,148,164,189,3,148,153,155,155",338
2710,106,"683,452,811,383,867,3,238,363,405,938","127,146,3,189,155,155,155,128,154,155",520
3446,106,"683,923,184,193,368,547,438,105,485,781","127,195,36,21,3,155,3,284,189,39",519
1057,106,"683,452,184,539,867,383,710,614,646,461","127,146,36,148,155,189,127,3,155,155",543
671,106,"683,452,811,383,867,3,238,363,354,349","127,146,3,189,155,155,155,128,202,127",460
185,106,"683,383,539,312,405,59,199,867,742,248","127,189,148,148,154,164,155,155,164,148",720
622,106,"683,452,811,539,731,867,742,405,363,238","127,146,3,148,219,155,164,154,128,155",535
2367,106,"452,923,312,59,539,363,24,787,405,202","146,195,148,164,148,128,156,148,154,153",398
717,106,"683,699,130,246,638,379,769,354,640,268","127,170,63,54,154,39,155,202,148,61",461
5110,106,"452,923,312,533,383,461,3,379,677,811","146,195,148,39,189,155,155,39,156,3",349
2548,106,"452,638,547,368,332,789,193,37,212,474","146,154,155,3,154,156,21,151,148,3",228
5210,106,"683,923,184,193,368,547,130,246,738,789","127,195,36,21,3,155,63,54,155,156",523
2654,106,"683,452,811,539,570,867,3,383,312,199","127,146,3,148,117,155,155,189,148,155",541
5074,106,"683,923,705,781,789,379,354,769,640,212","127,195,44,39,156,39,202,155,148,148",553
4457,106,"683,923,811,731,248,539,111,420,383,639","127,195,3,219,148,148,155,153,189,155",690
1462,106,"683,923,184,193,368,638,438,517,677,547","127,195,36,21,3,154,3,155,156,155",554
1213,106,"683,923,705,781,789,379,130,677,547,368","127,195,44,39,156,39,63,156,155,3",644
1760,106,"683,923,203,184,383,811,485,37,193,379","127,195,125,36,189,3,189,151,21,39",600
1298,106,"452,923,312,533,184,539,811,383,629,461","146,195,148,39,36,148,3,189,148,155",430
2094,106,"683,923,203,184,383,811,37,539,731,907","127,195,125,36,189,3,151,148,219,219",537
3549,106,"683,811,539,731,884,441,363,923,170,406","127,3,148,219,44,117,128,195,39,127",633
5694,106,"683,923,811,731,383,497,184,3,629,111","127,195,3,219,189,128,36,155,148,155",606
112,106,"683,699,184,209,638,517,379,246,819,340","127,170,36,155,154,155,39,54,3,181",749
3791,106,"683,452,866,710,561,614,539,383,184,551","127,146,284,127,63,3,148,189,36,195",639
1269,106,"452,638,438,332,547,789,640,130,658,212","146,154,3,154,155,156,148,63,195,148",476
4216,106,"683,923,705,781,789,379,130,193,547,640","127,195,44,39,156,39,63,21,155,148",553
1837,106,"683,923,184,485,710,383,638,517,497,193","127,195,36,189,127,189,154,155,128,21",499
2380,106,"683,452,811,539,731,867,363,312,383,405","127,146,3,148,219,155,128,148,189,154",535
2786,106,"683,923,203,247,658,130,379,789,354,246","127,195,125,63,195,63,39,156,202,54",691
3513,106,"452,638,438,332,379,160,677,547,203,37","146,154,3,154,39,39,156,155,125,151",523
111,106,"683,923,203,247,658,130,379,677,368,781","127,195,125,63,195,63,39,156,3,39",598
4671,106,"683,923,705,781,789,379,354,769,640,417","127,195,44,39,156,39,202,155,148,165",553
1507,106,"683,452,184,539,383,710,405,867,312,421","127,146,36,148,189,127,154,155,148,195",634
3266,106,"683,452,811,539,731,238,406,867,405,363","127,146,3,148,219,155,127,155,154,128",579
3187,106,"452,137,677,160,368,923,485,379,513,438","146,39,156,39,3,195,189,39,148,3",374
5211,106,"683,923,184,485,710,539,811,383,941,638","127,195,36,189,127,148,3,189,154,154",541
2831,106,"452,638,923,383,3,770,290,772,811,614","146,154,195,189,155,129,3,126,3,3",513
2347,106,"683,923,705,553,184,638,438,290,193,677","127,195,44,117,36,154,3,3,21,156",555
5507,106,"683,923,184,193,368,638,677,485,130,438","127,195,36,21,3,154,156,189,63,3",519
5544,106,"683,923,203,184,705,37,710,160,209,866","127,195,125,36,44,151,127,39,155,284",720
2914,106,"683,452,811,539,570,383,405,199,867,406","127,146,3,148,117,189,154,155,155,127",559
5496,106,"683,452,811,539,731,867,405,248,406,312","127,146,3,148,219,155,154,148,127,148",530
1138,106,"683,452,811,539,731,238,406,383,312,533","127,146,3,148,219,155,127,189,148,39",535
4419,106,"683,923,203,247,638,674,517,705,789,379","127,195,125,63,154,146,155,44,156,39",627
3276,106,"683,923,184,193,368,547,438,105,517,497","127,195,36,21,3,155,3,284,155,128",569
1047,106,"683,401,699,417,438,923,203,126,133,731","127,174,170,165,3,195,125,165,163,219",782
2918,106,"683,923,203,184,383,811,37,485,705,789","127,195,125,36,189,3,151,189,44,156",634
1378,106,"683,452,811,539,405,363,312,742,421,786","127,146,3,148,154,128,148,164,195,154",588
1389,106,"683,452,811,383,867,405,539,406,314,3","127,146,3,189,155,154,148,127,155,155",618
4400,106,"683,923,203,247,638,674,517,705,789,193","127,195,125,63,154,146,155,44,156,21",654
565,106,"683,923,705,553,184,638,290,37,193,130","127,195,44,117,36,154,3,151,21,63",640
5627,106,"683,452,811,539,405,363,786,199,884,312","127,146,3,148,154,128,154,155,44,148",669
5456,106,"683,452,811,383,539,405,884,867,786,199","127,146,3,189,148,154,44,155,154,155",611
123,106,"683,184,811,383,485,3,731,638,629,497","127,36,3,189,189,155,219,154,148,128",466
3482,106,"683,452,184,363,551,738,421,89,786,349","127,146,36,128,195,155,195,42,154,127",547
6033,106,"683,452,884,441,406,923,363,398,80,349","127,146,44,117,127,195,128,270,155,127",661
5560,106,"683,452,811,539,405,154,202,312,731,199","127,146,3,148,154,164,153,148,219,155",616
4723,106,"683,452,184,539,867,406,314,405,3,238","127,146,36,148,155,127,155,154,155,155",498
1525,106,"683,452,184,539,383,710,405,199,636,867","127,146,36,148,189,127,154,155,56,155",600
3854,106,"683,923,811,383,614,731,37,710,452,772","127,195,3,189,3,219,151,127,146,126",544
184,106,"683,923,203,184,705,37,710,160,290,438","127,195,125,36,44,151,127,39,3,3",645
1025,106,"683,923,811,907,184,731,248,312,539,383","127,195,3,219,36,219,148,148,148,189",535
4422,106,"683,923,184,342,497,547,379,640,638,738","127,195,36,163,128,155,39,148,154,155",374
2100,106,"452,383,312,533,811,539,614,742,3,867","146,189,148,39,3,148,3,164,155,155",371
2034,106,"452,923,312,533,184,539,811,410,646,383","146,195,148,39,36,148,3,148,155,189",485
1554,106,"683,923,203,184,705,781,789,379,246,354","127,195,125,36,44,39,156,39,54,202",612
3938,106,"683,401,130,438,781,342,354,497,547,184","127,174,63,3,39,163,202,128,155,36",688
3315,106,"683,923,811,383,485,638,379,193,497,37","127,195,3,189,189,154,39,21,128,151",541
966,106,"683,452,184,539,867,383,629,461,770,497","127,146,36,148,155,189,148,155,129,128",510
4238,106,"683,452,811,383,539,405,363,786,731,710","127,146,3,189,148,154,128,154,219,127",521
3693,106,"683,452,811,383,539,405,710,731,867,199","127,146,3,189,148,154,127,219,155,155",463
1674,106,"683,452,884,441,349,638,866,561,184,461","127,146,44,117,127,154,284,63,36,155",640
4816,106,"683,923,203,247,658,246,379,497,438,781","127,195,125,63,195,54,39,128,3,39",550
4352,106,"683,452,811,383,867,405,539,406,314,199","127,146,3,189,155,154,148,127,155,155",535
2677,106,"683,401,14,782,772,37,497,383,710,614","127,174,137,117,126,151,128,189,127,3",796
3486,106,"683,923,705,781,789,379,354,638,130,640","127,195,44,39,156,39,202,154,63,148",702
796,106,"683,923,203,247,658,130,379,342,497,640","127,195,125,63,195,63,39,163,128,148",635
5561,106,"683,923,203,247,658,130,379,342,368,677","127,195,125,63,195,63,39,163,3,156",509
2917,106,"683,923,184,485,37,368,105,130,438,134","127,195,36,189,151,3,284,63,3,155",519
4277,106,"683,923,705,781,789,130,379,638,417,212","127,195,44,39,156,63,39,154,165,148",563
444,106,"683,923,184,193,368,638,130,517,677,438","127,195,36,21,3,154,63,155,156,3",526
2078,106,"683,923,184,342,677,368,193,438,638,517","127,195,36,163,156,3,21,3,154,155",516
2781,106,"683,452,811,539,405,363,786,349,551,738","127,146,3,148,154,128,154,127,195,155",555
1503,106,"683,923,705,37,638,184,193,130,438,417","127,195,44,151,154,36,21,63,3,165",553
2961,106,"683,923,203,247,658,677,342,368,130,354","127,195,125,63,195,156,163,3,63,202",678
2627,106,"452,923,312,533,184,160,137,789,379,354","146,195,148,39,36,39,39,156,39,202",689
4492,106,"683,923,811,383,485,203,379,497,677,368","127,195,3,189,189,125,39,128,156,3",531
4858,106,"683,923,184,485,37,553,638,539,134,137","127,195,36,189,151,117,154,148,155,39",594
1041,106,"683,923,203,247,658,130,379,789,354,246","127,195,125,63,195,63,39,156,202,54",669
987,106,"683,452,811,539,570,867,312,406,861,405","127,146,3,148,117,155,148,127,135,154",690
432,106,"683,452,184,363,658,923,160,547,40,497","127,146,36,128,195,195,39,155,3,128",507
970,106,"683,923,184,193,368,638,438,517,677,290","127,195,36,21,3,154,3,155,156,3",394
6147,106,"683,923,203,247,658,130,379,789,246,769","127,195,125,63,195,63,39,156,54,155",576
1709,106,"683,923,383,485,203,638,379,368,658,247","127,195,189,189,125,154,39,3,195,63",682
4088,106,"452,923,772,3,539,312,199,363,202,24","146,195,126,155,148,148,155,128,153,156",479
5126,106,"683,452,811,539,405,202,312,199,731,248","127,146,3,148,154,153,148,155,219,148",498
464,106,"683,923,203,184,705,37,710,160,290,638","127,195,125,36,44,151,127,39,3,154",608
4325,106,"683,923,811,907,248,731,383,111,539,3","127,195,3,219,148,219,189,155,148,155",571
2211,106,"683,699,184,209,638,517,247,782,674,47","127,170,36,155,154,155,63,117,146,127",717
2618,106,"683,923,811,907,248,731,383,452,184,710","127,195,3,219,148,219,189,146,36,127",586
4940,106,"683,923,203,184,342,705,37,638,674,438","127,195,125,36,163,44,151,154,146,3",601
1823,106,"683,923,203,247,638,674,517,184,705,789","127,195,125,63,154,146,155,36,44,156",612
2795,106,"683,923,184,193,368,547,438,638,517,497","127,195,36,21,3,155,3,154,155,128",510
2949,106,"683,923,203,247,638,184,677,438,485,368","127,195,125,63,154,36,156,3,189,3",600
4827,106,"683,923,184,193,368,547,677,738,474,212","127,195,36,21,3,155,156,155,3,148",412
1788,106,"699,629,539,689,438,803,485,819,626,791","170,148,148,128,3,148,189,3,164,189",187
3462,106,"683,923,705,553,37,638,517,674,105,497","127,195,44,117,151,154,155,146,284,128",539
2322,106,"683,923,811,731,383,497,184,37,553,406","127,195,3,219,189,128,36,151,117,127",693
248,106,"683,452,184,363,438,547,354,160,738,497","127,146,36,128,3,155,202,39,155,128",612
4017,106,"683,452,184,363,551,786,539,312,154,526","127,146,36,128,195,154,148,148,164,63",519
767,106,"683,923,417,193,368,547,474,130,638,517","127,195,165,21,3,155,3,63,154,155",582
4698,106,"683,923,705,37,638,184,193,130,438,368","127,195,44,151,154,36,21,63,3,3",553
35,106,"683,452,811,539,570,867,312,742,406,405","127,146,3,148,117,155,148,164,127,154",620
2148,106,"683,923,417,184,193,368,438,638,677,105","127,195,165,36,21,3,3,154,156,284",520
5579,106,"683,452,811,383,867,405,539,406,314,3","127,146,3,189,155,154,148,127,155,155",585
5580,106,"683,923,203,184,638,485,133,710,677,160","127,195,125,36,154,189,163,127,156,39",608
1109,106,"683,923,811,383,485,3,638,379,290,193","127,195,3,189,189,155,154,39,3,21",555
2923,106,"683,923,811,907,705,37,383,111,209,731","127,195,3,219,44,151,189,155,155,219",669
1172,106,"683,923,184,193,368,547,677,738,474,246","127,195,36,21,3,155,156,155,3,54",506
714,106,"452,923,312,533,3,383,714,638,379,465","146,195,148,39,155,189,163,154,39,114",380
5558,106,"683,452,184,539,383,629,867,202,199,405","127,146,36,148,189,148,155,153,155,154",561
3945,106,"683,452,811,383,867,3,238,184,199,731","127,146,3,189,155,155,155,36,155,219",582
730,106,"683,923,705,781,789,130,438,379,638,193","127,195,44,39,156,63,3,39,154,21",572
3475,106,"683,452,811,383,539,405,363,786,710,714","127,146,3,189,148,154,128,154,127,163",547
932,106,"683,923,184,193,368,547,438,160,497,130","127,195,36,21,3,155,3,39,128,63",568
2062,106,"452,923,312,533,383,199,3,614,527,811","146,195,148,39,189,155,155,3,155,3",380
3456,106,"683,923,184,193,368,547,130,677,438,497","127,195,36,21,3,155,63,156,3,128",545
1046,106,"683,923,417,193,368,438,184,547,379,342","127,195,165,21,3,3,36,155,39,163",401
2726,106,"683,923,203,677,379,789,738,638,640,547","127,195,125,156,39,156,155,154,148,155",546
3852,106,"452,638,417,184,383,629,461,160,290,485","146,154,165,36,189,148,155,39,3,189",531
5016,106,"452,383,199,238,190,461,22,811,417,834","146,189,155,155,163,164,155,189,3,165,36",264
3507,107,"683,923,184,193,368,547,438,638,517,130","127,195,36,21,3,155,3,154,155,63",531
5784,107,"683,452,184,539,867,406,314,405,59,199","127,146,36,148,155,127,155,154,164,155",490
5424,107,"683,923,811,907,184,731,383,37,190,209","127,195,3,219,36,219,189,151,163,164,155",535
5481,107,"683,923,705,781,130,193,368,789,178,438","127,195,44,39,63,21,3,156,155,3",553
4511,107,"683,452,811,383,867,884,441,363,349,406","127,146,3,189,155,44,117,128,127,127",612
5430,107,"683,923,203,677,379,193,547,368,517,497","127,195,125,156,39,21,155,3,155,128",546
2873,107,"452,638,923,184,677,547,438,417,130,513","146,154,195,36,156,155,3,165,63,148",477
1235,107,"452,923,312,533,383,363,199,3,714,811","146,195,148,39,189,128,155,155,163,3",494
4355,107,"683,923,705,781,789,379,417,193,368,547","127,195,44,39,156,39,165,21,3,155",586
3184,107,"683,923,811,907,248,111,457,406,410,184","127,195,3,219,148,155,156,127,148,36",535
2179,107,"452,638,923,184,677,547,342,438,417,332","146,154,195,36,156,155,163,3,165,154",352
3210,107,"683,923,184,193,368,547,130,246,640,769","127,195,36,21,3,155,63,54,148,155",544
4486,107,"683,923,184,193,368,677,485,290,160,130","127,195,36,21,3,156,189,3,39,63",519
633,107,"683,452,184,539,867,383,629,461,770,497","127,146,36,148,155,189,148,155,129,128",508
1430,107,"683,923,203,417,130,379,789,438,658,342","127,195,125,165,63,39,156,3,195,163",412
1133,107,"452,638,923,383,614,3,199,312,59,111","146,154,195,189,3,155,155,148,164,155",361
5148,107,"683,452,811,383,539,405,199,710,312,867","127,146,3,189,148,154,155,127,148,155",556
64,107,"683,923,184,485,37,553,638,438,290,137","127,195,36,189,151,117,154,3,3,39",494
5501,107,"683,923,184,342,497,547,368,438,137,638","127,195,36,163,128,155,3,3,39,154",463
1584,107,"452,923,312,539,154,363,742,202,614,527","146,195,148,148,164,128,164,153,3,155",413
3104,107,"533,699,789,342,312,485,3,941,457,638","39,170,156,163,148,189,155,154,156,154",363
729,107,"452,923,312,533,383,199,3,614,527,539","146,195,148,39,189,155,155,3,155,148",346
4554,107,"683,923,705,781,789,379,354,769,638,640","127,195,44,39,156,39,202,155,154,148",569
2626,107,"683,923,203,677,193,638,379,368,130,866","127,195,125,156,21,154,39,3,63,284",628
2261,107,"683,452,811,539,570,867,312,238,406,405","127,146,3,148,117,155,148,155,127,154",641
5528,107,"683,923,705,781,789,379,354,769,640,212","127,195,44,39,156,39,202,155,148,148",553
5711,107,"683,923,705,781,789,379,130,677,547,368","127,195,44,39,156,39,63,156,155,3",553
2466,107,"452,638,417,332,474,379,212,769,640,193","146,154,165,154,3,39,148,155,148,21",375
145,107,"683,923,184,193,368,638,677,438,105,547","127,195,36,21,3,154,156,3,284,155",500
5860,107,"452,923,312,539,811,614,527,3,867,383","146,195,148,148,3,3,155,155,155,189",354
5493,107,"683,923,184,193,368,638,438,517,677,513","127,195,36,21,3,154,3,155,156,148",544
3202,107,"683,383,539,312,405,199,163,248,154,867","127,189,148,148,154,155,163,148,164,155",669
541,107,"683,452,184,363,551,738,421,89,547,130","127,146,36,128,195,155,195,42,155,63",528
2883,107,"452,923,312,533,3,383,238,834,184,629","146,195,148,39,155,189,155,36,36,148",389
1595,107,"452,705,379,781,923,368,547,513,517,789","146,44,39,39,195,3,155,148,155,156",500
4837,107,"683,452,184,539,154,629,867,405,363,421","127,146,36,148,164,148,155,154,128,195",464
5610,107,"683,452,884,363,547,349,406,354,184,866","127,146,44,128,155,127,127,202,36,284",653
66,107,"683,452,884,614,866,790,539,383,710,867","127,146,44,3,284,148,148,189,127,155",653
5436,107,"683,452,184,539,867,406,314,80,199,629","127,146,36,148,155,127,155,155,155,148",547
2737,107,"683,452,184,539,867,406,314,405,3,238","127,146,36,148,155,127,155,154,155,155",535
573,107,"452,638,438,332,379,160,517,105,677,658","146,154,3,154,39,39,155,284,156,195",547
1670,107,"683,923,203,247,638,184,866,677,417,485","127,195,125,63,154,36,284,156,165,189",644
5744,107,"683,923,705,781,789,379,130,193,547,474","127,195,44,39,156,39,63,21,155,3",586
1223,107,"452,638,438,332,547,789,738,658,184,212","146,154,3,154,155,156,155,195,36,148",400
376,107,"683,452,811,539,731,867,405,59,312,406","127,146,3,148,219,155,154,164,148,127",412
2837,107,"683,923,184,342,497,130,368,547,379,789","127,195,36,163,128,63,3,155,39,156",538
2931,107,"683,184,731,3,539,689,312,485,111,410","127,36,219,155,148,128,148,189,155,148",461
1374,107,"683,923,705,781,130,789,379,677,368,547","127,195,44,39,63,156,39,156,3,155",553
2938,107,"683,923,811,731,248,383,312,539,420,111","127,195,3,219,148,189,148,148,153,155",535
1563,107,"683,923,417,193,368,547,474,130,246,769","127,195,165,21,3,155,3,63,54,155",519
3981,107,"683,452,184,539,154,629,867,383,312,710","127,146,36,148,164,148,155,189,148,127",520
1993,107,"683,452,811,383,539,405,363,786,867,312","127,146,3,189,148,154,128,154,155,148",540
4228,107,"683,923,184,342,497,547,379,137,105,677","127,195,36,163,128,155,39,39,284,156",549
934,107,"683,923,203,705,37,674,497,383,105,811","127,195,125,44,151,146,128,189,284,3",577
449,107,"683,923,417,184,485,553,37,134,811,383","127,195,165,36,189,117,151,155,3,189",541
944,107,"452,638,438,332,379,474,789,640,212,769","146,154,3,154,39,3,156,148,148,155",447
3243,107,"683,923,705,781,789,379,354,769,640,212","127,195,44,39,156,39,202,155,148,148",553
889,107,"683,923,811,907,248,731,383,190,184,819","127,195,3,219,148,219,189,163,164,36,3",519
3540,107,"683,923,203,184,638,485,133,539,710,731","127,195,125,36,154,189,163,148,127,219",553
2861,107,"683,923,184,193,368,547,677,738,474,212","127,195,36,21,3,155,156,155,3,148",412
4748,107,"452,638,438,332,379,474,789,640,212,130","146,154,3,154,39,3,156,148,148,63",521
3532,107,"683,923,184,193,368,547,438,105,517,638","127,195,36,21,3,155,3,284,155,154",528
1764,107,"683,923,184,193,368,547,438,105,485,781","127,195,36,21,3,155,3,284,189,39",541
1614,107,"683,923,203,677,417,379,789,246,438,130","127,195,125,156,165,39,156,54,3,63",571
5452,107,"683,923,811,383,485,3,638,941,772,731","127,195,3,189,189,155,154,154,126,219",519
5139,107,"683,923,184,193,368,547,677,517,638,379","127,195,36,21,3,155,156,155,154,39",472
2840,107,"452,638,438,332,379,474,677,193,658,640","146,154,3,154,39,3,156,21,195,148",355
2905,107,"683,923,811,731,248,539,772,111,410,383","127,195,3,219,148,148,126,155,148,189",628
1538,107,"683,923,184,342,497,547,379,137,438,677","127,195,36,163,128,155,39,39,3,156",494
681,107,"683,923,811,907,184,368,406,290,638,438","127,195,3,219,36,3,127,3,154,3",514
2101,107,"683,452,811,539,731,238,786,383,406,923","127,146,3,148,219,155,154,189,127,195",574
5250,107,"452,923,312,539,811,202,405,111,199,248","146,195,148,148,3,153,154,155,155,148",338
2710,107,"683,452,811,383,867,3,238,363,405,938","127,146,3,189,155,155,155,128,154,155",520
3446,107,"683,923,184,342,677,485,193,130,368,105","127,195,36,163,156,189,21,63,3,284",519
1057,107,"683,452,184,539,867,383,710,614,646,461","127,146,36,148,155,189,127,3,155,155",543
671,107,"683,452,811,383,867,3,238,714,349,354","127,146,3,189,155,155,155,163,127,202",460
185,107,"683,383,539,312,405,199,636,710,867,406","127,189,148,148,154,155,56,127,155,127",720
622,107,"683,452,811,539,731,867,405,363,714,3","127,146,3,148,219,155,154,128,163,155",535
2367,107,"452,923,312,59,539,363,24,787,405,202","146,195,148,164,148,128,156,148,154,153",398
717,107,"683,699,130,246,638,379,769,354,640,268","127,170,63,54,154,39,155,202,148,61",461
5110,107,"452,923,312,533,383,461,3,379,190,811","146,195,148,39,189,155,155,39,163,164,3",349
2548,107,"452,638,417,332,789,342,547,368,212,193","146,154,165,154,156,163,155,3,148,21",228
5210,107,"683,923,184,193,368,547,130,246,738,789","127,195,36,21,3,155,63,54,155,156",523
2654,107,"683,452,811,539,570,867,3,383,312,199","127,146,3,148,117,155,155,189,148,155",541
5074,107,"683,923,705,781,789,379,354,769,640,212","127,195,44,39,156,39,202,155,148,148",553
4457,107,"683,923,811,731,248,539,111,420,154,202","127,195,3,219,148,148,155,153,164,153",690
1462,107,"683,923,417,193,485,638,130,438,677,137","127,195,165,21,189,154,63,3,156,39",554
1213,107,"683,923,705,781,789,379,130,677,547,368","127,195,44,39,156,39,63,156,155,3",644
1760,107,"683,923,203,184,383,811,485,37,193,379","127,195,125,36,189,3,189,151,21,39",600
1298,107,"452,923,312,533,184,539,811,383,629,461","146,195,148,39,36,148,3,189,148,155",430
2094,107,"683,923,203,184,383,811,37,539,731,907","127,195,125,36,189,3,151,148,219,219",537
3549,107,"683,811,539,731,884,441,363,923,170,406","127,3,148,219,44,117,128,195,39,127",633
5694,107,"683,923,811,731,383,497,184,3,629,111","127,195,3,219,189,128,36,155,148,155",606
112,107,"683,699,184,209,638,517,379,246,819,340","127,170,36,155,154,155,39,54,3,181",749
3791,107,"683,452,866,710,561,614,539,383,184,551","127,146,284,127,63,3,148,189,36,195",639
1269,107,"452,638,438,332,547,789,640,130,658,212","146,154,3,154,155,156,148,63,195,148",476
4216,107,"683,923,705,781,789,379,417,547,130,769","127,195,44,39,156,39,165,155,63,155",553
1837,107,"683,923,184,485,710,383,638,517,497,193","127,195,36,189,127,189,154,155,128,21",499
2380,107,"683,452,811,539,731,867,363,312,383,405","127,146,3,148,219,155,128,148,189,154",535
2786,107,"683,923,203,247,658,130,379,789,354,246","127,195,125,63,195,63,39,156,202,54",691
3513,107,"452,638,438,332,342,547,640,658,379,130","146,154,3,154,163,155,148,195,39,63",523
111,107,"683,923,203,247,658,130,379,342,497,547","127,195,125,63,195,63,39,163,128,155",598
4671,107,"683,923,705,781,789,379,354,769,640,638","127,195,44,39,156,39,202,155,148,154",553
1507,107,"683,452,184,539,154,629,867,383,312,710","127,146,36,148,164,148,155,189,148,127",634
3266,107,"683,452,811,539,731,238,406,867,405,363","127,146,3,148,219,155,127,155,154,128",579
3187,107,"452,137,677,160,368,923,485,379,513,438","146,39,156,39,3,195,189,39,148,3",374
5211,107,"683,923,184,485,710,539,811,383,941,638","127,195,36,189,127,148,3,189,154,154",541
2831,107,"452,638,923,383,3,770,290,772,811,614","146,154,195,189,155,129,3,126,3,3",513
2347,107,"683,923,705,553,184,638,438,290,417,193","127,195,44,117,36,154,3,3,165,21",555
5507,107,"683,923,184,193,368,638,677,485,130,438","127,195,36,21,3,154,156,189,63,3",519
5544,107,"683,923,203,184,705,37,710,160,209,866","127,195,125,36,44,151,127,39,155,284",720
2914,107,"683,452,811,539,570,383,405,199,867,406","127,146,3,148,117,189,154,155,155,127",559
5496,107,"683,452,811,539,731,867,405,248,406,312","127,146,3,148,219,155,154,148,127,148",530
1138,107,"683,452,811,539,731,238,406,383,312,533","127,146,3,148,219,155,127,189,148,39",535
4419,107,"683,923,203,247,638,674,517,705,789,379","127,195,125,63,154,146,155,44,156,39",627
3276,107,"683,923,184,193,368,547,438,105,517,497","127,195,36,21,3,155,3,284,155,128",569
1047,107,"683,401,699,417,438,923,203,184,731,553","127,174,170,165,3,195,125,36,219,117",782
2918,107,"683,923,203,184,383,811,37,485,705,789","127,195,125,36,189,3,151,189,44,156",634
1378,107,"683,452,811,539,405,363,312,742,421,786","127,146,3,148,154,128,148,164,195,154",588
1389,107,"683,452,811,383,867,405,539,406,314,3","127,146,3,189,155,154,148,127,155,155",618
4400,107,"683,923,203,247,638,674,517,705,789,193","127,195,125,63,154,146,155,44,156,21",654
565,107,"683,923,705,553,184,638,290,37,193,130","127,195,44,117,36,154,3,151,21,63",640
5627,107,"683,452,811,539,405,363,786,199,884,312","127,146,3,148,154,128,154,155,44,148",669
5456,107,"683,452,811,383,539,405,884,867,786,199","127,146,3,189,148,154,44,155,154,155",611
123,107,"683,184,811,383,485,3,731,638,629,417","127,36,3,189,189,155,219,154,148,165",466
3482,107,"683,452,184,363,551,738,421,89,786,349","127,146,36,128,195,155,195,42,154,127",547
6033,107,"683,452,884,441,406,923,363,398,80,349","127,146,44,117,127,195,128,270,155,127",661
5560,107,"683,452,811,539,405,154,202,312,731,199","127,146,3,148,154,164,153,148,219,155",616
4723,107,"683,452,184,539,867,406,314,405,3,238","127,146,36,148,155,127,155,154,155,155",498
1525,107,"683,452,184,539,383,710,405,59,636,199","127,146,36,148,189,127,154,164,56,155",600
3854,107,"683,923,811,383,614,731,37,710,452,772","127,195,3,189,3,219,151,127,146,126",544
184,107,"683,923,203,184,705,37,710,160,290,438","127,195,125,36,44,151,127,39,3,3",645
1025,107,"683,923,811,907,184,731,248,312,539,383","127,195,3,219,36,219,148,148,148,189",535
4422,107,"683,923,184,342,497,547,379,640,638,738","127,195,36,163,128,155,39,148,154,155",374
2100,107,"452,383,312,533,811,539,614,742,3,867","146,189,148,39,3,148,3,164,155,155",371
2034,107,"452,923,312,533,184,539,811,410,646,753","146,195,148,39,36,148,3,148,155,164",485
1554,107,"683,923,203,184,705,781,789,379,417,246","127,195,125,36,44,39,156,39,165,54",612
3938,107,"683,401,130,417,438,781,638,923,485,789","127,174,63,165,3,39,154,195,189,156",688
3315,107,"683,923,811,383,485,638,379,193,497,37","127,195,3,189,189,154,39,21,128,151",541
966,107,"683,452,184,539,867,383,629,461,770,497","127,146,36,148,155,189,148,155,129,128",510
4238,107,"683,452,811,383,539,405,363,786,731,710","127,146,3,189,148,154,128,154,219,127",521
3693,107,"683,452,811,383,539,405,710,731,867,199","127,146,3,189,148,154,127,219,155,155",463
1674,107,"683,452,884,441,349,638,866,561,184,461","127,146,44,117,127,154,284,63,36,155",640
4816,107,"683,923,203,247,658,342,640,789,246,547","127,195,125,63,195,163,148,156,54,155",550
4352,107,"683,452,811,383,867,405,539,406,314,199","127,146,3,189,155,154,148,127,155,155",535
2677,107,"683,401,14,782,772,37,497,383,710,614","127,174,137,117,126,151,128,189,127,3",796
3486,107,"683,923,705,781,789,379,354,638,130,640","127,195,44,39,156,39,202,154,63,148",702
796,107,"683,923,203,247,658,130,379,342,497,640","127,195,125,63,195,63,39,163,128,148",635
5561,107,"683,923,203,247,658,130,379,342,368,677","127,195,125,63,195,63,39,163,3,156",509
2917,107,"683,923,184,485,37,368,105,130,438,134","127,195,36,189,151,3,284,63,3,155",519
4277,107,"683,923,705,781,789,130,379,638,354,547","127,195,44,39,156,63,39,154,202,155",563
444,107,"683,923,417,184,193,368,438,105,517,638","127,195,165,36,21,3,3,284,155,154",526
2078,107,"683,923,184,193,368,638,438,517,677,547","127,195,36,21,3,154,3,155,156,155",516
2781,107,"683,452,811,539,405,363,786,349,551,738","127,146,3,148,154,128,154,127,195,155",555
1503,107,"683,923,705,37,342,497,130,379,638,193","127,195,44,151,163,128,63,39,154,21",553
2961,107,"683,923,203,247,658,677,354,640,246,379","127,195,125,63,195,156,202,148,54,39",678
2627,107,"452,923,312,533,184,160,137,417,789,379","146,195,148,39,36,39,39,165,156,39",689
4492,107,"683,923,811,383,485,203,379,497,417,789","127,195,3,189,189,125,39,128,165,156",531
4858,107,"683,923,417,184,485,553,37,731,438,209","127,195,165,36,189,117,151,219,3,155",594
1041,107,"683,923,203,247,658,130,379,789,354,246","127,195,125,63,195,63,39,156,202,54",669
987,107,"683,452,811,539,570,867,312,742,59,406","127,146,3,148,117,155,148,164,164,127",690
432,107,"683,452,184,363,658,923,160,547,40,497","127,146,36,128,195,195,39,155,3,128",507
970,107,"683,923,184,193,368,638,438,517,677,290","127,195,36,21,3,154,3,155,156,3",394
6147,107,"683,923,203,247,658,130,379,789,246,769","127,195,125,63,195,63,39,156,54,155",576
1709,107,"683,923,383,485,203,638,379,368,658,247","127,195,189,189,125,154,39,3,195,63",682
4088,107,"452,923,772,3,539,154,363,312,199,405","146,195,126,155,148,164,128,148,155,154",479
5126,107,"683,452,811,539,405,154,202,312,199,248","127,146,3,148,154,164,153,148,155,148",498
464,107,"683,923,203,184,705,37,710,160,290,638","127,195,125,36,44,151,127,39,3,154",608
4325,107,"683,923,811,907,248,731,383,111,539,3","127,195,3,219,148,219,189,155,148,155",571
2211,107,"683,699,184,209,638,517,247,782,674,47","127,170,36,155,154,155,63,117,146,127",717
2618,107,"683,923,811,907,248,731,383,452,184,710","127,195,3,219,148,219,189,146,36,127",586
4940,107,"683,923,203,184,705,37,193,674,438,638","127,195,125,36,44,151,21,146,3,154",601
1823,107,"683,923,203,247,638,674,517,184,705,789","127,195,125,63,154,146,155,36,44,156",612
2795,107,"683,923,417,193,368,547,474,638,332,212","127,195,165,21,3,155,3,154,154,148",510
2949,107,"683,923,203,247,638,184,677,438,485,368","127,195,125,63,154,36,156,3,189,3",600
4827,107,"683,923,184,193,368,547,677,738,474,212","127,195,36,21,3,155,156,155,3,148",412
1788,107,"699,753,629,438,714,819,485,513,640,803","170,164,148,3,163,3,189,148,148,148",187
3462,107,"683,923,705,553,37,638,517,674,105,497","127,195,44,117,151,154,155,146,284,128",539
2322,107,"683,923,811,731,383,497,184,37,553,406","127,195,3,219,189,128,36,151,117,127",693
248,107,"683,452,184,363,438,547,354,160,738,497","127,146,36,128,3,155,202,39,155,128",612
4017,107,"683,452,184,363,551,786,539,312,526,742","127,146,36,128,195,154,148,148,63,164",519
767,107,"683,923,417,193,368,547,474,130,638,517","127,195,165,21,3,155,3,63,154,155",582
4698,107,"683,923,705,37,342,638,184,193,368,130","127,195,44,151,163,154,36,21,3,63",553
35,107,"683,452,811,539,570,867,312,406,405,421","127,146,3,148,117,155,148,127,154,195",620
2148,107,"683,923,417,184,193,368,438,638,677,105","127,195,165,36,21,3,3,154,156,284",520
5579,107,"683,452,811,383,867,405,539,406,314,3","127,146,3,189,155,154,148,127,155,155",585
5580,107,"683,923,203,184,638,485,710,677,160,178","127,195,125,36,154,189,127,156,39,155",608
1109,107,"683,923,811,383,485,3,638,379,290,193","127,195,3,189,189,155,154,39,3,21",555
2923,107,"683,923,811,907,705,37,383,111,209,731","127,195,3,219,44,151,189,155,155,219",669
1172,107,"683,923,184,193,368,547,677,738,474,246","127,195,36,21,3,155,156,155,3,54",506
714,107,"452,923,312,533,3,383,238,199,867,314","146,195,148,39,155,189,155,155,155,155",380
5558,107,"683,452,184,539,383,629,867,202,199,405","127,146,36,148,189,148,155,153,155,154",561
3945,107,"683,452,811,383,867,3,238,184,714,731","127,146,3,189,155,155,155,36,163,219",582
730,107,"683,923,705,781,789,130,438,379,638,193","127,195,44,39,156,63,3,39,154,21",572
3475,107,"683,452,811,383,539,405,363,786,710,714","127,146,3,189,148,154,128,154,127,163",547
932,107,"683,923,184,342,497,130,368,547,438,137","127,195,36,163,128,63,3,155,3,39",568
2062,107,"452,923,312,533,383,199,3,614,527,811","146,195,148,39,189,155,155,3,155,3",380
3456,107,"683,923,184,342,497,130,368,547,379,789","127,195,36,163,128,63,3,155,39,156",545
1046,107,"683,923,184,193,368,638,379,474,738,640","127,195,36,21,3,154,39,3,155,148",401
2726,107,"683,923,203,677,417,379,789,246,438,130","127,195,125,156,165,39,156,54,3,63",546
3852,107,"452,638,417,184,383,629,461,160,290,485","146,154,165,36,189,148,155,39,3,189",531
5016,107,"452,383,199,238,811,363,834,789,907,787","146,189,155,155,3,128,36,156,219,148",264
3507,108,"683,923,417,184,193,368,438,638,517,160","127,195,165,36,21,3,3,154,155,39",531
5784,108,"683,452,184,539,867,406,314,405,80,629","127,146,36,148,155,127,155,154,155,148",490
5424,108,"683,923,811,907,184,731,383,37,209,629","127,195,3,219,36,219,189,151,155,148",535
5481,108,"683,923,705,781,130,193,368,789,178,438","127,195,44,39,63,21,3,156,155,3",553
4511,108,"683,452,811,383,867,884,441,363,349,406","127,146,3,189,155,44,117,128,127,127",612
5430,108,"683,923,203,677,379,193,547,368,517,497","127,195,125,156,39,21,155,3,155,128",546
2873,108,"452,638,923,184,677,547,438,332,738,368","146,154,195,36,156,155,3,154,155,3",477
1235,108,"452,923,312,533,383,363,199,3,714,811","146,195,148,39,189,128,155,155,163,3",494
4355,108,"683,923,705,781,789,379,417,193,368,547","127,195,44,39,156,39,165,21,3,155",586
3184,108,"683,923,811,907,248,111,457,406,410,184","127,195,3,219,148,155,156,127,148,36",535
2179,108,"452,638,923,184,677,547,438,332,738,368","146,154,195,36,156,155,3,154,155,3",352
3210,108,"683,923,417,193,368,547,474,130,246,769","127,195,165,21,3,155,3,63,54,155",544
4486,108,"683,923,417,184,193,485,368,290,677,160","127,195,165,36,21,189,3,3,156,39",519
633,108,"683,452,184,539,867,383,629,461,770,497","127,146,36,148,155,189,148,155,129,128",508
1430,108,"683,923,203,130,658,438,640,513,379,789","127,195,125,63,195,3,148,148,39,156",412
1133,108,"452,638,923,383,614,3,199,312,59,111","146,154,195,189,3,155,155,148,164,155",361
5148,108,"683,452,811,383,539,405,199,710,312,867","127,146,3,189,148,154,155,127,148,155",556
64,108,"683,923,417,184,485,553,37,811,539,137","127,195,165,36,189,117,151,3,148,39",494
5501,108,"683,923,184,342,497,547,368,438,137,638","127,195,36,163,128,155,3,3,39,154",463
1584,108,"452,923,312,59,383,614,539,202,527,80","146,195,148,164,189,3,148,153,155,155",413
3104,108,"533,699,789,638,539,340,938,689,527,457","39,170,156,154,148,181,155,128,155,156",363
729,108,"452,923,312,533,383,199,3,614,527,539","146,195,148,39,189,155,155,3,155,148",346
4554,108,"683,923,705,781,789,379,354,769,417,212","127,195,44,39,156,39,202,155,165,148",569
2626,108,"683,923,203,677,417,130,193,379,368,342","127,195,125,156,165,63,21,39,3,163",628
2261,108,"683,452,811,539,570,867,312,238,406,59","127,146,3,148,117,155,148,155,127,164",641
5528,108,"683,923,705,781,789,379,354,769,640,212","127,195,44,39,156,39,202,155,148,148",553
5711,108,"683,923,705,781,789,379,417,547,130,368","127,195,44,39,156,39,165,155,63,3",553
2466,108,"452,638,417,332,474,379,212,769,640,193","146,154,165,154,3,39,148,155,148,21",375
145,108,"683,923,184,193,368,638,677,438,105,547","127,195,36,21,3,154,156,3,284,155",500
5860,108,"452,923,312,59,539,111,811,3,199,80","146,195,148,164,148,155,3,155,155,155",354
5493,108,"683,923,184,342,497,130,246,640,379,769","127,195,36,163,128,63,54,148,39,155",544
3202,108,"683,383,539,312,405,199,731,154,202,867","127,189,148,148,154,155,219,164,153,155",669
541,108,"683,452,184,363,551,738,421,89,547,130","127,146,36,128,195,155,195,42,155,63",528
2883,108,"452,923,312,533,3,383,190,238,379,160","146,195,148,39,155,189,163,164,155,39,39",389
1595,108,"452,705,379,781,923,368,547,513,517,789","146,44,39,39,195,3,155,148,155,156",500
4837,108,"683,452,184,539,154,629,867,405,363,421","127,146,36,148,164,148,155,154,128,195",464
5610,108,"683,452,884,363,547,349,406,354,184,866","127,146,44,128,155,127,127,202,36,284",653
66,108,"683,452,884,614,866,790,539,383,710,867","127,146,44,3,284,148,148,189,127,155",653
5436,108,"683,452,184,539,867,406,314,80,199,629","127,146,36,148,155,127,155,155,155,148",547
2737,108,"683,452,184,539,867,406,314,405,3,238","127,146,36,148,155,127,155,154,155,155",535
573,108,"452,638,438,332,379,160,517,105,677,658","146,154,3,154,39,39,155,284,156,195",547
1670,108,"683,923,203,247,638,184,866,677,417,485","127,195,125,63,154,36,284,156,165,189",644
5744,108,"683,923,705,781,789,379,130,193,547,474","127,195,44,39,156,39,63,21,155,3",586
1223,108,"452,638,438,332,547,789,738,658,184,212","146,154,3,154,155,156,155,195,36,148",400
376,108,"683,452,811,539,731,867,405,248,406,202","127,146,3,148,219,155,154,148,127,153",412
2837,108,"683,923,184,193,368,547,130,677,438,137","127,195,36,21,3,155,63,156,3,39",538
2931,108,"683,184,731,3,539,689,312,485,111,410","127,36,219,155,148,128,148,189,155,148",461
1374,108,"683,923,705,781,130,789,379,677,368,547","127,195,44,39,63,156,39,156,3,155",553
2938,108,"683,923,811,731,248,383,312,539,420,111","127,195,3,219,148,189,148,148,153,155",535
1563,108,"683,923,184,193,368,547,130,246,640,769","127,195,36,21,3,155,63,54,148,155",519
3981,108,"683,452,184,539,383,710,405,199,636,867","127,146,36,148,189,127,154,155,56,155",520
1993,108,"683,452,811,383,539,405,363,786,867,312","127,146,3,189,148,154,128,154,155,148",540
4228,108,"683,923,184,193,368,547,677,738,474,212","127,195,36,21,3,155,156,155,3,148",549
934,108,"683,923,203,705,37,674,497,383,105,811","127,195,125,44,151,146,128,189,284,3",577
449,108,"683,923,184,485,37,553,134,811,383,497","127,195,36,189,151,117,155,3,189,128",541
944,108,"452,638,438,332,379,474,789,640,212,769","146,154,3,154,39,3,156,148,148,155",447
3243,108,"683,923,705,781,789,379,354,769,640,212","127,195,44,39,156,39,202,155,148,148",553
889,108,"683,923,811,907,248,731,383,290,184,379","127,195,3,219,148,219,189,3,36,39",519
3540,108,"683,923,203,184,342,105,368,290,638,37","127,195,125,36,163,284,3,3,154,151",553
2861,108,"683,923,184,342,497,547,379,640,212,769","127,195,36,163,128,155,39,148,148,155",412
4748,108,"452,638,438,332,379,474,789,640,212,130","146,154,3,154,39,3,156,148,148,63",521
3532,108,"683,923,184,193,368,547,438,105,517,638","127,195,36,21,3,155,3,284,155,154",528
1764,108,"683,923,184,342,677,485,193,130,368,105","127,195,36,163,156,189,21,63,3,284",541
1614,108,"683,923,203,677,379,789,738,638,640,547","127,195,125,156,39,156,155,154,148,155",571
5452,108,"683,923,811,383,485,3,638,941,772,731","127,195,3,189,189,155,154,154,126,219",519
5139,108,"683,923,184,342,497,547,379,640,789,769","127,195,36,163,128,155,39,148,156,155",472
2840,108,"452,638,438,332,379,474,677,193,658,640","146,154,3,154,39,3,156,21,195,148",355
2905,108,"683,923,811,731,248,539,772,111,410,383","127,195,3,219,148,148,126,155,148,189",628
1538,108,"683,923,184,193,368,677,438,638,379,160","127,195,36,21,3,156,3,154,39,39",494
681,108,"683,923,811,907,184,368,406,290,638,438","127,195,3,219,36,3,127,3,154,3",514
2101,108,"683,452,811,539,731,238,786,383,406,923","127,146,3,148,219,155,154,189,127,195",574
5250,108,"452,923,312,59,742,539,202,405,420,248","146,195,148,164,164,148,153,154,153,148",338
2710,108,"683,452,811,383,867,3,238,363,405,938","127,146,3,189,155,155,155,128,154,155",520
3446,108,"683,923,417,193,368,547,474,105,638,517","127,195,165,21,3,155,3,284,154,155",519
1057,108,"683,452,184,539,867,383,710,614,190,461","127,146,36,148,155,189,127,3,163,164,155",543
671,108,"683,452,811,383,867,3,238,363,354,349","127,146,3,189,155,155,155,128,202,127",460
185,108,"683,383,539,312,405,199,163,406,867,80","127,189,148,148,154,155,163,127,155,155",720
622,108,"683,452,811,539,731,867,742,405,363,238","127,146,3,148,219,155,164,154,128,155",535
2367,108,"452,923,312,59,539,154,202,24,111,241","146,195,148,164,148,164,153,156,155,146",398
717,108,"683,699,130,246,638,379,769,354,640,268","127,170,63,54,154,39,155,202,148,61",461
5110,108,"452,923,312,533,383,461,3,379,677,811","146,195,148,39,189,155,155,39,156,3",349
2548,108,"452,638,342,332,547,368,193,212,789,640","146,154,163,154,155,3,21,148,156,148",228
5210,108,"683,923,184,193,368,547,130,246,738,789","127,195,36,21,3,155,63,54,155,156",523
2654,108,"683,452,811,539,570,867,3,383,312,199","127,146,3,148,117,155,155,189,148,155",541
5074,108,"683,923,705,781,789,379,354,769,640,212","127,195,44,39,156,39,202,155,148,148",553
4457,108,"683,923,811,731,248,539,111,420,154,742","127,195,3,219,148,148,155,153,164,164",690
1462,108,"683,923,184,193,368,638,438,517,677,547","127,195,36,21,3,154,3,155,156,155",554
1213,108,"683,923,705,781,789,379,130,677,547,368","127,195,44,39,156,39,63,156,155,3",644
1760,108,"683,923,203,184,383,811,485,37,193,379","127,195,125,36,189,3,189,151,21,39",600
1298,108,"452,923,312,533,184,539,811,383,629,417","146,195,148,39,36,148,3,189,148,165",430
2094,108,"683,923,203,184,383,811,37,539,731,907","127,195,125,36,189,3,151,148,219,219",537
3549,108,"683,811,539,731,884,441,363,923,170,406","127,3,148,219,44,117,128,195,39,127",633
5694,108,"683,923,811,731,383,497,184,3,629,111","127,195,3,219,189,128,36,155,148,155",606
112,108,"683,699,126,209,705,923,638,203,247,782","127,170,165,155,44,195,154,125,63,117",749
3791,108,"683,452,866,710,561,614,539,383,190,184","127,146,284,127,63,3,148,189,163,164,36",639
1269,108,"452,638,438,332,547,789,640,130,658,212","146,154,3,154,155,156,148,63,195,148",476
4216,108,"683,923,705,781,789,379,130,193,547,640","127,195,44,39,156,39,63,21,155,148",553
1837,108,"683,923,417,184,485,383,811,3,638,438","127,195,165,36,189,189,3,155,154,3",499
2380,108,"683,452,811,539,731,867,363,312,383,405","127,146,3,148,219,155,128,148,189,154",535
2786,108,"683,923,203,247,658,130,379,789,354,246","127,195,125,63,195,63,39,156,202,54",691
3513,108,"452,638,438,332,379,160,677,547,203,37","146,154,3,154,39,39,156,155,125,151",523
111,108,"683,923,203,247,658,130,379,677,368,781","127,195,125,63,195,63,39,156,3,39",598
4671,108,"683,923,705,781,789,379,354,769,640,638","127,195,44,39,156,39,202,155,148,154",553
1507,108,"683,452,184,539,383,710,405,867,312,421","127,146,36,148,189,127,154,155,148,195",634
3266,108,"683,452,811,539,731,238,406,867,405,363","127,146,3,148,219,155,127,155,154,128",579
3187,108,"452,137,677,160,368,923,485,379,513,438","146,39,156,39,3,195,189,39,148,3",374
5211,108,"683,923,417,184,485,383,731,638,629,497","127,195,165,36,189,189,219,154,148,128",541
2831,108,"452,638,923,383,3,770,290,772,811,614","146,154,195,189,155,129,3,126,3,3",513
2347,108,"683,923,705,553,184,638,438,290,193,677","127,195,44,117,36,154,3,3,21,156",555
5507,108,"683,923,184,193,368,638,677,485,130,438","127,195,36,21,3,154,156,189,63,3",519
5544,108,"683,923,203,184,705,37,710,160,209,866","127,195,125,36,44,151,127,39,155,284",720
2914,108,"683,452,811,539,570,383,405,199,867,406","127,146,3,148,117,189,154,155,155,127",559
5496,108,"683,452,811,539,731,867,405,248,406,312","127,146,3,148,219,155,154,148,127,148",530
1138,108,"683,452,811,539,731,238,406,383,312,533","127,146,3,148,219,155,127,189,148,39",535
4419,108,"683,923,203,247,638,674,517,705,789,379","127,195,125,63,154,146,155,44,156,39",627
3276,108,"683,923,184,193,368,547,438,105,517,497","127,195,36,21,3,155,3,284,155,128",569
1047,108,"683,401,699,417,438,923,203,126,340,671","127,174,170,165,3,195,125,165,181,174",782
2918,108,"683,923,203,184,383,811,37,485,705,789","127,195,125,36,189,3,151,189,44,156",634
1378,108,"683,452,811,539,405,363,312,421,786,867","127,146,3,148,154,128,148,195,154,155",588
1389,108,"683,452,811,383,867,405,539,406,314,3","127,146,3,189,155,154,148,127,155,155",618
4400,108,"683,923,203,247,638,674,517,705,789,342","127,195,125,63,154,146,155,44,156,163",654
565,108,"683,923,705,553,184,638,290,37,193,130","127,195,44,117,36,154,3,151,21,63",640
5627,108,"683,452,811,539,163,321,406,405,421,202","127,146,3,148,163,127,127,154,195,153",669
5456,108,"683,452,811,383,539,405,884,867,786,199","127,146,3,189,148,154,44,155,154,155",611
123,108,"683,184,811,383,485,3,731,638,629,497","127,36,3,189,189,155,219,154,148,128",466
3482,108,"683,452,184,363,551,738,421,89,786,349","127,146,36,128,195,155,195,42,154,127",547
6033,108,"683,452,884,441,406,923,363,398,80,349","127,146,44,117,127,195,128,270,155,127",661
5560,108,"683,452,811,539,405,202,312,731,199,248","127,146,3,148,154,153,148,219,155,148",616
4723,108,"683,452,184,539,867,190,406,405,811,3","127,146,36,148,155,163,164,127,154,3,155",498
1525,108,"683,452,184,539,154,629,867,405,199,406","127,146,36,148,164,148,155,154,155,127",600
3854,108,"683,923,811,383,614,731,37,710,452,772","127,195,3,189,3,219,151,127,146,126",544
184,108,"683,923,203,184,705,37,710,160,290,438","127,195,125,36,44,151,127,39,3,3",645
1025,108,"683,923,811,907,184,731,248,312,539,383","127,195,3,219,36,219,148,148,148,189",535
4422,108,"683,923,184,193,368,547,677,738,474,212","127,195,36,21,3,155,156,155,3,148",374
2100,108,"452,383,312,533,811,539,614,59,3,867","146,189,148,39,3,148,3,164,155,155",371
2034,108,"452,923,312,533,184,539,811,190,410,383","146,195,148,39,36,148,3,163,164,148,189",485
1554,108,"683,923,203,184,705,781,789,379,417,246","127,195,125,36,44,39,156,39,165,54",612
3938,108,"683,401,130,438,781,184,485,923,789,638","127,174,63,3,39,36,189,195,156,154",688
3315,108,"683,923,811,383,485,638,379,193,497,37","127,195,3,189,189,154,39,21,128,151",541
966,108,"683,452,184,539,867,383,629,461,770,497","127,146,36,148,155,189,148,155,129,128",510
4238,108,"683,452,811,383,539,405,363,786,731,710","127,146,3,189,148,154,128,154,219,127",521
3693,108,"683,452,811,383,539,405,710,731,867,199","127,146,3,189,148,154,127,219,155,155",463
1674,108,"683,452,884,441,349,638,866,561,184,461","127,146,44,117,127,154,284,63,36,155",640
4816,108,"683,923,203,247,658,342,640,789,246,547","127,195,125,63,195,163,148,156,54,155",550
4352,108,"683,452,811,383,867,405,539,406,314,199","127,146,3,189,155,154,148,127,155,155",535
2677,108,"683,401,14,782,772,37,497,383,710,614","127,174,137,117,126,151,128,189,127,3",796
3486,108,"683,923,705,781,789,379,354,638,130,640","127,195,44,39,156,39,202,154,63,148",702
796,108,"683,923,203,247,658,130,379,342,497,640","127,195,125,63,195,63,39,163,128,148",635
5561,108,"683,923,203,247,658,130,379,342,368,677","127,195,125,63,195,63,39,163,3,156",509
2917,108,"683,923,417,193,368,547,474,105,517,130","127,195,165,21,3,155,3,284,155,63",519
4277,108,"683,923,705,781,789,130,379,638,354,547","127,195,44,39,156,63,39,154,202,155",563
444,108,"683,923,184,342,677,485,193,130,368,160","127,195,36,163,156,189,21,63,3,39",526
2078,108,"683,923,184,193,368,638,438,517,677,547","127,195,36,21,3,154,3,155,156,155",516
2781,108,"683,452,811,539,405,363,786,349,714,421","127,146,3,148,154,128,154,127,163,195",555
1503,108,"683,923,705,37,638,184,193,130,438,379","127,195,44,151,154,36,21,63,3,39",553
2961,108,"683,923,203,247,658,677,354,640,246,379","127,195,125,63,195,156,202,148,54,39",678
2627,108,"452,923,312,533,184,160,137,417,789,379","146,195,148,39,36,39,39,165,156,39",689
4492,108,"683,923,811,383,485,203,379,497,677,368","127,195,3,189,189,125,39,128,156,3",531
4858,108,"683,923,417,184,485,553,37,731,438,209","127,195,165,36,189,117,151,219,3,155",594
1041,108,"683,923,203,247,658,130,379,789,354,246","127,195,125,63,195,63,39,156,202,54",669
987,108,"683,452,811,539,570,163,406,321,861,867","127,146,3,148,117,163,127,127,135,155",690
432,108,"683,452,184,363,658,923,160,547,40,497","127,146,36,128,195,195,39,155,3,128",507
970,108,"683,923,184,193,368,638,438,517,677,290","127,195,36,21,3,154,3,155,156,3",394
6147,108,"683,923,203,247,658,130,379,789,246,769","127,195,125,63,195,63,39,156,54,155",576
1709,108,"683,923,383,485,203,638,379,368,658,247","127,195,189,189,125,154,39,3,195,63",682
4088,108,"452,923,772,3,539,154,363,312,199,405","146,195,126,155,148,164,128,148,155,154",479
5126,108,"683,452,811,539,405,154,202,312,199,248","127,146,3,148,154,164,153,148,155,148",498
464,108,"683,923,203,184,705,37,710,160,290,638","127,195,125,36,44,151,127,39,3,154",608
4325,108,"683,923,811,907,248,731,383,111,539,3","127,195,3,219,148,219,189,155,148,155",571
2211,108,"683,699,184,209,638,517,247,782,674,47","127,170,36,155,154,155,63,117,146,127",717
2618,108,"683,923,811,907,248,731,383,452,184,710","127,195,3,219,148,219,189,146,36,127",586
4940,108,"683,923,203,184,342,705,37,638,674,438","127,195,125,36,163,44,151,154,146,3",601
1823,108,"683,923,203,247,638,674,517,184,705,789","127,195,125,63,154,146,155,36,44,156",612
2795,108,"683,923,184,342,497,547,368,438,638,640","127,195,36,163,128,155,3,3,154,148",510
2949,108,"683,923,203,247,638,184,677,438,485,417","127,195,125,63,154,36,156,3,189,165",600
4827,108,"683,923,184,193,368,547,677,738,474,212","127,195,36,21,3,155,156,155,3,148",412
1788,108,"699,629,539,689,438,714,485,819,640,803","170,148,148,128,3,163,189,3,148,148",187
3462,108,"683,923,705,553,37,342,497,638,379,105","127,195,44,117,151,163,128,154,39,284",539
2322,108,"683,923,811,731,383,497,184,37,553,406","127,195,3,219,189,128,36,151,117,127",693
248,108,"683,452,184,363,438,547,354,160,738,497","127,146,36,128,3,155,202,39,155,128",612
4017,108,"683,452,184,363,551,786,539,312,526,421","127,146,36,128,195,154,148,148,63,195",519
767,108,"683,923,184,193,368,547,438,638,517,130","127,195,36,21,3,155,3,154,155,63",582
4698,108,"683,923,705,37,638,184,193,130,438,368","127,195,44,151,154,36,21,63,3,3",553
35,108,"683,452,811,539,570,867,312,406,59,405","127,146,3,148,117,155,148,127,164,154",620
2148,108,"683,923,184,193,368,638,677,438,547,212","127,195,36,21,3,154,156,3,155,148",520
5579,108,"683,452,811,383,867,405,539,406,314,3","127,146,3,189,155,154,148,127,155,155",585
5580,108,"683,923,203,184,638,485,133,710,677,160","127,195,125,36,154,189,163,127,156,39",608
1109,108,"683,923,811,383,485,3,638,379,290,193","127,195,3,189,189,155,154,39,3,21",555
2923,108,"683,923,811,907,705,37,383,111,209,731","127,195,3,219,44,151,189,155,155,219",669
1172,108,"683,923,184,342,497,547,379,246,738,438","127,195,36,163,128,155,39,54,155,3",506
714,108,"452,923,312,533,3,383,238,199,867,314","146,195,148,39,155,189,155,155,155,155",380
5558,108,"683,452,184,539,383,629,867,202,199,405","127,146,36,148,189,148,155,153,155,154",561
3945,108,"683,452,811,383,867,3,238,184,199,731","127,146,3,189,155,155,155,36,155,219",582
730,108,"683,923,705,781,789,130,438,379,638,193","127,195,44,39,156,63,3,39,154,21",572
3475,108,"683,452,811,383,539,405,363,786,710,238","127,146,3,189,148,154,128,154,127,155",547
932,108,"683,923,184,193,368,547,438,160,497,130","127,195,36,21,3,155,3,39,128,63",568
2062,108,"452,923,312,533,383,199,3,614,527,811","146,195,148,39,189,155,155,3,155,3",380
3456,108,"683,923,184,193,368,547,130,677,438,497","127,195,36,21,3,155,63,156,3,128",545
1046,108,"683,923,184,342,497,547,379,640,638,677","127,195,36,163,128,155,39,148,154,156",401
2726,108,"683,923,203,677,379,789,738,342,438,638","127,195,125,156,39,156,155,163,3,154",546
3852,108,"452,638,438,332,379,160,677,247,658,203","146,154,3,154,39,39,156,63,195,125",531
5016,108,"452,383,199,238,811,363,834,789,907,787","146,189,155,155,3,128,36,156,219,148",264
3507,109,"683,923,184,193,368,547,438,638,517,130","127,195,36,21,3,155,3,154,155,63",531
5784,109,"683,452,184,539,867,406,314,405,80,629","127,146,36,148,155,127,155,154,155,148",490
5424,109,"683,923,811,907,184,731,383,37,209,629","127,195,3,219,36,219,189,151,155,148",535
5481,109,"683,923,705,781,130,193,368,789,178,438","127,195,44,39,63,21,3,156,155,3",553
4511,109,"683,452,811,383,867,884,441,363,349,406","127,146,3,189,155,44,117,128,127,127",612
5430,109,"683,923,203,677,379,193,547,368,517,497","127,195,125,156,39,21,155,3,155,128",546
2873,109,"452,638,923,184,677,547,438,332,738,368","146,154,195,36,156,155,3,154,155,3",477
1235,109,"452,923,312,533,383,363,199,3,714,190","146,195,148,39,189,128,155,155,163,163,164",494
4355,109,"683,923,705,781,789,379,417,193,368,547","127,195,44,39,156,39,165,21,3,155",586
3184,109,"683,923,811,907,248,111,457,406,410,184","127,195,3,219,148,155,156,127,148,36",535
2179,109,"452,638,923,184,677,547,438,332,738,368","146,154,195,36,156,155,3,154,155,3",352
3210,109,"683,923,184,193,368,547,130,246,640,769","127,195,36,21,3,155,63,54,148,155",544
4486,109,"683,923,184,193,368,677,485,290,160,130","127,195,36,21,3,156,189,3,39,63",519
633,109,"683,452,184,539,867,383,629,461,190,3","127,146,36,148,155,189,148,155,163,164,155",508
1430,109,"683,923,203,130,658,342,497,640,379,789","127,195,125,63,195,163,128,148,39,156",412
1133,109,"452,638,923,383,614,3,199,312,59,111","146,154,195,189,3,155,155,148,164,155",361
5148,109,"683,452,811,383,539,405,199,710,312,867","127,146,3,189,148,154,155,127,148,155",556
64,109,"683,923,184,485,37,553,638,438,290,137","127,195,36,189,151,117,154,3,3,39",494
5501,109,"683,923,184,342,497,547,368,438,137,638","127,195,36,163,128,155,3,3,39,154",463
1584,109,"452,923,312,539,811,202,405,867,363,614","146,195,148,148,3,153,154,155,128,3",413
3104,109,"533,699,789,342,312,485,3,941,457,638","39,170,156,163,148,189,155,154,156,154",363
729,109,"452,923,312,533,383,199,3,614,527,539","146,195,148,39,189,155,155,3,155,148",346
4554,109,"683,923,705,781,789,379,354,769,638,640","127,195,44,39,156,39,202,155,154,148",569
2626,109,"683,923,203,677,193,638,379,368,130,866","127,195,125,156,21,154,39,3,63,284",628
2261,109,"683,452,811,539,570,867,312,238,406,405","127,146,3,148,117,155,148,155,127,154",641
5528,109,"683,923,705,781,789,379,354,769,640,212","127,195,44,39,156,39,202,155,148,148",553
5711,109,"683,923,705,781,789,379,130,677,547,368","127,195,44,39,156,39,63,156,155,3",553
2466,109,"452,638,417,332,474,379,212,769,640,193","146,154,165,154,3,39,148,155,148,21",375
145,109,"683,923,417,193,368,438,184,547,105,517","127,195,165,21,3,3,36,155,284,155",500
5860,109,"452,923,312,539,811,614,527,3,867,383","146,195,148,148,3,3,155,155,155,189",354
5493,109,"683,923,184,193,368,638,438,517,677,513","127,195,36,21,3,154,3,155,156,148",544
3202,109,"683,383,539,312,405,59,199,24,248,731","127,189,148,148,154,164,155,156,148,219",669
541,109,"683,452,184,363,551,738,421,89,547,130","127,146,36,128,195,155,195,42,155,63",528
2883,109,"452,923,312,533,3,383,238,834,184,629","146,195,148,39,155,189,155,36,36,148",389
1595,109,"452,705,379,781,923,368,547,513,517,789","146,44,39,39,195,3,155,148,155,156",500
4837,109,"683,452,184,539,154,629,867,59,199,312","127,146,36,148,164,148,155,164,155,148",464
5610,109,"683,452,884,363,547,349,406,354,184,866","127,146,44,128,155,127,127,202,36,284",653
66,109,"683,452,884,614,866,790,539,383,710,867","127,146,44,3,284,148,148,189,127,155",653
5436,109,"683,452,184,539,867,406,314,80,199,629","127,146,36,148,155,127,155,155,155,148",547
2737,109,"683,452,184,539,867,406,314,405,3,238","127,146,36,148,155,127,155,154,155,155",535
573,109,"452,638,417,184,383,629,461,811,485,790","146,154,165,36,189,148,155,3,189,148",547
1670,109,"683,923,203,247,638,184,866,677,417,485","127,195,125,63,154,36,284,156,165,189",644
5744,109,"683,923,705,781,789,379,130,193,547,474","127,195,44,39,156,39,63,21,155,3",586
1223,109,"452,638,417,332,789,738,184,547,640,438","146,154,165,154,156,155,36,155,148,3",400
376,109,"683,452,811,539,731,867,405,248,406,202","127,146,3,148,219,155,154,148,127,153",412
2837,109,"683,923,184,342,497,130,368,547,379,789","127,195,36,163,128,63,3,155,39,156",538
2931,109,"683,184,731,3,539,689,312,485,111,410","127,36,219,155,148,128,148,189,155,148",461
1374,109,"683,923,705,781,130,789,379,677,368,547","127,195,44,39,63,156,39,156,3,155",553
2938,109,"683,923,811,731,248,383,312,539,420,111","127,195,3,219,148,189,148,148,153,155",535
1563,109,"683,923,184,342,497,130,246,640,769,379","127,195,36,163,128,63,54,148,155,39",519
3981,109,"683,452,184,539,154,629,867,383,312,710","127,146,36,148,164,148,155,189,148,127",520
1993,109,"683,452,811,383,539,405,363,786,867,312","127,146,3,189,148,154,128,154,155,148",540
4228,109,"683,923,184,193,368,547,677,738,474,212","127,195,36,21,3,155,156,155,3,148",549
934,109,"683,923,203,705,37,674,497,383,105,811","127,195,125,44,151,146,128,189,284,3",577
449,109,"683,923,417,184,485,553,37,134,811,383","127,195,165,36,189,117,151,155,3,189",541
944,109,"452,638,438,332,379,474,789,640,212,769","146,154,3,154,39,3,156,148,148,155",447
3243,109,"683,923,705,781,789,379,354,769,640,212","127,195,44,39,156,39,202,155,148,148",553
889,109,"683,923,811,907,248,731,383,290,184,379","127,195,3,219,148,219,189,3,36,39",519
3540,109,"683,923,203,184,342,105,368,290,638,37","127,195,125,36,163,284,3,3,154,151",553
2861,109,"683,923,184,342,497,547,379,640,212,769","127,195,36,163,128,155,39,148,148,155",412
4748,109,"452,638,438,332,379,474,789,640,212,130","146,154,3,154,39,3,156,148,148,63",521
3532,109,"683,923,184,193,368,547,438,105,517,638","127,195,36,21,3,155,3,284,155,154",528
1764,109,"683,923,184,193,368,547,438,105,485,781","127,195,36,21,3,155,3,284,189,39",541
1614,109,"683,923,203,677,379,789,738,638,640,547","127,195,125,156,39,156,155,154,148,155",571
5452,109,"683,923,811,383,485,3,638,941,772,731","127,195,3,189,189,155,154,154,126,219",519
5139,109,"683,923,184,342,497,547,379,640,789,769","127,195,36,163,128,155,39,148,156,155",472
2840,109,"452,638,438,332,342,547,640,658,379,789","146,154,3,154,163,155,148,195,39,156",355
2905,109,"683,923,811,731,248,539,772,111,410,383","127,195,3,219,148,148,126,155,148,189",628
1538,109,"683,923,184,193,368,677,438,638,379,160","127,195,36,21,3,156,3,154,39,39",494
681,109,"683,923,811,907,184,368,406,290,638,438","127,195,3,219,36,3,127,3,154,3",514
2101,109,"683,452,811,539,731,238,786,383,406,923","127,146,3,148,219,155,154,189,127,195",574
5250,109,"452,923,312,539,154,3,811,202,742,420","146,195,148,148,164,155,3,153,164,153",338
2710,109,"683,452,811,383,867,3,238,363,405,714","127,146,3,189,155,155,155,128,154,163",520
3446,109,"683,923,184,193,368,547,438,105,485,781","127,195,36,21,3,155,3,284,189,39",519
1057,109,"683,452,184,539,867,383,710,614,646,461","127,146,36,148,155,189,127,3,155,155",543
671,109,"683,452,811,383,867,3,238,714,349,354","127,146,3,189,155,155,155,163,127,202",460
185,109,"683,383,539,312,405,59,199,867,406,80","127,189,148,148,154,164,155,155,127,155",720
622,109,"683,452,811,539,731,867,742,405,363,238","127,146,3,148,219,155,164,154,128,155",535
2367,109,"452,923,312,539,154,202,811,363,614,405","146,195,148,148,164,153,3,128,3,154",398
717,109,"683,699,130,246,638,379,769,354,640,268","127,170,63,54,154,39,155,202,148,61",461
5110,109,"452,923,312,533,383,461,3,379,190,811","146,195,148,39,189,155,155,39,163,164,3",349
2548,109,"452,638,547,368,332,789,193,37,212,474","146,154,155,3,154,156,21,151,148,3",228
5210,109,"683,923,184,193,368,547,130,246,738,789","127,195,36,21,3,155,63,54,155,156",523
2654,109,"683,452,811,539,570,867,3,383,312,199","127,146,3,148,117,155,155,189,148,155",541
5074,109,"683,923,705,781,789,379,354,769,640,212","127,195,44,39,156,39,202,155,148,148",553
4457,109,"683,923,811,731,248,539,111,420,383,639","127,195,3,219,148,148,155,153,189,155",690
1462,109,"683,923,184,193,368,638,438,517,677,547","127,195,36,21,3,154,3,155,156,155",554
1213,109,"683,923,705,781,789,379,417,547,130,368","127,195,44,39,156,39,165,155,63,3",644
1760,109,"683,923,203,184,383,811,485,37,193,379","127,195,125,36,189,3,189,151,21,39",600
1298,109,"452,923,312,533,184,539,811,383,629,461","146,195,148,39,36,148,3,189,148,155",430
2094,109,"683,923,203,184,383,811,37,539,731,907","127,195,125,36,189,3,151,148,219,219",537
3549,109,"683,811,539,731,884,441,363,923,170,406","127,3,148,219,44,117,128,195,39,127",633
5694,109,"683,923,811,731,383,497,184,3,629,111","127,195,3,219,189,128,36,155,148,155",606
112,109,"683,699,184,209,638,517,379,246,819,340","127,170,36,155,154,155,39,54,3,181",749
3791,109,"683,452,866,710,561,614,539,383,184,417","127,146,284,127,63,3,148,189,36,165",639
1269,109,"452,638,438,332,547,789,640,130,658,212","146,154,3,154,155,156,148,63,195,148",476
4216,109,"683,923,705,781,789,379,130,193,547,640","127,195,44,39,156,39,63,21,155,148",553
1837,109,"683,923,184,485,710,383,638,517,497,193","127,195,36,189,127,189,154,155,128,21",499
2380,109,"683,452,811,539,731,867,363,312,383,405","127,146,3,148,219,155,128,148,189,154",535
2786,109,"683,923,203,247,658,130,379,789,354,246","127,195,125,63,195,63,39,156,202,54",691
3513,109,"452,638,417,184,438,203,105,160,290,193","146,154,165,36,3,125,284,39,3,21",523
111,109,"683,923,203,247,658,130,379,677,368,781","127,195,125,63,195,63,39,156,3,39",598
4671,109,"683,923,705,781,789,379,354,769,640,638","127,195,44,39,156,39,202,155,148,154",553
1507,109,"683,452,184,539,383,710,405,867,312,421","127,146,36,148,189,127,154,155,148,195",634
3266,109,"683,452,811,539,731,238,406,867,405,363","127,146,3,148,219,155,127,155,154,128",579
3187,109,"452,137,677,160,368,923,485,379,513,438","146,39,156,39,3,195,189,39,148,3",374
5211,109,"683,923,184,485,710,539,811,383,941,638","127,195,36,189,127,148,3,189,154,154",541
2831,109,"452,638,923,383,3,770,290,772,811,614","146,154,195,189,155,129,3,126,3,3",513
2347,109,"683,923,705,553,184,638,342,438,517,417","127,195,44,117,36,154,163,3,155,165",555
5507,109,"683,923,184,193,368,638,677,485,130,438","127,195,36,21,3,154,156,189,63,3",519
5544,109,"683,923,203,184,705,37,710,160,209,866","127,195,125,36,44,151,127,39,155,284",720
2914,109,"683,452,811,539,570,383,405,199,867,406","127,146,3,148,117,189,154,155,155,127",559
5496,109,"683,452,811,539,731,867,405,248,406,312","127,146,3,148,219,155,154,148,127,148",530
1138,109,"683,452,811,539,731,238,406,383,312,533","127,146,3,148,219,155,127,189,148,39",535
4419,109,"683,923,203,247,638,674,517,705,789,379","127,195,125,63,154,146,155,44,156,39",627
3276,109,"683,923,417,184,193,368,105,342,547,497","127,195,165,36,21,3,284,163,155,128",569
1047,109,"683,401,699,417,438,923,203,133,731,866","127,174,170,165,3,195,125,163,219,284",782
2918,109,"683,923,203,184,383,811,37,485,705,789","127,195,125,36,189,3,151,189,44,156",634
1378,109,"683,452,811,539,405,363,312,421,786,867","127,146,3,148,154,128,148,195,154,155",588
1389,109,"683,452,811,383,867,405,539,406,314,3","127,146,3,189,155,154,148,127,155,155",618
4400,109,"683,923,203,247,638,674,517,705,789,193","127,195,125,63,154,146,155,44,156,21",654
565,109,"683,923,705,553,184,638,290,37,193,342","127,195,44,117,36,154,3,151,21,163",640
5627,109,"683,452,811,539,163,321,406,405,421,202","127,146,3,148,163,127,127,154,195,153",669
5456,109,"683,452,811,383,539,405,884,867,786,199","127,146,3,189,148,154,44,155,154,155",611
123,109,"683,184,811,383,485,3,731,638,629,497","127,36,3,189,189,155,219,154,148,128",466
3482,109,"683,452,184,363,551,738,421,89,786,349","127,146,36,128,195,155,195,42,154,127",547
6033,109,"683,452,884,441,406,923,363,398,80,349","127,146,44,117,127,195,128,270,155,127",661
5560,109,"683,452,811,539,405,154,202,312,731,199","127,146,3,148,154,164,153,148,219,155",616
4723,109,"683,452,184,539,867,406,314,405,3,238","127,146,36,148,155,127,155,154,155,155",498
1525,109,"683,452,184,539,383,710,405,199,636,867","127,146,36,148,189,127,154,155,56,155",600
3854,109,"683,923,811,383,614,731,37,710,452,772","127,195,3,189,3,219,151,127,146,126",544
184,109,"683,923,203,184,342,705,37,710,209,638","127,195,125,36,163,44,151,127,155,154",645
1025,109,"683,923,811,907,184,731,248,312,539,383","127,195,3,219,36,219,148,148,148,189",535
4422,109,"683,923,184,193,368,547,677,738,474,212","127,195,36,21,3,155,156,155,3,148",374
2100,109,"452,383,312,533,811,539,614,59,3,867","146,189,148,39,3,148,3,164,155,155",371
2034,109,"452,923,312,533,184,539,811,190,410,383","146,195,148,39,36,148,3,163,164,148,189",485
1554,109,"683,923,203,184,705,781,789,379,246,354","127,195,125,36,44,39,156,39,54,202",612
3938,109,"683,401,130,417,438,781,638,923,485,789","127,174,63,165,3,39,154,195,189,156",688
3315,109,"683,923,811,383,485,638,379,193,497,37","127,195,3,189,189,154,39,21,128,151",541
966,109,"683,452,184,539,867,383,629,461,770,497","127,146,36,148,155,189,148,155,129,128",510
4238,109,"683,452,811,383,539,405,363,786,731,710","127,146,3,189,148,154,128,154,219,127",521
3693,109,"683,452,811,383,539,405,710,731,867,199","127,146,3,189,148,154,127,219,155,155",463
1674,109,"683,452,884,441,349,638,866,561,184,461","127,146,44,117,127,154,284,63,36,155",640
4816,109,"683,923,203,247,658,342,640,789,246,547","127,195,125,63,195,163,148,156,54,155",550
4352,109,"683,452,811,383,867,405,539,406,314,199","127,146,3,189,155,154,148,127,155,155",535
2677,109,"683,401,14,782,772,37,497,383,710,614","127,174,137,117,126,151,128,189,127,3",796
3486,109,"683,923,705,781,789,379,354,417,638,130","127,195,44,39,156,39,202,165,154,63",702
796,109,"683,923,203,247,658,130,379,677,246,354","127,195,125,63,195,63,39,156,54,202",635
5561,109,"683,923,203,247,658,130,379,677,368,781","127,195,125,63,195,63,39,156,3,39",509
2917,109,"683,923,184,485,37,368,105,130,438,134","127,195,36,189,151,3,284,63,3,155",519
4277,109,"683,923,705,781,789,130,379,342,354,438","127,195,44,39,156,63,39,163,202,3",563
444,109,"683,923,184,193,368,638,130,517,677,438","127,195,36,21,3,154,63,155,156,3",526
2078,109,"683,923,417,184,193,485,368,438,105,638","127,195,165,36,21,189,3,3,284,154",516
2781,109,"683,452,811,539,405,363,786,349,551,738","127,146,3,148,154,128,154,127,195,155",555
1503,109,"683,923,705,37,638,184,193,130,438,379","127,195,44,151,154,36,21,63,3,39",553
2961,109,"683,923,203,247,658,677,342,368,130,354","127,195,125,63,195,156,163,3,63,202",678
2627,109,"452,923,312,533,184,160,137,417,789,379","146,195,148,39,36,39,39,165,156,39",689
4492,109,"683,923,811,383,485,203,379,497,677,368","127,195,3,189,189,125,39,128,156,3",531
4858,109,"683,923,184,485,37,553,638,539,134,137","127,195,36,189,151,117,154,148,155,39",594
1041,109,"683,923,203,247,658,130,379,789,354,246","127,195,125,63,195,63,39,156,202,54",669
987,109,"683,452,811,539,570,867,312,742,59,406","127,146,3,148,117,155,148,164,164,127",690
432,109,"683,452,184,363,658,923,160,547,40,497","127,146,36,128,195,195,39,155,3,128",507
970,109,"683,923,417,184,193,485,368,438,638,677","127,195,165,36,21,189,3,3,154,156",394
6147,109,"683,923,203,247,658,130,379,789,246,769","127,195,125,63,195,63,39,156,54,155",576
1709,109,"683,923,383,485,203,638,379,368,658,247","127,195,189,189,125,154,39,3,195,63",682
4088,109,"452,923,772,3,539,312,199,363,202,24","146,195,126,155,148,148,155,128,153,156",479
5126,109,"683,452,811,539,405,202,312,199,731,248","127,146,3,148,154,153,148,155,219,148",498
464,109,"683,923,203,184,705,37,710,160,290,638","127,195,125,36,44,151,127,39,3,154",608
4325,109,"683,923,811,907,248,731,383,111,539,3","127,195,3,219,148,219,189,155,148,155",571
2211,109,"683,699,184,209,638,517,247,782,674,47","127,170,36,155,154,155,63,117,146,127",717
2618,109,"683,923,811,907,248,731,383,452,184,710","127,195,3,219,148,219,189,146,36,127",586
4940,109,"683,923,203,184,705,37,193,674,438,638","127,195,125,36,44,151,21,146,3,154",601
1823,109,"683,923,203,247,638,674,517,184,705,789","127,195,125,63,154,146,155,36,44,156",612
2795,109,"683,923,417,193,368,547,474,638,332,212","127,195,165,21,3,155,3,154,154,148",510
2949,109,"683,923,203,247,638,184,677,438,485,368","127,195,125,63,154,36,156,3,189,3",600
4827,109,"683,923,417,184,193,368,438,342,677,638","127,195,165,36,21,3,3,163,156,154",412
1788,109,"699,190,629,803,689,438,539,485,819,714","170,163,164,148,148,128,3,148,189,3,163",187
3462,109,"683,923,705,553,37,638,517,674,105,497","127,195,44,117,151,154,155,146,284,128",539
2322,109,"683,923,811,731,383,497,184,37,553,406","127,195,3,219,189,128,36,151,117,127",693
248,109,"683,452,184,363,438,547,354,160,738,497","127,146,36,128,3,155,202,39,155,128",612
4017,109,"683,452,184,363,551,786,539,312,526,421","127,146,36,128,195,154,148,148,63,195",519
767,109,"683,923,184,342,497,130,368,547,438,137","127,195,36,163,128,63,3,155,3,39",582
4698,109,"683,923,705,37,638,184,193,130,438,368","127,195,44,151,154,36,21,63,3,3",553
35,109,"683,452,811,539,570,867,312,742,59,405","127,146,3,148,117,155,148,164,164,154",620
2148,109,"683,923,184,193,368,638,677,438,547,212","127,195,36,21,3,154,156,3,155,148",520
5579,109,"683,452,811,383,867,405,539,406,314,3","127,146,3,189,155,154,148,127,155,155",585
5580,109,"683,923,203,184,342,638,37,677,485,731","127,195,125,36,163,154,151,156,189,219",608
1109,109,"683,923,811,383,485,3,638,379,290,193","127,195,3,189,189,155,154,39,3,21",555
2923,109,"683,923,811,907,705,37,383,111,209,731","127,195,3,219,44,151,189,155,155,219",669
1172,109,"683,923,417,184,193,368,105,677,547,438","127,195,165,36,21,3,284,156,155,3",506
714,109,"452,923,312,533,3,383,238,199,867,314","146,195,148,39,155,189,155,155,155,155",380
5558,109,"683,452,184,539,383,629,867,202,199,405","127,146,36,148,189,148,155,153,155,154",561
3945,109,"683,452,811,383,867,3,238,184,190,199","127,146,3,189,155,155,155,36,163,164,155",582
730,109,"683,923,705,781,789,130,438,379,638,193","127,195,44,39,156,63,3,39,154,21",572
3475,109,"683,452,811,383,539,405,363,786,710,238","127,146,3,189,148,154,128,154,127,155",547
932,109,"683,923,184,193,368,547,438,160,497,130","127,195,36,21,3,155,3,39,128,63",568
2062,109,"452,923,312,533,383,199,3,614,527,811","146,195,148,39,189,155,155,3,155,3",380
3456,109,"683,923,184,193,368,547,130,677,438,497","127,195,36,21,3,155,63,156,3,128",545
1046,109,"683,923,417,193,368,438,184,547,379,342","127,195,165,21,3,3,36,155,39,163",401
2726,109,"683,923,203,677,379,789,738,638,640,547","127,195,125,156,39,156,155,154,148,155",546
3852,109,"452,638,438,332,379,160,677,247,658,203","146,154,3,154,39,39,156,63,195,125",531
5016,109,"452,383,199,714,238,811,834,787,867,629","146,189,155,163,155,3,36,148,155,148",264
