user_id,seed,sampled_q_ids,sampled_subject_ids,student_total_questions
3507,100,"683,677,811,638,770,30,749,794,184,474","127,156,3,154,129,21,3,39,36,3",531
5784,100,"683,452,867,791,122,199,690,539,383,813","127,146,155,189,36,155,219,148,189,154",490
5424,100,"683,677,811,396,731,451,922,312,184,134","127,156,3,267,219,163,154,148,36,155",535
5481,100,"683,677,749,819,30,605,79,76,438,474","127,156,3,3,21,155,155,36,3,3",553
4511,100,"683,452,791,143,363,884,466,359,354,700","127,146,189,155,128,44,42,267,202,219",612
5430,100,"683,677,749,819,30,605,79,76,474,770","127,156,3,3,21,155,155,36,3,129",546
2873,100,"452,770,749,677,79,605,210,37,71,417","146,129,3,156,155,155,36,151,156,165",477
1235,100,"452,363,700,637,517,30,638,359,934,342","146,128,219,155,155,21,154,267,21,163",494
4355,100,"683,677,749,819,30,605,210,79,71,495","127,156,3,3,21,155,36,155,156,156",586
3184,100,"683,677,811,396,89,577,638,134,37,184","127,156,3,267,42,284,154,155,151,36",535
2179,100,"452,184,193,572,605,500,588,495,71,800","146,36,21,39,155,155,155,156,156,156",352
3210,100,"683,677,749,819,30,605,210,500,824,588","127,156,3,3,21,155,36,155,127,155",544
4486,100,"683,677,811,638,770,30,184,934,749,794","127,156,3,154,129,21,36,21,3,39",519
633,100,"683,452,867,383,770,629,676,6,363,674","127,146,155,189,129,148,155,148,128,146",508
1430,100,"683,30,819,605,794,572,934,824,495,800","127,21,3,155,39,39,21,127,156,156",412
1133,100,"452,184,383,461,178,791,199,742,614,539","146,36,189,155,155,189,155,164,3,148",361
5148,100,"683,452,791,312,867,209,64,539,396,199","127,146,189,148,155,155,56,148,267,155",556
64,100,"683,677,811,89,922,248,184,907,3,111","127,156,3,42,154,148,36,219,155,155",494
5501,100,"683,677,572,731,605,749,819,30,79,474","127,156,39,219,155,3,3,21,155,3",463
1584,100,"452,363,312,539,202,59,209,457,529,911","146,128,148,148,153,164,155,156,155,154",413
3104,100,"96,791,421,843,58,646,257,134,438,749","173,189,195,181,169,155,146,155,3,3",363
729,100,"452,199,248,457,312,791,178,3,533,867","146,155,148,156,148,189,155,155,39,155",346
4554,100,"683,677,749,819,30,474,76,934,605,868","127,156,3,3,21,3,36,21,155,36",569
2626,100,"683,677,811,396,89,577,638,731,500,134","127,156,3,267,42,284,154,219,155,155",628
2261,100,"683,452,791,143,363,209,815,539,80,867","127,146,189,155,128,155,126,148,155,155",641
5528,100,"683,677,749,819,731,517,184,76,605,500","127,156,3,3,219,155,36,36,155,155",553
5711,100,"683,677,749,819,731,517,30,184,76,474","127,156,3,3,219,155,21,36,36,3",553
2466,100,"452,184,193,572,605,500,588,523,276,210","146,36,21,39,155,155,155,21,155,36",375
145,100,"683,677,572,500,588,605,495,517,749,184","127,156,39,155,155,155,156,155,3,36",500
5860,100,"452,199,248,312,202,59,539,825,457,831","146,155,148,148,153,164,148,148,156,155",354
5493,100,"683,677,811,638,770,30,749,605,76,934","127,156,3,154,129,21,3,155,36,21",544
3202,100,"683,867,791,312,539,209,202,741,349,64","127,155,189,148,148,155,153,63,127,56",669
541,100,"683,452,867,383,770,629,676,563,749,30","127,146,155,189,129,148,155,154,3,21",528
2883,100,"452,855,457,312,637,6,368,843,134,517","146,42,156,148,155,148,3,181,155,155",389
1595,100,"452,770,577,710,331,184,193,438,259,461","146,129,284,127,54,36,21,3,148,155",500
4837,100,"683,452,867,791,690,406,815,539,143,457","127,146,155,189,219,127,126,148,155,156",464
5610,100,"683,452,884,466,867,406,432,199,577,686","127,146,44,42,155,127,44,155,284,36",653
66,100,"683,452,884,690,122,867,209,629,791,674","127,146,44,219,36,155,155,148,189,146",653
5436,100,"683,452,867,791,690,143,629,199,122,383","127,146,155,189,219,155,148,155,36,189",547
2737,100,"683,452,867,791,690,143,674,80,383,342","127,146,155,189,219,155,146,155,189,163",535
573,100,"452,770,184,383,927,461,646,676,134,657","146,129,36,189,284,155,155,155,155,56",547
1670,100,"683,677,749,184,770,676,421,368,794,453","127,156,3,36,129,155,195,3,39,33",644
5744,100,"683,677,749,819,731,517,184,76,417,605","127,156,3,3,219,155,36,36,165,155",586
1223,100,"452,184,193,677,749,794,738,638,417,868","146,36,21,156,3,39,155,154,165,36",400
376,100,"683,452,791,143,867,199,363,629,690,122","127,146,189,155,155,155,128,148,219,36",412
2837,100,"683,677,572,731,605,749,819,30,79,500","127,156,39,219,155,3,3,21,155,155",538
2931,100,"683,184,731,140,134,312,710,65,539,421","127,36,219,176,155,148,127,163,148,195",461
1374,100,"683,677,749,819,30,605,79,76,474,934","127,156,3,3,21,155,155,36,3,21",553
2938,100,"683,677,811,396,731,922,111,248,911,312","127,156,3,267,219,154,155,148,154,148",535
1563,100,"683,677,749,819,30,605,210,500,824,588","127,156,3,3,21,155,36,155,127,155",519
3981,100,"683,452,867,383,813,199,539,791,64,363","127,146,155,189,154,155,148,189,56,128",520
1993,100,"683,452,791,312,363,867,539,457,199,143","127,146,189,148,128,155,148,156,155,155",540
4228,100,"683,677,572,731,605,749,819,30,79,474","127,156,39,219,155,3,3,21,155,3",549
934,100,"683,677,811,638,819,770,577,794,934,749","127,156,3,154,3,129,284,39,21,3",577
449,100,"683,677,572,731,605,749,134,421,184,811","127,156,39,219,155,3,155,195,36,3",541
944,100,"452,770,749,677,79,605,210,500,824,588","146,129,3,156,155,155,36,155,127,155",447
3243,100,"683,677,811,638,794,30,605,500,495,824","127,156,3,154,39,21,155,155,156,127",553
889,100,"683,677,811,396,89,577,638,134,37,184","127,156,3,267,42,284,154,155,151,36",519
3540,100,"683,677,811,638,819,770,577,452,184,193","127,156,3,154,3,129,284,146,36,21",553
2861,100,"683,677,572,500,588,605,824,365,210,523","127,156,39,155,155,155,127,42,36,21",412
4748,100,"452,770,749,677,79,605,210,500,417,761","146,129,3,156,155,155,36,155,165,127",521
3532,100,"683,677,749,184,770,676,934,819,134,421","127,156,3,36,129,155,21,3,155,195",528
1764,100,"683,677,811,638,819,710,134,461,577,184","127,156,3,154,3,127,155,155,284,36",541
1614,100,"683,677,749,819,30,474,934,605,770,79","127,156,3,3,21,3,21,155,129,155",571
5452,100,"683,677,811,638,819,710,134,577,184,76","127,156,3,154,3,127,155,284,36,36",519
5139,100,"683,677,811,638,770,30,749,605,500,495","127,156,3,154,129,21,3,155,155,156",472
2840,100,"452,184,193,934,79,749,677,794,563,638","146,36,21,21,155,3,156,39,154,154",355
2905,100,"683,677,811,396,89,451,3,731,134,248","127,156,3,267,42,163,155,219,155,148",628
1538,100,"683,677,749,819,474,79,71,868,824,770","127,156,3,3,3,155,156,36,127,129",494
681,100,"683,677,811,396,731,248,922,312,577,134","127,156,3,267,219,148,154,148,284,155",514
2101,100,"683,452,791,143,363,867,637,227,122,295","127,146,189,155,128,155,155,219,36,127",574
5250,100,"452,199,248,312,202,539,209,825,529,178","146,155,148,148,153,148,155,148,155,155",338
2710,100,"683,452,791,312,867,539,199,202,396,457","127,146,189,148,155,148,155,153,267,156",520
3446,100,"683,677,811,638,770,30,749,794,474,184","127,156,3,154,129,21,3,39,3,36",519
1057,100,"683,452,867,383,813,199,770,363,791,690","127,146,155,189,154,155,129,128,189,219",543
671,100,"683,452,791,143,209,815,867,539,363,376","127,146,189,155,155,126,155,148,128,164",460
185,100,"683,867,791,209,406,199,457,815,312,741","127,155,189,155,127,155,156,126,148,63",720
622,100,"683,452,791,312,363,867,199,457,80,539","127,146,189,148,128,155,155,156,155,148",535
2367,100,"452,363,791,312,178,3,614,50,811,646","146,128,189,148,155,155,3,154,3,155",398
717,100,"96,638,605,396,210,529,572,741,0,862","173,154,155,267,36,155,39,63,189,195",461
5110,100,"452,855,457,312,637,6,368,727,791,717","146,42,156,148,155,148,3,126,189,195",349
2548,100,"452,37,677,193,259,638,76,500,676,79","146,151,156,21,148,154,36,155,155,155",228
5210,100,"683,677,749,184,770,676,934,819,794,474","127,156,3,36,129,155,21,3,39,3",523
2654,100,"683,452,791,143,363,209,815,539,80,227","127,146,189,155,128,155,126,148,155,219",541
5074,100,"683,677,749,819,30,605,79,76,474,934","127,156,3,3,21,155,155,36,3,21",553
4457,100,"683,677,811,396,731,922,312,741,248,451","127,156,3,267,219,154,148,63,148,163",690
1462,100,"683,677,749,819,30,474,934,76,605,770","127,156,3,3,21,3,21,36,155,129",554
1213,100,"683,677,572,749,819,934,79,605,868,474","127,156,39,3,3,21,155,155,36,3",644
1760,100,"683,677,811,638,819,710,134,907,727,461","127,156,3,154,3,127,155,219,126,155",600
1298,100,"452,363,312,867,199,457,248,742,202,815","146,128,148,155,155,156,148,164,153,126",430
2094,100,"683,677,811,396,731,248,922,907,184,312","127,156,3,267,219,148,154,219,36,148",537
3549,100,"683,867,884,466,638,770,363,461,637,577","127,155,44,42,154,129,128,155,155,284",633
5694,100,"683,677,811,396,89,731,134,312,710,184","127,156,3,267,42,219,155,148,127,36",606
112,100,"96,638,605,700,466,934,819,710,163,770","173,154,155,219,42,21,3,127,163,129",749
3791,100,"683,452,466,376,629,563,6,770,638,37","127,146,42,164,148,154,148,129,154,151",639
1269,100,"452,770,577,749,677,819,868,71,474,453","146,129,284,3,156,3,36,156,3,33",476
4216,100,"683,677,749,819,30,474,934,605,210,500","127,156,3,3,21,3,21,155,36,155",553
1837,100,"683,677,811,638,770,30,184,134,710,76","127,156,3,154,129,21,36,155,127,36",499
2380,100,"683,452,791,143,209,867,363,539,227,815","127,146,189,155,155,155,128,148,219,126",535
2786,100,"683,677,572,731,605,500,588,824,495,365","127,156,39,219,155,155,155,127,156,42",691
3513,100,"452,770,184,934,193,563,794,438,474,368","146,129,36,21,21,154,39,3,3,3",523
111,100,"683,677,811,638,770,359,30,474,749,605","127,156,3,154,129,267,21,3,3,155",598
4671,100,"683,677,749,819,30,474,934,605,76,868","127,156,3,3,21,3,21,155,36,36",553
1507,100,"683,452,867,383,813,770,199,710,791,178","127,146,155,189,154,129,155,127,189,155",634
3266,100,"683,452,791,143,209,867,363,539,227,815","127,146,189,155,155,155,128,148,219,126",579
3187,100,"452,184,193,677,596,934,438,794,676,749","146,36,21,156,3,21,3,39,155,3",374
5211,100,"683,677,811,638,819,770,577,452,184,461","127,156,3,154,3,129,284,146,36,155",541
2831,100,"452,770,749,677,638,37,184,596,259,686","146,129,3,156,154,151,36,3,148,36",513
2347,100,"683,677,811,638,794,359,731,710,184,676","127,156,3,154,39,267,219,127,36,155",555
5507,100,"683,677,811,638,819,710,134,577,184,368","127,156,3,154,3,127,155,284,36,3",519
5544,100,"683,677,811,638,770,577,359,134,710,184","127,156,3,154,129,284,267,155,127,36",720
2914,100,"683,452,791,143,209,815,867,457,199,539","127,146,189,155,155,126,155,156,155,148",559
5496,100,"683,452,791,143,209,867,312,457,199,363","127,146,189,155,155,155,148,156,155,128",530
1138,100,"683,452,791,143,363,209,815,539,690,227","127,146,189,155,128,155,126,148,219,219",535
4419,100,"683,677,572,500,749,184,770,30,438,868","127,156,39,155,3,36,129,21,3,36",627
3276,100,"683,677,811,638,770,30,749,605,500,79","127,156,3,154,129,21,3,155,155,155",569
1047,100,"96,383,508,37,331,843,770,99,144,749","173,189,219,151,54,181,129,181,169,3",782
2918,100,"683,677,749,819,731,517,770,30,934,76","127,156,3,3,219,155,129,21,21,36",634
1378,100,"683,452,791,143,209,867,363,539,199,457","127,146,189,155,155,155,128,148,155,156",588
1389,100,"683,452,791,143,363,209,815,539,690,376","127,146,189,155,128,155,126,148,219,164",618
4400,100,"683,677,572,731,605,749,819,30,79,474","127,156,39,219,155,3,3,21,155,3",654
565,100,"683,677,811,638,819,184,193,794,934,474","127,156,3,154,3,36,21,39,21,3",640
5627,100,"683,452,791,312,363,884,122,295,199,209","127,146,189,148,128,44,36,127,155,155",669
5456,100,"683,452,791,143,209,815,867,539,363,227","127,146,189,155,155,126,155,148,128,219",611
123,100,"683,677,811,638,819,770,749,30,184,259","127,156,3,154,3,129,3,21,36,148",466
3482,100,"683,452,867,791,122,199,690,539,383,629","127,146,155,189,36,155,219,148,189,148",547
6033,100,"683,452,884,466,867,406,432,199,461,184","127,146,44,42,155,127,44,155,155,36",661
5560,100,"683,452,791,312,363,867,199,457,209,539","127,146,189,148,128,155,155,156,155,148",616
4723,100,"683,452,867,791,690,406,815,539,143,80","127,146,155,189,219,127,126,148,155,155",498
1525,100,"683,452,867,791,122,629,457,349,199,64","127,146,155,189,36,148,156,127,155,56",600
3854,100,"683,677,811,638,819,770,577,794,134,710","127,156,3,154,3,129,284,39,155,127",544
184,100,"683,677,749,184,770,676,934,453,438,368","127,156,3,36,129,155,21,33,3,3",645
1025,100,"683,677,811,396,89,907,727,312,178,710","127,156,3,267,42,219,126,148,155,127",535
4422,100,"683,677,749,819,30,605,210,500,824,79","127,156,3,3,21,155,36,155,127,155",374
2100,100,"452,363,312,396,539,328,295,457,199,248","146,128,148,267,148,39,127,156,155,148",371
2034,100,"452,363,312,396,480,328,6,674,791,794","146,128,148,267,148,39,148,146,189,39",485
1554,100,"683,677,749,819,30,474,934,76,605,770","127,156,3,3,21,3,21,36,155,129",612
3938,100,"683,407,500,588,276,144,927,596,646,605","127,175,155,155,155,169,284,3,155,155",688
3315,100,"683,677,749,184,76,555,596,474,605,30","127,156,3,36,36,33,3,3,155,21",541
966,100,"683,452,867,383,770,629,676,563,749,37","127,146,155,189,129,148,155,154,3,151",510
4238,100,"683,452,791,312,867,539,199,202,209,64","127,146,189,148,155,148,155,153,155,56",521
3693,100,"683,452,791,143,363,209,815,539,533,122","127,146,189,155,128,155,126,148,39,36",463
1674,100,"683,452,884,466,867,259,383,37,331,686","127,146,44,42,155,148,189,151,54,36",640
4816,100,"683,184,819,30,605,71,495,500,824,210","127,36,3,21,155,156,156,155,127,36",550
4352,100,"683,452,791,143,209,867,312,199,539,406","127,146,189,155,155,155,148,155,148,127",535
2677,100,"683,407,819,89,396,710,248,741,700,480","127,175,3,42,267,127,148,63,219,148",796
3486,100,"683,677,811,638,770,359,30,605,71,500","127,156,3,154,129,267,21,155,156,155",702
796,100,"683,677,749,184,770,555,438,193,71,605","127,156,3,36,129,33,3,21,156,155",635
5561,100,"683,677,811,638,770,30,934,605,474,517","127,156,3,154,129,21,21,155,3,155",509
2917,100,"683,677,749,184,731,134,646,383,259,37","127,156,3,36,219,155,155,189,148,151",519
4277,100,"683,677,811,638,794,30,605,934,749,184","127,156,3,154,39,21,155,21,3,36",563
444,100,"683,677,811,396,731,134,577,37,823,588","127,156,3,267,219,155,284,151,220,155",526
2078,100,"683,677,749,819,731,517,3,134,500,577","127,156,3,3,219,155,155,155,155,284",516
2781,100,"683,452,791,312,363,564,867,199,227,637","127,146,189,148,128,114,155,155,219,155",555
1503,100,"683,677,749,819,30,605,79,738,934,71","127,156,3,3,21,155,155,155,21,156",553
2961,100,"683,677,749,819,731,517,770,30,76,605","127,156,3,3,219,155,129,21,36,155",678
2627,100,"407,144,500,588,276,605,824,523,495,210","175,169,155,155,155,155,127,21,156,36",689
4492,100,"683,677,811,638,770,577,710,184,731,134","127,156,3,154,129,284,127,36,219,155",531
4858,100,"683,677,572,731,605,500,749,76,184,811","127,156,39,219,155,155,3,36,36,3",594
1041,100,"683,677,749,819,30,605,210,500,824,588","127,156,3,3,21,155,36,155,127,155",669
987,100,"683,452,791,312,867,209,202,539,199,64","127,146,189,148,155,155,153,148,155,56",690
432,100,"683,452,867,383,770,376,629,676,6,657","127,146,155,189,129,164,148,155,148,56",507
970,100,"683,677,811,638,794,30,605,500,934,819","127,156,3,154,39,21,155,155,21,3",394
6147,100,"683,677,811,638,770,359,30,474,749,605","127,156,3,154,129,267,21,3,3,155",576
1709,100,"683,770,731,134,577,184,451,749,646,657","127,129,219,155,284,36,163,3,155,56",682
4088,100,"452,363,312,396,690,710,867,791,539,813","146,128,148,267,219,127,155,189,148,154",479
5126,100,"683,452,791,143,209,867,312,199,202,64","127,146,189,155,155,155,148,155,153,56",498
464,100,"683,677,811,638,819,710,134,577,184,368","127,156,3,154,3,127,155,284,36,3",608
4325,100,"683,677,811,396,731,922,111,248,911,894","127,156,3,267,219,154,155,148,154,300",571
2211,100,"96,342,605,638,934,71,163,700,517,354","173,163,155,154,21,156,163,219,155,202",717
2618,100,"683,677,811,396,89,577,638,731,500,588","127,156,3,267,42,284,154,219,155,155",586
4940,100,"683,677,811,638,819,770,37,749,934,79","127,156,3,154,3,129,151,3,21,155",601
1823,100,"683,677,749,819,30,605,210,79,71,495","127,156,3,3,21,155,36,155,156,156",612
2795,100,"683,677,749,819,30,605,79,76,770,438","127,156,3,3,21,155,155,36,129,3",510
2949,100,"683,677,749,184,770,676,934,453,555,438","127,156,3,36,129,155,21,33,33,3",600
4827,100,"683,677,572,749,819,184,76,934,676,30","127,156,39,3,3,36,36,21,155,21",412
1788,100,"96,100,58,451,843,438,190,596,819,733","173,165,169,163,181,3,163,164,3,3,169",187
3462,100,"683,677,572,749,770,819,934,794,868,331","127,156,39,3,129,3,21,39,36,54",539
2322,100,"683,677,572,749,184,383,134,646,421,259","127,156,39,3,36,189,155,155,195,148",693
248,100,"683,452,867,383,770,331,259,749,934,30","127,146,155,189,129,54,148,3,21,21",612
4017,100,"683,452,867,383,813,199,539,791,742,690","127,146,155,189,154,155,148,189,164,219",519
767,100,"683,677,572,749,184,794,770,676,819,438","127,156,39,3,36,39,129,155,3,3",582
4698,100,"683,677,749,819,30,605,79,76,474,934","127,156,3,3,21,155,155,36,3,21",553
35,100,"683,452,791,143,209,867,312,741,199,202","127,146,189,155,155,155,148,63,155,153",620
2148,100,"683,677,749,184,770,676,907,134,421,794","127,156,3,36,129,155,219,155,195,39",520
5579,100,"683,452,791,143,363,209,867,457,199,539","127,146,189,155,128,155,155,156,155,148",585
5580,100,"683,677,811,396,89,577,638,134,37,823","127,156,3,267,42,284,154,155,151,220",608
1109,100,"683,677,811,638,794,30,359,749,934,596","127,156,3,154,39,21,267,3,21,3",555
2923,100,"683,677,811,396,89,907,727,312,178,710","127,156,3,267,42,219,126,148,155,127",669
1172,100,"683,677,749,819,30,605,79,76,474,770","127,156,3,3,21,155,155,36,3,129",506
714,100,"452,855,457,312,637,727,813,199,791,158","146,42,156,148,155,126,154,155,189,156",380
5558,100,"683,452,867,791,690,143,629,199,349,636","127,146,155,189,219,155,148,155,127,56",561
3945,100,"683,452,791,143,363,564,867,637,227,64","127,146,189,155,128,114,155,155,219,56",582
730,100,"683,677,749,184,731,134,359,646,596,438","127,156,3,36,219,155,267,155,3,3",572
3475,100,"683,452,791,143,209,867,312,199,202,64","127,146,189,155,155,155,148,155,153,56",547
932,100,"683,677,572,731,605,749,819,30,79,474","127,156,39,219,155,3,3,21,155,3",568
2062,100,"452,855,637,564,727,312,791,533,199,248","146,42,155,114,126,148,189,39,155,148",380
3456,100,"683,677,749,819,30,474,934,605,210,500","127,156,3,3,21,3,21,155,36,155",545
1046,100,"683,677,749,819,30,605,79,738,934,71","127,156,3,3,21,155,155,155,21,156",401
2726,100,"683,677,749,819,30,605,210,79,71,37","127,156,3,3,21,155,36,155,156,151",546
3852,100,"452,770,749,677,79,605,934,438,30,184","146,129,3,156,155,155,21,3,21,36",531
5016,100,"452,363,791,517,461,312,717,178,480,676","146,128,189,155,155,148,195,155,148,155",264
3507,101,"683,677,811,638,770,30,749,794,184,474","127,156,3,154,129,21,3,39,36,3",531
5784,101,"683,452,867,791,122,199,690,539,383,813","127,146,155,189,36,155,219,148,189,154",490
5424,101,"683,677,811,396,731,451,922,312,184,134","127,156,3,267,219,163,154,148,36,155",535
5481,101,"683,677,749,819,30,605,79,76,438,474","127,156,3,3,21,155,155,36,3,3",553
4511,101,"683,452,791,143,363,884,466,359,354,700","127,146,189,155,128,44,42,267,202,219",612
5430,101,"683,677,749,819,30,605,79,76,474,770","127,156,3,3,21,155,155,36,3,129",546
2873,101,"452,770,749,677,79,605,210,37,71,934","146,129,3,156,155,155,36,151,156,21",477
1235,101,"452,363,700,637,517,30,638,359,934,76","146,128,219,155,155,21,154,267,21,36",494
4355,101,"683,677,749,819,30,605,210,79,71,495","127,156,3,3,21,155,36,155,156,156",586
3184,101,"683,677,811,396,89,577,638,134,37,184","127,156,3,267,42,284,154,155,151,36",535
2179,101,"452,184,193,572,605,500,588,495,71,800","146,36,21,39,155,155,155,156,156,156",352
3210,101,"683,677,749,819,30,605,210,500,824,588","127,156,3,3,21,155,36,155,127,155",544
4486,101,"683,677,811,638,770,30,184,934,749,794","127,156,3,154,129,21,36,21,3,39",519
633,101,"683,452,867,383,770,629,676,6,363,674","127,146,155,189,129,148,155,148,128,146",508
1430,101,"683,30,819,605,794,572,934,824,495,800","127,21,3,155,39,39,21,127,156,156",412
1133,101,"452,184,383,461,178,791,199,614,312,539","146,36,189,155,155,189,155,3,148,148",361
5148,101,"683,452,791,312,867,209,64,59,396,539","127,146,189,148,155,155,56,164,267,148",556
64,101,"683,677,811,89,922,248,184,907,3,111","127,156,3,42,154,148,36,219,155,155",494
5501,101,"683,677,572,731,605,749,819,30,79,474","127,156,39,219,155,3,3,21,155,3",463
1584,101,"452,363,312,539,202,59,209,457,529,911","146,128,148,148,153,164,155,156,155,154",413
3104,101,"96,100,58,421,843,134,438,646,749,676","173,165,169,195,181,155,3,155,3,155",363
729,101,"452,199,248,457,312,791,178,3,533,867","146,155,148,156,148,189,155,155,39,155",346
4554,101,"683,677,749,819,30,474,76,934,605,868","127,156,3,3,21,3,36,21,155,36",569
2626,101,"683,677,811,396,89,577,638,731,500,134","127,156,3,267,42,284,154,219,155,155",628
2261,101,"683,452,791,143,363,209,815,539,80,867","127,146,189,155,128,155,126,148,155,155",641
5528,101,"683,677,749,819,731,517,184,76,605,500","127,156,3,3,219,155,36,36,155,155",553
5711,101,"683,677,749,819,731,517,30,184,76,474","127,156,3,3,219,155,21,36,36,3",553
2466,101,"452,184,193,572,605,500,588,523,276,210","146,36,21,39,155,155,155,21,155,36",375
145,101,"683,677,572,500,588,605,495,517,749,184","127,156,39,155,155,155,156,155,3,36",500
5860,101,"452,199,248,312,202,59,539,825,457,831","146,155,148,148,153,164,148,148,156,155",354
5493,101,"683,677,811,638,770,30,749,605,76,934","127,156,3,154,129,21,3,155,36,21",544
3202,101,"683,867,791,312,539,209,202,741,349,64","127,155,189,148,148,155,153,63,127,56",669
541,101,"683,452,867,383,770,376,629,676,563,749","127,146,155,189,129,164,148,155,154,3",528
2883,101,"452,855,457,312,637,6,368,843,65,638","146,42,156,148,155,148,3,181,163,154",389
1595,101,"452,770,577,710,331,184,193,438,259,461","146,129,284,127,54,36,21,3,148,155",500
4837,101,"683,452,867,791,690,406,815,539,143,457","127,146,155,189,219,127,126,148,155,156",464
5610,101,"683,452,884,466,867,406,432,199,577,686","127,146,44,42,155,127,44,155,284,36",653
66,101,"683,452,884,690,122,867,209,629,791,674","127,146,44,219,36,155,155,148,189,146",653
5436,101,"683,452,867,791,690,143,629,199,122,383","127,146,155,189,219,155,148,155,36,189",547
2737,101,"683,452,867,791,690,143,674,80,383,794","127,146,155,189,219,155,146,155,189,39",535
573,101,"452,770,184,383,927,461,646,676,134,657","146,129,36,189,284,155,155,155,155,56",547
1670,101,"683,677,749,184,770,676,421,368,794,453","127,156,3,36,129,155,195,3,39,33",644
5744,101,"683,677,749,819,731,517,184,76,417,605","127,156,3,3,219,155,36,36,165,155",586
1223,101,"452,184,193,677,749,794,738,638,79,438","146,36,21,156,3,39,155,154,155,3",400
376,101,"683,452,791,143,867,199,363,629,690,122","127,146,189,155,155,155,128,148,219,36",412
2837,101,"683,677,572,731,605,749,819,30,79,500","127,156,39,219,155,3,3,21,155,155",538
2931,101,"683,184,731,140,451,257,100,312,791,231","127,36,219,176,163,146,165,148,189,128",461
1374,101,"683,677,749,819,30,605,79,76,474,934","127,156,3,3,21,155,155,36,3,21",553
2938,101,"683,677,811,396,731,922,451,248,111,911","127,156,3,267,219,154,163,148,155,154",535
1563,101,"683,677,749,819,30,605,210,500,824,588","127,156,3,3,21,155,36,155,127,155",519
3981,101,"683,452,867,383,813,199,539,791,64,363","127,146,155,189,154,155,148,189,56,128",520
1993,101,"683,452,791,312,363,867,539,457,199,143","127,146,189,148,128,155,148,156,155,155",540
4228,101,"683,677,572,731,605,749,819,30,79,474","127,156,39,219,155,3,3,21,155,3",549
934,101,"683,677,811,638,819,770,577,794,934,749","127,156,3,154,3,129,284,39,21,3",577
449,101,"683,677,572,731,605,749,134,421,184,811","127,156,39,219,155,3,155,195,36,3",541
944,101,"452,770,749,677,79,605,210,500,824,588","146,129,3,156,155,155,36,155,127,155",447
3243,101,"683,677,811,638,794,30,605,500,495,824","127,156,3,154,39,21,155,155,156,127",553
889,101,"683,677,811,396,89,577,638,134,37,184","127,156,3,267,42,284,154,155,151,36",519
3540,101,"683,677,811,638,819,770,577,451,134,749","127,156,3,154,3,129,284,163,155,3",553
2861,101,"683,677,572,500,588,605,824,365,210,523","127,156,39,155,155,155,127,42,36,21",412
4748,101,"452,770,749,677,79,605,210,500,71,868","146,129,3,156,155,155,36,155,156,36",521
3532,101,"683,677,749,184,770,676,934,819,134,421","127,156,3,36,129,155,21,3,155,195",528
1764,101,"683,677,811,638,819,710,451,134,461,184","127,156,3,154,3,127,163,155,155,36",541
1614,101,"683,677,749,819,30,474,934,605,770,79","127,156,3,3,21,3,21,155,129,155",571
5452,101,"683,677,811,638,819,710,134,577,184,451","127,156,3,154,3,127,155,284,36,163",519
5139,101,"683,677,811,638,770,30,749,605,500,495","127,156,3,154,129,21,3,155,155,156",472
2840,101,"452,184,193,934,79,749,677,794,563,638","146,36,21,21,155,3,156,39,154,154",355
2905,101,"683,677,811,396,89,731,3,710,577,398","127,156,3,267,42,219,155,127,284,270",628
1538,101,"683,677,749,819,474,79,71,868,824,770","127,156,3,3,3,155,156,36,127,129",494
681,101,"683,677,811,396,731,451,922,312,184,638","127,156,3,267,219,163,154,148,36,154",514
2101,101,"683,452,791,143,363,867,637,227,122,295","127,146,189,155,128,155,155,219,36,127",574
5250,101,"452,199,248,312,202,539,209,825,529,178","146,155,148,148,153,148,155,148,155,155",338
2710,101,"683,452,791,312,867,539,199,202,396,457","127,146,189,148,155,148,155,153,267,156",520
3446,101,"683,677,811,638,770,30,749,794,474,184","127,156,3,154,129,21,3,39,3,36",519
1057,101,"683,452,867,383,813,199,376,770,564,363","127,146,155,189,154,155,164,129,114,128",543
671,101,"683,452,791,143,209,815,867,539,363,637","127,146,189,155,155,126,155,148,128,155",460
185,101,"683,867,791,209,406,199,457,815,312,741","127,155,189,155,127,155,156,126,148,63",720
622,101,"683,452,791,312,363,867,199,457,80,539","127,146,189,148,128,155,155,156,155,148",535
2367,101,"452,363,791,312,178,3,614,50,811,646","146,128,189,148,155,155,3,154,3,155",398
717,101,"96,638,605,396,210,529,572,284,453,761","173,154,155,267,36,155,39,165,33,127",461
5110,101,"452,855,457,312,637,6,368,727,791,717","146,42,156,148,155,148,3,126,189,195",349
2548,101,"452,37,677,193,259,638,76,500,676,79","146,151,156,21,148,154,36,155,155,155",228
5210,101,"683,677,749,184,770,676,934,819,794,474","127,156,3,36,129,155,21,3,39,3",523
2654,101,"683,452,791,143,363,209,815,539,80,227","127,146,189,155,128,155,126,148,155,219",541
5074,101,"683,677,749,819,30,605,79,76,474,934","127,156,3,3,21,155,155,36,3,21",553
4457,101,"683,677,811,396,731,922,312,741,248,111","127,156,3,267,219,154,148,63,148,155",690
1462,101,"683,677,749,819,30,474,934,76,605,417","127,156,3,3,21,3,21,36,155,165",554
1213,101,"683,677,572,749,819,934,79,605,868,474","127,156,39,3,3,21,155,155,36,3",644
1760,101,"683,677,811,638,819,710,451,907,727,461","127,156,3,154,3,127,163,219,126,155",600
1298,101,"452,363,312,867,199,457,248,539,202,349","146,128,148,155,155,156,148,148,153,127",430
2094,101,"683,677,811,396,731,248,922,907,184,312","127,156,3,267,219,148,154,219,36,148",537
3549,101,"683,867,884,466,638,770,363,461,637,577","127,155,44,42,154,129,128,155,155,284",633
5694,101,"683,677,811,396,89,451,3,731,134,312","127,156,3,267,42,163,155,219,155,148",606
112,101,"96,342,683,638,819,517,163,605,770,676","173,163,127,154,3,155,163,155,129,155",749
3791,101,"683,452,466,363,637,629,676,6,638,690","127,146,42,128,155,148,155,148,154,219",639
1269,101,"452,770,577,749,677,819,868,71,474,453","146,129,284,3,156,3,36,156,3,33",476
4216,101,"683,677,749,819,30,474,934,605,210,500","127,156,3,3,21,3,21,155,36,155",553
1837,101,"683,677,811,638,770,30,184,134,710,76","127,156,3,154,129,21,36,155,127,36",499
2380,101,"683,452,791,143,209,867,363,539,227,815","127,146,189,155,155,155,128,148,219,126",535
2786,101,"683,677,572,731,605,500,588,824,495,365","127,156,39,219,155,155,155,127,156,42",691
3513,101,"452,770,184,934,193,563,794,438,474,368","146,129,36,21,21,154,39,3,3,3",523
111,101,"683,677,811,638,770,359,30,474,749,605","127,156,3,154,129,267,21,3,3,155",598
4671,101,"683,677,749,819,30,474,934,605,76,868","127,156,3,3,21,3,21,155,36,36",553
1507,101,"683,452,867,383,813,770,376,199,690,577","127,146,155,189,154,129,164,155,219,284",634
3266,101,"683,452,791,143,209,867,363,539,227,815","127,146,189,155,155,155,128,148,219,126",579
3187,101,"452,184,193,677,596,934,438,794,676,749","146,36,21,156,3,21,3,39,155,3",374
5211,101,"683,677,811,638,819,770,577,452,184,461","127,156,3,154,3,129,284,146,36,155",541
2831,101,"452,770,749,677,638,37,184,596,259,686","146,129,3,156,154,151,36,3,148,36",513
2347,101,"683,677,811,638,794,359,731,710,184,676","127,156,3,154,39,267,219,127,36,155",555
5507,101,"683,677,811,638,819,710,134,577,184,368","127,156,3,154,3,127,155,284,36,3",519
5544,101,"683,677,811,638,770,577,359,134,710,184","127,156,3,154,129,284,267,155,127,36",720
2914,101,"683,452,791,143,209,815,867,457,199,539","127,146,189,155,155,126,155,156,155,148",559
5496,101,"683,452,791,143,209,867,312,457,199,363","127,146,189,155,155,155,148,156,155,128",530
1138,101,"683,452,791,143,363,209,815,539,690,227","127,146,189,155,128,155,126,148,219,219",535
4419,101,"683,677,572,500,749,184,770,30,438,868","127,156,39,155,3,36,129,21,3,36",627
3276,101,"683,677,811,638,770,30,749,605,500,79","127,156,3,154,129,21,3,155,155,155",569
1047,101,"96,383,508,37,331,843,770,99,144,749","173,189,219,151,54,181,129,181,169,3",782
2918,101,"683,677,749,819,731,517,770,30,934,76","127,156,3,3,219,155,129,21,21,36",634
1378,101,"683,452,791,143,209,867,363,539,199,457","127,146,189,155,155,155,128,148,155,156",588
1389,101,"683,452,791,143,363,209,815,539,690,674","127,146,189,155,128,155,126,148,219,146",618
4400,101,"683,677,572,731,605,749,819,30,79,474","127,156,39,219,155,3,3,21,155,3",654
565,101,"683,677,811,638,819,184,193,794,934,474","127,156,3,154,3,36,21,39,21,3",640
5627,101,"683,452,791,312,363,884,122,295,199,209","127,146,189,148,128,44,36,127,155,155",669
5456,101,"683,452,791,143,209,815,867,539,363,227","127,146,189,155,155,126,155,148,128,219",611
123,101,"683,677,811,638,819,770,749,30,184,259","127,156,3,154,3,129,3,21,36,148",466
3482,101,"683,452,867,791,122,199,690,539,383,629","127,146,155,189,36,155,219,148,189,148",547
6033,101,"683,452,884,466,867,406,432,199,461,184","127,146,44,42,155,127,44,155,155,36",661
5560,101,"683,452,791,312,363,867,199,457,209,539","127,146,189,148,128,155,155,156,155,148",616
4723,101,"683,452,867,791,690,406,815,539,143,80","127,146,155,189,219,127,126,148,155,155",498
1525,101,"683,452,867,791,122,629,457,349,199,64","127,146,155,189,36,148,156,127,155,56",600
3854,101,"683,677,811,638,819,770,577,794,451,184","127,156,3,154,3,129,284,39,163,36",544
184,101,"683,677,749,163,770,29,368,193,794,676","127,156,3,163,129,156,3,21,39,155",645
1025,101,"683,677,811,396,89,907,727,312,178,710","127,156,3,267,42,219,126,148,155,127",535
4422,101,"683,677,749,819,30,605,210,500,824,79","127,156,3,3,21,155,36,155,127,155",374
2100,101,"452,363,312,396,539,328,295,457,199,248","146,128,148,267,148,39,127,156,155,148",371
2034,101,"452,363,312,396,480,328,6,674,791,794","146,128,148,267,148,39,148,146,189,39",485
1554,101,"683,677,749,819,30,474,934,76,605,770","127,156,3,3,21,3,21,36,155,129",612
3938,101,"683,407,500,588,276,144,927,596,646,605","127,175,155,155,155,169,284,3,155,155",688
3315,101,"683,677,749,184,76,555,596,474,605,30","127,156,3,36,36,33,3,3,155,21",541
966,101,"683,452,867,383,770,629,676,563,749,37","127,146,155,189,129,148,155,154,3,151",510
4238,101,"683,452,791,312,867,539,199,202,209,64","127,146,189,148,155,148,155,153,155,56",521
3693,101,"683,452,791,143,363,209,815,539,533,122","127,146,189,155,128,155,126,148,39,36",463
1674,101,"683,452,884,466,867,259,383,37,331,686","127,146,44,42,155,148,189,151,54,36",640
4816,101,"683,184,819,30,605,71,495,500,824,210","127,36,3,21,155,156,156,155,127,36",550
4352,101,"683,452,791,143,209,867,312,199,539,406","127,146,189,155,155,155,148,155,148,127",535
2677,101,"683,407,819,89,396,710,248,451,741,731","127,175,3,42,267,127,148,163,63,219",796
3486,101,"683,677,811,638,770,359,30,605,71,500","127,156,3,154,129,267,21,155,156,155",702
796,101,"683,677,749,184,770,555,438,193,71,605","127,156,3,36,129,33,3,21,156,155",635
5561,101,"683,677,811,638,770,30,934,605,474,517","127,156,3,154,129,21,21,155,3,155",509
2917,101,"683,677,749,184,731,134,646,383,259,37","127,156,3,36,219,155,155,189,148,151",519
4277,101,"683,677,811,638,794,30,605,934,749,184","127,156,3,154,39,21,155,21,3,36",563
444,101,"683,677,811,396,731,134,577,37,823,588","127,156,3,267,219,155,284,151,220,155",526
2078,101,"683,677,749,819,731,517,3,134,500,577","127,156,3,3,219,155,155,155,155,284",516
2781,101,"683,452,791,312,363,564,867,199,227,637","127,146,189,148,128,114,155,155,219,155",555
1503,101,"683,677,749,819,30,605,79,738,934,71","127,156,3,3,21,155,155,155,21,156",553
2961,101,"683,677,749,819,731,517,770,30,76,605","127,156,3,3,219,155,129,21,36,155",678
2627,101,"407,144,500,588,276,605,824,523,495,210","175,169,155,155,155,155,127,21,156,36",689
4492,101,"683,677,811,638,770,577,710,184,731,134","127,156,3,154,129,284,127,36,219,155",531
4858,101,"683,677,572,731,605,500,749,76,184,811","127,156,39,219,155,155,3,36,36,3",594
1041,101,"683,677,749,819,30,605,210,500,824,588","127,156,3,3,21,155,36,155,127,155",669
987,101,"683,452,791,312,867,209,202,539,199,64","127,146,189,148,155,155,153,148,155,56",690
432,101,"683,452,867,383,770,376,629,676,6,657","127,146,155,189,129,164,148,155,148,56",507
970,101,"683,677,811,638,794,30,605,500,934,819","127,156,3,154,39,21,155,155,21,3",394
6147,101,"683,677,811,638,770,359,30,474,749,605","127,156,3,154,129,267,21,3,3,155",576
1709,101,"683,770,731,134,577,184,451,749,646,657","127,129,219,155,284,36,163,3,155,56",682
4088,101,"452,363,312,396,690,710,867,791,539,813","146,128,148,267,219,127,155,189,148,154",479
5126,101,"683,452,791,143,209,867,312,199,202,64","127,146,189,155,155,155,148,155,153,56",498
464,101,"683,677,811,638,819,710,134,577,184,368","127,156,3,154,3,127,155,284,36,3",608
4325,101,"683,677,811,396,731,922,111,248,911,894","127,156,3,267,219,154,155,148,154,300",571
2211,101,"96,342,605,638,934,71,163,700,517,354","173,163,155,154,21,156,163,219,155,202",717
2618,101,"683,677,811,396,89,577,638,731,500,588","127,156,3,267,42,284,154,219,155,155",586
4940,101,"683,677,811,638,819,770,37,749,934,79","127,156,3,154,3,129,151,3,21,155",601
1823,101,"683,677,749,819,30,605,210,79,71,495","127,156,3,3,21,155,36,155,156,156",612
2795,101,"683,677,749,819,30,605,79,76,770,438","127,156,3,3,21,155,155,36,129,3",510
2949,101,"683,677,749,184,770,676,934,453,555,438","127,156,3,36,129,155,21,33,33,3",600
4827,101,"683,677,572,749,819,184,76,934,676,30","127,156,39,3,3,36,36,21,155,21",412
1788,101,"96,791,843,733,443,140,190,539,438,58","173,189,181,169,176,176,163,164,148,3,169",187
3462,101,"683,677,572,749,770,819,934,794,868,331","127,156,39,3,129,3,21,39,36,54",539
2322,101,"683,677,572,749,184,383,134,646,421,259","127,156,39,3,36,189,155,155,195,148",693
248,101,"683,452,867,383,770,331,259,749,934,376","127,146,155,189,129,54,148,3,21,164",612
4017,101,"683,452,867,383,813,199,539,791,64,363","127,146,155,189,154,155,148,189,56,128",519
767,101,"683,677,572,749,184,794,770,676,819,438","127,156,39,3,36,39,129,155,3,3",582
4698,101,"683,677,749,819,30,605,79,76,474,934","127,156,3,3,21,155,155,36,3,21",553
35,101,"683,452,791,143,209,867,312,741,199,202","127,146,189,155,155,155,148,63,155,153",620
2148,101,"683,677,749,184,770,676,907,134,421,794","127,156,3,36,129,155,219,155,195,39",520
5579,101,"683,452,791,143,363,209,867,457,199,539","127,146,189,155,128,155,155,156,155,148",585
5580,101,"683,677,811,396,89,577,638,134,37,823","127,156,3,267,42,284,154,155,151,220",608
1109,101,"683,677,811,638,794,30,359,749,934,596","127,156,3,154,39,21,267,3,21,3",555
2923,101,"683,677,811,396,89,907,727,312,178,710","127,156,3,267,42,219,126,148,155,127",669
1172,101,"683,677,749,819,30,605,79,76,474,770","127,156,3,3,21,155,155,36,3,129",506
714,101,"452,855,457,312,637,727,813,199,791,158","146,42,156,148,155,126,154,155,189,156",380
5558,101,"683,452,867,791,690,143,629,199,349,636","127,146,155,189,219,155,148,155,127,56",561
3945,101,"683,452,791,143,363,564,867,637,227,64","127,146,189,155,128,114,155,155,219,56",582
730,101,"683,677,749,184,731,134,359,646,596,438","127,156,3,36,219,155,267,155,3,3",572
3475,101,"683,452,791,143,209,867,312,199,202,64","127,146,189,155,155,155,148,155,153,56",547
932,101,"683,677,572,731,605,749,819,30,79,474","127,156,39,219,155,3,3,21,155,3",568
2062,101,"452,855,637,564,727,312,791,533,199,451","146,42,155,114,126,148,189,39,155,163",380
3456,101,"683,677,749,819,30,474,934,605,210,500","127,156,3,3,21,3,21,155,36,155",545
1046,101,"683,677,749,819,30,605,79,738,934,71","127,156,3,3,21,155,155,155,21,156",401
2726,101,"683,677,749,819,30,605,210,79,71,37","127,156,3,3,21,155,36,155,156,151",546
3852,101,"452,770,749,677,79,605,934,438,30,184","146,129,3,156,155,155,21,3,21,36",531
5016,101,"452,363,791,517,461,312,717,178,480,676","146,128,189,155,155,148,195,155,148,155",264
3507,102,"683,677,811,638,770,30,749,794,184,474","127,156,3,154,129,21,3,39,36,3",531
5784,102,"683,452,867,791,122,199,690,539,383,813","127,146,155,189,36,155,219,148,189,154",490
5424,102,"683,677,811,396,731,248,922,312,577,452","127,156,3,267,219,148,154,148,284,146",535
5481,102,"683,677,749,819,30,605,79,76,163,474","127,156,3,3,21,155,155,36,163,3",553
4511,102,"683,452,791,143,363,884,466,359,354,700","127,146,189,155,128,44,42,267,202,219",612
5430,102,"683,677,749,819,30,605,79,76,474,770","127,156,3,3,21,155,155,36,3,129",546
2873,102,"452,770,749,677,79,605,210,37,71,934","146,129,3,156,155,155,36,151,156,21",477
1235,102,"452,363,700,637,517,30,638,359,934,342","146,128,219,155,155,21,154,267,21,163",494
4355,102,"683,677,749,819,30,605,210,79,71,495","127,156,3,3,21,155,36,155,156,156",586
3184,102,"683,677,811,396,89,577,638,134,37,184","127,156,3,267,42,284,154,155,151,36",535
2179,102,"452,184,193,572,605,500,588,495,71,800","146,36,21,39,155,155,155,156,156,156",352
3210,102,"683,677,749,819,30,605,210,500,824,588","127,156,3,3,21,155,36,155,127,155",544
4486,102,"683,677,811,638,770,30,184,934,749,794","127,156,3,154,129,21,36,21,3,39",519
633,102,"683,452,867,383,770,629,676,6,363,674","127,146,155,189,129,148,155,148,128,146",508
1430,102,"683,30,819,605,794,572,934,824,495,800","127,21,3,155,39,39,21,127,156,156",412
1133,102,"452,184,383,451,791,178,199,539,312,614","146,36,189,163,189,155,155,148,148,3",361
5148,102,"683,452,791,312,867,209,64,539,396,199","127,146,189,148,155,155,56,148,267,155",556
64,102,"683,677,811,89,922,248,184,907,3,111","127,156,3,42,154,148,36,219,155,155",494
5501,102,"683,677,572,731,605,749,819,30,79,474","127,156,39,219,155,3,3,21,155,3",463
1584,102,"452,363,312,539,202,457,209,529,199,248","146,128,148,148,153,156,155,155,155,148",413
3104,102,"96,100,58,421,843,134,438,646,749,676","173,165,169,195,181,155,3,155,3,155",363
729,102,"452,199,248,457,312,791,178,3,533,867","146,155,148,156,148,189,155,155,39,155",346
4554,102,"683,677,749,819,30,474,76,934,605,868","127,156,3,3,21,3,36,21,155,36",569
2626,102,"683,677,811,396,89,577,638,731,500,134","127,156,3,267,42,284,154,219,155,155",628
2261,102,"683,452,791,143,363,209,815,539,80,867","127,146,189,155,128,155,126,148,155,155",641
5528,102,"683,677,749,819,731,517,184,76,417,934","127,156,3,3,219,155,36,36,165,21",553
5711,102,"683,677,749,819,731,517,30,184,76,474","127,156,3,3,219,155,21,36,36,3",553
2466,102,"452,184,193,572,605,500,588,523,276,210","146,36,21,39,155,155,155,21,155,36",375
145,102,"683,677,572,500,588,605,495,517,749,184","127,156,39,155,155,155,156,155,3,36",500
5860,102,"452,199,248,312,202,539,209,742,836,791","146,155,148,148,153,148,155,164,39,189",354
5493,102,"683,677,811,638,770,30,749,605,76,934","127,156,3,154,129,21,3,155,36,21",544
3202,102,"683,867,791,312,539,209,202,741,349,64","127,155,189,148,148,155,153,63,127,56",669
541,102,"683,452,867,383,770,629,676,563,749,30","127,146,155,189,129,148,155,154,3,21",528
2883,102,"452,855,457,312,637,6,368,843,134,517","146,42,156,148,155,148,3,181,155,155",389
1595,102,"452,770,577,710,331,184,193,438,259,461","146,129,284,127,54,36,21,3,148,155",500
4837,102,"683,452,867,791,690,406,815,539,143,457","127,146,155,189,219,127,126,148,155,156",464
5610,102,"683,452,884,466,867,406,432,199,577,686","127,146,44,42,155,127,44,155,284,36",653
66,102,"683,452,884,690,122,867,209,629,791,674","127,146,44,219,36,155,155,148,189,146",653
5436,102,"683,452,867,791,690,143,629,199,122,383","127,146,155,189,219,155,148,155,36,189",547
2737,102,"683,452,867,791,690,143,674,80,383,794","127,146,155,189,219,155,146,155,189,39",535
573,102,"452,770,184,383,927,461,646,676,134,657","146,129,36,189,284,155,155,155,155,56",547
1670,102,"683,677,749,184,770,676,421,368,794,453","127,156,3,36,129,155,195,3,39,33",644
5744,102,"683,677,749,819,731,517,184,76,605,638","127,156,3,3,219,155,36,36,155,154",586
1223,102,"452,184,193,677,749,794,738,638,417,868","146,36,21,156,3,39,155,154,165,36",400
376,102,"683,452,791,143,867,199,363,629,690,122","127,146,189,155,155,155,128,148,219,36",412
2837,102,"683,677,572,731,605,749,819,30,79,500","127,156,39,219,155,3,3,21,155,155",538
2931,102,"683,184,731,140,134,312,710,100,461,65","127,36,219,176,155,148,127,165,155,163",461
1374,102,"683,677,749,819,30,605,79,76,474,934","127,156,3,3,21,155,155,36,3,21",553
2938,102,"683,677,811,396,731,922,111,248,911,312","127,156,3,267,219,154,155,148,154,148",535
1563,102,"683,677,749,819,30,605,210,500,824,588","127,156,3,3,21,155,36,155,127,155",519
3981,102,"683,452,867,383,813,199,539,791,64,363","127,146,155,189,154,155,148,189,56,128",520
1993,102,"683,452,791,312,363,867,539,457,199,143","127,146,189,148,128,155,148,156,155,155",540
4228,102,"683,677,572,731,605,749,819,30,79,474","127,156,39,219,155,3,3,21,155,3",549
934,102,"683,677,811,638,819,770,577,794,934,749","127,156,3,154,3,129,284,39,21,3",577
449,102,"683,677,572,731,605,749,134,421,184,811","127,156,39,219,155,3,155,195,36,3",541
944,102,"452,770,749,677,79,605,210,500,824,588","146,129,3,156,155,155,36,155,127,155",447
3243,102,"683,677,811,638,794,30,605,500,495,824","127,156,3,154,39,21,155,155,156,127",553
889,102,"683,677,811,396,89,577,638,134,37,184","127,156,3,267,42,284,154,155,151,36",519
3540,102,"683,677,811,638,819,770,577,451,134,749","127,156,3,154,3,129,284,163,155,3",553
2861,102,"683,677,572,500,588,605,824,365,210,523","127,156,39,155,155,155,127,42,36,21",412
4748,102,"452,770,749,677,79,605,210,500,71,868","146,129,3,156,155,155,36,155,156,36",521
3532,102,"683,677,749,184,770,676,934,819,134,421","127,156,3,36,129,155,21,3,155,195",528
1764,102,"683,677,811,638,819,710,451,134,461,184","127,156,3,154,3,127,163,155,155,36",541
1614,102,"683,677,749,819,30,474,934,605,770,79","127,156,3,3,21,3,21,155,129,155",571
5452,102,"683,677,811,638,819,710,134,577,184,76","127,156,3,154,3,127,155,284,36,36",519
5139,102,"683,677,811,638,770,30,749,605,500,495","127,156,3,154,129,21,3,155,155,156",472
2840,102,"452,184,193,934,79,749,677,794,563,638","146,36,21,21,155,3,156,39,154,154",355
2905,102,"683,677,811,396,89,731,3,710,577,398","127,156,3,267,42,219,155,127,284,270",628
1538,102,"683,677,749,819,474,79,71,868,824,770","127,156,3,3,3,155,156,36,127,129",494
681,102,"683,677,811,396,731,248,922,312,577,134","127,156,3,267,219,148,154,148,284,155",514
2101,102,"683,452,791,143,363,867,637,227,122,295","127,146,189,155,128,155,155,219,36,127",574
5250,102,"452,199,248,312,202,539,209,825,742,529","146,155,148,148,153,148,155,148,164,155",338
2710,102,"683,452,791,312,867,539,199,202,396,457","127,146,189,148,155,148,155,153,267,156",520
3446,102,"683,677,811,638,770,30,749,794,474,184","127,156,3,154,129,21,3,39,3,36",519
1057,102,"683,452,867,383,813,199,376,770,564,363","127,146,155,189,154,155,164,129,114,128",543
671,102,"683,452,791,143,209,815,867,539,363,637","127,146,189,155,155,126,155,148,128,155",460
185,102,"683,867,791,209,406,199,457,815,312,741","127,155,189,155,127,155,156,126,148,63",720
622,102,"683,452,791,312,363,867,199,457,80,539","127,146,189,148,128,155,155,156,155,148",535
2367,102,"452,363,791,312,178,3,614,50,811,646","146,128,189,148,155,155,3,154,3,155",398
717,102,"96,638,605,396,210,529,572,741,0,862","173,154,155,267,36,155,39,63,189,195",461
5110,102,"452,855,457,312,637,6,368,727,791,717","146,42,156,148,155,148,3,126,189,195",349
2548,102,"452,37,677,193,259,638,76,500,676,79","146,151,156,21,148,154,36,155,155,155",228
5210,102,"683,677,749,184,770,676,934,819,794,474","127,156,3,36,129,155,21,3,39,3",523
2654,102,"683,452,791,143,363,209,815,539,80,227","127,146,189,155,128,155,126,148,155,219",541
5074,102,"683,677,749,819,30,605,79,76,474,934","127,156,3,3,21,155,155,36,3,21",553
4457,102,"683,677,811,396,731,922,312,741,248,111","127,156,3,267,219,154,148,63,148,155",690
1462,102,"683,677,749,819,30,474,934,76,605,770","127,156,3,3,21,3,21,36,155,129",554
1213,102,"683,677,572,749,819,934,79,605,868,474","127,156,39,3,3,21,155,155,36,3",644
1760,102,"683,677,811,638,819,710,134,907,727,461","127,156,3,154,3,127,155,219,126,155",600
1298,102,"452,363,312,867,199,457,248,539,202,349","146,128,148,155,155,156,148,148,153,127",430
2094,102,"683,677,811,396,731,248,922,907,184,312","127,156,3,267,219,148,154,219,36,148",537
3549,102,"683,867,884,466,638,770,363,461,637,577","127,155,44,42,154,129,128,155,155,284",633
5694,102,"683,677,811,396,89,451,3,731,134,312","127,156,3,267,42,163,155,219,155,148",606
112,102,"96,342,683,638,819,517,163,605,770,676","173,163,127,154,3,155,163,155,129,155",749
3791,102,"683,452,466,376,629,563,6,770,638,37","127,146,42,164,148,154,148,129,154,151",639
1269,102,"452,770,577,749,677,819,868,71,474,453","146,129,284,3,156,3,36,156,3,33",476
4216,102,"683,677,749,819,30,474,934,605,210,500","127,156,3,3,21,3,21,155,36,155",553
1837,102,"683,677,811,638,770,30,184,134,710,76","127,156,3,154,129,21,36,155,127,36",499
2380,102,"683,452,791,143,209,867,363,539,227,815","127,146,189,155,155,155,128,148,219,126",535
2786,102,"683,677,572,731,605,500,588,824,495,365","127,156,39,219,155,155,155,127,156,42",691
3513,102,"452,770,184,934,193,563,794,438,474,368","146,129,36,21,21,154,39,3,3,3",523
111,102,"683,677,811,638,770,359,30,474,749,605","127,156,3,154,129,267,21,3,3,155",598
4671,102,"683,677,749,819,30,474,934,605,76,868","127,156,3,3,21,3,21,155,36,36",553
1507,102,"683,452,867,383,813,770,199,710,791,178","127,146,155,189,154,129,155,127,189,155",634
3266,102,"683,452,791,143,209,867,363,539,227,815","127,146,189,155,155,155,128,148,219,126",579
3187,102,"452,184,193,677,596,934,438,794,676,749","146,36,21,156,3,21,3,39,155,3",374
5211,102,"683,677,811,638,819,770,577,452,184,461","127,156,3,154,3,129,284,146,36,155",541
2831,102,"452,770,749,677,638,37,184,596,259,686","146,129,3,156,154,151,36,3,148,36",513
2347,102,"683,677,811,638,794,359,731,710,184,676","127,156,3,154,39,267,219,127,36,155",555
5507,102,"683,677,811,638,819,710,134,577,184,368","127,156,3,154,3,127,155,284,36,3",519
5544,102,"683,677,811,638,770,577,359,134,710,184","127,156,3,154,129,284,267,155,127,36",720
2914,102,"683,452,791,143,209,815,867,457,199,539","127,146,189,155,155,126,155,156,155,148",559
5496,102,"683,452,791,143,209,867,312,457,199,363","127,146,189,155,155,155,148,156,155,128",530
1138,102,"683,452,791,143,363,209,815,539,690,227","127,146,189,155,128,155,126,148,219,219",535
4419,102,"683,677,572,500,749,184,770,30,438,868","127,156,39,155,3,36,129,21,3,36",627
3276,102,"683,677,811,638,770,30,749,605,500,79","127,156,3,154,129,21,3,155,155,155",569
1047,102,"96,383,508,37,331,843,770,99,144,749","173,189,219,151,54,181,129,181,169,3",782
2918,102,"683,677,749,819,731,517,770,30,934,76","127,156,3,3,219,155,129,21,21,36",634
1378,102,"683,452,791,143,209,867,363,539,199,457","127,146,189,155,155,155,128,148,155,156",588
1389,102,"683,452,791,143,363,209,815,539,690,376","127,146,189,155,128,155,126,148,219,164",618
4400,102,"683,677,572,731,605,749,819,30,79,474","127,156,39,219,155,3,3,21,155,3",654
565,102,"683,677,811,638,819,184,193,794,934,474","127,156,3,154,3,36,21,39,21,3",640
5627,102,"683,452,791,312,363,884,122,295,199,209","127,146,189,148,128,44,36,127,155,155",669
5456,102,"683,452,791,143,209,815,867,539,363,227","127,146,189,155,155,126,155,148,128,219",611
123,102,"683,677,811,638,819,770,749,30,184,259","127,156,3,154,3,129,3,21,36,148",466
3482,102,"683,452,867,791,122,199,690,539,383,629","127,146,155,189,36,155,219,148,189,148",547
6033,102,"683,452,884,466,867,406,432,199,461,184","127,146,44,42,155,127,44,155,155,36",661
5560,102,"683,452,791,312,363,867,199,457,209,539","127,146,189,148,128,155,155,156,155,148",616
4723,102,"683,452,867,791,690,406,815,539,143,80","127,146,155,189,219,127,126,148,155,155",498
1525,102,"683,452,867,791,122,629,457,349,199,64","127,146,155,189,36,148,156,127,155,56",600
3854,102,"683,677,811,638,819,770,577,794,134,710","127,156,3,154,3,129,284,39,155,127",544
184,102,"683,677,749,184,770,676,934,453,438,368","127,156,3,36,129,155,21,33,3,3",645
1025,102,"683,677,811,396,89,907,727,312,178,710","127,156,3,267,42,219,126,148,155,127",535
4422,102,"683,677,749,819,30,605,210,500,824,79","127,156,3,3,21,155,36,155,127,155",374
2100,102,"452,363,312,396,539,328,295,457,199,248","146,128,148,267,148,39,127,156,155,148",371
2034,102,"452,363,312,396,480,328,6,674,791,794","146,128,148,267,148,39,148,146,189,39",485
1554,102,"683,677,749,819,30,474,934,76,605,770","127,156,3,3,21,3,21,36,155,129",612
3938,102,"683,407,500,588,276,144,927,596,646,605","127,175,155,155,155,169,284,3,155,155",688
3315,102,"683,677,749,163,193,474,868,794,453,184","127,156,3,163,21,3,36,39,33,36",541
966,102,"683,452,867,383,770,629,676,563,749,37","127,146,155,189,129,148,155,154,3,151",510
4238,102,"683,452,791,312,867,539,199,202,209,64","127,146,189,148,155,148,155,153,155,56",521
3693,102,"683,452,791,143,363,209,815,539,533,122","127,146,189,155,128,155,126,148,39,36",463
1674,102,"683,452,884,466,867,259,383,37,331,686","127,146,44,42,155,148,189,151,54,36",640
4816,102,"683,184,819,30,605,71,495,500,824,210","127,36,3,21,155,156,156,155,127,36",550
4352,102,"683,452,791,143,209,867,312,199,539,406","127,146,189,155,155,155,148,155,148,127",535
2677,102,"683,407,819,89,396,710,248,451,741,731","127,175,3,42,267,127,148,163,63,219",796
3486,102,"683,677,811,638,770,359,30,605,71,500","127,156,3,154,129,267,21,155,156,155",702
796,102,"683,677,749,184,770,555,438,193,71,605","127,156,3,36,129,33,3,21,156,155",635
5561,102,"683,677,811,638,770,30,934,605,474,517","127,156,3,154,129,21,21,155,3,155",509
2917,102,"683,677,749,184,731,134,646,383,259,37","127,156,3,36,219,155,155,189,148,151",519
4277,102,"683,677,811,638,794,30,605,934,749,184","127,156,3,154,39,21,155,21,3,36",563
444,102,"683,677,811,396,731,134,577,37,823,588","127,156,3,267,219,155,284,151,220,155",526
2078,102,"683,677,749,819,731,517,3,134,500,577","127,156,3,3,219,155,155,155,155,284",516
2781,102,"683,452,791,312,363,564,867,199,227,637","127,146,189,148,128,114,155,155,219,155",555
1503,102,"683,677,749,819,30,605,79,738,934,71","127,156,3,3,21,155,155,155,21,156",553
2961,102,"683,677,749,819,731,517,770,30,76,605","127,156,3,3,219,155,129,21,36,155",678
2627,102,"407,144,500,588,276,605,824,523,495,210","175,169,155,155,155,155,127,21,156,36",689
4492,102,"683,677,811,638,770,577,710,184,731,134","127,156,3,154,129,284,127,36,219,155",531
4858,102,"683,677,572,731,605,500,749,76,184,811","127,156,39,219,155,155,3,36,36,3",594
1041,102,"683,677,749,819,30,605,210,500,824,588","127,156,3,3,21,155,36,155,127,155",669
987,102,"683,452,791,312,867,209,202,539,199,64","127,146,189,148,155,155,153,148,155,56",690
432,102,"683,452,867,383,770,376,629,676,6,657","127,146,155,189,129,164,148,155,148,56",507
970,102,"683,677,811,638,794,30,605,500,934,819","127,156,3,154,39,21,155,155,21,3",394
6147,102,"683,677,811,638,770,359,30,474,749,605","127,156,3,154,129,267,21,3,3,155",576
1709,102,"683,770,731,134,577,184,907,359,257,749","127,129,219,155,284,36,219,267,146,3",682
4088,102,"452,363,312,396,690,710,867,791,539,813","146,128,148,267,219,127,155,189,148,154",479
5126,102,"683,452,791,143,209,867,312,199,202,64","127,146,189,155,155,155,148,155,153,56",498
464,102,"683,677,811,638,819,710,134,577,184,368","127,156,3,154,3,127,155,284,36,3",608
4325,102,"683,677,811,396,731,922,111,248,911,894","127,156,3,267,219,154,155,148,154,300",571
2211,102,"96,342,605,638,934,71,30,466,354,140","173,163,155,154,21,156,21,42,202,176",717
2618,102,"683,677,811,396,89,577,638,731,500,588","127,156,3,267,42,284,154,219,155,155",586
4940,102,"683,677,811,638,819,770,37,749,934,79","127,156,3,154,3,129,151,3,21,155",601
1823,102,"683,677,749,819,30,605,210,79,71,495","127,156,3,3,21,155,36,155,156,156",612
2795,102,"683,677,749,819,30,605,79,76,770,438","127,156,3,3,21,155,155,36,129,3",510
2949,102,"683,677,749,184,770,676,934,453,555,438","127,156,3,36,129,155,21,33,33,3",600
4827,102,"683,677,572,749,819,184,76,934,676,30","127,156,39,3,3,36,36,21,155,21",412
1788,102,"96,791,843,733,443,140,190,539,438,58","173,189,181,169,176,176,163,164,148,3,169",187
3462,102,"683,677,572,749,770,819,934,794,868,331","127,156,39,3,129,3,21,39,36,54",539
2322,102,"683,677,572,749,184,383,134,646,421,259","127,156,39,3,36,189,155,155,195,148",693
248,102,"683,452,867,383,770,331,259,749,934,30","127,146,155,189,129,54,148,3,21,21",612
4017,102,"683,452,867,383,813,199,539,791,64,363","127,146,155,189,154,155,148,189,56,128",519
767,102,"683,677,572,749,184,794,770,676,819,438","127,156,39,3,36,39,129,155,3,3",582
4698,102,"683,677,749,819,30,605,79,76,474,934","127,156,3,3,21,155,155,36,3,21",553
35,102,"683,452,791,143,209,867,312,741,199,202","127,146,189,155,155,155,148,63,155,153",620
2148,102,"683,677,749,184,770,676,907,134,421,794","127,156,3,36,129,155,219,155,195,39",520
5579,102,"683,452,791,143,363,209,867,457,199,539","127,146,189,155,128,155,155,156,155,148",585
5580,102,"683,677,811,396,89,577,638,134,37,823","127,156,3,267,42,284,154,155,151,220",608
1109,102,"683,677,811,638,794,30,359,749,934,596","127,156,3,154,39,21,267,3,21,3",555
2923,102,"683,677,811,396,89,907,727,312,178,710","127,156,3,267,42,219,126,148,155,127",669
1172,102,"683,677,749,819,30,605,79,76,474,770","127,156,3,3,21,155,155,36,3,129",506
714,102,"452,855,457,312,637,727,813,199,791,158","146,42,156,148,155,126,154,155,189,156",380
5558,102,"683,452,867,791,690,143,629,199,349,636","127,146,155,189,219,155,148,155,127,56",561
3945,102,"683,452,791,143,363,564,867,637,227,64","127,146,189,155,128,114,155,155,219,56",582
730,102,"683,677,749,184,731,134,359,646,596,438","127,156,3,36,219,155,267,155,3,3",572
3475,102,"683,452,791,143,209,867,312,199,202,64","127,146,189,155,155,155,148,155,153,56",547
932,102,"683,677,572,731,605,749,819,30,79,474","127,156,39,219,155,3,3,21,155,3",568
2062,102,"452,855,637,564,727,312,791,533,199,451","146,42,155,114,126,148,189,39,155,163",380
3456,102,"683,677,749,819,30,474,934,605,210,500","127,156,3,3,21,3,21,155,36,155",545
1046,102,"683,677,749,819,30,605,79,738,934,71","127,156,3,3,21,155,155,155,21,156",401
2726,102,"683,677,749,819,30,605,210,79,71,37","127,156,3,3,21,155,36,155,156,151",546
3852,102,"452,770,749,677,79,605,417,383,438,934","146,129,3,156,155,155,165,189,3,21",531
5016,102,"452,363,791,517,461,312,717,178,480,676","146,128,189,155,155,148,195,155,148,155",264
3507,103,"683,677,811,638,770,30,749,794,184,474","127,156,3,154,129,21,3,39,36,3",531
5784,103,"683,452,867,791,122,199,690,539,383,813","127,146,155,189,36,155,219,148,189,154",490
5424,103,"683,677,811,396,731,248,922,312,577,452","127,156,3,267,219,148,154,148,284,146",535
5481,103,"683,677,749,819,30,605,79,76,438,474","127,156,3,3,21,155,155,36,3,3",553
4511,103,"683,452,791,143,363,884,466,359,354,700","127,146,189,155,128,44,42,267,202,219",612
5430,103,"683,677,749,819,30,605,79,76,474,770","127,156,3,3,21,155,155,36,3,129",546
2873,103,"452,770,749,677,79,605,210,37,71,934","146,129,3,156,155,155,36,151,156,21",477
1235,103,"452,363,700,637,517,30,638,359,934,76","146,128,219,155,155,21,154,267,21,36",494
4355,103,"683,677,749,819,30,605,210,79,71,495","127,156,3,3,21,155,36,155,156,156",586
3184,103,"683,677,811,396,89,577,638,134,37,184","127,156,3,267,42,284,154,155,151,36",535
2179,103,"452,184,193,572,605,500,588,495,71,800","146,36,21,39,155,155,155,156,156,156",352
3210,103,"683,677,749,819,30,605,210,500,824,588","127,156,3,3,21,155,36,155,127,155",544
4486,103,"683,677,811,638,770,30,184,934,749,794","127,156,3,154,129,21,36,21,3,39",519
633,103,"683,452,867,383,770,376,629,676,363,199","127,146,155,189,129,164,148,155,128,155",508
1430,103,"683,30,819,605,794,572,934,824,495,800","127,21,3,155,39,39,21,127,156,156",412
1133,103,"452,184,383,461,178,791,199,614,312,539","146,36,189,155,155,189,155,3,148,148",361
5148,103,"683,452,791,312,867,209,64,59,396,539","127,146,189,148,155,155,56,164,267,148",556
64,103,"683,677,811,89,922,248,184,907,3,111","127,156,3,42,154,148,36,219,155,155",494
5501,103,"683,677,572,731,605,749,819,30,79,474","127,156,39,219,155,3,3,21,155,3",463
1584,103,"452,363,312,539,202,59,209,457,529,911","146,128,148,148,153,164,155,156,155,154",413
3104,103,"96,791,421,843,58,646,257,134,438,749","173,189,195,181,169,155,146,155,3,3",363
729,103,"452,199,248,457,312,791,178,3,533,867","146,155,148,156,148,189,155,155,39,155",346
4554,103,"683,677,749,819,30,474,76,934,605,868","127,156,3,3,21,3,36,21,155,36",569
2626,103,"683,677,811,396,89,577,638,731,500,134","127,156,3,267,42,284,154,219,155,155",628
2261,103,"683,452,791,143,363,209,815,539,80,867","127,146,189,155,128,155,126,148,155,155",641
5528,103,"683,677,749,819,731,517,184,76,605,500","127,156,3,3,219,155,36,36,155,155",553
5711,103,"683,677,749,819,731,517,30,184,76,474","127,156,3,3,219,155,21,36,36,3",553
2466,103,"452,184,193,572,605,500,588,523,276,210","146,36,21,39,155,155,155,21,155,36",375
145,103,"683,677,572,500,588,605,495,517,749,184","127,156,39,155,155,155,156,155,3,36",500
5860,103,"452,199,248,312,202,539,209,529,836,791","146,155,148,148,153,148,155,155,39,189",354
5493,103,"683,677,811,638,770,30,749,605,76,934","127,156,3,154,129,21,3,155,36,21",544
3202,103,"683,867,791,312,539,209,202,741,349,64","127,155,189,148,148,155,153,63,127,56",669
541,103,"683,452,867,383,770,629,676,563,749,30","127,146,155,189,129,148,155,154,3,21",528
2883,103,"452,855,457,312,637,6,368,843,134,517","146,42,156,148,155,148,3,181,155,155",389
1595,103,"452,770,577,710,331,184,193,438,259,461","146,129,284,127,54,36,21,3,148,155",500
4837,103,"683,452,867,791,690,406,815,539,143,457","127,146,155,189,219,127,126,148,155,156",464
5610,103,"683,452,884,466,867,406,432,199,577,686","127,146,44,42,155,127,44,155,284,36",653
66,103,"683,452,884,690,122,867,209,629,791,674","127,146,44,219,36,155,155,148,189,146",653
5436,103,"683,452,867,791,690,143,629,199,376,674","127,146,155,189,219,155,148,155,164,146",547
2737,103,"683,452,867,791,690,143,674,376,80,199","127,146,155,189,219,155,146,164,155,155",535
573,103,"452,770,184,383,927,461,646,676,134,657","146,129,36,189,284,155,155,155,155,56",547
1670,103,"683,677,749,163,770,29,368,193,794,474","127,156,3,163,129,156,3,21,39,3",644
5744,103,"683,677,749,819,731,517,184,76,605,638","127,156,3,3,219,155,36,36,155,154",586
1223,103,"452,184,193,677,749,794,738,638,417,868","146,36,21,156,3,39,155,154,165,36",400
376,103,"683,452,791,143,867,199,363,629,690,122","127,146,189,155,155,155,128,148,219,36",412
2837,103,"683,677,572,731,605,749,819,30,79,500","127,156,39,219,155,3,3,21,155,155",538
2931,103,"683,184,731,140,134,312,710,100,461,65","127,36,219,176,155,148,127,165,155,163",461
1374,103,"683,677,749,819,30,605,79,76,474,934","127,156,3,3,21,155,155,36,3,21",553
2938,103,"683,677,811,396,731,922,451,248,111,911","127,156,3,267,219,154,163,148,155,154",535
1563,103,"683,677,749,819,30,605,210,500,824,588","127,156,3,3,21,155,36,155,127,155",519
3981,103,"683,452,867,383,813,199,539,791,64,363","127,146,155,189,154,155,148,189,56,128",520
1993,103,"683,452,791,312,363,867,539,457,199,143","127,146,189,148,128,155,148,156,155,155",540
4228,103,"683,677,572,731,605,749,819,30,79,474","127,156,39,219,155,3,3,21,155,3",549
934,103,"683,677,811,638,819,770,577,794,934,749","127,156,3,154,3,129,284,39,21,3",577
449,103,"683,677,572,731,605,749,134,421,184,811","127,156,39,219,155,3,155,195,36,3",541
944,103,"452,770,749,677,79,605,210,500,824,588","146,129,3,156,155,155,36,155,127,155",447
3243,103,"683,677,811,638,794,30,605,500,495,824","127,156,3,154,39,21,155,155,156,127",553
889,103,"683,677,811,396,89,577,638,134,37,184","127,156,3,267,42,284,154,155,151,36",519
3540,103,"683,677,811,638,819,770,577,451,134,749","127,156,3,154,3,129,284,163,155,3",553
2861,103,"683,677,572,500,588,605,824,365,210,523","127,156,39,155,155,155,127,42,36,21",412
4748,103,"452,770,749,677,79,605,210,500,71,868","146,129,3,156,155,155,36,155,156,36",521
3532,103,"683,677,749,184,770,676,934,819,134,421","127,156,3,36,129,155,21,3,155,195",528
1764,103,"683,677,811,638,819,710,451,134,461,184","127,156,3,154,3,127,163,155,155,36",541
1614,103,"683,677,749,819,30,474,934,605,770,79","127,156,3,3,21,3,21,155,129,155",571
5452,103,"683,677,811,638,819,710,134,577,184,76","127,156,3,154,3,127,155,284,36,36",519
5139,103,"683,677,811,638,770,30,749,605,500,495","127,156,3,154,129,21,3,155,155,156",472
2840,103,"452,184,193,934,79,749,677,794,563,638","146,36,21,21,155,3,156,39,154,154",355
2905,103,"683,677,811,396,89,731,3,710,577,398","127,156,3,267,42,219,155,127,284,270",628
1538,103,"683,677,749,819,474,79,71,868,824,770","127,156,3,3,3,155,156,36,127,129",494
681,103,"683,677,811,396,731,248,922,312,577,134","127,156,3,267,219,148,154,148,284,155",514
2101,103,"683,452,791,143,363,376,867,637,227,64","127,146,189,155,128,164,155,155,219,56",574
5250,103,"452,199,248,312,202,59,539,209,825,529","146,155,148,148,153,164,148,155,148,155",338
2710,103,"683,452,791,312,867,539,199,202,396,457","127,146,189,148,155,148,155,153,267,156",520
3446,103,"683,677,811,638,770,30,749,794,474,184","127,156,3,154,129,21,3,39,3,36",519
1057,103,"683,452,867,383,813,199,770,363,791,690","127,146,155,189,154,155,129,128,189,219",543
671,103,"683,452,791,143,209,815,867,539,363,637","127,146,189,155,155,126,155,148,128,155",460
185,103,"683,867,791,209,406,199,457,815,312,741","127,155,189,155,127,155,156,126,148,63",720
622,103,"683,452,791,312,363,867,199,457,80,539","127,146,189,148,128,155,155,156,155,148",535
2367,103,"452,363,791,312,178,3,614,50,811,646","146,128,189,148,155,155,3,154,3,155",398
717,103,"96,638,605,396,210,529,572,741,0,862","173,154,155,267,36,155,39,63,189,195",461
5110,103,"452,855,457,312,637,6,368,727,791,717","146,42,156,148,155,148,3,126,189,195",349
2548,103,"452,37,677,193,259,638,76,500,676,79","146,151,156,21,148,154,36,155,155,155",228
5210,103,"683,677,749,184,770,676,934,819,794,474","127,156,3,36,129,155,21,3,39,3",523
2654,103,"683,452,791,143,363,209,815,539,80,227","127,146,189,155,128,155,126,148,155,219",541
5074,103,"683,677,749,819,30,605,79,76,474,934","127,156,3,3,21,155,155,36,3,21",553
4457,103,"683,677,811,396,731,922,312,741,248,111","127,156,3,267,219,154,148,63,148,155",690
1462,103,"683,677,749,819,30,474,934,76,605,770","127,156,3,3,21,3,21,36,155,129",554
1213,103,"683,677,572,749,819,934,79,605,868,474","127,156,39,3,3,21,155,155,36,3",644
1760,103,"683,677,811,638,819,710,451,907,727,461","127,156,3,154,3,127,163,219,126,155",600
1298,103,"452,363,312,867,199,457,248,539,202,349","146,128,148,155,155,156,148,148,153,127",430
2094,103,"683,677,811,396,731,248,922,907,184,312","127,156,3,267,219,148,154,219,36,148",537
3549,103,"683,867,884,466,638,770,363,461,637,577","127,155,44,42,154,129,128,155,155,284",633
5694,103,"683,677,811,396,89,731,134,312,710,184","127,156,3,267,42,219,155,148,127,36",606
112,103,"96,342,683,638,819,517,605,710,676,934","173,163,127,154,3,155,155,127,155,21",749
3791,103,"683,452,466,363,637,629,676,6,638,690","127,146,42,128,155,148,155,148,154,219",639
1269,103,"452,770,577,749,677,819,868,71,474,453","146,129,284,3,156,3,36,156,3,33",476
4216,103,"683,677,749,819,30,474,934,605,210,500","127,156,3,3,21,3,21,155,36,155",553
1837,103,"683,677,811,638,770,30,184,134,710,76","127,156,3,154,129,21,36,155,127,36",499
2380,103,"683,452,791,143,209,867,363,539,227,815","127,146,189,155,155,155,128,148,219,126",535
2786,103,"683,677,572,731,605,500,588,824,495,365","127,156,39,219,155,155,155,127,156,42",691
3513,103,"452,770,184,934,193,563,794,438,474,368","146,129,36,21,21,154,39,3,3,3",523
111,103,"683,677,811,638,770,359,30,474,749,605","127,156,3,154,129,267,21,3,3,155",598
4671,103,"683,677,749,819,30,474,934,605,76,868","127,156,3,3,21,3,21,155,36,36",553
1507,103,"683,452,867,383,813,770,199,710,791,742","127,146,155,189,154,129,155,127,189,164",634
3266,103,"683,452,791,143,209,867,363,539,227,815","127,146,189,155,155,155,128,148,219,126",579
3187,103,"452,184,193,677,596,934,438,794,676,749","146,36,21,156,3,21,3,39,155,3",374
5211,103,"683,677,811,638,819,770,577,452,184,461","127,156,3,154,3,129,284,146,36,155",541
2831,103,"452,770,749,677,638,37,184,596,259,686","146,129,3,156,154,151,36,3,148,36",513
2347,103,"683,677,811,638,794,359,731,710,184,676","127,156,3,154,39,267,219,127,36,155",555
5507,103,"683,677,811,638,819,710,134,577,184,368","127,156,3,154,3,127,155,284,36,3",519
5544,103,"683,677,811,638,770,163,368,577,794,934","127,156,3,154,129,163,3,284,39,21",720
2914,103,"683,452,791,143,209,815,867,457,199,539","127,146,189,155,155,126,155,156,155,148",559
5496,103,"683,452,791,143,209,867,312,457,199,363","127,146,189,155,155,155,148,156,155,128",530
1138,103,"683,452,791,143,363,209,815,539,690,227","127,146,189,155,128,155,126,148,219,219",535
4419,103,"683,677,572,500,749,184,770,30,438,868","127,156,39,155,3,36,129,21,3,36",627
3276,103,"683,677,811,638,770,30,749,605,500,79","127,156,3,154,129,21,3,155,155,155",569
1047,103,"96,383,508,37,331,843,770,99,144,749","173,189,219,151,54,181,129,181,169,3",782
2918,103,"683,677,749,819,731,517,770,30,934,76","127,156,3,3,219,155,129,21,21,36",634
1378,103,"683,452,791,143,209,867,363,539,199,457","127,146,189,155,155,155,128,148,155,156",588
1389,103,"683,452,791,143,363,209,815,539,690,376","127,146,189,155,128,155,126,148,219,164",618
4400,103,"683,677,572,731,605,749,819,30,79,474","127,156,39,219,155,3,3,21,155,3",654
565,103,"683,677,811,638,819,184,193,794,934,474","127,156,3,154,3,36,21,39,21,3",640
5627,103,"683,452,791,312,363,884,122,295,199,209","127,146,189,148,128,44,36,127,155,155",669
5456,103,"683,452,791,143,209,815,867,539,363,227","127,146,189,155,155,126,155,148,128,219",611
123,103,"683,677,811,638,819,770,749,30,184,259","127,156,3,154,3,129,3,21,36,148",466
3482,103,"683,452,867,791,122,199,690,539,383,629","127,146,155,189,36,155,219,148,189,148",547
6033,103,"683,452,884,466,867,406,432,199,461,184","127,146,44,42,155,127,44,155,155,36",661
5560,103,"683,452,791,312,363,867,199,457,209,539","127,146,189,148,128,155,155,156,155,148",616
4723,103,"683,452,867,791,690,406,815,539,143,80","127,146,155,189,219,127,126,148,155,155",498
1525,103,"683,452,867,791,122,629,457,349,199,64","127,146,155,189,36,148,156,127,155,56",600
3854,103,"683,677,811,638,819,770,577,794,451,184","127,156,3,154,3,129,284,39,163,36",544
184,103,"683,677,749,184,770,676,934,453,438,368","127,156,3,36,129,155,21,33,3,3",645
1025,103,"683,677,811,396,89,907,451,727,312,710","127,156,3,267,42,219,163,126,148,127",535
4422,103,"683,677,749,819,30,605,210,500,824,79","127,156,3,3,21,155,36,155,127,155",374
2100,103,"452,363,312,396,539,328,295,457,199,248","146,128,148,267,148,39,127,156,155,148",371
2034,103,"452,363,312,396,480,328,6,674,791,794","146,128,148,267,148,39,148,146,189,39",485
1554,103,"683,677,749,819,30,474,934,76,605,770","127,156,3,3,21,3,21,36,155,129",612
3938,103,"683,407,500,588,276,144,927,596,646,605","127,175,155,155,155,169,284,3,155,155",688
3315,103,"683,677,749,184,76,555,596,474,605,30","127,156,3,36,36,33,3,3,155,21",541
966,103,"683,452,867,383,770,376,690,563,577,794","127,146,155,189,129,164,219,154,284,39",510
4238,103,"683,452,791,312,867,539,199,202,209,64","127,146,189,148,155,148,155,153,155,56",521
3693,103,"683,452,791,143,363,209,815,539,533,122","127,146,189,155,128,155,126,148,39,36",463
1674,103,"683,452,884,466,867,259,383,37,331,686","127,146,44,42,155,148,189,151,54,36",640
4816,103,"683,184,819,30,605,71,495,500,824,210","127,36,3,21,155,156,156,155,127,36",550
4352,103,"683,452,791,143,209,867,312,199,539,406","127,146,189,155,155,155,148,155,148,127",535
2677,103,"683,407,819,89,396,710,248,451,741,731","127,175,3,42,267,127,148,163,63,219",796
3486,103,"683,677,811,638,770,359,30,605,71,500","127,156,3,154,129,267,21,155,156,155",702
796,103,"683,677,749,184,770,555,438,193,71,605","127,156,3,36,129,33,3,21,156,155",635
5561,103,"683,677,811,638,770,30,934,605,474,517","127,156,3,154,129,21,21,155,3,155",509
2917,103,"683,677,749,184,731,134,646,383,259,37","127,156,3,36,219,155,155,189,148,151",519
4277,103,"683,677,811,638,794,30,605,934,749,184","127,156,3,154,39,21,155,21,3,36",563
444,103,"683,677,811,396,731,134,577,37,823,588","127,156,3,267,219,155,284,151,220,155",526
2078,103,"683,677,749,819,731,517,3,134,500,577","127,156,3,3,219,155,155,155,155,284",516
2781,103,"683,452,791,312,363,564,867,199,227,637","127,146,189,148,128,114,155,155,219,155",555
1503,103,"683,677,749,819,30,605,79,738,934,71","127,156,3,3,21,155,155,155,21,156",553
2961,103,"683,677,749,819,731,517,770,30,76,605","127,156,3,3,219,155,129,21,36,155",678
2627,103,"407,144,500,588,276,605,824,523,495,210","175,169,155,155,155,155,127,21,156,36",689
4492,103,"683,677,811,638,770,577,710,184,731,134","127,156,3,154,129,284,127,36,219,155",531
4858,103,"683,677,572,731,605,500,749,76,184,811","127,156,39,219,155,155,3,36,36,3",594
1041,103,"683,677,749,819,30,605,210,500,824,588","127,156,3,3,21,155,36,155,127,155",669
987,103,"683,452,791,312,867,209,202,539,199,64","127,146,189,148,155,155,153,148,155,56",690
432,103,"683,452,867,383,770,629,676,6,295,30","127,146,155,189,129,148,155,148,127,21",507
970,103,"683,677,811,638,794,30,605,500,934,819","127,156,3,154,39,21,155,155,21,3",394
6147,103,"683,677,811,638,770,359,30,474,749,605","127,156,3,154,129,267,21,3,3,155",576
1709,103,"683,770,731,134,577,184,451,749,646,657","127,129,219,155,284,36,163,3,155,56",682
4088,103,"452,363,312,396,690,710,867,791,539,813","146,128,148,267,219,127,155,189,148,154",479
5126,103,"683,452,791,143,209,867,312,199,202,64","127,146,189,155,155,155,148,155,153,56",498
464,103,"683,677,811,638,819,710,134,577,184,368","127,156,3,154,3,127,155,284,36,3",608
4325,103,"683,677,811,396,731,922,111,248,911,894","127,156,3,267,219,154,155,148,154,300",571
2211,103,"96,342,605,638,934,71,163,700,517,354","173,163,155,154,21,156,163,219,155,202",717
2618,103,"683,677,811,396,89,577,638,731,500,588","127,156,3,267,42,284,154,219,155,155",586
4940,103,"683,677,811,638,819,770,37,749,934,79","127,156,3,154,3,129,151,3,21,155",601
1823,103,"683,677,749,819,30,605,210,79,71,495","127,156,3,3,21,155,36,155,156,156",612
2795,103,"683,677,749,819,30,605,79,76,770,438","127,156,3,3,21,155,155,36,129,3",510
2949,103,"683,677,749,184,770,676,934,453,555,438","127,156,3,36,129,155,21,33,33,3",600
4827,103,"683,677,572,749,819,184,76,934,676,30","127,156,39,3,3,36,36,21,155,21",412
1788,103,"96,100,58,438,791,843,819,417,596,733","173,165,169,3,189,181,3,165,3,169",187
3462,103,"683,677,572,749,770,819,934,794,868,331","127,156,39,3,129,3,21,39,36,54",539
2322,103,"683,677,572,749,163,794,770,676,193,184","127,156,39,3,163,39,129,155,21,36",693
248,103,"683,452,867,383,770,331,259,749,934,30","127,146,155,189,129,54,148,3,21,21",612
4017,103,"683,452,867,383,813,199,539,791,64,363","127,146,155,189,154,155,148,189,56,128",519
767,103,"683,677,572,749,184,794,770,676,819,438","127,156,39,3,36,39,129,155,3,3",582
4698,103,"683,677,749,819,30,605,79,76,474,934","127,156,3,3,21,155,155,36,3,21",553
35,103,"683,452,791,143,209,867,312,741,199,202","127,146,189,155,155,155,148,63,155,153",620
2148,103,"683,677,749,184,770,676,907,134,421,794","127,156,3,36,129,155,219,155,195,39",520
5579,103,"683,452,791,143,363,209,867,457,199,539","127,146,189,155,128,155,155,156,155,148",585
5580,103,"683,677,811,396,89,577,638,134,37,823","127,156,3,267,42,284,154,155,151,220",608
1109,103,"683,677,811,638,794,30,359,749,934,596","127,156,3,154,39,21,267,3,21,3",555
2923,103,"683,677,811,396,89,907,727,312,178,710","127,156,3,267,42,219,126,148,155,127",669
1172,103,"683,677,749,819,30,605,79,76,474,770","127,156,3,3,21,155,155,36,3,129",506
714,103,"452,855,457,312,637,727,813,199,791,342","146,42,156,148,155,126,154,155,189,163",380
5558,103,"683,452,867,791,690,143,629,199,349,636","127,146,155,189,219,155,148,155,127,56",561
3945,103,"683,452,791,143,363,564,867,637,227,64","127,146,189,155,128,114,155,155,219,56",582
730,103,"683,677,749,184,731,134,359,646,596,438","127,156,3,36,219,155,267,155,3,3",572
3475,103,"683,452,791,143,209,867,312,199,202,64","127,146,189,155,155,155,148,155,153,56",547
932,103,"683,677,572,731,605,749,819,30,79,474","127,156,39,219,155,3,3,21,155,3",568
2062,103,"452,855,637,564,727,312,791,533,199,451","146,42,155,114,126,148,189,39,155,163",380
3456,103,"683,677,749,819,30,474,934,605,210,500","127,156,3,3,21,3,21,155,36,155",545
1046,103,"683,677,749,819,30,605,79,738,934,71","127,156,3,3,21,155,155,155,21,156",401
2726,103,"683,677,749,819,30,605,210,79,71,37","127,156,3,3,21,155,36,155,156,151",546
3852,103,"452,770,749,677,79,605,934,438,30,184","146,129,3,156,155,155,21,3,21,36",531
5016,103,"452,363,791,517,461,312,717,178,480,676","146,128,189,155,155,148,195,155,148,155",264
3507,104,"683,677,811,638,770,30,749,794,184,474","127,156,3,154,129,21,3,39,36,3",531
5784,104,"683,452,867,791,122,199,690,539,383,813","127,146,155,189,36,155,219,148,189,154",490
5424,104,"683,677,811,396,731,248,922,312,577,452","127,156,3,267,219,148,154,148,284,146",535
5481,104,"683,677,749,819,30,605,79,76,438,474","127,156,3,3,21,155,155,36,3,3",553
4511,104,"683,452,791,143,363,884,466,359,354,700","127,146,189,155,128,44,42,267,202,219",612
5430,104,"683,677,749,819,30,605,79,76,474,770","127,156,3,3,21,155,155,36,3,129",546
2873,104,"452,770,749,677,79,605,210,37,71,934","146,129,3,156,155,155,36,151,156,21",477
1235,104,"452,363,700,637,517,30,638,359,934,76","146,128,219,155,155,21,154,267,21,36",494
4355,104,"683,677,749,819,30,605,210,79,71,495","127,156,3,3,21,155,36,155,156,156",586
3184,104,"683,677,811,396,89,577,638,134,37,184","127,156,3,267,42,284,154,155,151,36",535
2179,104,"452,184,193,572,605,500,588,495,71,800","146,36,21,39,155,155,155,156,156,156",352
3210,104,"683,677,749,819,30,605,210,500,824,588","127,156,3,3,21,155,36,155,127,155",544
4486,104,"683,677,811,638,770,30,184,934,749,794","127,156,3,154,129,21,36,21,3,39",519
633,104,"683,452,867,383,770,376,629,676,363,199","127,146,155,189,129,164,148,155,128,155",508
1430,104,"683,30,819,605,794,572,934,824,495,800","127,21,3,155,39,39,21,127,156,156",412
1133,104,"452,184,383,451,791,178,199,539,312,614","146,36,189,163,189,155,155,148,148,3",361
5148,104,"683,452,791,312,867,209,64,539,396,199","127,146,189,148,155,155,56,148,267,155",556
64,104,"683,677,811,89,922,248,184,907,3,111","127,156,3,42,154,148,36,219,155,155",494
5501,104,"683,677,572,731,605,749,819,30,79,474","127,156,39,219,155,3,3,21,155,3",463
1584,104,"452,363,312,539,202,457,209,529,742,911","146,128,148,148,153,156,155,155,164,154",413
3104,104,"96,791,421,843,58,646,257,134,438,749","173,189,195,181,169,155,146,155,3,3",363
729,104,"452,199,248,457,312,791,178,3,533,867","146,155,148,156,148,189,155,155,39,155",346
4554,104,"683,677,749,819,30,474,76,934,605,868","127,156,3,3,21,3,36,21,155,36",569
2626,104,"683,677,811,396,89,577,638,731,500,134","127,156,3,267,42,284,154,219,155,155",628
2261,104,"683,452,791,143,363,209,815,539,80,867","127,146,189,155,128,155,126,148,155,155",641
5528,104,"683,677,749,819,731,517,184,76,605,500","127,156,3,3,219,155,36,36,155,155",553
5711,104,"683,677,749,819,731,517,30,184,76,474","127,156,3,3,219,155,21,36,36,3",553
2466,104,"452,184,193,572,605,500,588,523,276,210","146,36,21,39,155,155,155,21,155,36",375
145,104,"683,677,572,500,588,605,495,517,749,184","127,156,39,155,155,155,156,155,3,36",500
5860,104,"452,199,248,312,202,59,539,825,457,831","146,155,148,148,153,164,148,148,156,155",354
5493,104,"683,677,811,638,770,30,749,605,76,934","127,156,3,154,129,21,3,155,36,21",544
3202,104,"683,867,791,312,539,209,202,741,349,64","127,155,189,148,148,155,153,63,127,56",669
541,104,"683,452,867,383,770,629,676,563,749,30","127,146,155,189,129,148,155,154,3,21",528
2883,104,"452,855,457,312,637,6,368,843,65,638","146,42,156,148,155,148,3,181,163,154",389
1595,104,"452,770,577,710,331,184,193,438,259,461","146,129,284,127,54,36,21,3,148,155",500
4837,104,"683,452,867,791,690,406,815,539,143,457","127,146,155,189,219,127,126,148,155,156",464
5610,104,"683,452,884,466,867,406,432,199,577,686","127,146,44,42,155,127,44,155,284,36",653
66,104,"683,452,884,690,122,867,209,629,791,674","127,146,44,219,36,155,155,148,189,146",653
5436,104,"683,452,867,791,690,143,629,199,122,383","127,146,155,189,219,155,148,155,36,189",547
2737,104,"683,452,867,791,690,143,674,80,383,342","127,146,155,189,219,155,146,155,189,163",535
573,104,"452,770,184,383,927,461,646,676,134,657","146,129,36,189,284,155,155,155,155,56",547
1670,104,"683,677,749,184,770,676,421,368,794,453","127,156,3,36,129,155,195,3,39,33",644
5744,104,"683,677,749,819,731,517,184,76,417,605","127,156,3,3,219,155,36,36,165,155",586
1223,104,"452,184,193,677,749,794,738,638,79,438","146,36,21,156,3,39,155,154,155,3",400
376,104,"683,452,791,143,867,199,363,376,629,690","127,146,189,155,155,155,128,164,148,219",412
2837,104,"683,677,572,731,605,749,819,30,79,500","127,156,39,219,155,3,3,21,155,155",538
2931,104,"683,184,731,140,134,312,710,100,461,65","127,36,219,176,155,148,127,165,155,163",461
1374,104,"683,677,749,819,30,605,79,76,474,934","127,156,3,3,21,155,155,36,3,21",553
2938,104,"683,677,811,396,731,922,111,248,911,312","127,156,3,267,219,154,155,148,154,148",535
1563,104,"683,677,749,819,30,605,210,500,824,588","127,156,3,3,21,155,36,155,127,155",519
3981,104,"683,452,867,383,813,199,539,791,64,363","127,146,155,189,154,155,148,189,56,128",520
1993,104,"683,452,791,312,363,867,539,457,199,143","127,146,189,148,128,155,148,156,155,155",540
4228,104,"683,677,572,731,605,749,819,30,79,474","127,156,39,219,155,3,3,21,155,3",549
934,104,"683,677,811,638,819,770,577,794,934,749","127,156,3,154,3,129,284,39,21,3",577
449,104,"683,677,572,731,605,749,134,421,184,811","127,156,39,219,155,3,155,195,36,3",541
944,104,"452,770,749,677,79,605,210,500,824,588","146,129,3,156,155,155,36,155,127,155",447
3243,104,"683,677,811,638,794,30,605,500,495,824","127,156,3,154,39,21,155,155,156,127",553
889,104,"683,677,811,396,89,577,638,134,37,184","127,156,3,267,42,284,154,155,151,36",519
3540,104,"683,677,811,638,819,770,577,451,134,749","127,156,3,154,3,129,284,163,155,3",553
2861,104,"683,677,572,500,588,605,824,365,210,523","127,156,39,155,155,155,127,42,36,21",412
4748,104,"452,770,749,677,79,605,210,500,71,868","146,129,3,156,155,155,36,155,156,36",521
3532,104,"683,677,749,184,770,676,934,819,134,421","127,156,3,36,129,155,21,3,155,195",528
1764,104,"683,677,811,638,819,710,134,461,577,184","127,156,3,154,3,127,155,155,284,36",541
1614,104,"683,677,749,819,30,474,934,605,770,79","127,156,3,3,21,3,21,155,129,155",571
5452,104,"683,677,811,638,819,710,134,577,184,76","127,156,3,154,3,127,155,284,36,36",519
5139,104,"683,677,811,638,770,30,749,605,500,495","127,156,3,154,129,21,3,155,155,156",472
2840,104,"452,184,193,934,79,749,677,794,563,638","146,36,21,21,155,3,156,39,154,154",355
2905,104,"683,677,811,396,89,451,3,731,134,248","127,156,3,267,42,163,155,219,155,148",628
1538,104,"683,677,749,819,474,79,71,868,824,770","127,156,3,3,3,155,156,36,127,129",494
681,104,"683,677,811,396,731,248,922,312,577,134","127,156,3,267,219,148,154,148,284,155",514
2101,104,"683,452,791,143,363,867,637,227,122,295","127,146,189,155,128,155,155,219,36,127",574
5250,104,"452,199,248,312,202,539,209,825,529,178","146,155,148,148,153,148,155,148,155,155",338
2710,104,"683,452,791,312,867,539,199,202,396,457","127,146,189,148,155,148,155,153,267,156",520
3446,104,"683,677,811,638,770,30,749,794,474,184","127,156,3,154,129,21,3,39,3,36",519
1057,104,"683,452,867,383,813,199,770,363,791,690","127,146,155,189,154,155,129,128,189,219",543
671,104,"683,452,791,143,209,815,867,539,363,637","127,146,189,155,155,126,155,148,128,155",460
185,104,"683,867,791,209,406,199,457,815,312,741","127,155,189,155,127,155,156,126,148,63",720
622,104,"683,452,791,312,363,867,199,457,80,539","127,146,189,148,128,155,155,156,155,148",535
2367,104,"452,363,791,312,65,178,3,614,742,50","146,128,189,148,163,155,155,3,164,154",398
717,104,"96,342,605,210,529,827,572,741,862,396","173,163,155,36,155,60,39,63,195,267",461
5110,104,"452,855,457,312,637,6,368,727,791,717","146,42,156,148,155,148,3,126,189,195",349
2548,104,"452,37,677,193,259,638,76,500,676,79","146,151,156,21,148,154,36,155,155,155",228
5210,104,"683,677,749,184,770,676,934,819,794,474","127,156,3,36,129,155,21,3,39,3",523
2654,104,"683,452,791,143,363,209,815,539,80,227","127,146,189,155,128,155,126,148,155,219",541
5074,104,"683,677,749,819,30,605,79,76,474,934","127,156,3,3,21,155,155,36,3,21",553
4457,104,"683,677,811,396,731,922,312,741,248,451","127,156,3,267,219,154,148,63,148,163",690
1462,104,"683,677,749,819,30,474,934,76,605,417","127,156,3,3,21,3,21,36,155,165",554
1213,104,"683,677,572,749,819,934,79,605,868,474","127,156,39,3,3,21,155,155,36,3",644
1760,104,"683,677,811,638,819,710,134,907,727,461","127,156,3,154,3,127,155,219,126,155",600
1298,104,"452,363,312,867,199,457,248,539,202,349","146,128,148,155,155,156,148,148,153,127",430
2094,104,"683,677,811,396,731,451,922,248,184,312","127,156,3,267,219,163,154,148,36,148",537
3549,104,"683,867,884,466,638,770,363,461,637,577","127,155,44,42,154,129,128,155,155,284",633
5694,104,"683,677,811,396,89,731,134,312,710,184","127,156,3,267,42,219,155,148,127,36",606
112,104,"96,342,683,638,819,517,163,605,770,676","173,163,127,154,3,155,163,155,129,155",749
3791,104,"683,452,466,376,629,563,6,770,638,37","127,146,42,164,148,154,148,129,154,151",639
1269,104,"452,770,577,749,677,819,868,71,474,453","146,129,284,3,156,3,36,156,3,33",476
4216,104,"683,677,749,819,30,474,934,605,210,500","127,156,3,3,21,3,21,155,36,155",553
1837,104,"683,677,811,638,770,30,184,134,710,76","127,156,3,154,129,21,36,155,127,36",499
2380,104,"683,452,791,143,209,867,363,539,227,815","127,146,189,155,155,155,128,148,219,126",535
2786,104,"683,677,572,731,605,500,588,824,495,365","127,156,39,219,155,155,155,127,156,42",691
3513,104,"452,770,184,934,193,563,794,438,474,368","146,129,36,21,21,154,39,3,3,3",523
111,104,"683,677,811,638,770,359,30,474,749,605","127,156,3,154,129,267,21,3,3,155",598
4671,104,"683,677,749,819,30,474,934,605,76,868","127,156,3,3,21,3,21,155,36,36",553
1507,104,"683,452,867,383,813,770,376,199,690,577","127,146,155,189,154,129,164,155,219,284",634
3266,104,"683,452,791,143,209,867,363,539,227,815","127,146,189,155,155,155,128,148,219,126",579
3187,104,"452,184,193,677,596,934,438,794,676,749","146,36,21,156,3,21,3,39,155,3",374
5211,104,"683,677,811,638,819,770,577,452,184,461","127,156,3,154,3,129,284,146,36,155",541
2831,104,"452,770,749,677,638,37,184,596,259,686","146,129,3,156,154,151,36,3,148,36",513
2347,104,"683,677,811,638,794,359,731,710,184,676","127,156,3,154,39,267,219,127,36,155",555
5507,104,"683,677,811,638,819,710,134,577,184,368","127,156,3,154,3,127,155,284,36,3",519
5544,104,"683,677,811,638,770,163,368,577,794,934","127,156,3,154,129,163,3,284,39,21",720
2914,104,"683,452,791,143,209,815,867,457,199,539","127,146,189,155,155,126,155,156,155,148",559
5496,104,"683,452,791,143,209,867,312,457,199,363","127,146,189,155,155,155,148,156,155,128",530
1138,104,"683,452,791,143,363,209,815,539,690,227","127,146,189,155,128,155,126,148,219,219",535
4419,104,"683,677,572,500,749,184,770,30,438,868","127,156,39,155,3,36,129,21,3,36",627
3276,104,"683,677,811,638,770,30,749,605,500,79","127,156,3,154,129,21,3,155,155,155",569
1047,104,"96,383,508,37,331,843,770,99,144,749","173,189,219,151,54,181,129,181,169,3",782
2918,104,"683,677,749,819,731,517,770,30,934,76","127,156,3,3,219,155,129,21,21,36",634
1378,104,"683,452,791,143,209,867,363,539,199,457","127,146,189,155,155,155,128,148,155,156",588
1389,104,"683,452,791,143,363,209,815,539,690,674","127,146,189,155,128,155,126,148,219,146",618
4400,104,"683,677,572,731,605,749,819,30,79,474","127,156,39,219,155,3,3,21,155,3",654
565,104,"683,677,811,638,819,184,193,794,934,474","127,156,3,154,3,36,21,39,21,3",640
5627,104,"683,452,791,312,363,884,122,295,199,209","127,146,189,148,128,44,36,127,155,155",669
5456,104,"683,452,791,143,209,815,867,539,363,227","127,146,189,155,155,126,155,148,128,219",611
123,104,"683,677,811,638,819,770,749,30,184,259","127,156,3,154,3,129,3,21,36,148",466
3482,104,"683,452,867,791,122,199,690,539,383,629","127,146,155,189,36,155,219,148,189,148",547
6033,104,"683,452,884,466,867,406,432,199,461,184","127,146,44,42,155,127,44,155,155,36",661
5560,104,"683,452,791,312,363,867,199,457,209,539","127,146,189,148,128,155,155,156,155,148",616
4723,104,"683,452,867,791,690,406,815,539,143,80","127,146,155,189,219,127,126,148,155,155",498
1525,104,"683,452,867,791,122,629,457,349,199,64","127,146,155,189,36,148,156,127,155,56",600
3854,104,"683,677,811,638,819,770,577,794,134,710","127,156,3,154,3,129,284,39,155,127",544
184,104,"683,677,749,163,770,29,368,193,794,676","127,156,3,163,129,156,3,21,39,155",645
1025,104,"683,677,811,396,89,907,727,312,178,710","127,156,3,267,42,219,126,148,155,127",535
4422,104,"683,677,749,819,30,605,210,500,824,79","127,156,3,3,21,155,36,155,127,155",374
2100,104,"452,363,312,396,539,328,295,457,199,248","146,128,148,267,148,39,127,156,155,148",371
2034,104,"452,363,312,396,480,328,6,674,791,794","146,128,148,267,148,39,148,146,189,39",485
1554,104,"683,677,749,819,30,474,934,76,605,770","127,156,3,3,21,3,21,36,155,129",612
3938,104,"683,407,500,588,276,144,927,596,646,605","127,175,155,155,155,169,284,3,155,155",688
3315,104,"683,677,749,163,193,474,868,794,453,184","127,156,3,163,21,3,36,39,33,36",541
966,104,"683,452,867,383,770,629,676,563,749,37","127,146,155,189,129,148,155,154,3,151",510
4238,104,"683,452,791,312,867,539,199,202,209,64","127,146,189,148,155,148,155,153,155,56",521
3693,104,"683,452,791,143,363,209,815,539,533,122","127,146,189,155,128,155,126,148,39,36",463
1674,104,"683,452,884,466,867,259,383,37,331,686","127,146,44,42,155,148,189,151,54,36",640
4816,104,"683,184,819,30,605,71,495,500,824,210","127,36,3,21,155,156,156,155,127,36",550
4352,104,"683,452,791,143,209,867,312,199,539,406","127,146,189,155,155,155,148,155,148,127",535
2677,104,"683,407,819,89,396,710,248,741,700,480","127,175,3,42,267,127,148,63,219,148",796
3486,104,"683,677,811,638,770,359,30,605,71,500","127,156,3,154,129,267,21,155,156,155",702
796,104,"683,677,749,184,770,555,438,193,71,605","127,156,3,36,129,33,3,21,156,155",635
5561,104,"683,677,811,638,770,30,934,605,474,517","127,156,3,154,129,21,21,155,3,155",509
2917,104,"683,677,749,184,731,134,646,383,259,37","127,156,3,36,219,155,155,189,148,151",519
4277,104,"683,677,811,638,794,30,605,934,749,184","127,156,3,154,39,21,155,21,3,36",563
444,104,"683,677,811,396,731,134,577,37,823,588","127,156,3,267,219,155,284,151,220,155",526
2078,104,"683,677,749,819,731,517,3,134,500,577","127,156,3,3,219,155,155,155,155,284",516
2781,104,"683,452,791,312,363,564,867,199,227,637","127,146,189,148,128,114,155,155,219,155",555
1503,104,"683,677,749,819,30,605,79,738,934,71","127,156,3,3,21,155,155,155,21,156",553
2961,104,"683,677,749,819,731,517,770,30,76,605","127,156,3,3,219,155,129,21,36,155",678
2627,104,"407,144,500,588,276,605,824,523,495,210","175,169,155,155,155,155,127,21,156,36",689
4492,104,"683,677,811,638,770,577,710,184,731,134","127,156,3,154,129,284,127,36,219,155",531
4858,104,"683,677,572,731,605,500,749,76,184,811","127,156,39,219,155,155,3,36,36,3",594
1041,104,"683,677,749,819,30,605,210,500,824,588","127,156,3,3,21,155,36,155,127,155",669
987,104,"683,452,791,312,867,209,202,539,199,64","127,146,189,148,155,155,153,148,155,56",690
432,104,"683,452,867,383,770,376,629,676,6,657","127,146,155,189,129,164,148,155,148,56",507
970,104,"683,677,811,638,794,30,605,500,934,819","127,156,3,154,39,21,155,155,21,3",394
6147,104,"683,677,811,638,770,359,30,474,749,605","127,156,3,154,129,267,21,3,3,155",576
1709,104,"683,770,731,134,577,184,907,359,257,749","127,129,219,155,284,36,219,267,146,3",682
4088,104,"452,363,312,396,690,710,867,791,539,813","146,128,148,267,219,127,155,189,148,154",479
5126,104,"683,452,791,143,209,867,312,199,202,64","127,146,189,155,155,155,148,155,153,56",498
464,104,"683,677,811,638,819,710,134,577,184,368","127,156,3,154,3,127,155,284,36,3",608
4325,104,"683,677,811,396,731,922,111,248,911,894","127,156,3,267,219,154,155,148,154,300",571
2211,104,"96,638,605,700,466,354,710,770,30,140","173,154,155,219,42,202,127,129,21,176",717
2618,104,"683,677,811,396,89,577,638,731,500,588","127,156,3,267,42,284,154,219,155,155",586
4940,104,"683,677,811,638,819,770,37,749,934,79","127,156,3,154,3,129,151,3,21,155",601
1823,104,"683,677,749,819,30,605,210,79,71,495","127,156,3,3,21,155,36,155,156,156",612
2795,104,"683,677,749,819,30,605,79,76,770,438","127,156,3,3,21,155,155,36,129,3",510
2949,104,"683,677,749,184,770,676,934,453,555,438","127,156,3,36,129,155,21,33,33,3",600
4827,104,"683,677,572,749,819,184,76,934,676,30","127,156,39,3,3,36,36,21,155,21",412
1788,104,"96,791,843,733,443,140,539,381,438,513","173,189,181,169,176,176,148,176,3,148",187
3462,104,"683,677,572,749,770,819,934,794,868,331","127,156,39,3,129,3,21,39,36,54",539
2322,104,"683,677,572,749,184,383,134,646,421,259","127,156,39,3,36,189,155,155,195,148",693
248,104,"683,452,867,383,770,331,259,749,934,376","127,146,155,189,129,54,148,3,21,164",612
4017,104,"683,452,867,383,813,199,539,791,64,363","127,146,155,189,154,155,148,189,56,128",519
767,104,"683,677,572,749,184,794,770,676,819,438","127,156,39,3,36,39,129,155,3,3",582
4698,104,"683,677,749,819,30,605,79,76,474,934","127,156,3,3,21,155,155,36,3,21",553
35,104,"683,452,791,143,209,867,312,741,199,202","127,146,189,155,155,155,148,63,155,153",620
2148,104,"683,677,749,184,770,676,907,134,421,794","127,156,3,36,129,155,219,155,195,39",520
5579,104,"683,452,791,143,363,209,867,457,199,539","127,146,189,155,128,155,155,156,155,148",585
5580,104,"683,677,811,396,89,577,638,134,37,823","127,156,3,267,42,284,154,155,151,220",608
1109,104,"683,677,811,638,794,30,359,749,934,596","127,156,3,154,39,21,267,3,21,3",555
2923,104,"683,677,811,396,89,907,727,312,178,710","127,156,3,267,42,219,126,148,155,127",669
1172,104,"683,677,749,819,30,605,79,76,474,770","127,156,3,3,21,155,155,36,3,129",506
714,104,"452,855,457,312,637,727,813,199,791,342","146,42,156,148,155,126,154,155,189,163",380
5558,104,"683,452,867,791,690,143,629,199,349,636","127,146,155,189,219,155,148,155,127,56",561
3945,104,"683,452,791,143,363,564,867,637,227,64","127,146,189,155,128,114,155,155,219,56",582
730,104,"683,677,749,184,731,134,359,646,596,438","127,156,3,36,219,155,267,155,3,3",572
3475,104,"683,452,791,143,209,867,312,199,202,64","127,146,189,155,155,155,148,155,153,56",547
932,104,"683,677,572,731,605,749,819,30,79,474","127,156,39,219,155,3,3,21,155,3",568
2062,104,"452,855,637,564,727,312,791,533,199,248","146,42,155,114,126,148,189,39,155,148",380
3456,104,"683,677,749,819,30,474,934,605,210,500","127,156,3,3,21,3,21,155,36,155",545
1046,104,"683,677,749,819,30,605,79,738,934,71","127,156,3,3,21,155,155,155,21,156",401
2726,104,"683,677,749,819,30,605,210,79,71,37","127,156,3,3,21,155,36,155,156,151",546
3852,104,"452,770,749,677,79,605,417,383,438,934","146,129,3,156,155,155,165,189,3,21",531
5016,104,"452,363,791,517,461,312,717,178,480,676","146,128,189,155,155,148,195,155,148,155",264
3507,105,"683,677,811,638,770,30,749,794,184,474","127,156,3,154,129,21,3,39,36,3",531
5784,105,"683,452,867,791,122,199,690,539,383,813","127,146,155,189,36,155,219,148,189,154",490
5424,105,"683,677,811,396,731,248,922,312,577,452","127,156,3,267,219,148,154,148,284,146",535
5481,105,"683,677,749,819,30,605,79,76,163,474","127,156,3,3,21,155,155,36,163,3",553
4511,105,"683,452,791,143,363,884,466,359,354,700","127,146,189,155,128,44,42,267,202,219",612
5430,105,"683,677,749,819,30,605,79,76,474,770","127,156,3,3,21,155,155,36,3,129",546
2873,105,"452,770,749,677,79,605,210,37,71,934","146,129,3,156,155,155,36,151,156,21",477
1235,105,"452,363,700,637,517,30,638,359,934,76","146,128,219,155,155,21,154,267,21,36",494
4355,105,"683,677,749,819,30,605,210,79,71,495","127,156,3,3,21,155,36,155,156,156",586
3184,105,"683,677,811,396,89,577,638,134,37,184","127,156,3,267,42,284,154,155,151,36",535
2179,105,"452,184,193,572,605,500,588,495,71,800","146,36,21,39,155,155,155,156,156,156",352
3210,105,"683,677,749,819,30,605,210,500,824,588","127,156,3,3,21,155,36,155,127,155",544
4486,105,"683,677,811,638,770,30,184,934,749,794","127,156,3,154,129,21,36,21,3,39",519
633,105,"683,452,867,383,770,376,629,676,363,199","127,146,155,189,129,164,148,155,128,155",508
1430,105,"683,30,819,605,794,572,934,824,495,800","127,21,3,155,39,39,21,127,156,156",412
1133,105,"452,184,383,461,178,791,199,742,614,539","146,36,189,155,155,189,155,164,3,148",361
5148,105,"683,452,791,312,867,209,64,59,396,539","127,146,189,148,155,155,56,164,267,148",556
64,105,"683,677,811,89,922,248,184,907,3,111","127,156,3,42,154,148,36,219,155,155",494
5501,105,"683,677,572,731,605,749,819,30,79,474","127,156,39,219,155,3,3,21,155,3",463
1584,105,"452,363,312,539,202,457,209,529,199,248","146,128,148,148,153,156,155,155,155,148",413
3104,105,"96,100,58,421,843,134,438,646,749,451","173,165,169,195,181,155,3,155,3,163",363
729,105,"452,199,248,457,312,791,178,3,533,867","146,155,148,156,148,189,155,155,39,155",346
4554,105,"683,677,749,819,30,474,76,934,605,868","127,156,3,3,21,3,36,21,155,36",569
2626,105,"683,677,811,396,89,577,638,731,500,134","127,156,3,267,42,284,154,219,155,155",628
2261,105,"683,452,791,143,363,209,815,539,80,867","127,146,189,155,128,155,126,148,155,155",641
5528,105,"683,677,749,819,731,517,184,76,417,934","127,156,3,3,219,155,36,36,165,21",553
5711,105,"683,677,749,819,731,517,30,184,76,474","127,156,3,3,219,155,21,36,36,3",553
2466,105,"452,184,193,572,605,500,588,523,276,210","146,36,21,39,155,155,155,21,155,36",375
145,105,"683,677,572,500,588,605,495,517,749,184","127,156,39,155,155,155,156,155,3,36",500
5860,105,"452,199,248,312,202,59,539,825,457,831","146,155,148,148,153,164,148,148,156,155",354
5493,105,"683,677,811,638,770,30,749,605,76,934","127,156,3,154,129,21,3,155,36,21",544
3202,105,"683,867,791,312,539,209,202,741,349,64","127,155,189,148,148,155,153,63,127,56",669
541,105,"683,452,867,383,770,376,629,676,563,749","127,146,155,189,129,164,148,155,154,3",528
2883,105,"452,855,457,312,637,6,368,843,134,517","146,42,156,148,155,148,3,181,155,155",389
1595,105,"452,770,577,710,331,184,193,438,259,461","146,129,284,127,54,36,21,3,148,155",500
4837,105,"683,452,867,791,690,406,815,539,143,457","127,146,155,189,219,127,126,148,155,156",464
5610,105,"683,452,884,466,867,406,432,199,577,686","127,146,44,42,155,127,44,155,284,36",653
66,105,"683,452,884,690,122,867,209,629,791,674","127,146,44,219,36,155,155,148,189,146",653
5436,105,"683,452,867,791,690,143,629,199,122,383","127,146,155,189,219,155,148,155,36,189",547
2737,105,"683,452,867,791,690,143,674,376,80,199","127,146,155,189,219,155,146,164,155,155",535
573,105,"452,770,184,451,927,461,134,676,710,657","146,129,36,163,284,155,155,155,127,56",547
1670,105,"683,677,749,184,770,676,421,368,794,453","127,156,3,36,129,155,195,3,39,33",644
5744,105,"683,677,749,819,731,517,184,76,417,605","127,156,3,3,219,155,36,36,165,155",586
1223,105,"452,184,193,677,749,794,738,638,79,438","146,36,21,156,3,39,155,154,155,3",400
376,105,"683,452,791,143,867,199,363,629,690,122","127,146,189,155,155,155,128,148,219,36",412
2837,105,"683,677,572,731,605,749,819,30,79,500","127,156,39,219,155,3,3,21,155,155",538
2931,105,"683,184,731,140,451,257,312,461,700,710","127,36,219,176,163,146,148,155,219,127",461
1374,105,"683,677,749,819,30,605,79,76,474,934","127,156,3,3,21,155,155,36,3,21",553
2938,105,"683,677,811,396,731,922,111,248,911,312","127,156,3,267,219,154,155,148,154,148",535
1563,105,"683,677,749,819,30,605,210,500,824,588","127,156,3,3,21,155,36,155,127,155",519
3981,105,"683,452,867,383,813,199,539,791,64,363","127,146,155,189,154,155,148,189,56,128",520
1993,105,"683,452,791,312,363,867,539,457,199,143","127,146,189,148,128,155,148,156,155,155",540
4228,105,"683,677,572,731,605,749,819,30,79,474","127,156,39,219,155,3,3,21,155,3",549
934,105,"683,677,811,638,819,770,577,794,934,749","127,156,3,154,3,129,284,39,21,3",577
449,105,"683,677,572,731,605,749,134,421,184,811","127,156,39,219,155,3,155,195,36,3",541
944,105,"452,770,749,677,79,605,210,500,824,588","146,129,3,156,155,155,36,155,127,155",447
3243,105,"683,677,811,638,794,30,605,500,495,824","127,156,3,154,39,21,155,155,156,127",553
889,105,"683,677,811,396,89,577,638,134,37,184","127,156,3,267,42,284,154,155,151,36",519
3540,105,"683,677,811,638,819,770,577,452,184,193","127,156,3,154,3,129,284,146,36,21",553
2861,105,"683,677,572,500,588,605,824,365,210,523","127,156,39,155,155,155,127,42,36,21",412
4748,105,"452,770,749,677,79,605,210,500,71,868","146,129,3,156,155,155,36,155,156,36",521
3532,105,"683,677,749,184,770,676,934,819,134,421","127,156,3,36,129,155,21,3,155,195",528
1764,105,"683,677,811,638,819,710,134,461,577,184","127,156,3,154,3,127,155,155,284,36",541
1614,105,"683,677,749,819,30,474,934,605,770,79","127,156,3,3,21,3,21,155,129,155",571
5452,105,"683,677,811,638,819,710,134,577,184,76","127,156,3,154,3,127,155,284,36,36",519
5139,105,"683,677,811,638,770,30,749,605,500,495","127,156,3,154,129,21,3,155,155,156",472
2840,105,"452,184,193,934,79,749,677,794,563,638","146,36,21,21,155,3,156,39,154,154",355
2905,105,"683,677,811,396,89,731,3,710,577,398","127,156,3,267,42,219,155,127,284,270",628
1538,105,"683,677,749,819,474,79,71,868,824,770","127,156,3,3,3,155,156,36,127,129",494
681,105,"683,677,811,396,731,248,922,312,577,134","127,156,3,267,219,148,154,148,284,155",514
2101,105,"683,452,791,143,363,867,637,227,122,295","127,146,189,155,128,155,155,219,36,127",574
5250,105,"452,199,248,312,202,539,209,825,529,178","146,155,148,148,153,148,155,148,155,155",338
2710,105,"683,452,791,312,867,539,199,202,396,457","127,146,189,148,155,148,155,153,267,156",520
3446,105,"683,677,811,638,770,30,749,794,474,184","127,156,3,154,129,21,3,39,3,36",519
1057,105,"683,452,867,383,813,199,376,770,564,363","127,146,155,189,154,155,164,129,114,128",543
671,105,"683,452,791,143,209,815,867,539,363,637","127,146,189,155,155,126,155,148,128,155",460
185,105,"683,867,791,209,406,199,457,815,312,741","127,155,189,155,127,155,156,126,148,63",720
622,105,"683,452,791,312,363,867,199,457,80,539","127,146,189,148,128,155,155,156,155,148",535
2367,105,"452,363,791,312,65,178,3,614,50,811","146,128,189,148,163,155,155,3,154,3",398
717,105,"96,342,605,210,529,827,572,741,862,396","173,163,155,36,155,60,39,63,195,267",461
5110,105,"452,855,457,312,637,6,368,727,791,717","146,42,156,148,155,148,3,126,189,195",349
2548,105,"452,37,677,193,259,638,76,500,676,79","146,151,156,21,148,154,36,155,155,155",228
5210,105,"683,677,749,184,770,676,934,819,794,474","127,156,3,36,129,155,21,3,39,3",523
2654,105,"683,452,791,143,363,209,815,539,80,227","127,146,189,155,128,155,126,148,155,219",541
5074,105,"683,677,749,819,30,605,79,76,474,934","127,156,3,3,21,155,155,36,3,21",553
4457,105,"683,677,811,396,731,922,312,741,248,451","127,156,3,267,219,154,148,63,148,163",690
1462,105,"683,677,749,819,30,474,934,76,605,770","127,156,3,3,21,3,21,36,155,129",554
1213,105,"683,677,572,749,819,934,79,605,868,474","127,156,39,3,3,21,155,155,36,3",644
1760,105,"683,677,811,638,819,710,134,907,727,461","127,156,3,154,3,127,155,219,126,155",600
1298,105,"452,363,312,867,199,457,248,539,202,349","146,128,148,155,155,156,148,148,153,127",430
2094,105,"683,677,811,396,731,248,922,907,184,312","127,156,3,267,219,148,154,219,36,148",537
3549,105,"683,867,884,466,638,770,363,461,637,577","127,155,44,42,154,129,128,155,155,284",633
5694,105,"683,677,811,396,89,731,134,312,710,184","127,156,3,267,42,219,155,148,127,36",606
112,105,"96,342,683,638,819,517,605,710,676,934","173,163,127,154,3,155,155,127,155,21",749
3791,105,"683,452,466,363,637,629,676,6,638,690","127,146,42,128,155,148,155,148,154,219",639
1269,105,"452,770,577,749,677,819,868,71,474,453","146,129,284,3,156,3,36,156,3,33",476
4216,105,"683,677,749,819,30,474,934,605,210,500","127,156,3,3,21,3,21,155,36,155",553
1837,105,"683,677,811,638,770,30,184,134,710,76","127,156,3,154,129,21,36,155,127,36",499
2380,105,"683,452,791,143,209,867,363,539,227,815","127,146,189,155,155,155,128,148,219,126",535
2786,105,"683,677,572,731,605,500,588,824,495,365","127,156,39,219,155,155,155,127,156,42",691
3513,105,"452,770,184,934,193,563,794,438,474,368","146,129,36,21,21,154,39,3,3,3",523
111,105,"683,677,811,638,770,359,30,474,749,605","127,156,3,154,129,267,21,3,3,155",598
4671,105,"683,677,749,819,30,474,934,605,76,868","127,156,3,3,21,3,21,155,36,36",553
1507,105,"683,452,867,383,813,770,199,710,791,742","127,146,155,189,154,129,155,127,189,164",634
3266,105,"683,452,791,143,209,867,363,539,227,815","127,146,189,155,155,155,128,148,219,126",579
3187,105,"452,184,193,677,596,934,438,794,676,749","146,36,21,156,3,21,3,39,155,3",374
5211,105,"683,677,811,638,819,770,577,451,134,749","127,156,3,154,3,129,284,163,155,3",541
2831,105,"452,770,749,677,638,37,184,596,259,686","146,129,3,156,154,151,36,3,148,36",513
2347,105,"683,677,811,638,794,359,731,710,184,676","127,156,3,154,39,267,219,127,36,155",555
5507,105,"683,677,811,638,819,710,134,577,184,368","127,156,3,154,3,127,155,284,36,3",519
5544,105,"683,677,811,638,770,577,359,134,710,184","127,156,3,154,129,284,267,155,127,36",720
2914,105,"683,452,791,143,209,815,867,457,199,539","127,146,189,155,155,126,155,156,155,148",559
5496,105,"683,452,791,143,209,867,312,457,199,363","127,146,189,155,155,155,148,156,155,128",530
1138,105,"683,452,791,143,363,209,815,539,690,227","127,146,189,155,128,155,126,148,219,219",535
4419,105,"683,677,572,500,749,184,770,30,438,868","127,156,39,155,3,36,129,21,3,36",627
3276,105,"683,677,811,638,770,30,749,605,500,79","127,156,3,154,129,21,3,155,155,155",569
1047,105,"96,383,508,37,331,843,770,99,144,749","173,189,219,151,54,181,129,181,169,3",782
2918,105,"683,677,749,819,731,517,770,30,934,76","127,156,3,3,219,155,129,21,21,36",634
1378,105,"683,452,791,143,209,867,363,539,199,457","127,146,189,155,155,155,128,148,155,156",588
1389,105,"683,452,791,143,363,209,815,539,690,674","127,146,189,155,128,155,126,148,219,146",618
4400,105,"683,677,572,731,605,749,819,30,79,474","127,156,39,219,155,3,3,21,155,3",654
565,105,"683,677,811,638,819,184,193,794,934,474","127,156,3,154,3,36,21,39,21,3",640
5627,105,"683,452,791,312,363,884,122,295,199,209","127,146,189,148,128,44,36,127,155,155",669
5456,105,"683,452,791,143,209,815,867,539,363,227","127,146,189,155,155,126,155,148,128,219",611
123,105,"683,677,811,638,819,770,749,30,184,259","127,156,3,154,3,129,3,21,36,148",466
3482,105,"683,452,867,791,122,199,690,539,383,629","127,146,155,189,36,155,219,148,189,148",547
6033,105,"683,452,884,466,867,406,432,199,461,184","127,146,44,42,155,127,44,155,155,36",661
5560,105,"683,452,791,312,363,867,199,457,209,539","127,146,189,148,128,155,155,156,155,148",616
4723,105,"683,452,867,791,690,406,815,539,143,80","127,146,155,189,219,127,126,148,155,155",498
1525,105,"683,452,867,791,122,629,457,349,199,64","127,146,155,189,36,148,156,127,155,56",600
3854,105,"683,677,811,638,819,770,577,794,134,710","127,156,3,154,3,129,284,39,155,127",544
184,105,"683,677,749,184,770,676,934,453,438,368","127,156,3,36,129,155,21,33,3,3",645
1025,105,"683,677,811,396,89,907,451,727,312,710","127,156,3,267,42,219,163,126,148,127",535
4422,105,"683,677,749,819,30,605,210,500,824,79","127,156,3,3,21,155,36,155,127,155",374
2100,105,"452,363,312,396,539,328,295,457,199,248","146,128,148,267,148,39,127,156,155,148",371
2034,105,"452,363,312,396,480,328,6,674,791,794","146,128,148,267,148,39,148,146,189,39",485
1554,105,"683,677,749,819,30,474,934,76,605,770","127,156,3,3,21,3,21,36,155,129",612
3938,105,"683,407,500,588,276,144,927,596,646,605","127,175,155,155,155,169,284,3,155,155",688
3315,105,"683,677,749,184,76,555,596,474,605,30","127,156,3,36,36,33,3,3,155,21",541
966,105,"683,452,867,383,770,629,676,563,749,37","127,146,155,189,129,148,155,154,3,151",510
4238,105,"683,452,791,312,867,539,199,202,209,64","127,146,189,148,155,148,155,153,155,56",521
3693,105,"683,452,791,143,363,209,815,539,533,122","127,146,189,155,128,155,126,148,39,36",463
1674,105,"683,452,884,466,867,259,383,37,331,686","127,146,44,42,155,148,189,151,54,36",640
4816,105,"683,184,819,30,605,71,495,500,824,210","127,36,3,21,155,156,156,155,127,36",550
4352,105,"683,452,791,143,209,867,312,199,539,406","127,146,189,155,155,155,148,155,148,127",535
2677,105,"683,407,819,89,396,710,248,741,700,480","127,175,3,42,267,127,148,63,219,148",796
3486,105,"683,677,811,638,770,359,30,605,71,500","127,156,3,154,129,267,21,155,156,155",702
796,105,"683,677,749,184,770,555,438,193,71,605","127,156,3,36,129,33,3,21,156,155",635
5561,105,"683,677,811,638,770,30,934,605,474,517","127,156,3,154,129,21,21,155,3,155",509
2917,105,"683,677,749,184,731,134,646,383,259,37","127,156,3,36,219,155,155,189,148,151",519
4277,105,"683,677,811,638,794,30,605,934,749,184","127,156,3,154,39,21,155,21,3,36",563
444,105,"683,677,811,396,731,134,577,37,823,588","127,156,3,267,219,155,284,151,220,155",526
2078,105,"683,677,749,819,731,517,3,134,500,577","127,156,3,3,219,155,155,155,155,284",516
2781,105,"683,452,791,312,363,564,867,199,227,637","127,146,189,148,128,114,155,155,219,155",555
1503,105,"683,677,749,819,30,605,79,738,934,71","127,156,3,3,21,155,155,155,21,156",553
2961,105,"683,677,749,819,731,517,770,30,76,605","127,156,3,3,219,155,129,21,36,155",678
2627,105,"407,144,500,588,276,605,824,523,495,210","175,169,155,155,155,155,127,21,156,36",689
4492,105,"683,677,811,638,770,577,710,184,731,134","127,156,3,154,129,284,127,36,219,155",531
4858,105,"683,677,572,731,605,500,749,76,184,811","127,156,39,219,155,155,3,36,36,3",594
1041,105,"683,677,749,819,30,605,210,500,824,588","127,156,3,3,21,155,36,155,127,155",669
987,105,"683,452,791,312,867,209,202,539,199,64","127,146,189,148,155,155,153,148,155,56",690
432,105,"683,452,867,383,770,629,676,6,753,295","127,146,155,189,129,148,155,148,164,127",507
970,105,"683,677,811,638,794,30,605,500,934,819","127,156,3,154,39,21,155,155,21,3",394
6147,105,"683,677,811,638,770,359,30,474,749,605","127,156,3,154,129,267,21,3,3,155",576
1709,105,"683,770,731,134,577,184,451,749,646,657","127,129,219,155,284,36,163,3,155,56",682
4088,105,"452,363,312,396,690,710,867,791,539,813","146,128,148,267,219,127,155,189,148,154",479
5126,105,"683,452,791,143,209,867,312,199,202,64","127,146,189,155,155,155,148,155,153,56",498
464,105,"683,677,811,638,819,710,134,577,184,368","127,156,3,154,3,127,155,284,36,3",608
4325,105,"683,677,811,396,731,922,111,248,911,894","127,156,3,267,219,154,155,148,154,300",571
2211,105,"96,342,605,638,934,71,30,466,354,140","173,163,155,154,21,156,21,42,202,176",717
2618,105,"683,677,811,396,89,577,638,731,500,588","127,156,3,267,42,284,154,219,155,155",586
4940,105,"683,677,811,638,819,770,37,749,934,79","127,156,3,154,3,129,151,3,21,155",601
1823,105,"683,677,749,819,30,605,210,79,71,495","127,156,3,3,21,155,36,155,156,156",612
2795,105,"683,677,749,819,30,605,79,76,770,438","127,156,3,3,21,155,155,36,129,3",510
2949,105,"683,677,749,184,770,676,934,453,555,438","127,156,3,36,129,155,21,33,33,3",600
4827,105,"683,677,572,749,819,184,76,934,676,30","127,156,39,3,3,36,36,21,155,21",412
1788,105,"96,100,58,438,791,843,819,596,205,733","173,165,169,3,189,181,3,3,63,169",187
3462,105,"683,677,572,749,770,819,934,794,868,331","127,156,39,3,129,3,21,39,36,54",539
2322,105,"683,677,572,749,184,383,134,646,421,259","127,156,39,3,36,189,155,155,195,148",693
248,105,"683,452,867,383,770,331,259,749,934,376","127,146,155,189,129,54,148,3,21,164",612
4017,105,"683,452,867,383,813,199,539,791,64,363","127,146,155,189,154,155,148,189,56,128",519
767,105,"683,677,572,749,184,794,770,676,819,438","127,156,39,3,36,39,129,155,3,3",582
4698,105,"683,677,749,819,30,605,79,76,474,934","127,156,3,3,21,155,155,36,3,21",553
35,105,"683,452,791,143,209,867,312,741,199,202","127,146,189,155,155,155,148,63,155,153",620
2148,105,"683,677,749,184,770,676,907,134,421,794","127,156,3,36,129,155,219,155,195,39",520
5579,105,"683,452,791,143,363,209,867,457,199,539","127,146,189,155,128,155,155,156,155,148",585
5580,105,"683,677,811,396,89,577,638,134,37,823","127,156,3,267,42,284,154,155,151,220",608
1109,105,"683,677,811,638,794,30,359,749,934,596","127,156,3,154,39,21,267,3,21,3",555
2923,105,"683,677,811,396,89,907,727,312,178,710","127,156,3,267,42,219,126,148,155,127",669
1172,105,"683,677,749,819,30,605,79,76,474,770","127,156,3,3,21,155,155,36,3,129",506
714,105,"452,855,457,312,637,727,813,199,791,158","146,42,156,148,155,126,154,155,189,156",380
5558,105,"683,452,867,791,690,143,629,199,349,636","127,146,155,189,219,155,148,155,127,56",561
3945,105,"683,452,791,143,363,564,867,637,227,64","127,146,189,155,128,114,155,155,219,56",582
730,105,"683,677,749,184,731,134,359,646,596,438","127,156,3,36,219,155,267,155,3,3",572
3475,105,"683,452,791,143,209,867,312,199,202,64","127,146,189,155,155,155,148,155,153,56",547
932,105,"683,677,572,731,605,749,819,30,79,474","127,156,39,219,155,3,3,21,155,3",568
2062,105,"452,855,637,564,727,312,791,533,199,248","146,42,155,114,126,148,189,39,155,148",380
3456,105,"683,677,749,819,30,474,934,605,210,500","127,156,3,3,21,3,21,155,36,155",545
1046,105,"683,677,749,819,30,605,79,738,934,71","127,156,3,3,21,155,155,155,21,156",401
2726,105,"683,677,749,819,30,605,210,79,71,37","127,156,3,3,21,155,36,155,156,151",546
3852,105,"452,770,749,677,79,605,934,438,30,184","146,129,3,156,155,155,21,3,21,36",531
5016,105,"452,363,791,517,461,312,717,178,480,676","146,128,189,155,155,148,195,155,148,155",264
3507,106,"683,677,811,638,770,30,749,794,184,474","127,156,3,154,129,21,3,39,36,3",531
5784,106,"683,452,867,791,122,199,690,539,383,813","127,146,155,189,36,155,219,148,189,154",490
5424,106,"683,677,811,396,731,248,922,312,577,452","127,156,3,267,219,148,154,148,284,146",535
5481,106,"683,677,749,819,30,605,79,76,438,474","127,156,3,3,21,155,155,36,3,3",553
4511,106,"683,452,791,143,363,884,466,359,354,700","127,146,189,155,128,44,42,267,202,219",612
5430,106,"683,677,749,819,30,605,79,76,474,770","127,156,3,3,21,155,155,36,3,129",546
2873,106,"452,770,749,677,79,605,210,37,71,934","146,129,3,156,155,155,36,151,156,21",477
1235,106,"452,363,700,637,517,30,638,359,934,76","146,128,219,155,155,21,154,267,21,36",494
4355,106,"683,677,749,819,30,605,210,79,71,495","127,156,3,3,21,155,36,155,156,156",586
3184,106,"683,677,811,396,89,577,638,134,37,184","127,156,3,267,42,284,154,155,151,36",535
2179,106,"452,184,193,572,605,500,588,495,71,800","146,36,21,39,155,155,155,156,156,156",352
3210,106,"683,677,749,819,30,605,210,500,824,588","127,156,3,3,21,155,36,155,127,155",544
4486,106,"683,677,811,638,770,30,184,934,749,794","127,156,3,154,129,21,36,21,3,39",519
633,106,"683,452,867,383,770,376,629,676,363,199","127,146,155,189,129,164,148,155,128,155",508
1430,106,"683,30,819,605,794,572,934,824,495,800","127,21,3,155,39,39,21,127,156,156",412
1133,106,"452,184,383,461,178,791,199,614,312,539","146,36,189,155,155,189,155,3,148,148",361
5148,106,"683,452,791,312,867,209,64,539,396,199","127,146,189,148,155,155,56,148,267,155",556
64,106,"683,677,811,451,89,517,184,3,922,248","127,156,3,163,42,155,36,155,154,148",494
5501,106,"683,677,572,731,605,749,819,30,79,474","127,156,39,219,155,3,3,21,155,3",463
1584,106,"452,363,312,539,202,457,209,529,199,248","146,128,148,148,153,156,155,155,155,148",413
3104,106,"96,791,421,843,58,646,257,134,438,749","173,189,195,181,169,155,146,155,3,3",363
729,106,"452,199,248,457,312,791,178,3,533,867","146,155,148,156,148,189,155,155,39,155",346
4554,106,"683,677,749,819,30,474,76,934,605,868","127,156,3,3,21,3,36,21,155,36",569
2626,106,"683,677,811,396,89,577,638,731,500,134","127,156,3,267,42,284,154,219,155,155",628
2261,106,"683,452,791,143,363,209,815,539,80,867","127,146,189,155,128,155,126,148,155,155",641
5528,106,"683,677,749,819,731,517,184,76,417,934","127,156,3,3,219,155,36,36,165,21",553
5711,106,"683,677,749,819,731,517,30,184,76,474","127,156,3,3,219,155,21,36,36,3",553
2466,106,"452,184,193,572,605,500,588,523,276,210","146,36,21,39,155,155,155,21,155,36",375
145,106,"683,677,572,500,588,605,495,517,749,184","127,156,39,155,155,155,156,155,3,36",500
5860,106,"452,199,248,312,202,539,209,742,836,791","146,155,148,148,153,148,155,164,39,189",354
5493,106,"683,677,811,638,770,30,749,605,76,934","127,156,3,154,129,21,3,155,36,21",544
3202,106,"683,867,791,312,539,209,202,741,349,64","127,155,189,148,148,155,153,63,127,56",669
541,106,"683,452,867,383,770,629,676,563,749,30","127,146,155,189,129,148,155,154,3,21",528
2883,106,"452,855,457,312,637,6,368,843,134,517","146,42,156,148,155,148,3,181,155,155",389
1595,106,"452,770,577,710,331,184,193,438,259,461","146,129,284,127,54,36,21,3,148,155",500
4837,106,"683,452,867,791,690,406,815,539,143,457","127,146,155,189,219,127,126,148,155,156",464
5610,106,"683,452,884,466,867,406,432,199,577,686","127,146,44,42,155,127,44,155,284,36",653
66,106,"683,452,884,690,122,867,209,629,791,674","127,146,44,219,36,155,155,148,189,146",653
5436,106,"683,452,867,791,690,143,629,199,122,383","127,146,155,189,219,155,148,155,36,189",547
2737,106,"683,452,867,791,690,143,674,376,80,199","127,146,155,189,219,155,146,164,155,155",535
573,106,"452,770,184,383,927,461,646,676,134,657","146,129,36,189,284,155,155,155,155,56",547
1670,106,"683,677,749,163,770,29,368,193,794,474","127,156,3,163,129,156,3,21,39,3",644
5744,106,"683,677,749,819,731,517,184,76,605,638","127,156,3,3,219,155,36,36,155,154",586
1223,106,"452,184,193,677,749,794,738,638,79,438","146,36,21,156,3,39,155,154,155,3",400
376,106,"683,452,791,143,867,199,363,376,629,690","127,146,189,155,155,155,128,164,148,219",412
2837,106,"683,677,572,731,605,749,819,30,79,500","127,156,39,219,155,3,3,21,155,155",538
2931,106,"683,184,731,140,451,257,312,461,700,710","127,36,219,176,163,146,148,155,219,127",461
1374,106,"683,677,749,819,30,605,79,76,474,934","127,156,3,3,21,155,155,36,3,21",553
2938,106,"683,677,811,396,731,922,111,248,911,312","127,156,3,267,219,154,155,148,154,148",535
1563,106,"683,677,749,819,30,605,210,500,824,588","127,156,3,3,21,155,36,155,127,155",519
3981,106,"683,452,867,383,813,199,539,791,64,363","127,146,155,189,154,155,148,189,56,128",520
1993,106,"683,452,791,312,363,867,539,457,199,143","127,146,189,148,128,155,148,156,155,155",540
4228,106,"683,677,572,731,605,749,819,30,79,474","127,156,39,219,155,3,3,21,155,3",549
934,106,"683,677,811,638,819,770,577,794,934,749","127,156,3,154,3,129,284,39,21,3",577
449,106,"683,677,572,731,605,749,134,421,184,811","127,156,39,219,155,3,155,195,36,3",541
944,106,"452,770,749,677,79,605,210,500,824,588","146,129,3,156,155,155,36,155,127,155",447
3243,106,"683,677,811,638,794,30,605,500,495,824","127,156,3,154,39,21,155,155,156,127",553
889,106,"683,677,811,396,89,577,638,134,37,184","127,156,3,267,42,284,154,155,151,36",519
3540,106,"683,677,811,638,819,770,577,452,184,193","127,156,3,154,3,129,284,146,36,21",553
2861,106,"683,677,572,500,588,605,824,365,210,523","127,156,39,155,155,155,127,42,36,21",412
4748,106,"452,770,749,677,79,605,210,500,71,868","146,129,3,156,155,155,36,155,156,36",521
3532,106,"683,677,749,184,770,676,934,819,134,421","127,156,3,36,129,155,21,3,155,195",528
1764,106,"683,677,811,638,819,710,134,461,577,184","127,156,3,154,3,127,155,155,284,36",541
1614,106,"683,677,749,819,30,474,934,605,770,79","127,156,3,3,21,3,21,155,129,155",571
5452,106,"683,677,811,638,819,710,134,577,184,451","127,156,3,154,3,127,155,284,36,163",519
5139,106,"683,677,811,638,770,30,749,605,500,495","127,156,3,154,129,21,3,155,155,156",472
2840,106,"452,184,193,934,79,749,677,794,563,638","146,36,21,21,155,3,156,39,154,154",355
2905,106,"683,677,811,396,89,731,3,710,577,398","127,156,3,267,42,219,155,127,284,270",628
1538,106,"683,677,749,819,474,79,71,868,824,770","127,156,3,3,3,155,156,36,127,129",494
681,106,"683,677,811,396,731,248,922,312,577,134","127,156,3,267,219,148,154,148,284,155",514
2101,106,"683,452,791,143,363,867,637,227,122,295","127,146,189,155,128,155,155,219,36,127",574
5250,106,"452,199,248,312,202,59,539,209,825,529","146,155,148,148,153,164,148,155,148,155",338
2710,106,"683,452,791,312,867,539,199,202,396,457","127,146,189,148,155,148,155,153,267,156",520
3446,106,"683,677,811,638,770,30,749,794,474,184","127,156,3,154,129,21,3,39,3,36",519
1057,106,"683,452,867,383,813,199,770,363,791,690","127,146,155,189,154,155,129,128,189,219",543
671,106,"683,452,791,143,209,815,867,539,363,376","127,146,189,155,155,126,155,148,128,164",460
185,106,"683,867,791,209,406,199,457,815,312,741","127,155,189,155,127,155,156,126,148,63",720
622,106,"683,452,791,312,363,867,199,457,80,539","127,146,189,148,128,155,155,156,155,148",535
2367,106,"452,363,791,312,178,3,614,50,811,646","146,128,189,148,155,155,3,154,3,155",398
717,106,"96,638,605,396,210,529,572,284,453,761","173,154,155,267,36,155,39,165,33,127",461
5110,106,"452,855,457,312,637,6,368,727,791,717","146,42,156,148,155,148,3,126,189,195",349
2548,106,"452,37,677,193,259,638,76,500,676,79","146,151,156,21,148,154,36,155,155,155",228
5210,106,"683,677,749,184,770,676,934,819,794,474","127,156,3,36,129,155,21,3,39,3",523
2654,106,"683,452,791,143,363,209,815,539,80,227","127,146,189,155,128,155,126,148,155,219",541
5074,106,"683,677,749,819,30,605,79,76,474,934","127,156,3,3,21,155,155,36,3,21",553
4457,106,"683,677,811,396,731,922,312,741,248,451","127,156,3,267,219,154,148,63,148,163",690
1462,106,"683,677,749,819,30,474,934,76,605,770","127,156,3,3,21,3,21,36,155,129",554
1213,106,"683,677,572,749,819,934,79,605,868,474","127,156,39,3,3,21,155,155,36,3",644
1760,106,"683,677,811,638,819,710,134,907,727,461","127,156,3,154,3,127,155,219,126,155",600
1298,106,"452,363,312,867,199,457,248,539,202,349","146,128,148,155,155,156,148,148,153,127",430
2094,106,"683,677,811,396,731,248,922,907,184,312","127,156,3,267,219,148,154,219,36,148",537
3549,106,"683,867,884,466,638,770,363,461,637,577","127,155,44,42,154,129,128,155,155,284",633
5694,106,"683,677,811,396,89,731,134,312,710,184","127,156,3,267,42,219,155,148,127,36",606
112,106,"96,342,683,638,819,517,605,710,676,934","173,163,127,154,3,155,155,127,155,21",749
3791,106,"683,452,466,363,637,629,676,6,638,690","127,146,42,128,155,148,155,148,154,219",639
1269,106,"452,770,577,749,677,819,868,71,474,453","146,129,284,3,156,3,36,156,3,33",476
4216,106,"683,677,749,819,30,474,934,605,210,500","127,156,3,3,21,3,21,155,36,155",553
1837,106,"683,677,811,638,770,30,184,134,710,76","127,156,3,154,129,21,36,155,127,36",499
2380,106,"683,452,791,143,209,867,363,539,227,815","127,146,189,155,155,155,128,148,219,126",535
2786,106,"683,677,572,731,605,500,588,824,495,365","127,156,39,219,155,155,155,127,156,42",691
3513,106,"452,770,184,934,193,563,794,438,474,368","146,129,36,21,21,154,39,3,3,3",523
111,106,"683,677,811,638,770,359,30,474,749,605","127,156,3,154,129,267,21,3,3,155",598
4671,106,"683,677,749,819,30,474,934,605,76,868","127,156,3,3,21,3,21,155,36,36",553
1507,106,"683,452,867,383,813,770,376,199,690,451","127,146,155,189,154,129,164,155,219,163",634
3266,106,"683,452,791,143,209,867,363,539,227,815","127,146,189,155,155,155,128,148,219,126",579
3187,106,"452,184,193,677,596,934,438,794,676,749","146,36,21,156,3,21,3,39,155,3",374
5211,106,"683,677,811,638,819,770,577,452,184,461","127,156,3,154,3,129,284,146,36,155",541
2831,106,"452,770,749,677,638,37,184,596,259,686","146,129,3,156,154,151,36,3,148,36",513
2347,106,"683,677,811,638,794,359,731,710,184,676","127,156,3,154,39,267,219,127,36,155",555
5507,106,"683,677,811,638,819,710,134,577,184,368","127,156,3,154,3,127,155,284,36,3",519
5544,106,"683,677,811,638,770,577,359,134,710,184","127,156,3,154,129,284,267,155,127,36",720
2914,106,"683,452,791,143,209,815,867,457,199,539","127,146,189,155,155,126,155,156,155,148",559
5496,106,"683,452,791,143,209,867,312,457,199,363","127,146,189,155,155,155,148,156,155,128",530
1138,106,"683,452,791,143,363,209,815,539,690,227","127,146,189,155,128,155,126,148,219,219",535
4419,106,"683,677,572,500,749,184,770,30,438,868","127,156,39,155,3,36,129,21,3,36",627
3276,106,"683,677,811,638,770,30,749,605,500,79","127,156,3,154,129,21,3,155,155,155",569
1047,106,"96,383,508,37,331,843,770,99,144,749","173,189,219,151,54,181,129,181,169,3",782
2918,106,"683,677,749,819,731,517,770,30,934,76","127,156,3,3,219,155,129,21,21,36",634
1378,106,"683,452,791,143,209,867,363,539,199,457","127,146,189,155,155,155,128,148,155,156",588
1389,106,"683,452,791,143,363,209,815,539,690,674","127,146,189,155,128,155,126,148,219,146",618
4400,106,"683,677,572,731,605,749,819,30,79,474","127,156,39,219,155,3,3,21,155,3",654
565,106,"683,677,811,638,819,184,193,794,934,474","127,156,3,154,3,36,21,39,21,3",640
5627,106,"683,452,791,312,363,884,122,295,199,209","127,146,189,148,128,44,36,127,155,155",669
5456,106,"683,452,791,143,209,815,867,539,363,227","127,146,189,155,155,126,155,148,128,219",611
123,106,"683,677,811,638,819,770,749,30,184,259","127,156,3,154,3,129,3,21,36,148",466
3482,106,"683,452,867,791,122,199,690,539,383,629","127,146,155,189,36,155,219,148,189,148",547
6033,106,"683,452,884,466,867,406,432,199,461,184","127,146,44,42,155,127,44,155,155,36",661
5560,106,"683,452,791,312,363,867,199,457,209,539","127,146,189,148,128,155,155,156,155,148",616
4723,106,"683,452,867,791,690,406,815,539,143,80","127,146,155,189,219,127,126,148,155,155",498
1525,106,"683,452,867,791,122,629,457,349,199,64","127,146,155,189,36,148,156,127,155,56",600
3854,106,"683,677,811,638,819,770,577,794,451,184","127,156,3,154,3,129,284,39,163,36",544
184,106,"683,677,749,163,770,29,368,193,794,676","127,156,3,163,129,156,3,21,39,155",645
1025,106,"683,677,811,396,89,907,727,312,178,710","127,156,3,267,42,219,126,148,155,127",535
4422,106,"683,677,749,819,30,605,210,500,824,79","127,156,3,3,21,155,36,155,127,155",374
2100,106,"452,363,312,396,539,328,295,457,199,248","146,128,148,267,148,39,127,156,155,148",371
2034,106,"452,363,312,396,480,328,6,674,791,794","146,128,148,267,148,39,148,146,189,39",485
1554,106,"683,677,749,819,30,474,934,76,605,770","127,156,3,3,21,3,21,36,155,129",612
3938,106,"683,407,500,588,276,144,927,596,646,605","127,175,155,155,155,169,284,3,155,155",688
3315,106,"683,677,749,184,76,555,596,474,605,30","127,156,3,36,36,33,3,3,155,21",541
966,106,"683,452,867,383,770,629,676,563,749,37","127,146,155,189,129,148,155,154,3,151",510
4238,106,"683,452,791,312,867,539,199,202,209,64","127,146,189,148,155,148,155,153,155,56",521
3693,106,"683,452,791,143,363,209,815,539,533,122","127,146,189,155,128,155,126,148,39,36",463
1674,106,"683,452,884,466,867,259,383,37,331,686","127,146,44,42,155,148,189,151,54,36",640
4816,106,"683,184,819,30,605,71,495,500,824,210","127,36,3,21,155,156,156,155,127,36",550
4352,106,"683,452,791,143,209,867,312,199,539,406","127,146,189,155,155,155,148,155,148,127",535
2677,106,"683,407,819,89,396,710,248,741,700,480","127,175,3,42,267,127,148,63,219,148",796
3486,106,"683,677,811,638,770,359,30,605,71,500","127,156,3,154,129,267,21,155,156,155",702
796,106,"683,677,749,184,770,555,438,193,71,605","127,156,3,36,129,33,3,21,156,155",635
5561,106,"683,677,811,638,770,30,934,605,474,517","127,156,3,154,129,21,21,155,3,155",509
2917,106,"683,677,749,184,731,134,646,383,259,37","127,156,3,36,219,155,155,189,148,151",519
4277,106,"683,677,811,638,794,30,605,934,749,184","127,156,3,154,39,21,155,21,3,36",563
444,106,"683,677,811,396,731,134,577,37,823,588","127,156,3,267,219,155,284,151,220,155",526
2078,106,"683,677,749,819,731,517,3,134,500,577","127,156,3,3,219,155,155,155,155,284",516
2781,106,"683,452,791,312,363,564,867,199,227,637","127,146,189,148,128,114,155,155,219,155",555
1503,106,"683,677,749,819,30,605,79,738,934,71","127,156,3,3,21,155,155,155,21,156",553
2961,106,"683,677,749,819,731,517,770,30,76,605","127,156,3,3,219,155,129,21,36,155",678
2627,106,"407,144,500,588,276,605,824,523,495,210","175,169,155,155,155,155,127,21,156,36",689
4492,106,"683,677,811,638,770,577,710,184,731,134","127,156,3,154,129,284,127,36,219,155",531
4858,106,"683,677,572,731,605,500,749,76,184,811","127,156,39,219,155,155,3,36,36,3",594
1041,106,"683,677,749,819,30,605,210,500,824,588","127,156,3,3,21,155,36,155,127,155",669
987,106,"683,452,791,312,867,209,202,539,199,64","127,146,189,148,155,155,153,148,155,56",690
432,106,"683,452,867,383,770,629,676,6,295,30","127,146,155,189,129,148,155,148,127,21",507
970,106,"683,677,811,638,794,30,605,500,934,819","127,156,3,154,39,21,155,155,21,3",394
6147,106,"683,677,811,638,770,359,30,474,749,605","127,156,3,154,129,267,21,3,3,155",576
1709,106,"683,770,731,134,577,184,907,359,257,749","127,129,219,155,284,36,219,267,146,3",682
4088,106,"452,363,312,396,690,710,867,791,539,813","146,128,148,267,219,127,155,189,148,154",479
5126,106,"683,452,791,143,209,867,312,199,202,64","127,146,189,155,155,155,148,155,153,56",498
464,106,"683,677,811,638,819,710,134,577,184,368","127,156,3,154,3,127,155,284,36,3",608
4325,106,"683,677,811,396,731,922,111,248,911,894","127,156,3,267,219,154,155,148,154,300",571
2211,106,"96,638,605,700,466,354,710,770,30,140","173,154,155,219,42,202,127,129,21,176",717
2618,106,"683,677,811,396,89,577,638,731,500,588","127,156,3,267,42,284,154,219,155,155",586
4940,106,"683,677,811,638,819,770,37,749,934,79","127,156,3,154,3,129,151,3,21,155",601
1823,106,"683,677,749,819,30,605,210,79,71,495","127,156,3,3,21,155,36,155,156,156",612
2795,106,"683,677,749,819,30,605,79,76,770,438","127,156,3,3,21,155,155,36,129,3",510
2949,106,"683,677,749,184,770,676,934,453,555,438","127,156,3,36,129,155,21,33,33,3",600
4827,106,"683,677,572,749,819,184,76,934,676,30","127,156,39,3,3,36,36,21,155,21",412
1788,106,"96,791,843,733,443,140,539,381,438,513","173,189,181,169,176,176,148,176,3,148",187
3462,106,"683,677,572,749,770,819,934,794,868,331","127,156,39,3,129,3,21,39,36,54",539
2322,106,"683,677,572,749,184,383,134,646,421,259","127,156,39,3,36,189,155,155,195,148",693
248,106,"683,452,867,383,770,331,259,749,934,376","127,146,155,189,129,54,148,3,21,164",612
4017,106,"683,452,867,383,813,199,539,791,64,363","127,146,155,189,154,155,148,189,56,128",519
767,106,"683,677,572,749,184,794,770,676,819,438","127,156,39,3,36,39,129,155,3,3",582
4698,106,"683,677,749,819,30,605,79,76,474,934","127,156,3,3,21,155,155,36,3,21",553
35,106,"683,452,791,143,209,867,312,741,199,202","127,146,189,155,155,155,148,63,155,153",620
2148,106,"683,677,749,184,770,676,907,134,421,794","127,156,3,36,129,155,219,155,195,39",520
5579,106,"683,452,791,143,363,209,867,457,199,539","127,146,189,155,128,155,155,156,155,148",585
5580,106,"683,677,811,396,89,577,638,134,37,823","127,156,3,267,42,284,154,155,151,220",608
1109,106,"683,677,811,638,794,30,359,749,934,596","127,156,3,154,39,21,267,3,21,3",555
2923,106,"683,677,811,396,89,907,727,312,178,710","127,156,3,267,42,219,126,148,155,127",669
1172,106,"683,677,749,819,30,605,79,76,474,770","127,156,3,3,21,155,155,36,3,129",506
714,106,"452,855,457,312,637,727,813,199,791,158","146,42,156,148,155,126,154,155,189,156",380
5558,106,"683,452,867,791,690,143,629,199,349,636","127,146,155,189,219,155,148,155,127,56",561
3945,106,"683,452,791,143,363,564,867,637,227,64","127,146,189,155,128,114,155,155,219,56",582
730,106,"683,677,749,184,731,134,359,646,596,438","127,156,3,36,219,155,267,155,3,3",572
3475,106,"683,452,791,143,209,867,312,199,202,64","127,146,189,155,155,155,148,155,153,56",547
932,106,"683,677,572,731,605,749,819,30,79,474","127,156,39,219,155,3,3,21,155,3",568
2062,106,"452,855,637,564,727,312,791,533,199,248","146,42,155,114,126,148,189,39,155,148",380
3456,106,"683,677,749,819,30,474,934,605,210,500","127,156,3,3,21,3,21,155,36,155",545
1046,106,"683,677,749,819,30,605,79,738,934,71","127,156,3,3,21,155,155,155,21,156",401
2726,106,"683,677,749,819,30,605,210,79,71,37","127,156,3,3,21,155,36,155,156,151",546
3852,106,"452,770,749,677,79,605,417,383,438,934","146,129,3,156,155,155,165,189,3,21",531
5016,106,"452,363,791,517,461,312,717,178,480,676","146,128,189,155,155,148,195,155,148,155",264
3507,107,"683,677,811,638,770,30,749,794,184,474","127,156,3,154,129,21,3,39,36,3",531
5784,107,"683,452,867,791,122,199,690,539,383,813","127,146,155,189,36,155,219,148,189,154",490
5424,107,"683,677,811,396,731,451,922,312,184,134","127,156,3,267,219,163,154,148,36,155",535
5481,107,"683,677,749,819,30,605,79,76,438,474","127,156,3,3,21,155,155,36,3,3",553
4511,107,"683,452,791,143,363,884,466,359,354,700","127,146,189,155,128,44,42,267,202,219",612
5430,107,"683,677,749,819,30,605,79,76,474,770","127,156,3,3,21,155,155,36,3,129",546
2873,107,"452,770,749,677,79,605,210,37,71,417","146,129,3,156,155,155,36,151,156,165",477
1235,107,"452,363,700,637,517,30,638,359,934,76","146,128,219,155,155,21,154,267,21,36",494
4355,107,"683,677,749,819,30,605,210,79,71,495","127,156,3,3,21,155,36,155,156,156",586
3184,107,"683,677,811,396,89,577,638,134,37,184","127,156,3,267,42,284,154,155,151,36",535
2179,107,"452,184,193,572,605,500,588,495,71,800","146,36,21,39,155,155,155,156,156,156",352
3210,107,"683,677,749,819,30,605,210,500,824,588","127,156,3,3,21,155,36,155,127,155",544
4486,107,"683,677,811,638,770,30,184,934,749,794","127,156,3,154,129,21,36,21,3,39",519
633,107,"683,452,867,383,770,629,676,6,363,674","127,146,155,189,129,148,155,148,128,146",508
1430,107,"683,30,819,605,794,572,934,824,495,800","127,21,3,155,39,39,21,127,156,156",412
1133,107,"452,184,383,451,791,178,199,539,312,614","146,36,189,163,189,155,155,148,148,3",361
5148,107,"683,452,791,312,867,209,64,539,396,199","127,146,189,148,155,155,56,148,267,155",556
64,107,"683,677,811,451,89,517,184,3,922,248","127,156,3,163,42,155,36,155,154,148",494
5501,107,"683,677,572,731,605,749,819,30,79,474","127,156,39,219,155,3,3,21,155,3",463
1584,107,"452,363,312,539,202,457,209,529,742,911","146,128,148,148,153,156,155,155,164,154",413
3104,107,"96,791,421,843,58,646,257,134,438,749","173,189,195,181,169,155,146,155,3,3",363
729,107,"452,199,248,457,312,791,178,3,533,867","146,155,148,156,148,189,155,155,39,155",346
4554,107,"683,677,749,819,30,474,76,934,605,868","127,156,3,3,21,3,36,21,155,36",569
2626,107,"683,677,811,396,89,577,638,731,500,134","127,156,3,267,42,284,154,219,155,155",628
2261,107,"683,452,791,143,363,209,815,539,80,867","127,146,189,155,128,155,126,148,155,155",641
5528,107,"683,677,749,819,731,517,184,76,417,934","127,156,3,3,219,155,36,36,165,21",553
5711,107,"683,677,749,819,731,517,30,184,76,474","127,156,3,3,219,155,21,36,36,3",553
2466,107,"452,184,193,572,605,500,588,523,276,210","146,36,21,39,155,155,155,21,155,36",375
145,107,"683,677,572,500,588,605,495,517,749,184","127,156,39,155,155,155,156,155,3,36",500
5860,107,"452,199,248,312,202,539,209,529,836,791","146,155,148,148,153,148,155,155,39,189",354
5493,107,"683,677,811,638,770,30,749,605,76,934","127,156,3,154,129,21,3,155,36,21",544
3202,107,"683,867,791,312,539,209,202,741,349,64","127,155,189,148,148,155,153,63,127,56",669
541,107,"683,452,867,383,770,629,676,563,749,30","127,146,155,189,129,148,155,154,3,21",528
2883,107,"452,855,457,312,637,376,30,638,605,6","146,42,156,148,155,164,21,154,155,148",389
1595,107,"452,770,577,710,331,184,193,438,259,461","146,129,284,127,54,36,21,3,148,155",500
4837,107,"683,452,867,791,690,406,815,539,143,457","127,146,155,189,219,127,126,148,155,156",464
5610,107,"683,452,884,466,867,406,432,199,577,686","127,146,44,42,155,127,44,155,284,36",653
66,107,"683,452,884,690,122,867,209,629,791,674","127,146,44,219,36,155,155,148,189,146",653
5436,107,"683,452,867,791,690,143,629,199,122,383","127,146,155,189,219,155,148,155,36,189",547
2737,107,"683,452,867,791,690,143,674,376,80,199","127,146,155,189,219,155,146,164,155,155",535
573,107,"452,770,184,383,927,461,646,676,134,657","146,129,36,189,284,155,155,155,155,56",547
1670,107,"683,677,749,184,770,676,421,368,794,453","127,156,3,36,129,155,195,3,39,33",644
5744,107,"683,677,749,819,731,517,184,76,605,638","127,156,3,3,219,155,36,36,155,154",586
1223,107,"452,184,193,677,749,794,738,638,79,438","146,36,21,156,3,39,155,154,155,3",400
376,107,"683,452,791,143,867,199,363,376,629,690","127,146,189,155,155,155,128,164,148,219",412
2837,107,"683,677,572,731,605,749,819,30,79,500","127,156,39,219,155,3,3,21,155,155",538
2931,107,"683,184,731,140,451,257,100,312,791,231","127,36,219,176,163,146,165,148,189,128",461
1374,107,"683,677,749,819,30,605,79,76,474,934","127,156,3,3,21,155,155,36,3,21",553
2938,107,"683,677,811,396,731,922,111,248,911,312","127,156,3,267,219,154,155,148,154,148",535
1563,107,"683,677,749,819,30,605,210,500,824,588","127,156,3,3,21,155,36,155,127,155",519
3981,107,"683,452,867,383,813,199,539,791,64,363","127,146,155,189,154,155,148,189,56,128",520
1993,107,"683,452,791,312,363,867,539,457,199,143","127,146,189,148,128,155,148,156,155,155",540
4228,107,"683,677,572,731,605,749,819,30,79,474","127,156,39,219,155,3,3,21,155,3",549
934,107,"683,677,811,638,819,770,577,794,934,749","127,156,3,154,3,129,284,39,21,3",577
449,107,"683,677,572,731,605,749,134,421,184,811","127,156,39,219,155,3,155,195,36,3",541
944,107,"452,770,749,677,79,605,210,500,824,588","146,129,3,156,155,155,36,155,127,155",447
3243,107,"683,677,811,638,794,30,605,500,495,824","127,156,3,154,39,21,155,155,156,127",553
889,107,"683,677,811,396,89,577,638,134,37,184","127,156,3,267,42,284,154,155,151,36",519
3540,107,"683,677,811,638,819,770,577,452,184,193","127,156,3,154,3,129,284,146,36,21",553
2861,107,"683,677,572,500,588,605,824,365,210,523","127,156,39,155,155,155,127,42,36,21",412
4748,107,"452,770,749,677,79,605,210,500,71,868","146,129,3,156,155,155,36,155,156,36",521
3532,107,"683,677,749,184,770,676,934,819,134,421","127,156,3,36,129,155,21,3,155,195",528
1764,107,"683,677,811,638,819,710,134,461,577,184","127,156,3,154,3,127,155,155,284,36",541
1614,107,"683,677,749,819,30,474,934,605,770,79","127,156,3,3,21,3,21,155,129,155",571
5452,107,"683,677,811,638,819,710,134,577,184,76","127,156,3,154,3,127,155,284,36,36",519
5139,107,"683,677,811,638,770,30,749,605,500,495","127,156,3,154,129,21,3,155,155,156",472
2840,107,"452,184,193,934,79,749,677,794,563,638","146,36,21,21,155,3,156,39,154,154",355
2905,107,"683,677,811,396,89,731,3,710,577,398","127,156,3,267,42,219,155,127,284,270",628
1538,107,"683,677,749,819,474,79,71,868,824,770","127,156,3,3,3,155,156,36,127,129",494
681,107,"683,677,811,396,731,451,922,312,184,638","127,156,3,267,219,163,154,148,36,154",514
2101,107,"683,452,791,143,363,867,637,227,122,295","127,146,189,155,128,155,155,219,36,127",574
5250,107,"452,199,248,312,202,539,209,825,529,178","146,155,148,148,153,148,155,148,155,155",338
2710,107,"683,452,791,312,867,539,199,202,396,457","127,146,189,148,155,148,155,153,267,156",520
3446,107,"683,677,811,638,770,30,749,794,474,184","127,156,3,154,129,21,3,39,3,36",519
1057,107,"683,452,867,383,813,199,770,363,791,690","127,146,155,189,154,155,129,128,189,219",543
671,107,"683,452,791,143,209,815,867,539,363,637","127,146,189,155,155,126,155,148,128,155",460
185,107,"683,867,791,209,406,199,457,815,312,741","127,155,189,155,127,155,156,126,148,63",720
622,107,"683,452,791,312,363,867,199,457,80,539","127,146,189,148,128,155,155,156,155,148",535
2367,107,"452,363,791,312,178,3,614,50,811,646","146,128,189,148,155,155,3,154,3,155",398
717,107,"96,638,605,396,210,529,572,284,453,761","173,154,155,267,36,155,39,165,33,127",461
5110,107,"452,855,457,312,637,376,815,199,867,813","146,42,156,148,155,164,126,155,155,154",349
2548,107,"452,37,677,193,259,638,76,500,676,79","146,151,156,21,148,154,36,155,155,155",228
5210,107,"683,677,749,184,770,676,934,819,794,474","127,156,3,36,129,155,21,3,39,3",523
2654,107,"683,452,791,143,363,209,815,539,80,227","127,146,189,155,128,155,126,148,155,219",541
5074,107,"683,677,749,819,30,605,79,76,474,934","127,156,3,3,21,155,155,36,3,21",553
4457,107,"683,677,811,396,731,922,312,741,248,111","127,156,3,267,219,154,148,63,148,155",690
1462,107,"683,677,749,819,30,474,934,76,605,417","127,156,3,3,21,3,21,36,155,165",554
1213,107,"683,677,572,749,819,934,79,605,868,474","127,156,39,3,3,21,155,155,36,3",644
1760,107,"683,677,811,638,819,710,134,907,727,461","127,156,3,154,3,127,155,219,126,155",600
1298,107,"452,363,312,867,199,457,248,742,202,815","146,128,148,155,155,156,148,164,153,126",430
2094,107,"683,677,811,396,731,451,922,248,184,312","127,156,3,267,219,163,154,148,36,148",537
3549,107,"683,867,884,466,638,770,363,461,637,577","127,155,44,42,154,129,128,155,155,284",633
5694,107,"683,677,811,396,89,731,134,312,710,184","127,156,3,267,42,219,155,148,127,36",606
112,107,"96,638,605,700,466,934,819,710,163,770","173,154,155,219,42,21,3,127,163,129",749
3791,107,"683,452,466,363,637,629,676,6,638,690","127,146,42,128,155,148,155,148,154,219",639
1269,107,"452,770,577,749,677,819,868,71,474,453","146,129,284,3,156,3,36,156,3,33",476
4216,107,"683,677,749,819,30,474,934,605,210,500","127,156,3,3,21,3,21,155,36,155",553
1837,107,"683,677,811,638,770,30,184,134,710,76","127,156,3,154,129,21,36,155,127,36",499
2380,107,"683,452,791,143,209,867,363,539,227,815","127,146,189,155,155,155,128,148,219,126",535
2786,107,"683,677,572,731,605,500,588,824,495,365","127,156,39,219,155,155,155,127,156,42",691
3513,107,"452,770,184,934,193,563,794,438,474,368","146,129,36,21,21,154,39,3,3,3",523
111,107,"683,677,811,638,770,359,30,474,749,605","127,156,3,154,129,267,21,3,3,155",598
4671,107,"683,677,749,819,30,474,934,605,76,868","127,156,3,3,21,3,21,155,36,36",553
1507,107,"683,452,867,383,813,770,199,710,791,178","127,146,155,189,154,129,155,127,189,155",634
3266,107,"683,452,791,143,209,867,363,539,227,815","127,146,189,155,155,155,128,148,219,126",579
3187,107,"452,184,193,677,596,934,438,794,676,749","146,36,21,156,3,21,3,39,155,3",374
5211,107,"683,677,811,638,819,770,577,451,134,749","127,156,3,154,3,129,284,163,155,3",541
2831,107,"452,770,749,677,638,37,184,596,259,686","146,129,3,156,154,151,36,3,148,36",513
2347,107,"683,677,811,638,794,359,731,710,184,676","127,156,3,154,39,267,219,127,36,155",555
5507,107,"683,677,811,638,819,710,134,577,184,368","127,156,3,154,3,127,155,284,36,3",519
5544,107,"683,677,811,638,770,577,359,134,710,184","127,156,3,154,129,284,267,155,127,36",720
2914,107,"683,452,791,143,209,815,867,457,199,539","127,146,189,155,155,126,155,156,155,148",559
5496,107,"683,452,791,143,209,867,312,457,199,363","127,146,189,155,155,155,148,156,155,128",530
1138,107,"683,452,791,143,363,209,815,539,690,227","127,146,189,155,128,155,126,148,219,219",535
4419,107,"683,677,572,500,749,184,770,30,438,868","127,156,39,155,3,36,129,21,3,36",627
3276,107,"683,677,811,638,770,30,749,605,500,79","127,156,3,154,129,21,3,155,155,155",569
1047,107,"96,383,508,37,331,843,770,99,144,749","173,189,219,151,54,181,129,181,169,3",782
2918,107,"683,677,749,819,731,517,770,30,934,76","127,156,3,3,219,155,129,21,21,36",634
1378,107,"683,452,791,143,209,867,363,539,199,457","127,146,189,155,155,155,128,148,155,156",588
1389,107,"683,452,791,143,363,209,815,539,690,674","127,146,189,155,128,155,126,148,219,146",618
4400,107,"683,677,572,731,605,749,819,30,79,474","127,156,39,219,155,3,3,21,155,3",654
565,107,"683,677,811,638,819,184,193,794,934,474","127,156,3,154,3,36,21,39,21,3",640
5627,107,"683,452,791,312,363,884,122,295,199,209","127,146,189,148,128,44,36,127,155,155",669
5456,107,"683,452,791,143,209,815,867,539,363,227","127,146,189,155,155,126,155,148,128,219",611
123,107,"683,677,811,638,819,770,749,30,184,259","127,156,3,154,3,129,3,21,36,148",466
3482,107,"683,452,867,791,122,199,690,539,383,629","127,146,155,189,36,155,219,148,189,148",547
6033,107,"683,452,884,466,867,406,432,199,461,184","127,146,44,42,155,127,44,155,155,36",661
5560,107,"683,452,791,312,363,867,199,457,209,539","127,146,189,148,128,155,155,156,155,148",616
4723,107,"683,452,867,791,690,406,815,539,143,80","127,146,155,189,219,127,126,148,155,155",498
1525,107,"683,452,867,791,122,629,457,349,199,64","127,146,155,189,36,148,156,127,155,56",600
3854,107,"683,677,811,638,819,770,577,794,134,710","127,156,3,154,3,129,284,39,155,127",544
184,107,"683,677,749,163,770,29,368,193,794,676","127,156,3,163,129,156,3,21,39,155",645
1025,107,"683,677,811,396,89,907,727,312,178,710","127,156,3,267,42,219,126,148,155,127",535
4422,107,"683,677,749,819,30,605,210,500,824,79","127,156,3,3,21,155,36,155,127,155",374
2100,107,"452,363,312,396,539,328,295,457,199,248","146,128,148,267,148,39,127,156,155,148",371
2034,107,"452,363,312,396,480,328,6,674,791,794","146,128,148,267,148,39,148,146,189,39",485
1554,107,"683,677,749,819,30,474,934,76,605,417","127,156,3,3,21,3,21,36,155,165",612
3938,107,"683,407,500,588,276,144,927,596,646,605","127,175,155,155,155,169,284,3,155,155",688
3315,107,"683,677,749,163,193,474,868,794,453,184","127,156,3,163,21,3,36,39,33,36",541
966,107,"683,452,867,383,770,629,676,563,749,37","127,146,155,189,129,148,155,154,3,151",510
4238,107,"683,452,791,312,867,539,199,202,209,64","127,146,189,148,155,148,155,153,155,56",521
3693,107,"683,452,791,143,363,209,815,539,533,122","127,146,189,155,128,155,126,148,39,36",463
1674,107,"683,452,884,466,867,259,383,37,331,686","127,146,44,42,155,148,189,151,54,36",640
4816,107,"683,184,819,30,605,71,495,500,824,210","127,36,3,21,155,156,156,155,127,36",550
4352,107,"683,452,791,143,209,867,312,199,539,406","127,146,189,155,155,155,148,155,148,127",535
2677,107,"683,407,819,89,396,710,248,741,700,480","127,175,3,42,267,127,148,63,219,148",796
3486,107,"683,677,811,638,770,359,30,605,71,500","127,156,3,154,129,267,21,155,156,155",702
796,107,"683,677,749,184,770,555,438,193,71,605","127,156,3,36,129,33,3,21,156,155",635
5561,107,"683,677,811,638,770,30,934,605,474,517","127,156,3,154,129,21,21,155,3,155",509
2917,107,"683,677,749,184,731,134,646,383,259,37","127,156,3,36,219,155,155,189,148,151",519
4277,107,"683,677,811,638,794,30,605,934,749,184","127,156,3,154,39,21,155,21,3,36",563
444,107,"683,677,811,396,731,134,577,37,823,588","127,156,3,267,219,155,284,151,220,155",526
2078,107,"683,677,749,819,731,517,3,134,500,577","127,156,3,3,219,155,155,155,155,284",516
2781,107,"683,452,791,312,363,564,867,199,227,637","127,146,189,148,128,114,155,155,219,155",555
1503,107,"683,677,749,819,30,605,79,738,934,71","127,156,3,3,21,155,155,155,21,156",553
2961,107,"683,677,749,819,731,517,770,30,76,605","127,156,3,3,219,155,129,21,36,155",678
2627,107,"407,144,500,588,276,605,824,523,495,210","175,169,155,155,155,155,127,21,156,36",689
4492,107,"683,677,811,638,770,577,710,184,731,134","127,156,3,154,129,284,127,36,219,155",531
4858,107,"683,677,572,731,605,500,749,76,184,811","127,156,39,219,155,155,3,36,36,3",594
1041,107,"683,677,749,819,30,605,210,500,824,588","127,156,3,3,21,155,36,155,127,155",669
987,107,"683,452,791,312,867,209,202,539,199,64","127,146,189,148,155,155,153,148,155,56",690
432,107,"683,452,867,383,770,376,629,676,6,657","127,146,155,189,129,164,148,155,148,56",507
970,107,"683,677,811,638,794,30,605,500,934,819","127,156,3,154,39,21,155,155,21,3",394
6147,107,"683,677,811,638,770,359,30,474,749,605","127,156,3,154,129,267,21,3,3,155",576
1709,107,"683,770,731,134,577,184,907,359,257,749","127,129,219,155,284,36,219,267,146,3",682
4088,107,"452,363,312,396,690,710,867,791,539,813","146,128,148,267,219,127,155,189,148,154",479
5126,107,"683,452,791,143,209,867,312,199,202,64","127,146,189,155,155,155,148,155,153,56",498
464,107,"683,677,811,638,819,710,134,577,184,368","127,156,3,154,3,127,155,284,36,3",608
4325,107,"683,677,811,396,731,922,111,248,911,894","127,156,3,267,219,154,155,148,154,300",571
2211,107,"96,638,605,700,466,354,710,770,30,140","173,154,155,219,42,202,127,129,21,176",717
2618,107,"683,677,811,396,89,577,638,731,500,588","127,156,3,267,42,284,154,219,155,155",586
4940,107,"683,677,811,638,819,770,37,749,934,79","127,156,3,154,3,129,151,3,21,155",601
1823,107,"683,677,749,819,30,605,210,79,71,495","127,156,3,3,21,155,36,155,156,156",612
2795,107,"683,677,749,819,30,605,79,76,770,438","127,156,3,3,21,155,155,36,129,3",510
2949,107,"683,677,749,184,770,676,934,453,555,438","127,156,3,36,129,155,21,33,33,3",600
4827,107,"683,677,572,749,819,184,76,934,676,30","127,156,39,3,3,36,36,21,155,21",412
1788,107,"96,100,58,753,843,438,205,733,443,513","173,165,169,164,181,3,63,169,176,148",187
3462,107,"683,677,572,749,770,819,934,794,868,331","127,156,39,3,129,3,21,39,36,54",539
2322,107,"683,677,572,749,184,383,134,646,421,259","127,156,39,3,36,189,155,155,195,148",693
248,107,"683,452,867,383,770,331,259,749,934,30","127,146,155,189,129,54,148,3,21,21",612
4017,107,"683,452,867,383,813,199,539,791,742,690","127,146,155,189,154,155,148,189,164,219",519
767,107,"683,677,572,749,184,794,770,676,819,438","127,156,39,3,36,39,129,155,3,3",582
4698,107,"683,677,749,819,30,605,79,76,474,934","127,156,3,3,21,155,155,36,3,21",553
35,107,"683,452,791,143,209,867,312,741,199,202","127,146,189,155,155,155,148,63,155,153",620
2148,107,"683,677,749,184,770,676,907,134,421,794","127,156,3,36,129,155,219,155,195,39",520
5579,107,"683,452,791,143,363,209,867,457,199,539","127,146,189,155,128,155,155,156,155,148",585
5580,107,"683,677,811,396,89,577,638,134,37,823","127,156,3,267,42,284,154,155,151,220",608
1109,107,"683,677,811,638,794,30,359,749,934,596","127,156,3,154,39,21,267,3,21,3",555
2923,107,"683,677,811,396,89,907,727,312,178,710","127,156,3,267,42,219,126,148,155,127",669
1172,107,"683,677,749,819,30,605,79,76,474,770","127,156,3,3,21,155,155,36,3,129",506
714,107,"452,855,457,312,637,727,813,199,791,158","146,42,156,148,155,126,154,155,189,156",380
5558,107,"683,452,867,791,690,143,629,199,349,636","127,146,155,189,219,155,148,155,127,56",561
3945,107,"683,452,791,143,363,564,867,637,227,64","127,146,189,155,128,114,155,155,219,56",582
730,107,"683,677,749,184,731,134,359,646,596,438","127,156,3,36,219,155,267,155,3,3",572
3475,107,"683,452,791,143,209,867,312,199,202,64","127,146,189,155,155,155,148,155,153,56",547
932,107,"683,677,572,731,605,749,819,30,79,474","127,156,39,219,155,3,3,21,155,3",568
2062,107,"452,855,637,564,727,312,791,533,199,248","146,42,155,114,126,148,189,39,155,148",380
3456,107,"683,677,749,819,30,474,934,605,210,500","127,156,3,3,21,3,21,155,36,155",545
1046,107,"683,677,749,819,30,605,79,738,934,71","127,156,3,3,21,155,155,155,21,156",401
2726,107,"683,677,749,819,30,605,210,79,71,37","127,156,3,3,21,155,36,155,156,151",546
3852,107,"452,770,749,677,79,605,417,383,438,934","146,129,3,156,155,155,165,189,3,21",531
5016,107,"452,363,791,517,461,312,717,178,480,676","146,128,189,155,155,148,195,155,148,155",264
3507,108,"683,677,811,638,770,30,749,794,184,474","127,156,3,154,129,21,3,39,36,3",531
5784,108,"683,452,867,791,122,199,690,539,383,813","127,146,155,189,36,155,219,148,189,154",490
5424,108,"683,677,811,396,731,248,922,312,577,452","127,156,3,267,219,148,154,148,284,146",535
5481,108,"683,677,749,819,30,605,79,76,163,474","127,156,3,3,21,155,155,36,163,3",553
4511,108,"683,452,791,143,363,884,466,359,354,700","127,146,189,155,128,44,42,267,202,219",612
5430,108,"683,677,749,819,30,605,79,76,474,770","127,156,3,3,21,155,155,36,3,129",546
2873,108,"452,770,749,677,79,605,210,37,71,934","146,129,3,156,155,155,36,151,156,21",477
1235,108,"452,363,700,637,517,30,638,359,934,342","146,128,219,155,155,21,154,267,21,163",494
4355,108,"683,677,749,819,30,605,210,79,71,495","127,156,3,3,21,155,36,155,156,156",586
3184,108,"683,677,811,396,89,577,638,134,37,184","127,156,3,267,42,284,154,155,151,36",535
2179,108,"452,184,193,572,605,500,588,495,71,800","146,36,21,39,155,155,155,156,156,156",352
3210,108,"683,677,749,819,30,605,210,500,824,588","127,156,3,3,21,155,36,155,127,155",544
4486,108,"683,677,811,638,770,30,184,934,749,794","127,156,3,154,129,21,36,21,3,39",519
633,108,"683,452,867,383,770,376,629,676,363,199","127,146,155,189,129,164,148,155,128,155",508
1430,108,"683,30,819,605,794,572,934,824,495,800","127,21,3,155,39,39,21,127,156,156",412
1133,108,"452,184,383,461,178,791,199,614,312,539","146,36,189,155,155,189,155,3,148,148",361
5148,108,"683,452,791,312,867,209,64,539,396,199","127,146,189,148,155,155,56,148,267,155",556
64,108,"683,677,811,89,922,248,184,907,3,111","127,156,3,42,154,148,36,219,155,155",494
5501,108,"683,677,572,731,605,749,819,30,79,474","127,156,39,219,155,3,3,21,155,3",463
1584,108,"452,363,312,539,202,59,209,457,529,911","146,128,148,148,153,164,155,156,155,154",413
3104,108,"96,100,58,421,843,134,438,646,749,676","173,165,169,195,181,155,3,155,3,155",363
729,108,"452,199,248,457,312,791,178,3,533,867","146,155,148,156,148,189,155,155,39,155",346
4554,108,"683,677,749,819,30,474,76,934,605,868","127,156,3,3,21,3,36,21,155,36",569
2626,108,"683,677,811,396,89,577,638,731,500,134","127,156,3,267,42,284,154,219,155,155",628
2261,108,"683,452,791,143,363,209,815,539,80,867","127,146,189,155,128,155,126,148,155,155",641
5528,108,"683,677,749,819,731,517,184,76,417,934","127,156,3,3,219,155,36,36,165,21",553
5711,108,"683,677,749,819,731,517,30,184,76,474","127,156,3,3,219,155,21,36,36,3",553
2466,108,"452,184,193,572,605,500,588,523,276,210","146,36,21,39,155,155,155,21,155,36",375
145,108,"683,677,572,500,588,605,495,517,749,184","127,156,39,155,155,155,156,155,3,36",500
5860,108,"452,199,248,312,202,59,539,825,457,831","146,155,148,148,153,164,148,148,156,155",354
5493,108,"683,677,811,638,770,30,749,605,76,934","127,156,3,154,129,21,3,155,36,21",544
3202,108,"683,867,791,312,539,209,202,741,349,64","127,155,189,148,148,155,153,63,127,56",669
541,108,"683,452,867,383,770,629,676,563,749,30","127,146,155,189,129,148,155,154,3,21",528
2883,108,"452,855,457,312,637,376,30,638,605,6","146,42,156,148,155,164,21,154,155,148",389
1595,108,"452,770,577,710,331,184,193,438,259,461","146,129,284,127,54,36,21,3,148,155",500
4837,108,"683,452,867,791,690,406,815,539,143,457","127,146,155,189,219,127,126,148,155,156",464
5610,108,"683,452,884,466,867,406,432,199,577,686","127,146,44,42,155,127,44,155,284,36",653
66,108,"683,452,884,690,122,867,209,629,791,674","127,146,44,219,36,155,155,148,189,146",653
5436,108,"683,452,867,791,690,143,629,199,122,383","127,146,155,189,219,155,148,155,36,189",547
2737,108,"683,452,867,791,690,143,674,80,383,794","127,146,155,189,219,155,146,155,189,39",535
573,108,"452,770,184,383,927,461,646,676,134,657","146,129,36,189,284,155,155,155,155,56",547
1670,108,"683,677,749,184,770,676,421,368,794,453","127,156,3,36,129,155,195,3,39,33",644
5744,108,"683,677,749,819,731,517,184,76,605,638","127,156,3,3,219,155,36,36,155,154",586
1223,108,"452,184,193,677,749,794,738,638,79,438","146,36,21,156,3,39,155,154,155,3",400
376,108,"683,452,791,143,867,199,363,629,690,122","127,146,189,155,155,155,128,148,219,36",412
2837,108,"683,677,572,731,605,749,819,30,79,500","127,156,39,219,155,3,3,21,155,155",538
2931,108,"683,184,731,140,451,257,100,312,791,231","127,36,219,176,163,146,165,148,189,128",461
1374,108,"683,677,749,819,30,605,79,76,474,934","127,156,3,3,21,155,155,36,3,21",553
2938,108,"683,677,811,396,731,922,451,248,111,911","127,156,3,267,219,154,163,148,155,154",535
1563,108,"683,677,749,819,30,605,210,500,824,588","127,156,3,3,21,155,36,155,127,155",519
3981,108,"683,452,867,383,813,199,539,791,64,363","127,146,155,189,154,155,148,189,56,128",520
1993,108,"683,452,791,312,363,867,539,457,199,143","127,146,189,148,128,155,148,156,155,155",540
4228,108,"683,677,572,731,605,749,819,30,79,474","127,156,39,219,155,3,3,21,155,3",549
934,108,"683,677,811,638,819,770,577,794,934,749","127,156,3,154,3,129,284,39,21,3",577
449,108,"683,677,572,731,605,749,134,421,184,811","127,156,39,219,155,3,155,195,36,3",541
944,108,"452,770,749,677,79,605,210,500,824,588","146,129,3,156,155,155,36,155,127,155",447
3243,108,"683,677,811,638,794,30,605,500,495,824","127,156,3,154,39,21,155,155,156,127",553
889,108,"683,677,811,396,89,577,638,134,37,184","127,156,3,267,42,284,154,155,151,36",519
3540,108,"683,677,811,638,819,770,577,451,134,749","127,156,3,154,3,129,284,163,155,3",553
2861,108,"683,677,572,500,588,605,824,365,210,523","127,156,39,155,155,155,127,42,36,21",412
4748,108,"452,770,749,677,79,605,210,500,71,868","146,129,3,156,155,155,36,155,156,36",521
3532,108,"683,677,749,184,770,676,934,819,134,421","127,156,3,36,129,155,21,3,155,195",528
1764,108,"683,677,811,638,819,710,134,461,577,184","127,156,3,154,3,127,155,155,284,36",541
1614,108,"683,677,749,819,30,474,934,605,770,79","127,156,3,3,21,3,21,155,129,155",571
5452,108,"683,677,811,638,819,710,134,577,184,76","127,156,3,154,3,127,155,284,36,36",519
5139,108,"683,677,811,638,770,30,749,605,500,495","127,156,3,154,129,21,3,155,155,156",472
2840,108,"452,184,193,934,79,749,677,794,563,638","146,36,21,21,155,3,156,39,154,154",355
2905,108,"683,677,811,396,89,731,3,710,577,398","127,156,3,267,42,219,155,127,284,270",628
1538,108,"683,677,749,819,474,79,71,868,824,770","127,156,3,3,3,155,156,36,127,129",494
681,108,"683,677,811,396,731,248,922,312,577,134","127,156,3,267,219,148,154,148,284,155",514
2101,108,"683,452,791,143,363,867,637,227,122,295","127,146,189,155,128,155,155,219,36,127",574
5250,108,"452,199,248,312,202,59,539,742,911,825","146,155,148,148,153,164,148,164,154,148",338
2710,108,"683,452,791,312,867,539,199,202,396,457","127,146,189,148,155,148,155,153,267,156",520
3446,108,"683,677,811,638,770,30,749,794,474,184","127,156,3,154,129,21,3,39,3,36",519
1057,108,"683,452,867,383,813,199,376,770,564,363","127,146,155,189,154,155,164,129,114,128",543
671,108,"683,452,791,143,209,815,867,539,363,637","127,146,189,155,155,126,155,148,128,155",460
185,108,"683,867,791,209,406,199,457,815,312,741","127,155,189,155,127,155,156,126,148,63",720
622,108,"683,452,791,312,363,867,199,457,80,539","127,146,189,148,128,155,155,156,155,148",535
2367,108,"452,363,791,312,178,3,614,50,811,646","146,128,189,148,155,155,3,154,3,155",398
717,108,"96,638,605,396,210,529,572,741,0,862","173,154,155,267,36,155,39,63,189,195",461
5110,108,"452,855,457,312,637,6,368,727,791,717","146,42,156,148,155,148,3,126,189,195",349
2548,108,"452,37,677,193,259,638,76,500,676,79","146,151,156,21,148,154,36,155,155,155",228
5210,108,"683,677,749,184,770,676,934,819,794,474","127,156,3,36,129,155,21,3,39,3",523
2654,108,"683,452,791,143,363,209,815,539,80,227","127,146,189,155,128,155,126,148,155,219",541
5074,108,"683,677,749,819,30,605,79,76,474,934","127,156,3,3,21,155,155,36,3,21",553
4457,108,"683,677,811,396,731,922,312,741,248,111","127,156,3,267,219,154,148,63,148,155",690
1462,108,"683,677,749,819,30,474,934,76,605,770","127,156,3,3,21,3,21,36,155,129",554
1213,108,"683,677,572,749,819,934,79,605,868,474","127,156,39,3,3,21,155,155,36,3",644
1760,108,"683,677,811,638,819,710,451,907,727,461","127,156,3,154,3,127,163,219,126,155",600
1298,108,"452,363,312,867,199,457,248,742,202,815","146,128,148,155,155,156,148,164,153,126",430
2094,108,"683,677,811,396,731,248,922,907,184,312","127,156,3,267,219,148,154,219,36,148",537
3549,108,"683,867,884,466,638,770,363,461,637,577","127,155,44,42,154,129,128,155,155,284",633
5694,108,"683,677,811,396,89,731,134,312,710,184","127,156,3,267,42,219,155,148,127,36",606
112,108,"96,638,605,700,466,934,819,710,163,770","173,154,155,219,42,21,3,127,163,129",749
3791,108,"683,452,466,363,637,629,676,6,638,690","127,146,42,128,155,148,155,148,154,219",639
1269,108,"452,770,577,749,677,819,868,71,474,453","146,129,284,3,156,3,36,156,3,33",476
4216,108,"683,677,749,819,30,474,934,605,210,500","127,156,3,3,21,3,21,155,36,155",553
1837,108,"683,677,811,638,770,30,184,134,710,76","127,156,3,154,129,21,36,155,127,36",499
2380,108,"683,452,791,143,209,867,363,539,227,815","127,146,189,155,155,155,128,148,219,126",535
2786,108,"683,677,572,731,605,500,588,824,495,365","127,156,39,219,155,155,155,127,156,42",691
3513,108,"452,770,184,934,193,563,794,438,474,368","146,129,36,21,21,154,39,3,3,3",523
111,108,"683,677,811,638,770,359,30,474,749,605","127,156,3,154,129,267,21,3,3,155",598
4671,108,"683,677,749,819,30,474,934,605,76,868","127,156,3,3,21,3,21,155,36,36",553
1507,108,"683,452,867,383,813,770,199,710,791,178","127,146,155,189,154,129,155,127,189,155",634
3266,108,"683,452,791,143,209,867,363,539,227,815","127,146,189,155,155,155,128,148,219,126",579
3187,108,"452,184,193,677,596,934,438,794,676,749","146,36,21,156,3,21,3,39,155,3",374
5211,108,"683,677,811,638,819,770,577,452,184,461","127,156,3,154,3,129,284,146,36,155",541
2831,108,"452,770,749,677,638,37,184,596,259,686","146,129,3,156,154,151,36,3,148,36",513
2347,108,"683,677,811,638,794,359,731,710,184,676","127,156,3,154,39,267,219,127,36,155",555
5507,108,"683,677,811,638,819,710,134,577,184,368","127,156,3,154,3,127,155,284,36,3",519
5544,108,"683,677,811,638,770,577,359,134,710,184","127,156,3,154,129,284,267,155,127,36",720
2914,108,"683,452,791,143,209,815,867,457,199,539","127,146,189,155,155,126,155,156,155,148",559
5496,108,"683,452,791,143,209,867,312,457,199,363","127,146,189,155,155,155,148,156,155,128",530
1138,108,"683,452,791,143,363,209,815,539,690,227","127,146,189,155,128,155,126,148,219,219",535
4419,108,"683,677,572,500,749,184,770,30,438,868","127,156,39,155,3,36,129,21,3,36",627
3276,108,"683,677,811,638,770,30,749,605,500,79","127,156,3,154,129,21,3,155,155,155",569
1047,108,"96,383,508,37,331,843,770,99,144,749","173,189,219,151,54,181,129,181,169,3",782
2918,108,"683,677,749,819,731,517,770,30,934,76","127,156,3,3,219,155,129,21,21,36",634
1378,108,"683,452,791,143,209,867,363,539,199,457","127,146,189,155,155,155,128,148,155,156",588
1389,108,"683,452,791,143,363,209,815,539,690,674","127,146,189,155,128,155,126,148,219,146",618
4400,108,"683,677,572,731,605,749,819,30,79,474","127,156,39,219,155,3,3,21,155,3",654
565,108,"683,677,811,638,819,184,193,794,934,474","127,156,3,154,3,36,21,39,21,3",640
5627,108,"683,452,791,312,363,884,122,295,199,209","127,146,189,148,128,44,36,127,155,155",669
5456,108,"683,452,791,143,209,815,867,539,363,227","127,146,189,155,155,126,155,148,128,219",611
123,108,"683,677,811,638,819,770,749,30,184,259","127,156,3,154,3,129,3,21,36,148",466
3482,108,"683,452,867,791,122,199,690,539,383,629","127,146,155,189,36,155,219,148,189,148",547
6033,108,"683,452,884,466,867,406,432,199,461,184","127,146,44,42,155,127,44,155,155,36",661
5560,108,"683,452,791,312,363,867,199,457,209,539","127,146,189,148,128,155,155,156,155,148",616
4723,108,"683,452,867,791,690,406,815,539,143,80","127,146,155,189,219,127,126,148,155,155",498
1525,108,"683,452,867,791,122,629,457,349,199,64","127,146,155,189,36,148,156,127,155,56",600
3854,108,"683,677,811,638,819,770,577,794,134,710","127,156,3,154,3,129,284,39,155,127",544
184,108,"683,677,749,184,770,676,934,453,438,368","127,156,3,36,129,155,21,33,3,3",645
1025,108,"683,677,811,396,89,907,727,312,178,710","127,156,3,267,42,219,126,148,155,127",535
4422,108,"683,677,749,819,30,605,210,500,824,79","127,156,3,3,21,155,36,155,127,155",374
2100,108,"452,363,312,396,539,328,295,457,199,248","146,128,148,267,148,39,127,156,155,148",371
2034,108,"452,363,312,396,480,328,6,674,791,794","146,128,148,267,148,39,148,146,189,39",485
1554,108,"683,677,749,819,30,474,934,76,605,417","127,156,3,3,21,3,21,36,155,165",612
3938,108,"683,407,500,588,276,144,927,596,646,605","127,175,155,155,155,169,284,3,155,155",688
3315,108,"683,677,749,184,76,555,596,474,605,30","127,156,3,36,36,33,3,3,155,21",541
966,108,"683,452,867,383,770,629,676,563,749,37","127,146,155,189,129,148,155,154,3,151",510
4238,108,"683,452,791,312,867,539,199,202,209,64","127,146,189,148,155,148,155,153,155,56",521
3693,108,"683,452,791,143,363,209,815,539,533,122","127,146,189,155,128,155,126,148,39,36",463
1674,108,"683,452,884,466,867,259,383,37,331,686","127,146,44,42,155,148,189,151,54,36",640
4816,108,"683,184,819,30,605,71,495,500,824,210","127,36,3,21,155,156,156,155,127,36",550
4352,108,"683,452,791,143,209,867,312,199,539,406","127,146,189,155,155,155,148,155,148,127",535
2677,108,"683,407,819,89,396,710,248,741,700,480","127,175,3,42,267,127,148,63,219,148",796
3486,108,"683,677,811,638,770,359,30,605,71,500","127,156,3,154,129,267,21,155,156,155",702
796,108,"683,677,749,184,770,555,438,193,71,605","127,156,3,36,129,33,3,21,156,155",635
5561,108,"683,677,811,638,770,30,934,605,474,517","127,156,3,154,129,21,21,155,3,155",509
2917,108,"683,677,749,184,731,134,646,383,259,37","127,156,3,36,219,155,155,189,148,151",519
4277,108,"683,677,811,638,794,30,605,934,749,184","127,156,3,154,39,21,155,21,3,36",563
444,108,"683,677,811,396,731,134,577,37,823,588","127,156,3,267,219,155,284,151,220,155",526
2078,108,"683,677,749,819,731,517,3,134,500,577","127,156,3,3,219,155,155,155,155,284",516
2781,108,"683,452,791,312,363,564,867,199,227,637","127,146,189,148,128,114,155,155,219,155",555
1503,108,"683,677,749,819,30,605,79,738,934,71","127,156,3,3,21,155,155,155,21,156",553
2961,108,"683,677,749,819,731,517,770,30,76,605","127,156,3,3,219,155,129,21,36,155",678
2627,108,"407,144,500,588,276,605,824,523,495,210","175,169,155,155,155,155,127,21,156,36",689
4492,108,"683,677,811,638,770,577,710,184,731,134","127,156,3,154,129,284,127,36,219,155",531
4858,108,"683,677,572,731,605,500,749,76,184,811","127,156,39,219,155,155,3,36,36,3",594
1041,108,"683,677,749,819,30,605,210,500,824,588","127,156,3,3,21,155,36,155,127,155",669
987,108,"683,452,791,312,867,209,202,539,199,64","127,146,189,148,155,155,153,148,155,56",690
432,108,"683,452,867,383,770,629,676,6,295,30","127,146,155,189,129,148,155,148,127,21",507
970,108,"683,677,811,638,794,30,605,500,934,819","127,156,3,154,39,21,155,155,21,3",394
6147,108,"683,677,811,638,770,359,30,474,749,605","127,156,3,154,129,267,21,3,3,155",576
1709,108,"683,770,731,134,577,184,907,359,257,749","127,129,219,155,284,36,219,267,146,3",682
4088,108,"452,363,312,396,690,710,867,791,539,813","146,128,148,267,219,127,155,189,148,154",479
5126,108,"683,452,791,143,209,867,312,199,202,64","127,146,189,155,155,155,148,155,153,56",498
464,108,"683,677,811,638,819,710,134,577,184,368","127,156,3,154,3,127,155,284,36,3",608
4325,108,"683,677,811,396,731,922,111,248,911,894","127,156,3,267,219,154,155,148,154,300",571
2211,108,"96,342,605,638,934,71,284,354,248,30","173,163,155,154,21,156,165,202,148,21",717
2618,108,"683,677,811,396,89,577,638,731,500,588","127,156,3,267,42,284,154,219,155,155",586
4940,108,"683,677,811,638,819,770,37,749,934,79","127,156,3,154,3,129,151,3,21,155",601
1823,108,"683,677,749,819,30,605,210,79,71,495","127,156,3,3,21,155,36,155,156,156",612
2795,108,"683,677,749,819,30,605,79,76,770,438","127,156,3,3,21,155,155,36,129,3",510
2949,108,"683,677,749,184,770,676,934,453,555,438","127,156,3,36,129,155,21,33,33,3",600
4827,108,"683,677,572,749,819,184,76,934,676,30","127,156,39,3,3,36,36,21,155,21",412
1788,108,"96,791,843,733,443,140,539,381,438,513","173,189,181,169,176,176,148,176,3,148",187
3462,108,"683,677,572,749,770,819,934,794,868,331","127,156,39,3,129,3,21,39,36,54",539
2322,108,"683,677,572,749,184,383,134,646,421,259","127,156,39,3,36,189,155,155,195,148",693
248,108,"683,452,867,383,770,331,259,749,934,376","127,146,155,189,129,54,148,3,21,164",612
4017,108,"683,452,867,383,813,199,539,791,64,363","127,146,155,189,154,155,148,189,56,128",519
767,108,"683,677,572,749,184,794,770,676,819,438","127,156,39,3,36,39,129,155,3,3",582
4698,108,"683,677,749,819,30,605,79,76,474,934","127,156,3,3,21,155,155,36,3,21",553
35,108,"683,452,791,143,209,867,312,741,199,202","127,146,189,155,155,155,148,63,155,153",620
2148,108,"683,677,749,184,770,676,907,134,421,794","127,156,3,36,129,155,219,155,195,39",520
5579,108,"683,452,791,143,363,209,867,457,199,539","127,146,189,155,128,155,155,156,155,148",585
5580,108,"683,677,811,396,89,577,638,134,37,823","127,156,3,267,42,284,154,155,151,220",608
1109,108,"683,677,811,638,794,30,359,749,934,596","127,156,3,154,39,21,267,3,21,3",555
2923,108,"683,677,811,396,89,907,727,312,178,710","127,156,3,267,42,219,126,148,155,127",669
1172,108,"683,677,749,819,30,605,79,76,474,770","127,156,3,3,21,155,155,36,3,129",506
714,108,"452,855,457,312,637,727,813,199,791,342","146,42,156,148,155,126,154,155,189,163",380
5558,108,"683,452,867,791,690,143,629,199,349,636","127,146,155,189,219,155,148,155,127,56",561
3945,108,"683,452,791,143,363,564,867,637,227,64","127,146,189,155,128,114,155,155,219,56",582
730,108,"683,677,749,184,731,134,359,646,596,438","127,156,3,36,219,155,267,155,3,3",572
3475,108,"683,452,791,143,209,867,312,199,202,64","127,146,189,155,155,155,148,155,153,56",547
932,108,"683,677,572,731,605,749,819,30,79,474","127,156,39,219,155,3,3,21,155,3",568
2062,108,"452,855,637,564,727,312,791,533,199,451","146,42,155,114,126,148,189,39,155,163",380
3456,108,"683,677,749,819,30,474,934,605,210,500","127,156,3,3,21,3,21,155,36,155",545
1046,108,"683,677,749,819,30,605,79,738,934,71","127,156,3,3,21,155,155,155,21,156",401
2726,108,"683,677,749,819,30,605,210,79,71,37","127,156,3,3,21,155,36,155,156,151",546
3852,108,"452,770,749,677,79,605,934,438,30,184","146,129,3,156,155,155,21,3,21,36",531
5016,108,"452,363,791,517,461,312,717,178,480,676","146,128,189,155,155,148,195,155,148,155",264
3507,109,"683,677,811,638,770,30,749,794,184,474","127,156,3,154,129,21,3,39,36,3",531
5784,109,"683,452,867,791,122,199,690,539,383,813","127,146,155,189,36,155,219,148,189,154",490
5424,109,"683,677,811,396,731,248,922,312,577,452","127,156,3,267,219,148,154,148,284,146",535
5481,109,"683,677,749,819,30,605,79,76,438,474","127,156,3,3,21,155,155,36,3,3",553
4511,109,"683,452,791,143,363,884,466,359,354,700","127,146,189,155,128,44,42,267,202,219",612
5430,109,"683,677,749,819,30,605,79,76,474,770","127,156,3,3,21,155,155,36,3,129",546
2873,109,"452,770,749,677,79,605,210,37,71,934","146,129,3,156,155,155,36,151,156,21",477
1235,109,"452,363,700,637,517,30,638,359,934,342","146,128,219,155,155,21,154,267,21,163",494
4355,109,"683,677,749,819,30,605,210,79,71,495","127,156,3,3,21,155,36,155,156,156",586
3184,109,"683,677,811,396,89,577,638,134,37,184","127,156,3,267,42,284,154,155,151,36",535
2179,109,"452,184,193,572,605,500,588,495,71,800","146,36,21,39,155,155,155,156,156,156",352
3210,109,"683,677,749,819,30,605,210,500,824,588","127,156,3,3,21,155,36,155,127,155",544
4486,109,"683,677,811,638,770,30,184,934,749,794","127,156,3,154,129,21,36,21,3,39",519
633,109,"683,452,867,383,770,376,629,676,363,199","127,146,155,189,129,164,148,155,128,155",508
1430,109,"683,30,819,605,794,572,934,824,495,800","127,21,3,155,39,39,21,127,156,156",412
1133,109,"452,184,383,461,178,791,199,614,312,539","146,36,189,155,155,189,155,3,148,148",361
5148,109,"683,452,791,312,867,209,64,539,396,199","127,146,189,148,155,155,56,148,267,155",556
64,109,"683,677,811,89,922,248,184,907,3,111","127,156,3,42,154,148,36,219,155,155",494
5501,109,"683,677,572,731,605,749,819,30,79,474","127,156,39,219,155,3,3,21,155,3",463
1584,109,"452,363,312,539,202,457,209,529,199,248","146,128,148,148,153,156,155,155,155,148",413
3104,109,"96,791,421,843,58,646,257,134,438,749","173,189,195,181,169,155,146,155,3,3",363
729,109,"452,199,248,457,312,791,178,3,533,867","146,155,148,156,148,189,155,155,39,155",346
4554,109,"683,677,749,819,30,474,76,934,605,868","127,156,3,3,21,3,36,21,155,36",569
2626,109,"683,677,811,396,89,577,638,731,500,134","127,156,3,267,42,284,154,219,155,155",628
2261,109,"683,452,791,143,363,209,815,539,80,867","127,146,189,155,128,155,126,148,155,155",641
5528,109,"683,677,749,819,731,517,184,76,417,934","127,156,3,3,219,155,36,36,165,21",553
5711,109,"683,677,749,819,731,517,30,184,76,474","127,156,3,3,219,155,21,36,36,3",553
2466,109,"452,184,193,572,605,500,588,523,276,210","146,36,21,39,155,155,155,21,155,36",375
145,109,"683,677,572,500,588,605,495,517,749,184","127,156,39,155,155,155,156,155,3,36",500
5860,109,"452,199,248,312,202,539,209,529,836,791","146,155,148,148,153,148,155,155,39,189",354
5493,109,"683,677,811,638,770,30,749,605,76,934","127,156,3,154,129,21,3,155,36,21",544
3202,109,"683,867,791,312,539,209,202,741,349,64","127,155,189,148,148,155,153,63,127,56",669
541,109,"683,452,867,383,770,629,676,563,749,30","127,146,155,189,129,148,155,154,3,21",528
2883,109,"452,855,457,312,637,376,30,342,605,6","146,42,156,148,155,164,21,163,155,148",389
1595,109,"452,770,577,710,331,184,193,438,259,461","146,129,284,127,54,36,21,3,148,155",500
4837,109,"683,452,867,791,690,406,815,539,143,457","127,146,155,189,219,127,126,148,155,156",464
5610,109,"683,452,884,466,867,406,432,199,577,686","127,146,44,42,155,127,44,155,284,36",653
66,109,"683,452,884,690,122,867,209,629,791,674","127,146,44,219,36,155,155,148,189,146",653
5436,109,"683,452,867,791,690,143,629,199,376,674","127,146,155,189,219,155,148,155,164,146",547
2737,109,"683,452,867,791,690,143,674,80,383,342","127,146,155,189,219,155,146,155,189,163",535
573,109,"452,770,184,383,927,461,646,676,134,657","146,129,36,189,284,155,155,155,155,56",547
1670,109,"683,677,749,163,770,29,368,193,794,474","127,156,3,163,129,156,3,21,39,3",644
5744,109,"683,677,749,819,731,517,184,76,605,638","127,156,3,3,219,155,36,36,155,154",586
1223,109,"452,184,193,677,749,794,738,638,417,868","146,36,21,156,3,39,155,154,165,36",400
376,109,"683,452,791,143,867,199,363,629,690,122","127,146,189,155,155,155,128,148,219,36",412
2837,109,"683,677,572,731,605,749,819,30,79,500","127,156,39,219,155,3,3,21,155,155",538
2931,109,"683,184,731,140,134,312,710,100,461,539","127,36,219,176,155,148,127,165,155,148",461
1374,109,"683,677,749,819,30,605,79,76,474,934","127,156,3,3,21,155,155,36,3,21",553
2938,109,"683,677,811,396,731,922,111,248,911,312","127,156,3,267,219,154,155,148,154,148",535
1563,109,"683,677,749,819,30,605,210,500,824,588","127,156,3,3,21,155,36,155,127,155",519
3981,109,"683,452,867,383,813,199,539,791,64,363","127,146,155,189,154,155,148,189,56,128",520
1993,109,"683,452,791,312,363,867,539,457,199,143","127,146,189,148,128,155,148,156,155,155",540
4228,109,"683,677,572,731,605,749,819,30,79,474","127,156,39,219,155,3,3,21,155,3",549
934,109,"683,677,811,638,819,770,577,794,934,749","127,156,3,154,3,129,284,39,21,3",577
449,109,"683,677,572,731,605,749,134,421,184,811","127,156,39,219,155,3,155,195,36,3",541
944,109,"452,770,749,677,79,605,210,500,824,588","146,129,3,156,155,155,36,155,127,155",447
3243,109,"683,677,811,638,794,30,605,500,495,824","127,156,3,154,39,21,155,155,156,127",553
889,109,"683,677,811,396,89,577,638,134,37,184","127,156,3,267,42,284,154,155,151,36",519
3540,109,"683,677,811,638,819,770,577,452,184,193","127,156,3,154,3,129,284,146,36,21",553
2861,109,"683,677,572,500,588,605,824,365,210,523","127,156,39,155,155,155,127,42,36,21",412
4748,109,"452,770,749,677,79,605,210,500,71,868","146,129,3,156,155,155,36,155,156,36",521
3532,109,"683,677,749,184,770,676,934,819,134,421","127,156,3,36,129,155,21,3,155,195",528
1764,109,"683,677,811,638,819,710,134,461,577,184","127,156,3,154,3,127,155,155,284,36",541
1614,109,"683,677,749,819,30,474,934,605,770,79","127,156,3,3,21,3,21,155,129,155",571
5452,109,"683,677,811,638,819,710,134,577,184,76","127,156,3,154,3,127,155,284,36,36",519
5139,109,"683,677,811,638,770,30,749,605,500,495","127,156,3,154,129,21,3,155,155,156",472
2840,109,"452,184,193,934,79,749,677,794,563,638","146,36,21,21,155,3,156,39,154,154",355
2905,109,"683,677,811,396,89,731,3,710,577,398","127,156,3,267,42,219,155,127,284,270",628
1538,109,"683,677,749,819,474,79,71,868,824,770","127,156,3,3,3,155,156,36,127,129",494
681,109,"683,677,811,396,731,248,922,312,577,134","127,156,3,267,219,148,154,148,284,155",514
2101,109,"683,452,791,143,363,376,867,637,227,64","127,146,189,155,128,164,155,155,219,56",574
5250,109,"452,199,248,312,202,539,209,825,742,529","146,155,148,148,153,148,155,148,164,155",338
2710,109,"683,452,791,312,867,539,199,202,396,457","127,146,189,148,155,148,155,153,267,156",520
3446,109,"683,677,811,638,770,30,749,794,474,184","127,156,3,154,129,21,3,39,3,36",519
1057,109,"683,452,867,383,813,199,376,770,564,363","127,146,155,189,154,155,164,129,114,128",543
671,109,"683,452,791,143,209,815,867,539,363,637","127,146,189,155,155,126,155,148,128,155",460
185,109,"683,867,791,209,406,199,457,815,312,741","127,155,189,155,127,155,156,126,148,63",720
622,109,"683,452,791,312,363,867,199,457,80,539","127,146,189,148,128,155,155,156,155,148",535
2367,109,"452,363,791,312,65,178,3,614,50,811","146,128,189,148,163,155,155,3,154,3",398
717,109,"96,638,605,396,210,529,572,741,0,862","173,154,155,267,36,155,39,63,189,195",461
5110,109,"452,855,457,312,637,6,368,727,791,717","146,42,156,148,155,148,3,126,189,195",349
2548,109,"452,37,677,193,259,638,76,500,676,79","146,151,156,21,148,154,36,155,155,155",228
5210,109,"683,677,749,184,770,676,934,819,794,474","127,156,3,36,129,155,21,3,39,3",523
2654,109,"683,452,791,143,363,209,815,539,80,227","127,146,189,155,128,155,126,148,155,219",541
5074,109,"683,677,749,819,30,605,79,76,474,934","127,156,3,3,21,155,155,36,3,21",553
4457,109,"683,677,811,396,731,922,312,741,248,111","127,156,3,267,219,154,148,63,148,155",690
1462,109,"683,677,749,819,30,474,934,76,605,770","127,156,3,3,21,3,21,36,155,129",554
1213,109,"683,677,572,749,819,934,79,605,868,474","127,156,39,3,3,21,155,155,36,3",644
1760,109,"683,677,811,638,819,710,134,907,727,461","127,156,3,154,3,127,155,219,126,155",600
1298,109,"452,363,312,867,199,457,248,539,202,349","146,128,148,155,155,156,148,148,153,127",430
2094,109,"683,677,811,396,731,248,922,907,184,312","127,156,3,267,219,148,154,219,36,148",537
3549,109,"683,867,884,466,638,770,363,461,637,577","127,155,44,42,154,129,128,155,155,284",633
5694,109,"683,677,811,396,89,731,134,312,710,184","127,156,3,267,42,219,155,148,127,36",606
112,109,"96,638,605,700,466,934,819,710,517,794","173,154,155,219,42,21,3,127,155,39",749
3791,109,"683,452,466,363,637,629,676,6,638,690","127,146,42,128,155,148,155,148,154,219",639
1269,109,"452,770,577,749,677,819,868,71,474,453","146,129,284,3,156,3,36,156,3,33",476
4216,109,"683,677,749,819,30,474,934,605,210,500","127,156,3,3,21,3,21,155,36,155",553
1837,109,"683,677,811,638,770,30,184,134,710,76","127,156,3,154,129,21,36,155,127,36",499
2380,109,"683,452,791,143,209,867,363,539,227,815","127,146,189,155,155,155,128,148,219,126",535
2786,109,"683,677,572,731,605,500,588,824,495,365","127,156,39,219,155,155,155,127,156,42",691
3513,109,"452,770,184,934,193,563,794,438,474,368","146,129,36,21,21,154,39,3,3,3",523
111,109,"683,677,811,638,770,359,30,474,749,605","127,156,3,154,129,267,21,3,3,155",598
4671,109,"683,677,749,819,30,474,934,605,76,868","127,156,3,3,21,3,21,155,36,36",553
1507,109,"683,452,867,383,813,770,199,710,791,178","127,146,155,189,154,129,155,127,189,155",634
3266,109,"683,452,791,143,209,867,363,539,227,815","127,146,189,155,155,155,128,148,219,126",579
3187,109,"452,184,193,677,596,934,438,794,676,749","146,36,21,156,3,21,3,39,155,3",374
5211,109,"683,677,811,638,819,770,577,452,184,461","127,156,3,154,3,129,284,146,36,155",541
2831,109,"452,770,749,677,638,37,184,596,259,686","146,129,3,156,154,151,36,3,148,36",513
2347,109,"683,677,811,638,794,359,731,710,184,676","127,156,3,154,39,267,219,127,36,155",555
5507,109,"683,677,811,638,819,710,134,577,184,368","127,156,3,154,3,127,155,284,36,3",519
5544,109,"683,677,811,638,770,577,359,134,710,184","127,156,3,154,129,284,267,155,127,36",720
2914,109,"683,452,791,143,209,815,867,457,199,539","127,146,189,155,155,126,155,156,155,148",559
5496,109,"683,452,791,143,209,867,312,457,199,363","127,146,189,155,155,155,148,156,155,128",530
1138,109,"683,452,791,143,363,209,815,539,690,227","127,146,189,155,128,155,126,148,219,219",535
4419,109,"683,677,572,500,749,184,770,30,438,868","127,156,39,155,3,36,129,21,3,36",627
3276,109,"683,677,811,638,770,30,749,605,500,79","127,156,3,154,129,21,3,155,155,155",569
1047,109,"96,383,508,37,331,843,770,99,144,749","173,189,219,151,54,181,129,181,169,3",782
2918,109,"683,677,749,819,731,517,770,30,934,76","127,156,3,3,219,155,129,21,21,36",634
1378,109,"683,452,791,143,209,867,363,539,199,457","127,146,189,155,155,155,128,148,155,156",588
1389,109,"683,452,791,143,363,209,815,539,690,674","127,146,189,155,128,155,126,148,219,146",618
4400,109,"683,677,572,731,605,749,819,30,79,474","127,156,39,219,155,3,3,21,155,3",654
565,109,"683,677,811,638,819,184,193,794,934,474","127,156,3,154,3,36,21,39,21,3",640
5627,109,"683,452,791,312,363,884,122,295,199,209","127,146,189,148,128,44,36,127,155,155",669
5456,109,"683,452,791,143,209,815,867,539,363,227","127,146,189,155,155,126,155,148,128,219",611
123,109,"683,677,811,638,819,770,749,30,184,259","127,156,3,154,3,129,3,21,36,148",466
3482,109,"683,452,867,791,122,199,690,539,383,629","127,146,155,189,36,155,219,148,189,148",547
6033,109,"683,452,884,466,867,406,432,199,461,184","127,146,44,42,155,127,44,155,155,36",661
5560,109,"683,452,791,312,363,867,199,457,209,539","127,146,189,148,128,155,155,156,155,148",616
4723,109,"683,452,867,791,690,406,815,539,143,80","127,146,155,189,219,127,126,148,155,155",498
1525,109,"683,452,867,791,122,629,457,349,199,64","127,146,155,189,36,148,156,127,155,56",600
3854,109,"683,677,811,638,819,770,577,794,134,710","127,156,3,154,3,129,284,39,155,127",544
184,109,"683,677,749,163,770,29,368,193,794,676","127,156,3,163,129,156,3,21,39,155",645
1025,109,"683,677,811,396,89,907,451,727,312,710","127,156,3,267,42,219,163,126,148,127",535
4422,109,"683,677,749,819,30,605,210,500,824,79","127,156,3,3,21,155,36,155,127,155",374
2100,109,"452,363,312,396,539,328,295,457,199,248","146,128,148,267,148,39,127,156,155,148",371
2034,109,"452,363,312,396,480,328,6,674,791,794","146,128,148,267,148,39,148,146,189,39",485
1554,109,"683,677,749,819,30,474,934,76,605,770","127,156,3,3,21,3,21,36,155,129",612
3938,109,"683,407,500,588,276,144,927,596,646,605","127,175,155,155,155,169,284,3,155,155",688
3315,109,"683,677,749,184,76,555,596,474,605,30","127,156,3,36,36,33,3,3,155,21",541
966,109,"683,452,867,383,770,629,676,563,749,37","127,146,155,189,129,148,155,154,3,151",510
4238,109,"683,452,791,312,867,539,199,202,209,64","127,146,189,148,155,148,155,153,155,56",521
3693,109,"683,452,791,143,363,209,815,539,533,122","127,146,189,155,128,155,126,148,39,36",463
1674,109,"683,452,884,466,867,259,383,37,331,686","127,146,44,42,155,148,189,151,54,36",640
4816,109,"683,184,819,30,605,71,495,500,824,210","127,36,3,21,155,156,156,155,127,36",550
4352,109,"683,452,791,143,209,867,312,199,539,406","127,146,189,155,155,155,148,155,148,127",535
2677,109,"683,407,819,89,396,710,248,451,741,731","127,175,3,42,267,127,148,163,63,219",796
3486,109,"683,677,811,638,770,359,30,605,71,500","127,156,3,154,129,267,21,155,156,155",702
796,109,"683,677,749,184,770,555,438,193,71,605","127,156,3,36,129,33,3,21,156,155",635
5561,109,"683,677,811,638,770,30,934,605,474,517","127,156,3,154,129,21,21,155,3,155",509
2917,109,"683,677,749,184,731,134,646,383,259,37","127,156,3,36,219,155,155,189,148,151",519
4277,109,"683,677,811,638,794,30,605,934,749,184","127,156,3,154,39,21,155,21,3,36",563
444,109,"683,677,811,396,731,134,577,37,823,588","127,156,3,267,219,155,284,151,220,155",526
2078,109,"683,677,749,819,731,517,3,134,500,577","127,156,3,3,219,155,155,155,155,284",516
2781,109,"683,452,791,312,363,564,867,199,227,637","127,146,189,148,128,114,155,155,219,155",555
1503,109,"683,677,749,819,30,605,79,738,934,71","127,156,3,3,21,155,155,155,21,156",553
2961,109,"683,677,749,819,731,517,770,30,76,605","127,156,3,3,219,155,129,21,36,155",678
2627,109,"407,144,500,588,276,605,824,523,495,210","175,169,155,155,155,155,127,21,156,36",689
4492,109,"683,677,811,638,770,577,710,184,731,134","127,156,3,154,129,284,127,36,219,155",531
4858,109,"683,677,572,731,605,500,749,76,184,811","127,156,39,219,155,155,3,36,36,3",594
1041,109,"683,677,749,819,30,605,210,500,824,588","127,156,3,3,21,155,36,155,127,155",669
987,109,"683,452,791,312,867,209,202,539,199,64","127,146,189,148,155,155,153,148,155,56",690
432,109,"683,452,867,383,770,629,676,6,295,30","127,146,155,189,129,148,155,148,127,21",507
970,109,"683,677,811,638,794,30,605,500,934,819","127,156,3,154,39,21,155,155,21,3",394
6147,109,"683,677,811,638,770,359,30,474,749,605","127,156,3,154,129,267,21,3,3,155",576
1709,109,"683,770,731,134,577,184,451,749,646,657","127,129,219,155,284,36,163,3,155,56",682
4088,109,"452,363,312,396,690,710,867,791,539,813","146,128,148,267,219,127,155,189,148,154",479
5126,109,"683,452,791,143,209,867,312,199,202,64","127,146,189,155,155,155,148,155,153,56",498
464,109,"683,677,811,638,819,710,134,577,184,368","127,156,3,154,3,127,155,284,36,3",608
4325,109,"683,677,811,396,731,922,111,248,911,894","127,156,3,267,219,154,155,148,154,300",571
2211,109,"96,638,605,700,466,354,710,770,30,140","173,154,155,219,42,202,127,129,21,176",717
2618,109,"683,677,811,396,89,577,638,731,500,588","127,156,3,267,42,284,154,219,155,155",586
4940,109,"683,677,811,638,819,770,37,749,934,79","127,156,3,154,3,129,151,3,21,155",601
1823,109,"683,677,749,819,30,605,210,79,71,495","127,156,3,3,21,155,36,155,156,156",612
2795,109,"683,677,749,819,30,605,79,76,770,438","127,156,3,3,21,155,155,36,129,3",510
2949,109,"683,677,749,184,770,676,934,453,555,438","127,156,3,36,129,155,21,33,33,3",600
4827,109,"683,677,572,749,819,184,76,934,676,30","127,156,39,3,3,36,36,21,155,21",412
1788,109,"96,791,843,733,443,140,190,539,438,58","173,189,181,169,176,176,163,164,148,3,169",187
3462,109,"683,677,572,749,770,819,934,794,868,331","127,156,39,3,129,3,21,39,36,54",539
2322,109,"683,677,572,749,184,383,134,646,421,259","127,156,39,3,36,189,155,155,195,148",693
248,109,"683,452,867,383,770,331,259,749,934,376","127,146,155,189,129,54,148,3,21,164",612
4017,109,"683,452,867,383,813,199,539,791,64,363","127,146,155,189,154,155,148,189,56,128",519
767,109,"683,677,572,749,184,794,770,676,819,438","127,156,39,3,36,39,129,155,3,3",582
4698,109,"683,677,749,819,30,605,79,76,474,934","127,156,3,3,21,155,155,36,3,21",553
35,109,"683,452,791,143,209,867,312,741,199,202","127,146,189,155,155,155,148,63,155,153",620
2148,109,"683,677,749,184,770,676,907,134,421,794","127,156,3,36,129,155,219,155,195,39",520
5579,109,"683,452,791,143,363,209,867,457,199,539","127,146,189,155,128,155,155,156,155,148",585
5580,109,"683,677,811,396,89,577,638,134,37,823","127,156,3,267,42,284,154,155,151,220",608
1109,109,"683,677,811,638,794,30,359,749,934,596","127,156,3,154,39,21,267,3,21,3",555
2923,109,"683,677,811,396,89,907,727,312,178,710","127,156,3,267,42,219,126,148,155,127",669
1172,109,"683,677,749,819,30,605,79,76,474,770","127,156,3,3,21,155,155,36,3,129",506
714,109,"452,855,457,312,637,727,813,199,791,342","146,42,156,148,155,126,154,155,189,163",380
5558,109,"683,452,867,791,690,143,629,199,349,636","127,146,155,189,219,155,148,155,127,56",561
3945,109,"683,452,791,143,363,564,867,637,227,64","127,146,189,155,128,114,155,155,219,56",582
730,109,"683,677,749,184,731,134,359,646,596,438","127,156,3,36,219,155,267,155,3,3",572
3475,109,"683,452,791,143,209,867,312,199,202,64","127,146,189,155,155,155,148,155,153,56",547
932,109,"683,677,572,731,605,749,819,30,79,474","127,156,39,219,155,3,3,21,155,3",568
2062,109,"452,855,637,564,727,312,791,533,199,248","146,42,155,114,126,148,189,39,155,148",380
3456,109,"683,677,749,819,30,474,934,605,210,500","127,156,3,3,21,3,21,155,36,155",545
1046,109,"683,677,749,819,30,605,79,738,934,71","127,156,3,3,21,155,155,155,21,156",401
2726,109,"683,677,749,819,30,605,210,79,71,37","127,156,3,3,21,155,36,155,156,151",546
3852,109,"452,770,749,677,79,605,934,438,30,184","146,129,3,156,155,155,21,3,21,36",531
5016,109,"452,363,791,517,461,312,717,178,480,676","146,128,189,155,155,148,195,155,148,155",264
