user_id,seed,sampled_q_ids,sampled_subject_ids,student_total_questions
3507,100,"683,37,677,255,802,923,770,370,740,79","127,151,156,36,127,195,129,195,36,155",531
5784,100,"683,539,811,491,406,867,178,907,501,312","127,148,3,146,127,155,155,219,127,148",490
5424,100,"683,37,731,421,923,789,636,451,497,452","127,151,219,195,195,156,56,163,128,146",535
5481,100,"683,37,677,63,891,605,555,255,811,745","127,151,156,269,267,155,33,36,3,3",553
4511,100,"683,539,811,710,466,489,898,248,30,290","127,148,3,127,42,269,39,148,21,3",612
5430,100,"683,37,677,63,76,770,502,433,626,11","127,151,156,269,36,129,36,33,164,156",546
2873,100,"923,770,834,30,79,789,169,887,193,119","195,129,36,21,155,156,164,3,21,36",477
1235,100,"923,312,508,811,488,533,368,637,80,37","195,148,219,3,129,39,3,155,155,151",494
4355,100,"683,37,677,443,42,342,63,500,663,163","127,151,156,176,176,163,269,155,176,163",586
3184,100,"683,37,731,312,636,406,452,492,372,328","127,151,219,148,56,127,146,127,155,39",535
2179,100,"923,37,887,502,79,30,572,291,794,342","195,151,3,36,155,21,39,21,39,163",352
3210,100,"683,37,677,770,79,30,71,500,161,605","127,151,156,129,155,21,156,155,156,155",544
4486,100,"683,37,677,255,802,923,105,770,370,740","127,151,156,36,127,195,284,129,195,36",519
633,100,"683,539,811,710,923,770,526,290,160,898","127,148,3,127,195,129,63,3,39,39",508
1430,100,"683,891,794,30,789,409,288,255,525,203","127,267,39,21,156,195,125,36,3,125",412
1133,100,"923,312,813,539,629,867,742,614,791,457","195,148,154,148,148,155,164,3,189,156",361
5148,100,"683,539,312,396,815,480,791,907,295,690","127,148,148,267,126,148,189,219,127,219",556
64,100,"683,37,421,502,406,3,629,885,867,209","127,151,195,36,127,155,148,39,155,155",494
5501,100,"683,37,677,30,79,626,555,11,385,161","127,151,156,21,155,164,33,156,39,156",463
1584,100,"923,312,813,539,295,629,907,480,363,452","195,148,154,148,127,148,219,148,128,146",413
3104,100,"340,223,312,702,3,703,512,209,199,779","181,165,148,176,155,181,169,155,155,127",363
729,100,"923,312,811,80,154,533,529,673,178,791","195,148,3,155,164,39,155,154,155,189",346
4554,100,"683,37,677,63,891,605,555,500,255,30","127,151,156,269,267,155,33,155,36,21",569
2626,100,"683,37,731,421,157,638,891,430,502,889","127,151,219,195,163,154,267,44,36,148",628
2261,100,"683,539,811,491,406,867,178,791,804,529","127,148,3,146,127,155,155,189,148,155",641
5528,100,"683,37,677,63,891,605,161,500,800,555","127,151,156,269,267,155,156,155,156,33",553
5711,100,"683,37,677,63,76,433,30,642,359,555","127,151,156,269,36,33,21,195,267,33",553
2466,100,"923,37,887,533,502,79,834,572,291,119","195,151,3,39,36,155,36,39,21,36",375
145,100,"683,37,677,770,79,30,834,657,433,385","127,151,156,129,155,21,36,56,33,39",500
5860,100,"923,312,813,539,629,480,178,457,791,452","195,148,154,148,148,148,155,156,189,146",354
5493,100,"683,37,677,417,255,105,770,555,370,525","127,151,156,165,36,284,129,33,195,3",544
3202,100,"683,539,312,396,43,336,252,815,200,31","127,148,148,267,163,176,154,126,54,156",669
541,100,"683,539,811,710,923,406,508,529,721,501","127,148,3,127,195,127,219,155,219,127",528
2883,100,"100,223,312,42,98,673,811,452,742,138","165,165,148,176,164,154,3,146,164,195",389
1595,100,"923,770,328,375,363,37,657,502,853,766","195,129,39,54,128,151,56,36,44,54,284",500
4837,100,"683,539,312,791,566,480,295,907,815,931","127,148,148,189,146,148,127,219,126,56",464
5610,100,"683,539,811,710,466,375,923,489,770,321","127,148,3,127,42,54,195,269,129,127",653
66,100,"683,539,811,491,406,452,501,907,466,756","127,148,3,146,127,146,127,219,42,58",653
5436,100,"683,539,811,491,406,867,178,907,312,452","127,148,3,146,127,155,155,219,148,146",547
2737,100,"683,539,811,710,923,406,867,529,178,690","127,148,3,127,195,127,155,155,155,219",535
573,100,"923,312,811,488,600,492,80,717,105,525","195,148,3,129,56,127,155,195,284,3",547
1670,100,"683,37,677,63,76,770,923,502,834,891","127,151,156,269,36,129,195,36,36,267",644
5744,100,"683,37,677,443,63,42,342,500,555,605","127,151,156,176,269,176,163,155,33,155",586
1223,100,"923,37,887,502,417,30,551,745,342,376","195,151,3,36,165,21,195,3,163,164",400
376,100,"683,539,811,907,452,406,312,508,721,791","127,148,3,219,146,127,148,219,219,189",412
2837,100,"683,37,677,63,891,385,255,79,500,555","127,151,156,269,267,39,36,155,155,33",538
2931,100,"683,223,751,312,501,363,3,73,457,42","127,165,148,148,127,128,155,176,156,176",461
1374,100,"683,37,677,63,76,433,502,891,30,79","127,151,156,269,36,33,36,267,21,155",553
2938,100,"683,37,731,312,629,25,825,594,440,786","127,151,219,148,148,148,148,146,136,154",535
1563,100,"683,37,677,770,79,30,71,500,161,605","127,151,156,129,155,21,156,155,156,155",519
3981,100,"683,539,312,295,452,248,636,501,791,508","127,148,148,127,146,148,56,127,189,219",520
1993,100,"683,539,312,295,452,791,394,501,480,931","127,148,148,127,146,189,127,127,148,56",540
4228,100,"683,37,677,770,79,30,76,626,605,11","127,151,156,129,155,21,36,164,155,156",549
934,100,"683,37,677,255,105,889,731,157,370,923","127,151,156,36,284,148,219,163,195,195",577
449,100,"683,37,731,421,923,638,502,834,676,143","127,151,219,195,195,154,36,36,155,155",541
944,100,"923,770,834,30,79,789,500,439,856,605","195,129,36,21,155,156,155,153,39,155",447
3243,100,"683,37,677,23,255,638,76,555,359,79","127,151,156,125,36,154,36,33,267,155",553
889,100,"683,37,731,421,923,789,636,497,629,600","127,151,219,195,195,156,56,128,148,56",519
3540,100,"683,37,731,421,923,638,502,834,676,143","127,151,219,195,195,154,36,36,155,155",553
2861,100,"683,37,677,30,342,79,161,385,71,605","127,151,156,21,163,155,156,39,156,155",412
4748,100,"923,770,834,30,79,63,500,789,119,605","195,129,36,21,155,269,155,156,36,155",521
3532,100,"683,37,677,770,90,409,642,433,502,834","127,151,156,129,36,195,195,33,36,36",528
1764,100,"683,37,677,417,255,105,802,923,731,97","127,151,156,165,36,284,127,195,219,39",541
1614,100,"683,37,677,63,891,301,555,500,255,623","127,151,156,269,267,44,33,155,36,155",571
5452,100,"683,37,677,255,802,923,636,600,889,90","127,151,156,36,127,195,56,56,148,36",519
5139,100,"683,37,677,417,255,105,770,555,370,525","127,151,156,165,36,284,129,33,195,3",472
2840,100,"923,37,887,502,79,30,834,789,626,617","195,151,3,36,155,21,36,156,164,148",355
2905,100,"683,37,731,312,636,406,848,306,328,525","127,151,219,148,56,127,44,267,39,3",628
1538,100,"683,37,677,770,79,342,500,800,439,555","127,151,156,129,155,163,155,156,153,33",494
681,100,"683,37,731,421,636,406,923,789,501,328","127,151,219,195,56,127,195,156,127,39",514
2101,100,"683,539,811,491,406,452,907,508,791,480","127,148,3,146,127,146,219,219,189,148",574
5250,100,"923,312,813,614,629,791,452,480,539,184","195,148,154,3,148,189,146,148,148,36",338
2710,100,"683,539,312,396,815,480,791,931,252,457","127,148,148,267,126,148,189,56,154,156",520
3446,100,"683,37,677,255,802,923,105,731,157,889","127,151,156,36,127,195,284,219,163,148",519
1057,100,"683,539,811,907,452,406,508,923,501,710","127,148,3,219,146,127,219,195,127,127",543
671,100,"683,539,811,710,30,290,770,766,137,637","127,148,3,127,21,3,129,284,39,155",460
185,100,"544,115,81,23,220,763,312,109,363,501","174,175,174,125,181,175,148,174,128,127",720
622,100,"683,539,811,491,452,480,907,791,931,312","127,148,3,146,146,148,219,189,56,148",535
2367,100,"923,312,813,539,295,629,178,363,480,349","195,148,154,148,127,148,155,128,148,127",398
717,100,"340,891,63,335,430,605,856,528,291,623","181,267,269,195,44,155,39,127,21,155",461
5110,100,"923,37,887,502,170,551,809,90,457,889","195,151,3,36,39,195,155,36,156,148",349
2548,100,"37,417,889,834,811,617,555,439,79,500","151,165,148,36,3,148,33,153,155,155",228
5210,100,"683,37,677,770,90,409,642,913,502,800","127,151,156,129,36,195,195,219,36,156",523
2654,100,"683,539,811,491,406,867,178,529,501,804","127,148,3,146,127,155,155,155,127,148",541
5074,100,"683,37,677,63,891,605,555,500,255,30","127,151,156,269,267,155,33,155,36,21",553
4457,100,"683,37,731,697,312,629,751,440,363,295","127,151,219,60,148,148,148,136,128,127",690
1462,100,"683,37,677,770,79,30,891,354,90,834","127,151,156,129,155,21,267,202,36,36",554
1213,100,"683,37,677,63,76,433,17,30,834,342","127,151,156,269,36,33,60,21,36,163",644
1760,100,"683,37,677,255,802,731,157,637,105,485","127,151,156,36,127,219,163,155,284,189",600
1298,100,"923,37,629,502,328,363,452,312,25,791","195,151,148,36,39,128,146,148,148,189",430
2094,100,"683,37,731,421,923,834,502,770,629,368","127,151,219,195,195,36,36,129,148,3",537
3549,100,"683,539,811,501,406,178,700,705,30,466","127,148,3,127,127,155,219,44,21,42",633
5694,100,"683,37,731,421,636,406,3,867,25,629","127,151,219,195,56,127,155,155,148,148",606
112,100,"340,98,73,550,471,257,406,375,900,923","181,164,176,21,176,146,127,54,267,195",749
3791,100,"683,539,811,491,406,452,501,907,466,532","127,148,3,146,127,146,127,219,42,219",639
1269,100,"923,312,508,811,600,451,368,348,885,710","195,148,219,3,56,163,3,44,39,127",476
4216,100,"683,37,677,63,891,605,161,433,439,555","127,151,156,269,267,155,156,33,153,33",553
1837,100,"683,37,677,417,923,105,802,889,328,530","127,151,156,165,195,284,127,148,39,284",499
2380,100,"683,539,811,491,406,867,178,501,907,312","127,148,3,146,127,155,155,127,219,148",535
2786,100,"683,37,677,63,41,500,856,161,79,439","127,151,156,269,44,155,39,156,155,153",691
3513,100,"923,770,328,502,37,887,288,30,79,439","195,129,39,36,151,3,125,21,155,153",523
111,100,"683,37,677,417,255,105,770,555,359,79","127,151,156,165,36,284,129,33,267,155",598
4671,100,"683,37,677,63,891,605,555,500,856,161","127,151,156,269,267,155,33,155,39,156",553
1507,100,"683,539,312,295,452,248,636,923,489,469","127,148,148,127,146,148,56,195,269,163",634
3266,100,"683,539,811,491,452,480,907,721,791,312","127,148,3,146,146,148,219,219,189,148",579
3187,100,"923,37,629,502,328,312,452,885,134,421","195,151,148,36,39,148,146,39,155,195",374
5211,100,"683,37,677,255,802,923,105,731,97,368","127,151,156,36,127,195,284,219,39,3",541
2831,100,"923,312,811,452,791,614,813,432,138,885","195,148,3,146,189,3,154,44,195,39",513
2347,100,"683,37,677,255,90,889,3,451,97,853","127,151,156,36,36,148,155,163,39,44,54",555
5507,100,"683,37,731,421,923,638,502,834,54,448","127,151,219,195,195,154,36,36,33,3",519
5544,100,"683,37,532,502,731,157,923,834,891,770","127,151,219,36,219,163,195,36,267,129",720
2914,100,"683,539,811,491,406,452,178,501,791,508","127,148,3,146,127,146,155,127,189,219",559
5496,100,"683,539,811,491,406,452,907,508,312,721","127,148,3,146,127,146,219,219,148,219",530
1138,100,"683,539,811,491,452,480,907,791,804,484","127,148,3,146,146,148,219,189,148,127",535
4419,100,"683,37,677,63,76,770,79,30,626,891","127,151,156,269,36,129,155,21,164,267",627
3276,100,"683,37,677,255,802,923,105,770,342,370","127,151,156,36,127,195,284,129,163,195",569
1047,100,"100,340,223,544,663,245,770,81,23,63","165,181,165,174,176,217,129,174,125,269",782
2918,100,"683,37,677,63,76,770,105,30,889,433","127,151,156,269,36,129,284,21,148,33",634
1378,100,"683,539,312,396,907,636,363,452,791,295","127,148,148,267,219,56,128,146,189,127",588
1389,100,"683,539,811,710,923,690,489,290,348,137","127,148,3,127,195,219,269,3,44,39",618
4400,100,"683,37,677,63,76,770,79,30,525,342","127,151,156,269,36,129,155,21,3,163",654
565,100,"683,37,677,330,689,23,417,451,923,889","127,151,156,300,128,125,165,163,195,148",640
5627,100,"683,539,312,295,414,452,815,501,879,791","127,148,148,127,267,146,126,127,129,189",669
5456,100,"544,312,81,109,408,452,683,336,539,811","174,148,174,174,174,146,127,176,148,3",611
123,100,"683,76,731,636,502,889,637,891,530,368","127,36,219,56,36,148,155,267,284,3",466
3482,100,"683,539,811,491,406,452,501,508,312,529","127,148,3,146,127,146,127,219,148,155",547
6033,100,"683,539,312,295,414,931,791,396,200,480","127,148,148,127,267,56,189,267,54,148",661
5560,100,"683,539,312,295,414,931,791,396,742,815","127,148,148,127,267,56,189,267,164,126",616
4723,100,"683,539,811,710,923,770,290,766,30,898","127,148,3,127,195,129,3,284,21,39",498
1525,100,"683,539,312,295,414,452,710,501,815,879","127,148,148,127,267,146,127,127,126,129",600
3854,100,"683,37,731,421,157,923,636,497,789,638","127,151,219,195,163,195,56,128,156,154",544
184,100,"683,37,731,421,923,638,834,891,770,76","127,151,219,195,195,154,36,267,129,36",645
1025,100,"683,37,731,312,636,406,25,452,791,885","127,151,219,148,56,127,148,146,189,39",535
4422,100,"683,37,677,30,342,79,161,500,439,605","127,151,156,21,163,155,156,155,153,155",374
2100,100,"421,312,811,673,452,791,804,813,491,677","195,148,3,154,146,189,148,154,146,156",371
2034,100,"895,73,98,312,811,452,86,804,520,214","176,176,164,148,3,146,164,148,127,127",485
1554,100,"683,37,677,63,891,342,500,555,255,794","127,151,156,269,267,163,155,33,36,39",612
3938,100,"544,312,81,621,692,683,109,115,270,799","174,148,174,176,176,127,174,175,176,175",688
3315,100,"683,37,677,63,891,342,500,555,255,794","127,151,156,269,267,163,155,33,36,39",541
966,100,"683,539,811,907,452,406,508,690,421,480","127,148,3,219,146,127,219,219,195,148",510
4238,100,"683,539,312,396,815,480,791,931,252,363","127,148,148,267,126,148,189,56,154,128",521
3693,100,"683,539,811,710,923,406,867,529,501,656","127,148,3,127,195,127,155,155,127,3",463
1674,100,"683,539,811,900,489,710,923,321,290,902","127,148,3,267,269,127,195,127,3,117",640
4816,100,"683,90,502,63,41,430,500,493,245,605","127,36,36,269,44,44,155,156,217,155",550
4352,100,"683,539,811,710,923,406,867,529,488,656","127,148,3,127,195,127,155,155,129,3",535
2677,100,"544,312,629,440,349,338,539,845,784,363","174,148,148,136,127,148,148,63,217,128",796
3486,100,"683,37,677,330,23,689,73,568,889,42","127,151,156,300,125,128,176,169,148,176",702
796,100,"683,37,677,63,76,770,79,30,657,433","127,151,156,269,36,129,155,21,56,33",635
5561,100,"683,37,28,677,76,770,555,701,63,17","127,151,163,156,36,129,33,54,269,60",509
2917,100,"683,37,677,770,90,889,485,657,555,525","127,151,156,129,36,148,189,56,33,3",519
4277,100,"683,37,677,255,90,370,923,889,502,79","127,151,156,36,36,195,195,148,36,155",563
444,100,"683,37,677,255,105,90,770,740,555,79","127,151,156,36,284,36,129,36,33,155",526
2078,100,"683,37,677,770,90,409,834,923,563,502","127,151,156,129,36,195,36,195,154,36",516
2781,100,"683,539,312,295,815,501,791,931,566,252","127,148,148,127,126,127,189,56,146,154",555
1503,100,"683,37,677,63,891,342,500,161,856,79","127,151,156,269,267,163,155,156,39,155",553
2961,100,"683,37,677,63,76,770,79,245,30,71","127,151,156,269,36,129,155,217,21,156",678
2627,100,"544,692,115,245,719,79,770,663,572,119","174,176,175,217,181,155,129,176,39,36",689
4492,100,"683,37,677,255,802,731,105,76,328,923","127,151,156,36,127,219,284,36,39,195",531
4858,100,"683,37,731,421,636,328,3,406,923,638","127,151,219,195,56,39,155,127,195,154",594
1041,100,"683,37,677,63,41,891,430,770,30,626","127,151,156,269,44,267,44,129,21,164",669
987,100,"621,73,257,178,539,466,799,710,811,683","176,176,146,155,148,42,175,127,3,127",690
432,100,"683,539,811,710,348,923,770,526,766,690","127,148,3,127,44,195,129,63,284,219",507
970,100,"683,37,677,255,90,370,638,79,740,555","127,151,156,36,36,195,154,155,36,33",394
6147,100,"683,37,677,255,105,889,370,551,502,740","127,151,156,36,284,148,195,195,36,36",576
1709,100,"683,223,76,359,770,37,17,502,891,23","127,165,36,267,129,151,60,36,267,125",682
4088,100,"923,312,811,600,533,105,770,710,867,492","195,148,3,56,39,284,129,127,155,127",479
5126,100,"683,539,312,791,566,815,907,690,252,931","127,148,148,189,146,126,219,219,154,56",498
464,100,"683,37,731,421,636,157,3,328,848,476","127,151,219,195,56,163,155,39,44,54",608
4325,100,"683,37,731,312,636,406,3,751,328,629","127,151,219,148,56,127,155,148,39,148",571
2211,100,"340,98,73,550,471,257,406,375,751,42","181,164,176,21,176,146,127,54,148,176",717
2618,100,"683,37,677,330,90,853,889,3,731,502","127,151,156,300,36,44,54,148,155,219,36",586
4940,100,"683,37,677,417,731,105,76,507,776,90","127,151,156,165,219,284,36,126,267,36",601
1823,100,"683,37,677,63,891,770,889,90,288,409","127,151,156,269,267,129,148,36,125,195",612
2795,100,"683,37,677,770,90,409,642,433,207,293","127,151,156,129,36,195,195,33,127,3",510
2949,100,"683,37,677,63,76,770,923,502,834,891","127,151,156,269,36,129,195,36,36,267",600
4827,100,"683,37,677,30,79,71,161,500,439,605","127,151,156,21,155,156,156,155,153,155",412
1788,100,"100,340,223,451,443,703,780,915,702,739","165,181,165,163,176,181,128,155,156,176,164",187
3462,100,"683,37,677,770,90,889,97,850,731,457","127,151,156,129,36,148,39,36,219,156",539
2322,100,"683,37,677,225,923,23,76,90,910,891","127,151,156,163,195,125,36,36,127,267",693
248,100,"683,539,811,710,923,690,489,290,30,770","127,148,3,127,195,219,269,3,21,129",612
4017,100,"683,539,312,396,907,636,452,295,923,530","127,148,148,267,219,56,146,127,195,284",519
767,100,"683,37,677,63,76,770,502,433,385,555","127,151,156,269,36,129,36,33,39,33",582
4698,100,"683,37,677,63,891,605,555,500,255,11","127,151,156,269,267,155,33,155,36,156",553
35,100,"683,539,811,452,312,480,791,349,501,414","127,148,3,146,148,148,189,127,127,267",620
2148,100,"683,37,731,421,923,638,502,834,676,143","127,151,219,195,195,154,36,36,155,155",520
5579,100,"683,539,811,710,923,406,508,529,178,867","127,148,3,127,195,127,219,155,155,155",585
5580,100,"683,37,677,330,90,910,76,492,573,740","127,151,156,300,36,127,36,127,125,36",608
1109,100,"683,37,677,330,23,923,501,312,546,889","127,151,156,300,125,195,127,148,146,148",555
2923,100,"683,37,731,421,636,406,923,23,848,501","127,151,219,195,56,127,195,125,44,127",669
1172,100,"683,37,677,770,79,30,76,605,525,701","127,151,156,129,155,21,36,155,3,54",506
714,100,"923,312,811,80,533,717,502,37,885,629","195,148,3,155,39,195,36,151,39,148",380
5558,100,"683,539,312,396,815,480,791,295,742,440","127,148,148,267,126,148,189,127,164,136",561
3945,100,"683,539,811,710,489,30,923,290,690,406","127,148,3,127,269,21,195,3,219,127",582
730,100,"683,37,731,421,923,638,502,451,770,525","127,151,219,195,195,154,36,163,129,3",572
3475,100,"683,539,312,396,815,480,791,566,931,501","127,148,148,267,126,148,189,146,56,127",547
932,100,"683,37,677,63,76,770,79,30,626,605","127,151,156,269,36,129,155,21,164,155",568
2062,100,"923,312,811,452,791,813,138,625,520,614","195,148,3,146,189,154,195,126,127,3",380
3456,100,"683,37,677,63,76,770,79,30,891,433","127,151,156,269,36,129,155,21,267,33",545
1046,100,"683,37,677,30,79,71,605,794,626,555","127,151,156,21,155,156,155,39,164,33",401
2726,100,"683,37,677,63,891,342,433,605,301,439","127,151,156,269,267,163,33,155,44,153",546
3852,100,"923,770,834,30,533,502,119,891,150,63","195,129,36,21,39,36,36,267,195,269",531
5016,100,"37,452,312,791,629,927,86,811,290,717","151,146,148,189,148,284,164,3,3,195",264
3507,101,"683,37,677,255,802,923,770,370,740,79","127,151,156,36,127,195,129,195,36,155",531
5784,101,"683,539,811,491,406,867,178,907,501,312","127,148,3,146,127,155,155,219,127,148",490
5424,101,"683,37,731,421,923,789,636,451,497,452","127,151,219,195,195,156,56,163,128,146",535
5481,101,"683,37,677,63,891,605,555,255,811,745","127,151,156,269,267,155,33,36,3,3",553
4511,101,"683,539,811,710,466,489,898,248,30,290","127,148,3,127,42,269,39,148,21,3",612
5430,101,"683,37,677,63,76,770,502,433,409,359","127,151,156,269,36,129,36,33,195,267",546
2873,101,"923,770,834,30,79,789,887,71,85,193","195,129,36,21,155,156,3,156,56,21",477
1235,101,"923,312,508,133,811,533,488,637,368,80","195,148,219,163,3,39,129,155,3,155",494
4355,101,"683,37,677,443,42,342,63,500,663,163","127,151,156,176,176,163,269,155,176,163",586
3184,101,"683,37,731,312,636,406,452,492,372,328","127,151,219,148,56,127,146,127,155,39",535
2179,101,"923,37,887,502,79,30,572,291,794,626","195,151,3,36,155,21,39,21,39,164",352
3210,101,"683,37,677,770,79,342,30,161,500,439","127,151,156,129,155,163,21,156,155,153",544
4486,101,"683,37,677,417,731,105,76,370,328,451","127,151,156,165,219,284,36,195,39,163",519
633,101,"683,539,811,710,923,770,526,290,160,898","127,148,3,127,195,129,63,3,39,39",508
1430,101,"683,891,794,28,525,30,789,626,409,448","127,267,39,163,3,21,156,164,195,3",412
1133,101,"923,312,813,539,629,867,614,791,3,457","195,148,154,148,148,155,3,189,155,156",361
5148,101,"683,539,312,396,815,480,791,907,295,690","127,148,148,267,126,148,189,219,127,219",556
64,101,"683,37,421,502,406,3,629,885,867,209","127,151,195,36,127,155,148,39,155,155",494
5501,101,"683,37,677,30,79,76,11,642,433,555","127,151,156,21,155,36,156,195,33,33",463
1584,101,"923,312,813,539,295,629,907,480,363,452","195,148,154,148,127,148,219,148,128,146",413
3104,101,"100,340,703,663,502,30,915,409,255,789","165,181,181,176,36,21,155,156,195,36,156",363
729,101,"923,312,811,80,533,656,529,178,867,791","195,148,3,155,39,3,155,155,155,189",346
4554,101,"683,37,677,63,891,342,500,555,605,255","127,151,156,269,267,163,155,33,155,36",569
2626,101,"683,37,731,421,923,638,834,891,502,770","127,151,219,195,195,154,36,267,36,129",628
2261,101,"683,539,811,491,406,867,178,791,804,529","127,148,3,146,127,155,155,189,148,155",641
5528,101,"683,37,677,63,891,605,161,500,800,555","127,151,156,269,267,155,156,155,156,33",553
5711,101,"683,37,677,63,76,433,30,642,359,555","127,151,156,269,36,33,21,195,267,33",553
2466,101,"923,37,887,533,502,79,834,572,291,119","195,151,3,39,36,155,36,39,21,36",375
145,101,"683,37,677,770,79,30,834,657,433,385","127,151,156,129,155,21,36,56,33,39",500
5860,101,"923,312,813,539,629,480,178,457,791,452","195,148,154,148,148,148,155,156,189,146",354
5493,101,"683,37,677,255,105,90,770,740,30,555","127,151,156,36,284,36,129,36,21,33",544
3202,101,"683,539,312,396,295,252,815,163,200,791","127,148,148,267,127,154,126,163,54,189",669
541,101,"683,539,811,710,923,406,508,529,154,80","127,148,3,127,195,127,219,155,164,155",528
2883,101,"743,923,811,312,452,520,614,546,673,677","163,164,195,3,148,146,127,3,146,154,156",389
1595,101,"923,770,328,375,363,37,657,502,853,766","195,129,39,54,128,151,56,36,44,54,284",500
4837,101,"683,539,312,791,566,480,295,907,815,931","127,148,148,189,146,148,127,219,126,56",464
5610,101,"683,539,811,710,466,375,923,489,770,163","127,148,3,127,42,54,195,269,129,163",653
66,101,"683,539,811,491,406,452,501,907,466,756","127,148,3,146,127,146,127,219,42,58",653
5436,101,"683,539,811,491,406,867,178,907,312,452","127,148,3,146,127,155,155,219,148,146",547
2737,101,"683,539,811,710,923,406,867,529,178,690","127,148,3,127,195,127,155,155,155,219",535
573,101,"923,312,811,488,600,154,80,502,492,637","195,148,3,129,56,164,155,36,127,155",547
1670,101,"683,37,677,63,76,770,923,502,834,891","127,151,156,269,36,129,195,36,36,267",644
5744,101,"683,37,677,443,63,42,342,500,555,605","127,151,156,176,269,176,163,155,33,155",586
1223,101,"923,37,887,502,464,30,328,376,626,647","195,151,3,36,148,21,39,164,164,60,63",400
376,101,"683,539,811,907,452,406,312,508,721,791","127,148,3,219,146,127,148,219,219,189",412
2837,101,"683,37,677,63,891,385,255,79,500,555","127,151,156,269,267,39,36,155,155,33",538
2931,101,"100,312,406,471,295,702,73,257,751,457","165,148,127,176,127,176,176,146,148,156",461
1374,101,"683,37,677,63,76,433,502,891,30,79","127,151,156,269,36,33,36,267,21,155",553
2938,101,"683,37,731,312,629,25,825,594,440,786","127,151,219,148,148,148,148,146,136,154",535
1563,101,"683,37,677,770,79,30,71,500,161,605","127,151,156,129,155,21,156,155,156,155",519
3981,101,"683,539,312,295,452,248,636,501,791,508","127,148,148,127,146,148,56,127,189,219",520
1993,101,"683,539,312,295,452,791,394,501,480,931","127,148,148,127,146,189,127,127,148,56",540
4228,101,"683,37,677,770,79,30,76,605,525,409","127,151,156,129,155,21,36,155,3,195",549
934,101,"683,37,677,255,105,889,731,923,17,328","127,151,156,36,284,148,219,195,60,39",577
449,101,"683,37,731,421,923,638,502,834,676,143","127,151,219,195,195,154,36,36,155,155",541
944,101,"923,770,834,30,79,789,500,169,439,856","195,129,36,21,155,156,155,164,153,39",447
3243,101,"683,37,677,23,255,638,76,555,359,79","127,151,156,125,36,154,36,33,267,155",553
889,101,"683,37,731,421,923,789,636,497,629,600","127,151,219,195,195,156,56,128,148,56",519
3540,101,"683,37,731,421,923,638,502,834,676,143","127,151,219,195,195,154,36,36,155,155",553
2861,101,"683,37,677,30,79,71,572,605,385,439","127,151,156,21,155,156,39,155,39,153",412
4748,101,"923,770,834,30,79,63,500,789,119,605","195,129,36,21,155,269,155,156,36,155",521
3532,101,"683,37,677,770,90,409,642,433,502,834","127,151,156,129,36,195,195,33,36,36",528
1764,101,"683,37,677,255,802,923,105,731,451,889","127,151,156,36,127,195,284,219,163,148",541
1614,101,"683,37,677,63,891,301,555,500,255,623","127,151,156,269,267,44,33,155,36,155",571
5452,101,"683,37,677,417,731,105,76,370,328,502","127,151,156,165,219,284,36,195,39,36",519
5139,101,"683,37,677,255,105,90,770,740,555,30","127,151,156,36,284,36,129,36,33,21",472
2840,101,"923,37,887,502,79,30,834,789,160,439","195,151,3,36,155,21,36,156,39,153",355
2905,101,"683,37,731,312,636,406,848,306,328,525","127,151,219,148,56,127,44,267,39,3",628
1538,101,"683,37,677,770,79,71,626,525,555,500","127,151,156,129,155,156,164,3,33,155",494
681,101,"683,37,731,421,636,451,923,406,530,497","127,151,219,195,56,163,195,127,284,128",514
2101,101,"683,539,811,491,406,452,907,508,791,480","127,148,3,146,127,146,219,219,189,148",574
5250,101,"923,312,813,614,629,791,452,480,539,184","195,148,154,3,148,189,146,148,148,36",338
2710,101,"683,539,312,396,815,480,791,931,252,457","127,148,148,267,126,148,189,56,154,156",520
3446,101,"683,37,677,255,802,923,105,731,157,889","127,151,156,36,127,195,284,219,163,148",519
1057,101,"683,539,811,907,452,406,508,923,501,710","127,148,3,219,146,127,219,195,127,127",543
671,101,"683,539,811,710,30,290,770,766,137,637","127,148,3,127,21,3,129,284,39,155",460
185,101,"544,115,81,23,220,763,312,109,363,501","174,175,174,125,181,175,148,174,128,127",720
622,101,"683,539,811,491,452,480,907,791,931,312","127,148,3,146,146,148,219,189,56,148",535
2367,101,"923,312,813,539,295,629,178,363,480,349","195,148,154,148,127,148,155,128,148,127",398
717,101,"340,891,63,225,605,430,856,245,230,528","181,267,269,163,155,44,39,217,114,127",461
5110,101,"923,37,887,502,170,551,809,90,457,889","195,151,3,36,39,195,155,36,156,148",349
2548,101,"37,811,464,626,617,333,79,889,212,834","151,3,148,164,148,163,155,148,148,36",228
5210,101,"683,37,677,770,90,409,642,913,502,800","127,151,156,129,36,195,195,219,36,156",523
2654,101,"683,539,811,491,406,867,178,529,501,804","127,148,3,146,127,155,155,155,127,148",541
5074,101,"683,37,677,63,891,605,555,500,255,30","127,151,156,269,267,155,33,155,36,21",553
4457,101,"683,37,731,697,312,629,751,440,363,295","127,151,219,60,148,148,148,136,128,127",690
1462,101,"683,37,677,770,79,30,891,354,90,834","127,151,156,129,155,21,267,202,36,36",554
1213,101,"683,37,677,63,76,433,17,30,834,502","127,151,156,269,36,33,60,21,36,36",644
1760,101,"683,37,677,417,731,105,637,889,451,328","127,151,156,165,219,284,155,148,163,39",600
1298,101,"923,37,629,502,328,363,452,312,25,791","195,151,148,36,39,128,146,148,148,189",430
2094,101,"683,37,731,421,923,834,502,770,629,368","127,151,219,195,195,36,36,129,148,3",537
3549,101,"683,539,811,501,406,168,312,791,705,290","127,148,3,127,127,165,148,189,44,3",633
5694,101,"683,37,731,421,636,451,848,157,3,406","127,151,219,195,56,163,44,163,155,127",606
112,101,"100,340,488,406,42,23,330,37,28,443","165,181,129,127,176,125,300,151,163,176",749
3791,101,"683,539,811,491,406,452,501,907,466,532","127,148,3,146,127,146,127,219,42,219",639
1269,101,"923,312,508,811,600,154,533,348,37,105","195,148,219,3,56,164,39,44,151,284",476
4216,101,"683,37,677,63,891,605,161,433,439,555","127,151,156,269,267,155,156,33,153,33",553
1837,101,"683,37,677,255,802,923,105,751,770,740","127,151,156,36,127,195,284,148,129,36",499
2380,101,"683,539,811,491,406,867,178,501,907,312","127,148,3,146,127,155,155,127,219,148",535
2786,101,"683,37,677,63,41,500,856,161,79,439","127,151,156,269,44,155,39,156,155,153",691
3513,101,"923,770,328,502,37,887,288,30,79,439","195,129,39,36,151,3,125,21,155,153",523
111,101,"683,37,677,255,105,90,770,740,30,359","127,151,156,36,284,36,129,36,21,267",598
4671,101,"683,37,677,63,891,605,555,500,856,161","127,151,156,269,267,155,33,155,39,156",553
1507,101,"683,539,312,295,452,248,636,923,489,770","127,148,148,127,146,148,56,195,269,129",634
3266,101,"683,539,811,491,452,480,907,721,791,312","127,148,3,146,146,148,219,219,189,148",579
3187,101,"923,37,629,502,328,312,452,154,550,637","195,151,148,36,39,148,146,164,21,155",374
5211,101,"683,37,677,417,731,105,637,889,485,923","127,151,156,165,219,284,155,148,189,195",541
2831,101,"923,312,811,452,791,614,813,432,138,885","195,148,3,146,189,3,154,44,195,39",513
2347,101,"683,37,677,417,255,889,449,370,923,30","127,151,156,165,36,148,165,195,195,21",555
5507,101,"683,37,731,421,923,638,502,834,54,448","127,151,219,195,195,154,36,36,33,3",519
5544,101,"683,37,532,502,731,157,923,834,891,770","127,151,219,36,219,163,195,36,267,129",720
2914,101,"683,539,811,491,406,452,178,501,791,508","127,148,3,146,127,146,155,127,189,219",559
5496,101,"683,539,811,491,406,452,907,508,312,721","127,148,3,146,127,146,219,219,148,219",530
1138,101,"683,539,811,491,452,480,907,791,804,484","127,148,3,146,146,148,219,189,148,127",535
4419,101,"683,37,677,63,76,770,79,30,525,409","127,151,156,269,36,129,155,21,3,195",627
3276,101,"683,37,677,255,802,923,105,770,370,740","127,151,156,36,127,195,284,129,195,36",569
1047,101,"100,340,544,663,572,28,63,703,245,626","165,181,174,176,39,163,269,181,217,164",782
2918,101,"683,37,677,63,76,770,105,30,889,433","127,151,156,269,36,129,284,21,148,33",634
1378,101,"683,539,312,396,907,636,363,452,791,295","127,148,148,267,219,56,128,146,189,127",588
1389,101,"683,539,811,710,923,690,489,290,348,137","127,148,3,127,195,219,269,3,44,39",618
4400,101,"683,37,677,63,76,770,79,30,525,409","127,151,156,269,36,129,155,21,3,195",654
565,101,"683,37,677,330,689,23,417,451,157,923","127,151,156,300,128,125,165,163,163,195",640
5627,101,"683,539,312,295,414,452,815,501,879,163","127,148,148,127,267,146,126,127,129,163",669
5456,101,"544,312,81,109,408,747,683,452,539,811","174,148,174,174,174,164,127,146,148,3",611
123,101,"683,76,731,636,502,889,637,891,530,368","127,36,219,56,36,148,155,267,284,3",466
3482,101,"683,539,811,491,406,452,501,508,312,529","127,148,3,146,127,146,127,219,148,155",547
6033,101,"683,539,312,295,414,931,791,396,200,480","127,148,148,127,267,56,189,267,54,148",661
5560,101,"683,539,312,295,414,931,791,396,742,815","127,148,148,127,267,56,189,267,164,126",616
4723,101,"683,539,811,710,923,770,290,766,30,898","127,148,3,127,195,129,3,284,21,39",498
1525,101,"683,539,312,295,414,452,710,501,815,879","127,148,148,127,267,146,127,127,126,129",600
3854,101,"683,37,731,421,923,789,636,451,497,525","127,151,219,195,195,156,56,163,128,3",544
184,101,"683,37,731,421,157,638,891,430,502,834","127,151,219,195,163,154,267,44,36,36",645
1025,101,"683,37,731,312,636,406,25,452,791,885","127,151,219,148,56,127,148,146,189,39",535
4422,101,"683,37,677,30,79,71,161,500,439,605","127,151,156,21,155,156,156,155,153,155",374
2100,101,"421,312,811,673,452,791,804,742,813,491","195,148,3,154,146,189,148,164,154,146",371
2034,101,"739,923,834,702,37,929,887,441,443,363","164,195,36,176,151,175,3,117,176,128",485
1554,101,"683,37,677,63,891,301,555,255,354,500","127,151,156,269,267,44,33,36,202,155",612
3938,101,"544,312,81,621,692,683,109,115,270,799","174,148,174,176,176,127,174,175,176,175",688
3315,101,"683,37,677,63,891,605,555,255,811,745","127,151,156,269,267,155,33,36,3,3",541
966,101,"683,539,811,907,452,406,508,690,421,480","127,148,3,219,146,127,219,219,195,148",510
4238,101,"683,539,312,396,815,480,791,931,252,363","127,148,148,267,126,148,189,56,154,128",521
3693,101,"683,539,811,710,923,406,867,529,501,656","127,148,3,127,195,127,155,155,127,3",463
1674,101,"683,539,811,900,489,710,923,321,290,902","127,148,3,267,269,127,195,127,3,117",640
4816,101,"100,573,923,207,359,409,433,245,288,17","165,125,195,127,267,195,33,217,125,60",550
4352,101,"683,539,811,710,923,406,867,529,488,656","127,148,3,127,195,127,155,155,129,3",535
2677,101,"544,312,629,440,349,338,539,845,59,363","174,148,148,136,127,148,148,63,164,128",796
3486,101,"683,37,677,330,23,689,73,568,889,42","127,151,156,300,125,128,176,169,148,176",702
796,101,"683,37,677,63,76,770,79,30,657,433","127,151,156,269,36,129,155,21,56,33",635
5561,101,"683,37,677,255,105,90,770,740,555,79","127,151,156,36,284,36,129,36,33,155",509
2917,101,"683,37,677,770,90,889,485,657,417,555","127,151,156,129,36,148,189,56,165,33",519
4277,101,"683,37,677,255,90,370,449,923,889,441","127,151,156,36,36,195,165,195,148,117",563
444,101,"683,37,677,417,731,105,76,90,30,555","127,151,156,165,219,284,36,36,21,33",526
2078,101,"683,37,677,770,90,409,834,923,563,502","127,151,156,129,36,195,36,195,154,36",516
2781,101,"683,539,312,295,815,501,791,931,742,252","127,148,148,127,126,127,189,56,164,154",555
1503,101,"683,37,677,63,891,342,500,161,856,79","127,151,156,269,267,163,155,156,39,155",553
2961,101,"683,37,677,63,76,770,79,245,30,71","127,151,156,269,36,129,155,217,21,156",678
2627,101,"544,692,115,245,719,79,770,663,572,119","174,176,175,217,181,155,129,176,39,36",689
4492,101,"683,37,677,417,255,105,288,76,802,731","127,151,156,165,36,284,125,36,127,219",531
4858,101,"683,37,731,421,636,157,502,328,3,406","127,151,219,195,56,163,36,39,155,127",594
1041,101,"683,37,677,63,41,891,430,770,30,794","127,151,156,269,44,267,44,129,21,39",669
987,101,"100,312,295,396,440,480,349,363,629,791","165,148,127,267,136,148,127,128,148,189",690
432,101,"683,539,811,710,348,923,770,526,766,690","127,148,3,127,44,195,129,63,284,219",507
970,101,"683,37,677,255,90,370,638,79,740,555","127,151,156,36,36,195,154,155,36,33",394
6147,101,"683,37,677,255,105,889,370,551,502,740","127,151,156,36,284,148,195,195,36,36",576
1709,101,"100,37,573,482,572,906,291,923,705,488","165,151,125,164,39,202,21,195,44,129",682
4088,101,"923,312,811,600,533,105,770,710,867,492","195,148,3,56,39,284,129,127,155,127",479
5126,101,"683,539,312,791,566,815,907,690,252,931","127,148,148,189,146,126,219,219,154,56",498
464,101,"683,37,731,421,636,328,3,451,638,848","127,151,219,195,56,39,155,163,154,44",608
4325,101,"683,37,731,312,636,406,3,751,328,629","127,151,219,148,56,127,155,148,39,148",571
2211,101,"340,98,73,550,471,257,406,375,751,42","181,164,176,21,176,146,127,54,148,176",717
2618,101,"683,37,677,330,90,853,889,3,731,502","127,151,156,300,36,44,54,148,155,219,36",586
4940,101,"683,37,677,255,105,90,770,740,555,79","127,151,156,36,284,36,129,36,33,155",601
1823,101,"683,37,677,63,891,770,889,90,288,409","127,151,156,269,267,129,148,36,125,195",612
2795,101,"683,37,677,770,90,409,642,433,207,342","127,151,156,129,36,195,195,33,127,163",510
2949,101,"683,37,677,63,76,770,923,502,834,891","127,151,156,269,36,129,195,36,36,267",600
4827,101,"683,37,677,30,79,71,161,500,439,605","127,151,156,21,155,156,156,155,153,155",412
1788,101,"340,223,480,451,73,703,512,702,485,889","181,165,148,163,176,181,169,176,189,148",187
3462,101,"683,37,677,770,90,889,97,850,731,457","127,151,156,129,36,148,39,36,219,156",539
2322,101,"683,37,677,63,76,770,923,23,502,328","127,151,156,269,36,129,195,125,36,39",693
248,101,"683,539,811,710,923,690,489,290,30,770","127,148,3,127,195,219,269,3,21,129",612
4017,101,"683,539,312,396,907,636,452,295,923,469","127,148,148,267,219,56,146,127,195,163",519
767,101,"683,37,677,63,76,770,502,433,385,555","127,151,156,269,36,129,36,33,39,33",582
4698,101,"683,37,677,63,891,605,555,500,255,11","127,151,156,269,267,155,33,155,36,156",553
35,101,"683,539,811,452,312,480,791,349,501,414","127,148,3,146,148,148,189,127,127,267",620
2148,101,"683,37,731,421,923,638,502,834,676,143","127,151,219,195,195,154,36,36,155,155",520
5579,101,"683,539,811,710,923,406,508,529,178,867","127,148,3,127,195,127,219,155,155,155",585
5580,101,"683,37,677,330,90,910,76,492,573,740","127,151,156,300,36,127,36,127,125,36",608
1109,101,"683,37,677,330,23,923,501,312,546,889","127,151,156,300,125,195,127,148,146,148",555
2923,101,"683,37,731,421,636,406,923,23,848,501","127,151,219,195,56,127,195,125,44,127",669
1172,101,"683,37,677,770,79,30,342,255,71,800","127,151,156,129,155,21,163,36,156,156",506
714,101,"923,312,811,80,533,717,502,37,885,629","195,148,3,155,39,195,36,151,39,148",380
5558,101,"683,539,312,396,815,480,791,295,931,566","127,148,148,267,126,148,189,127,56,146",561
3945,101,"683,539,811,710,489,30,923,290,690,406","127,148,3,127,269,21,195,3,219,127",582
730,101,"683,37,731,421,923,638,502,451,770,626","127,151,219,195,195,154,36,163,129,164",572
3475,101,"683,539,312,396,815,480,791,566,931,501","127,148,148,267,126,148,189,146,56,127",547
932,101,"683,37,677,63,76,770,79,30,525,409","127,151,156,269,36,129,155,21,3,195",568
2062,101,"923,312,811,452,791,813,138,625,520,742","195,148,3,146,189,154,195,126,127,164",380
3456,101,"683,37,677,63,76,770,79,30,891,433","127,151,156,269,36,129,155,21,267,33",545
1046,101,"683,37,677,30,79,71,605,794,626,555","127,151,156,21,155,156,155,39,164,33",401
2726,101,"683,37,677,63,891,342,433,605,301,439","127,151,156,269,267,163,33,155,44,153",546
3852,101,"923,770,834,30,533,502,119,891,150,63","195,129,36,21,39,36,36,267,195,269",531
5016,101,"37,452,312,791,629,927,133,295,25,811","151,146,148,189,148,284,163,127,148,3",264
3507,102,"683,37,677,417,731,157,370,502,507,551","127,151,156,165,219,163,195,36,126,195",531
5784,102,"683,539,811,491,406,867,178,907,501,312","127,148,3,146,127,155,155,219,127,148",490
5424,102,"683,37,731,421,923,789,636,497,452,629","127,151,219,195,195,156,56,128,146,148",535
5481,102,"683,37,677,63,891,605,555,255,163,811","127,151,156,269,267,155,33,36,163,3",553
4511,102,"683,539,811,710,466,489,898,248,30,290","127,148,3,127,42,269,39,148,21,3",612
5430,102,"683,37,677,63,76,770,502,433,409,359","127,151,156,269,36,129,36,33,195,267",546
2873,102,"923,770,834,30,79,789,887,342,500,71","195,129,36,21,155,156,3,163,155,156",477
1235,102,"923,312,508,133,811,533,488,637,368,80","195,148,219,163,3,39,129,155,3,155",494
4355,102,"683,37,677,443,42,889,63,663,555,856","127,151,156,176,176,148,269,176,33,39",586
3184,102,"683,37,731,312,636,406,452,492,372,328","127,151,219,148,56,127,146,127,155,39",535
2179,102,"923,37,887,502,79,30,572,291,794,555","195,151,3,36,155,21,39,21,39,33",352
3210,102,"683,37,677,770,79,30,71,500,161,605","127,151,156,129,155,21,156,155,156,155",544
4486,102,"683,37,677,255,802,923,105,770,370,740","127,151,156,36,127,195,284,129,195,36",519
633,102,"683,539,811,710,923,770,526,290,160,898","127,148,3,127,195,129,63,3,39,39",508
1430,102,"683,891,794,30,225,203,502,789,507,409","127,267,39,21,163,125,36,156,126,195",412
1133,102,"923,312,813,539,629,867,614,791,3,457","195,148,154,148,148,155,3,189,155,156",361
5148,102,"683,539,312,396,815,480,791,907,295,690","127,148,148,267,126,148,189,219,127,219",556
64,102,"683,37,421,502,406,3,629,885,867,209","127,151,195,36,127,155,148,39,155,155",494
5501,102,"683,37,677,30,79,626,555,11,385,161","127,151,156,21,155,164,33,156,39,156",463
1584,102,"923,312,813,539,295,629,907,480,363,452","195,148,154,148,127,148,219,148,128,146",413
3104,102,"100,340,703,663,502,30,915,409,255,789","165,181,181,176,36,21,155,156,195,36,156",363
729,102,"923,312,811,80,154,533,529,673,178,791","195,148,3,155,164,39,155,154,155,189",346
4554,102,"683,37,677,63,891,605,555,500,255,30","127,151,156,269,267,155,33,155,36,21",569
2626,102,"683,37,731,421,923,638,834,891,502,770","127,151,219,195,195,154,36,267,36,129",628
2261,102,"683,539,811,491,406,867,178,791,804,529","127,148,3,146,127,155,155,189,148,155",641
5528,102,"683,37,677,63,891,605,161,500,800,555","127,151,156,269,267,155,156,155,156,33",553
5711,102,"683,37,677,63,76,433,626,30,891,642","127,151,156,269,36,33,164,21,267,195",553
2466,102,"923,37,887,533,502,79,834,572,291,119","195,151,3,39,36,155,36,39,21,36",375
145,102,"683,37,677,770,79,30,834,657,433,385","127,151,156,129,155,21,36,56,33,39",500
5860,102,"923,312,813,539,629,480,178,742,457,529","195,148,154,148,148,148,155,164,156,155",354
5493,102,"683,37,677,255,105,90,770,740,30,555","127,151,156,36,284,36,129,36,21,33",544
3202,102,"683,539,312,396,43,336,252,742,163,257","127,148,148,267,163,176,154,164,163,146",669
541,102,"683,539,811,710,923,406,508,529,721,501","127,148,3,127,195,127,219,155,219,127",528
2883,102,"100,37,443,42,663,923,811,546,802,717","165,151,176,176,176,195,3,146,127,195",389
1595,102,"923,770,328,375,363,37,657,502,853,766","195,129,39,54,128,151,56,36,44,54,284",500
4837,102,"683,539,312,791,566,480,295,907,815,931","127,148,148,189,146,148,127,219,126,56",464
5610,102,"683,539,811,710,466,375,923,489,770,321","127,148,3,127,42,54,195,269,129,127",653
66,102,"683,539,811,491,406,452,501,907,466,756","127,148,3,146,127,146,127,219,42,58",653
5436,102,"683,539,811,491,406,867,178,907,312,452","127,148,3,146,127,155,155,219,148,146",547
2737,102,"683,539,811,710,923,406,867,529,178,690","127,148,3,127,195,127,155,155,155,219",535
573,102,"923,312,811,488,600,133,636,37,502,770","195,148,3,129,56,163,56,151,36,129",547
1670,102,"683,37,677,63,76,770,923,502,834,891","127,151,156,269,36,129,195,36,36,267",644
5744,102,"683,37,677,443,63,42,342,500,555,605","127,151,156,176,269,176,163,155,33,155",586
1223,102,"923,37,887,502,417,30,551,745,342,889","195,151,3,36,165,21,195,3,163,148",400
376,102,"683,539,811,907,452,406,312,508,721,791","127,148,3,219,146,127,148,219,219,189",412
2837,102,"683,37,677,63,891,385,255,79,500,555","127,151,156,269,267,39,36,155,155,33",538
2931,102,"100,312,406,471,295,702,73,257,751,457","165,148,127,176,127,176,176,146,148,156",461
1374,102,"683,37,677,63,76,433,502,891,30,79","127,151,156,269,36,33,36,267,21,155",553
2938,102,"683,37,731,312,629,25,825,594,440,786","127,151,219,148,148,148,148,146,136,154",535
1563,102,"683,37,677,770,79,30,71,500,161,605","127,151,156,129,155,21,156,155,156,155",519
3981,102,"683,539,312,295,452,248,636,501,791,508","127,148,148,127,146,148,56,127,189,219",520
1993,102,"683,539,312,295,452,791,394,501,480,931","127,148,148,127,146,189,127,127,148,56",540
4228,102,"683,37,677,770,79,30,76,605,525,409","127,151,156,129,155,21,36,155,3,195",549
934,102,"683,37,677,255,105,889,451,923,17,731","127,151,156,36,284,148,163,195,60,219",577
449,102,"683,37,731,421,923,638,502,834,676,143","127,151,219,195,195,154,36,36,155,155",541
944,102,"923,770,834,30,79,789,500,439,856,605","195,129,36,21,155,156,155,153,39,155",447
3243,102,"683,37,677,23,255,638,76,555,359,79","127,151,156,125,36,154,36,33,267,155",553
889,102,"683,37,731,421,923,789,636,497,629,133","127,151,219,195,195,156,56,128,148,163",519
3540,102,"683,37,731,421,157,638,776,502,238,923","127,151,219,195,163,154,267,36,155,195",553
2861,102,"683,37,677,30,79,71,572,605,385,439","127,151,156,21,155,156,39,155,39,153",412
4748,102,"923,770,834,30,79,63,500,789,119,605","195,129,36,21,155,269,155,156,36,155",521
3532,102,"683,37,677,770,90,409,642,433,502,834","127,151,156,129,36,195,195,33,36,36",528
1764,102,"683,37,677,255,802,923,105,731,451,889","127,151,156,36,127,195,284,219,163,148",541
1614,102,"683,37,677,63,891,342,500,555,301,255","127,151,156,269,267,163,155,33,44,36",571
5452,102,"683,37,677,255,802,923,636,600,889,90","127,151,156,36,127,195,56,56,148,36",519
5139,102,"683,37,677,255,105,90,770,740,555,30","127,151,156,36,284,36,129,36,33,21",472
2840,102,"923,37,887,502,79,30,834,789,160,439","195,151,3,36,155,21,36,156,39,153",355
2905,102,"683,37,731,312,636,406,848,306,328,525","127,151,219,148,56,127,44,267,39,3",628
1538,102,"683,37,677,770,79,342,500,800,439,555","127,151,156,129,155,163,155,156,153,33",494
681,102,"683,37,731,421,636,406,923,789,501,328","127,151,219,195,56,127,195,156,127,39",514
2101,102,"683,539,811,491,406,452,907,508,791,480","127,148,3,146,127,146,219,219,189,148",574
5250,102,"923,312,813,614,629,742,791,452,539,480","195,148,154,3,148,164,189,146,148,148",338
2710,102,"683,539,312,396,815,480,791,931,252,457","127,148,148,267,126,148,189,56,154,156",520
3446,102,"683,37,677,255,802,923,105,731,889,485","127,151,156,36,127,195,284,219,148,189",519
1057,102,"683,539,811,907,452,406,508,923,501,710","127,148,3,219,146,127,219,195,127,127",543
671,102,"683,539,811,710,30,290,770,766,137,637","127,148,3,127,21,3,129,284,39,155",460
185,102,"544,115,81,23,220,763,312,109,363,501","174,175,174,125,181,175,148,174,128,127",720
622,102,"683,539,811,491,452,480,907,791,931,312","127,148,3,146,146,148,219,189,56,148",535
2367,102,"923,312,813,539,295,629,178,363,480,349","195,148,154,148,127,148,155,128,148,127",398
717,102,"340,891,63,335,430,605,856,528,291,623","181,267,269,195,44,155,39,127,21,155",461
5110,102,"923,37,887,502,170,417,551,178,457,533","195,151,3,36,39,165,195,155,156,39",349
2548,102,"37,811,342,79,464,523,637,410,22,717","151,3,163,155,148,21,155,148,189,195",228
5210,102,"683,37,677,770,90,409,642,913,502,800","127,151,156,129,36,195,195,219,36,156",523
2654,102,"683,539,811,491,406,867,178,529,501,804","127,148,3,146,127,155,155,155,127,148",541
5074,102,"683,37,677,63,891,342,500,555,605,255","127,151,156,269,267,163,155,33,155,36",553
4457,102,"683,37,731,697,312,629,751,440,363,295","127,151,219,60,148,148,148,136,128,127",690
1462,102,"683,37,677,770,79,30,891,354,90,834","127,151,156,129,155,21,267,202,36,36",554
1213,102,"683,37,677,63,76,433,17,30,834,342","127,151,156,269,36,33,60,21,36,163",644
1760,102,"683,37,677,255,802,731,105,485,889,637","127,151,156,36,127,219,284,189,148,155",600
1298,102,"923,37,629,502,328,363,452,312,25,791","195,151,148,36,39,128,146,148,148,189",430
2094,102,"683,37,731,421,923,834,502,770,629,368","127,151,219,195,195,36,36,129,148,3",537
3549,102,"683,539,811,501,406,168,312,791,705,290","127,148,3,127,127,165,148,189,44,3",633
5694,102,"683,37,731,421,636,451,848,306,328,406","127,151,219,195,56,163,44,267,39,127",606
112,102,"100,340,488,406,42,23,330,37,443,223","165,181,129,127,176,125,300,151,176,165",749
3791,102,"683,539,811,491,406,452,501,907,466,532","127,148,3,146,127,146,127,219,42,219",639
1269,102,"923,312,508,811,600,154,533,348,37,105","195,148,219,3,56,164,39,44,151,284",476
4216,102,"683,37,677,63,891,342,500,555,605,439","127,151,156,269,267,163,155,33,155,153",553
1837,102,"683,37,677,417,923,105,802,889,328,530","127,151,156,165,195,284,127,148,39,284",499
2380,102,"683,539,811,491,406,867,178,501,907,312","127,148,3,146,127,155,155,127,219,148",535
2786,102,"683,37,677,63,41,500,856,161,79,439","127,151,156,269,44,155,39,156,155,153",691
3513,102,"923,770,328,502,37,887,288,30,79,439","195,129,39,36,151,3,125,21,155,153",523
111,102,"683,37,677,255,105,90,770,740,30,359","127,151,156,36,284,36,129,36,21,267",598
4671,102,"683,37,677,63,891,605,555,500,856,161","127,151,156,269,267,155,33,155,39,156",553
1507,102,"683,539,312,295,452,248,636,923,489,770","127,148,148,127,146,148,56,195,269,129",634
3266,102,"683,539,811,491,452,480,907,721,791,312","127,148,3,146,146,148,219,219,189,148",579
3187,102,"923,37,629,502,328,312,452,885,134,421","195,151,148,36,39,148,146,39,155,195",374
5211,102,"683,37,677,255,802,923,105,731,97,368","127,151,156,36,127,195,284,219,39,3",541
2831,102,"923,312,811,452,791,614,813,432,138,885","195,148,3,146,189,3,154,44,195,39",513
2347,102,"683,37,677,417,255,889,449,370,923,30","127,151,156,165,36,148,165,195,195,21",555
5507,102,"683,37,731,421,923,638,502,834,54,448","127,151,219,195,195,154,36,36,33,3",519
5544,102,"683,37,532,502,731,923,834,770,368,346","127,151,219,36,219,195,36,129,3,148",720
2914,102,"683,539,811,491,406,452,178,501,791,508","127,148,3,146,127,146,155,127,189,219",559
5496,102,"683,539,811,491,406,452,907,508,312,721","127,148,3,146,127,146,219,219,148,219",530
1138,102,"683,539,811,491,452,480,907,791,804,484","127,148,3,146,146,148,219,189,148,127",535
4419,102,"683,37,677,63,76,770,79,30,525,409","127,151,156,269,36,129,155,21,3,195",627
3276,102,"683,37,677,255,802,923,105,770,370,740","127,151,156,36,127,195,284,129,195,36",569
1047,102,"100,340,223,544,663,245,770,81,23,63","165,181,165,174,176,217,129,174,125,269",782
2918,102,"683,37,677,63,76,770,105,30,889,433","127,151,156,269,36,129,284,21,148,33",634
1378,102,"683,539,312,396,907,636,363,452,791,295","127,148,148,267,219,56,128,146,189,127",588
1389,102,"683,539,811,710,923,690,489,290,348,137","127,148,3,127,195,219,269,3,44,39",618
4400,102,"683,37,677,63,76,770,79,30,525,409","127,151,156,269,36,129,155,21,3,195",654
565,102,"683,37,677,330,689,23,731,923,157,370","127,151,156,300,128,125,219,195,163,195",640
5627,102,"683,539,312,295,414,452,815,501,879,791","127,148,148,127,267,146,126,127,129,189",669
5456,102,"544,312,81,109,408,747,683,452,539,811","174,148,174,174,174,164,127,146,148,3",611
123,102,"683,76,731,636,502,889,637,891,530,368","127,36,219,56,36,148,155,267,284,3",466
3482,102,"683,539,811,491,406,452,501,508,312,529","127,148,3,146,127,146,127,219,148,155",547
6033,102,"683,539,312,295,414,931,791,396,200,480","127,148,148,127,267,56,189,267,54,148",661
5560,102,"683,539,312,295,414,931,791,396,200,480","127,148,148,127,267,56,189,267,54,148",616
4723,102,"683,539,811,710,923,770,290,766,30,898","127,148,3,127,195,129,3,284,21,39",498
1525,102,"683,539,312,295,414,452,710,501,815,879","127,148,148,127,267,146,127,127,126,129",600
3854,102,"683,37,731,421,157,923,636,497,789,638","127,151,219,195,163,195,56,128,156,154",544
184,102,"683,37,731,421,923,638,834,891,770,76","127,151,219,195,195,154,36,267,129,36",645
1025,102,"683,37,731,312,636,406,25,452,791,885","127,151,219,148,56,127,148,146,189,39",535
4422,102,"683,37,677,30,342,79,161,500,439,605","127,151,156,21,163,155,156,155,153,155",374
2100,102,"421,312,811,673,452,791,804,813,491,677","195,148,3,154,146,189,148,154,146,156",371
2034,102,"743,923,502,471,702,73,751,443,42,97","163,164,195,36,176,176,176,148,176,176,39",485
1554,102,"683,37,677,63,891,301,555,255,354,500","127,151,156,269,267,44,33,36,202,155",612
3938,102,"544,312,81,621,692,683,109,115,270,799","174,148,174,176,176,127,174,175,176,175",688
3315,102,"683,37,677,63,891,605,555,255,163,811","127,151,156,269,267,155,33,36,163,3",541
966,102,"683,539,811,907,452,406,508,690,421,480","127,148,3,219,146,127,219,219,195,148",510
4238,102,"683,539,312,396,815,480,791,931,252,363","127,148,148,267,126,148,189,56,154,128",521
3693,102,"683,539,811,710,923,406,867,529,501,656","127,148,3,127,195,127,155,155,127,3",463
1674,102,"683,539,811,900,489,710,923,321,290,902","127,148,3,267,269,127,195,127,3,117",640
4816,102,"683,90,502,63,41,430,500,493,245,169","127,36,36,269,44,44,155,156,217,164",550
4352,102,"683,539,811,710,923,406,867,529,488,656","127,148,3,127,195,127,155,155,129,3",535
2677,102,"544,312,629,440,349,338,539,845,59,742","174,148,148,136,127,148,148,63,164,164",796
3486,102,"683,37,677,330,23,689,73,568,889,42","127,151,156,300,125,128,176,169,148,176",702
796,102,"683,37,677,63,76,770,79,30,657,433","127,151,156,269,36,129,155,21,56,33",635
5561,102,"683,37,677,255,105,90,770,740,555,79","127,151,156,36,284,36,129,36,33,155",509
2917,102,"683,37,677,770,90,889,485,657,555,525","127,151,156,129,36,148,189,56,33,3",519
4277,102,"683,37,677,255,90,370,449,923,626,342","127,151,156,36,36,195,165,195,164,163",563
444,102,"683,37,677,255,105,90,770,740,555,79","127,151,156,36,284,36,129,36,33,155",526
2078,102,"683,37,677,770,90,409,834,923,563,502","127,151,156,129,36,195,36,195,154,36",516
2781,102,"683,539,312,295,815,501,791,931,742,252","127,148,148,127,126,127,189,56,164,154",555
1503,102,"683,37,677,63,891,605,555,500,856,161","127,151,156,269,267,155,33,155,39,156",553
2961,102,"683,37,677,63,76,770,79,245,30,342","127,151,156,269,36,129,155,217,21,163",678
2627,102,"544,692,115,245,719,79,770,663,572,119","174,176,175,217,181,155,129,176,39,36",689
4492,102,"683,37,677,255,802,731,105,76,328,923","127,151,156,36,127,219,284,36,39,195",531
4858,102,"683,37,731,421,636,157,502,328,3,406","127,151,219,195,56,163,36,39,155,127",594
1041,102,"683,37,677,63,41,891,430,770,30,342","127,151,156,269,44,267,44,129,21,163",669
987,102,"100,312,295,396,440,480,349,363,629,791","165,148,127,267,136,148,127,128,148,189",690
432,102,"683,539,811,710,348,923,770,526,766,690","127,148,3,127,44,195,129,63,284,219",507
970,102,"683,37,677,255,90,370,638,79,740,555","127,151,156,36,36,195,154,155,36,33",394
6147,102,"683,37,677,255,105,889,370,551,502,740","127,151,156,36,284,148,195,195,36,36",576
1709,102,"683,37,76,63,770,573,23,923,864,501","127,151,36,269,129,125,125,195,163,127",682
4088,102,"923,312,811,600,533,105,770,710,867,492","195,148,3,56,39,284,129,127,155,127",479
5126,102,"683,539,312,791,566,815,907,690,252,931","127,148,148,189,146,126,219,219,154,56",498
464,102,"683,37,731,421,636,328,3,923,638,464","127,151,219,195,56,39,155,195,154,148",608
4325,102,"683,37,731,312,636,406,3,751,328,629","127,151,219,148,56,127,155,148,39,148",571
2211,102,"340,406,73,257,550,471,751,375,468,330","181,127,176,146,21,176,148,54,267,300",717
2618,102,"683,37,677,330,90,853,889,3,731,502","127,151,156,300,36,44,54,148,155,219,36",586
4940,102,"683,37,677,255,105,90,770,740,555,79","127,151,156,36,284,36,129,36,33,155",601
1823,102,"683,37,677,63,891,342,770,889,90,409","127,151,156,269,267,163,129,148,36,195",612
2795,102,"683,37,677,770,90,409,642,433,207,293","127,151,156,129,36,195,195,33,127,3",510
2949,102,"683,37,677,63,76,770,923,502,834,891","127,151,156,269,36,129,195,36,36,267",600
4827,102,"683,37,677,30,342,76,79,605,71,161","127,151,156,21,163,36,155,155,156,156",412
1788,102,"340,703,864,915,780,532,702,839,895,377","181,181,163,155,156,128,219,176,3,176,155",187
3462,102,"683,37,677,770,90,889,97,850,731,457","127,151,156,129,36,148,39,36,219,156",539
2322,102,"683,37,677,225,923,23,76,90,910,891","127,151,156,163,195,125,36,36,127,267",693
248,102,"683,539,811,710,923,690,489,290,30,770","127,148,3,127,195,219,269,3,21,129",612
4017,102,"683,539,312,396,907,636,452,295,923,530","127,148,148,267,219,56,146,127,195,284",519
767,102,"683,37,677,63,76,770,502,433,385,555","127,151,156,269,36,129,36,33,39,33",582
4698,102,"683,37,677,63,891,605,555,500,255,11","127,151,156,269,267,155,33,155,36,156",553
35,102,"683,539,811,452,312,480,791,349,501,414","127,148,3,146,148,148,189,127,127,267",620
2148,102,"683,37,731,421,923,638,502,834,676,143","127,151,219,195,195,154,36,36,155,155",520
5579,102,"683,539,811,710,923,406,508,529,178,867","127,148,3,127,195,127,219,155,155,155",585
5580,102,"683,37,677,330,90,910,76,492,342,359","127,151,156,300,36,127,36,127,163,267",608
1109,102,"683,37,677,330,23,923,501,312,546,889","127,151,156,300,125,195,127,148,146,148",555
2923,102,"683,37,731,421,636,406,923,23,848,501","127,151,219,195,56,127,195,125,44,127",669
1172,102,"683,37,677,770,79,30,76,605,525,701","127,151,156,129,155,21,36,155,3,54",506
714,102,"923,312,811,80,533,717,502,37,885,629","195,148,3,155,39,195,36,151,39,148",380
5558,102,"683,539,312,396,815,480,791,295,931,566","127,148,148,267,126,148,189,127,56,146",561
3945,102,"683,539,811,710,489,30,923,290,690,406","127,148,3,127,269,21,195,3,219,127",582
730,102,"683,37,731,421,923,638,502,451,770,626","127,151,219,195,195,154,36,163,129,164",572
3475,102,"683,539,312,396,815,480,791,566,931,501","127,148,148,267,126,148,189,146,56,127",547
932,102,"683,37,677,63,76,770,79,30,525,409","127,151,156,269,36,129,155,21,3,195",568
2062,102,"923,312,811,452,791,813,138,625,520,614","195,148,3,146,189,154,195,126,127,3",380
3456,102,"683,37,677,63,76,770,79,30,891,433","127,151,156,269,36,129,155,21,267,33",545
1046,102,"683,37,677,30,79,71,605,794,626,555","127,151,156,21,155,156,155,39,164,33",401
2726,102,"683,37,677,63,891,342,433,605,301,439","127,151,156,269,267,163,33,155,44,153",546
3852,102,"923,770,834,30,533,502,119,891,150,63","195,129,36,21,39,36,36,267,195,269",531
5016,102,"37,452,312,791,629,927,811,464,530,766","151,146,148,189,148,284,3,148,284,284",264
3507,103,"683,37,677,417,731,370,502,889,255,740","127,151,156,165,219,195,36,148,36,36",531
5784,103,"683,539,811,491,406,867,178,907,501,312","127,148,3,146,127,155,155,219,127,148",490
5424,103,"683,37,731,421,923,789,636,497,452,629","127,151,219,195,195,156,56,128,146,148",535
5481,103,"683,37,677,63,891,342,433,605,11,91","127,151,156,269,267,163,33,155,156,195",553
4511,103,"683,539,811,710,466,489,898,248,30,290","127,148,3,127,42,269,39,148,21,3",612
5430,103,"683,37,677,63,76,770,502,433,409,359","127,151,156,269,36,129,36,33,195,267",546
2873,103,"923,770,834,30,79,789,169,887,193,342","195,129,36,21,155,156,164,3,21,163",477
1235,103,"923,312,508,811,488,533,368,637,80,37","195,148,219,3,129,39,3,155,155,151",494
4355,103,"683,37,677,443,42,889,417,63,163,500","127,151,156,176,176,148,165,269,163,155",586
3184,103,"683,37,731,312,636,406,452,492,372,328","127,151,219,148,56,127,146,127,155,39",535
2179,103,"923,37,887,502,79,30,572,291,794,555","195,151,3,36,155,21,39,21,39,33",352
3210,103,"683,37,677,770,79,342,30,161,500,439","127,151,156,129,155,163,21,156,155,153",544
4486,103,"683,37,677,255,802,923,105,770,370,740","127,151,156,36,127,195,284,129,195,36",519
633,103,"683,539,811,710,923,770,526,290,160,898","127,148,3,127,195,129,63,3,39,39",508
1430,103,"683,891,794,28,525,30,789,409,572,225","127,267,39,163,3,21,156,195,39,163",412
1133,103,"923,312,813,539,629,867,614,791,3,457","195,148,154,148,148,155,3,189,155,156",361
5148,103,"683,539,312,396,815,480,791,907,295,690","127,148,148,267,126,148,189,219,127,219",556
64,103,"683,37,421,502,406,3,629,885,867,209","127,151,195,36,127,155,148,39,155,155",494
5501,103,"683,37,677,30,342,79,385,800,433,555","127,151,156,21,163,155,39,156,33,33",463
1584,103,"923,312,813,539,295,629,907,480,363,452","195,148,154,148,127,148,219,148,128,146",413
3104,103,"340,223,312,702,742,3,703,98,512,637","181,165,148,176,164,155,181,164,169,155",363
729,103,"923,312,811,80,533,656,529,178,867,791","195,148,3,155,39,3,155,155,155,189",346
4554,103,"683,37,677,63,891,605,555,500,255,30","127,151,156,269,267,155,33,155,36,21",569
2626,103,"683,37,731,421,923,638,834,626,502,460","127,151,219,195,195,154,36,164,36,155",628
2261,103,"683,539,811,491,406,867,178,791,804,529","127,148,3,146,127,155,155,189,148,155",641
5528,103,"683,37,677,63,891,605,161,500,800,555","127,151,156,269,267,155,156,155,156,33",553
5711,103,"683,37,677,63,76,433,626,30,891,642","127,151,156,269,36,33,164,21,267,195",553
2466,103,"923,37,887,533,502,79,834,572,291,119","195,151,3,39,36,155,36,39,21,36",375
145,103,"683,37,677,770,79,30,834,657,433,385","127,151,156,129,155,21,36,56,33,39",500
5860,103,"923,312,813,539,629,480,178,457,791,452","195,148,154,148,148,148,155,156,189,146",354
5493,103,"683,37,677,417,255,105,770,555,370,525","127,151,156,165,36,284,129,33,195,3",544
3202,103,"683,539,312,396,295,252,815,163,200,791","127,148,148,267,127,154,126,163,54,189",669
541,103,"683,539,811,710,923,406,508,529,721,501","127,148,3,127,195,127,219,155,219,127",528
2883,103,"739,923,717,37,443,42,90,73,3,637","164,195,195,151,176,176,36,176,155,155",389
1595,103,"923,770,328,375,363,37,657,502,853,766","195,129,39,54,128,151,56,36,44,54,284",500
4837,103,"683,539,312,791,566,480,295,907,815,931","127,148,148,189,146,148,127,219,126,56",464
5610,103,"683,539,811,710,466,375,923,489,770,321","127,148,3,127,42,54,195,269,129,127",653
66,103,"683,539,811,491,406,452,501,907,466,756","127,148,3,146,127,146,127,219,42,58",653
5436,103,"683,539,811,491,406,867,178,907,312,452","127,148,3,146,127,155,155,219,148,146",547
2737,103,"683,539,811,710,923,406,867,529,178,690","127,148,3,127,195,127,155,155,155,219",535
573,103,"923,312,811,488,600,133,154,492,636,502","195,148,3,129,56,163,164,127,56,36",547
1670,103,"683,37,677,63,76,770,923,502,834,891","127,151,156,269,36,129,195,36,36,267",644
5744,103,"683,37,677,443,63,42,555,605,500,11","127,151,156,176,269,176,33,155,155,156",586
1223,103,"923,37,887,502,417,30,551,745,834,90","195,151,3,36,165,21,195,3,36,36",400
376,103,"683,539,811,907,452,406,312,508,721,791","127,148,3,219,146,127,148,219,219,189",412
2837,103,"683,37,677,63,891,385,255,79,500,555","127,151,156,269,267,39,36,155,155,33",538
2931,103,"100,312,479,257,406,471,751,295,363,501","165,148,163,146,127,176,148,127,128,127",461
1374,103,"683,37,677,63,76,433,502,891,30,79","127,151,156,269,36,33,36,267,21,155",553
2938,103,"683,37,731,312,629,25,825,594,440,786","127,151,219,148,148,148,148,146,136,154",535
1563,103,"683,37,677,770,79,30,71,500,161,605","127,151,156,129,155,21,156,155,156,155",519
3981,103,"683,539,312,295,452,248,636,501,791,508","127,148,148,127,146,148,56,127,189,219",520
1993,103,"683,539,312,295,452,791,394,501,480,931","127,148,148,127,146,189,127,127,148,56",540
4228,103,"683,37,677,770,79,30,76,626,605,11","127,151,156,129,155,21,36,164,155,156",549
934,103,"683,37,677,255,105,889,451,923,157,370","127,151,156,36,284,148,163,195,163,195",577
449,103,"683,37,731,421,157,638,776,502,238,923","127,151,219,195,163,154,267,36,155,195",541
944,103,"923,770,834,30,79,789,500,439,856,605","195,129,36,21,155,156,155,153,39,155",447
3243,103,"683,37,677,23,255,638,76,555,359,79","127,151,156,125,36,154,36,33,267,155",553
889,103,"683,37,731,421,923,789,636,497,629,133","127,151,219,195,195,156,56,128,148,163",519
3540,103,"683,37,731,421,923,638,502,834,676,143","127,151,219,195,195,154,36,36,155,155",553
2861,103,"683,37,677,30,342,79,161,385,71,605","127,151,156,21,163,155,156,39,156,155",412
4748,103,"923,770,834,30,79,63,500,789,119,605","195,129,36,21,155,269,155,156,36,155",521
3532,103,"683,37,677,770,90,409,642,433,502,834","127,151,156,129,36,195,195,33,36,36",528
1764,103,"683,37,677,417,255,105,451,923,97,740","127,151,156,165,36,284,163,195,39,36",541
1614,103,"683,37,677,63,891,301,555,500,255,623","127,151,156,269,267,44,33,155,36,155",571
5452,103,"683,37,677,255,802,923,636,600,889,90","127,151,156,36,127,195,56,56,148,36",519
5139,103,"683,37,677,255,105,90,770,740,555,30","127,151,156,36,284,36,129,36,33,21",472
2840,103,"923,37,887,502,79,30,834,789,160,439","195,151,3,36,155,21,36,156,39,153",355
2905,103,"683,37,731,312,636,406,848,306,328,525","127,151,219,148,56,127,44,267,39,3",628
1538,103,"683,37,677,770,79,342,500,626,71,800","127,151,156,129,155,163,155,164,156,156",494
681,103,"683,37,731,421,636,406,923,789,501,328","127,151,219,195,56,127,195,156,127,39",514
2101,103,"683,539,811,491,406,452,907,508,791,480","127,148,3,146,127,146,219,219,189,148",574
5250,103,"923,312,813,614,629,791,452,480,539,184","195,148,154,3,148,189,146,148,148,36",338
2710,103,"683,539,312,396,815,480,791,931,252,457","127,148,148,267,126,148,189,56,154,156",520
3446,103,"683,37,677,255,802,923,105,731,889,485","127,151,156,36,127,195,284,219,148,189",519
1057,103,"683,539,811,907,452,406,508,154,710,290","127,148,3,219,146,127,219,164,127,3",543
671,103,"683,539,811,710,30,290,770,766,137,637","127,148,3,127,21,3,129,284,39,155",460
185,103,"544,115,81,23,220,763,312,109,363,501","174,175,174,125,181,175,148,174,128,127",720
622,103,"683,539,811,491,452,480,907,791,931,312","127,148,3,146,146,148,219,189,56,148",535
2367,103,"923,312,813,539,295,629,178,363,480,349","195,148,154,148,127,148,155,128,148,127",398
717,103,"340,891,63,335,430,605,856,528,291,623","181,267,269,195,44,155,39,127,21,155",461
5110,103,"923,37,887,502,170,551,809,90,457,889","195,151,3,36,39,195,155,36,156,148",349
2548,103,"37,811,464,626,617,333,79,889,212,834","151,3,148,164,148,163,155,148,148,36",228
5210,103,"683,37,677,770,90,409,642,913,502,800","127,151,156,129,36,195,195,219,36,156",523
2654,103,"683,539,811,491,406,867,178,529,501,804","127,148,3,146,127,155,155,155,127,148",541
5074,103,"683,37,677,63,891,342,500,555,605,255","127,151,156,269,267,163,155,33,155,36",553
4457,103,"683,37,731,697,312,629,751,440,363,295","127,151,219,60,148,148,148,136,128,127",690
1462,103,"683,37,677,770,79,30,891,354,90,834","127,151,156,129,155,21,267,202,36,36",554
1213,103,"683,37,677,63,76,433,17,30,834,342","127,151,156,269,36,33,60,21,36,163",644
1760,103,"683,37,677,255,802,731,157,637,105,451","127,151,156,36,127,219,163,155,284,163",600
1298,103,"923,37,629,502,328,363,452,312,25,791","195,151,148,36,39,128,146,148,148,189",430
2094,103,"683,37,731,421,923,834,502,770,629,368","127,151,219,195,195,36,36,129,148,3",537
3549,103,"683,539,811,501,406,168,312,791,705,290","127,148,3,127,127,165,148,189,44,3",633
5694,103,"683,37,731,421,636,406,3,867,25,629","127,151,219,195,56,127,155,155,148,148",606
112,103,"100,340,488,406,42,23,330,37,28,443","165,181,129,127,176,125,300,151,163,176",749
3791,103,"683,539,811,491,406,452,501,907,466,532","127,148,3,146,127,146,127,219,42,219",639
1269,103,"923,312,508,133,811,533,502,770,368,348","195,148,219,163,3,39,36,129,3,44",476
4216,103,"683,37,677,63,891,342,500,555,605,439","127,151,156,269,267,163,155,33,155,153",553
1837,103,"683,37,677,255,802,923,105,751,770,740","127,151,156,36,127,195,284,148,129,36",499
2380,103,"683,539,811,491,406,867,178,501,907,312","127,148,3,146,127,155,155,127,219,148",535
2786,103,"683,37,677,63,41,500,856,161,169,79","127,151,156,269,44,155,39,156,164,155",691
3513,103,"923,770,328,502,37,417,887,30,79,279","195,129,39,36,151,165,3,21,155,33",523
111,103,"683,37,677,255,105,90,770,740,30,359","127,151,156,36,284,36,129,36,21,267",598
4671,103,"683,37,677,63,891,605,555,500,856,161","127,151,156,269,267,155,33,155,39,156",553
1507,103,"683,539,312,295,452,248,636,923,489,770","127,148,148,127,146,148,56,195,269,129",634
3266,103,"683,539,811,491,452,480,907,721,791,312","127,148,3,146,146,148,219,219,189,148",579
3187,103,"923,37,629,502,328,312,452,885,134,421","195,151,148,36,39,148,146,39,155,195",374
5211,103,"683,37,677,255,802,923,105,731,157,97","127,151,156,36,127,195,284,219,163,39",541
2831,103,"923,312,811,452,791,614,813,432,138,885","195,148,3,146,189,3,154,44,195,39",513
2347,103,"683,37,677,255,90,889,3,731,157,551","127,151,156,36,36,148,155,219,163,195",555
5507,103,"683,37,731,421,157,638,776,502,238,923","127,151,219,195,163,154,267,36,155,195",519
5544,103,"683,37,532,502,731,923,834,770,368,346","127,151,219,36,219,195,36,129,3,148",720
2914,103,"683,539,811,491,406,452,178,501,791,508","127,148,3,146,127,146,155,127,189,219",559
5496,103,"683,539,811,491,406,452,907,508,312,721","127,148,3,146,127,146,219,219,148,219",530
1138,103,"683,539,811,491,452,480,907,791,804,484","127,148,3,146,146,148,219,189,148,127",535
4419,103,"683,37,677,63,76,770,79,30,626,891","127,151,156,269,36,129,155,21,164,267",627
3276,103,"683,37,677,255,802,923,105,770,370,740","127,151,156,36,127,195,284,129,195,36",569
1047,103,"544,340,225,81,23,572,663,703,105,41","174,181,163,174,125,39,176,181,284,44",782
2918,103,"683,37,677,63,76,770,105,30,889,433","127,151,156,269,36,129,284,21,148,33",634
1378,103,"683,539,312,396,907,636,363,452,791,295","127,148,148,267,219,56,128,146,189,127",588
1389,103,"683,539,811,710,923,690,489,290,348,137","127,148,3,127,195,219,269,3,44,39",618
4400,103,"683,37,677,63,76,770,79,30,525,409","127,151,156,269,36,129,155,21,3,195",654
565,103,"683,37,677,330,689,23,417,363,923,157","127,151,156,300,128,125,165,128,195,163",640
5627,103,"683,539,312,295,414,452,815,501,879,791","127,148,148,127,267,146,126,127,129,189",669
5456,103,"544,312,81,109,408,747,683,452,539,811","174,148,174,174,174,164,127,146,148,3",611
123,103,"683,76,731,451,889,502,368,637,372,530","127,36,219,163,148,36,3,155,155,284",466
3482,103,"683,539,811,491,406,452,501,508,312,529","127,148,3,146,127,146,127,219,148,155",547
6033,103,"683,539,312,295,414,931,791,396,742,200","127,148,148,127,267,56,189,267,164,54",661
5560,103,"683,539,312,295,414,931,791,396,742,815","127,148,148,127,267,56,189,267,164,126",616
4723,103,"683,539,811,710,923,770,290,766,30,898","127,148,3,127,195,129,3,284,21,39",498
1525,103,"683,539,312,295,414,452,710,501,815,879","127,148,148,127,267,146,127,127,126,129",600
3854,103,"683,37,731,421,157,923,636,497,789,638","127,151,219,195,163,195,56,128,156,154",544
184,103,"683,37,731,421,923,638,834,891,770,76","127,151,219,195,195,154,36,267,129,36",645
1025,103,"683,37,731,312,636,406,25,452,791,885","127,151,219,148,56,127,148,146,189,39",535
4422,103,"683,37,677,30,79,71,161,500,439,605","127,151,156,21,155,156,156,155,153,155",374
2100,103,"421,312,811,673,452,791,804,813,491,86","195,148,3,154,146,189,148,154,146,164",371
2034,103,"739,923,834,702,37,929,887,441,443,363","164,195,36,176,151,175,3,117,176,128",485
1554,103,"683,37,677,63,891,301,555,255,354,500","127,151,156,269,267,44,33,36,202,155",612
3938,103,"544,312,81,621,692,683,109,115,270,799","174,148,174,176,176,127,174,175,176,175",688
3315,103,"683,37,677,63,891,342,500,555,255,794","127,151,156,269,267,163,155,33,36,39",541
966,103,"683,539,811,907,452,406,508,690,421,480","127,148,3,219,146,127,219,219,195,148",510
4238,103,"683,539,312,396,815,480,791,931,252,363","127,148,148,267,126,148,189,56,154,128",521
3693,103,"683,539,811,710,923,406,867,529,501,656","127,148,3,127,195,127,155,155,127,3",463
1674,103,"683,539,811,900,489,710,923,321,290,902","127,148,3,267,269,127,195,127,3,117",640
4816,103,"683,90,502,63,41,430,500,493,245,169","127,36,36,269,44,44,155,156,217,164",550
4352,103,"683,539,811,710,923,406,867,529,488,656","127,148,3,127,195,127,155,155,129,3",535
2677,103,"544,312,629,440,349,338,539,845,784,363","174,148,148,136,127,148,148,63,217,128",796
3486,103,"683,37,677,330,23,689,73,568,889,42","127,151,156,300,125,128,176,169,148,176",702
796,103,"683,37,677,63,76,770,79,30,657,433","127,151,156,269,36,129,155,21,56,33",635
5561,103,"683,37,677,255,105,90,770,740,555,79","127,151,156,36,284,36,129,36,33,155",509
2917,103,"683,37,677,770,90,889,485,657,417,555","127,151,156,129,36,148,189,56,165,33",519
4277,103,"683,37,677,255,90,370,449,923,889,441","127,151,156,36,36,195,165,195,148,117",563
444,103,"683,37,677,255,105,90,770,740,555,79","127,151,156,36,284,36,129,36,33,155",526
2078,103,"683,37,677,770,90,409,834,923,563,502","127,151,156,129,36,195,36,195,154,36",516
2781,103,"683,539,312,295,815,501,791,931,566,252","127,148,148,127,126,127,189,56,146,154",555
1503,103,"683,37,677,63,891,605,555,500,856,161","127,151,156,269,267,155,33,155,39,156",553
2961,103,"683,37,677,63,76,770,79,245,30,71","127,151,156,269,36,129,155,217,21,156",678
2627,103,"544,692,115,245,719,79,770,663,342,572","174,176,175,217,181,155,129,176,163,39",689
4492,103,"683,37,677,417,255,105,288,76,802,731","127,151,156,165,36,284,125,36,127,219",531
4858,103,"683,37,731,421,636,328,3,406,923,638","127,151,219,195,56,39,155,127,195,154",594
1041,103,"683,37,677,63,41,891,430,770,30,794","127,151,156,269,44,267,44,129,21,39",669
987,103,"100,312,295,396,440,480,349,363,629,791","165,148,127,267,136,148,127,128,148,189",690
432,103,"683,539,811,710,348,923,770,526,766,690","127,148,3,127,44,195,129,63,284,219",507
970,103,"683,37,677,255,90,370,638,79,740,555","127,151,156,36,36,195,154,155,36,33",394
6147,103,"683,37,677,255,105,889,370,551,502,740","127,151,156,36,284,148,195,195,36,36",576
1709,103,"683,37,76,63,770,573,23,923,889,330","127,151,36,269,129,125,125,195,148,300",682
4088,103,"923,312,811,600,533,105,770,710,867,492","195,148,3,56,39,284,129,127,155,127",479
5126,103,"683,539,312,791,566,815,907,690,252,931","127,148,148,189,146,126,219,219,154,56",498
464,103,"683,37,731,421,636,328,3,923,638,464","127,151,219,195,56,39,155,195,154,148",608
4325,103,"683,37,731,312,636,406,3,751,328,629","127,151,219,148,56,127,155,148,39,148",571
2211,103,"340,98,73,550,471,257,406,375,751,42","181,164,176,21,176,146,127,54,148,176",717
2618,103,"683,37,677,330,90,853,889,3,731,157","127,151,156,300,36,44,54,148,155,219,163",586
4940,103,"683,37,677,255,105,90,770,740,555,79","127,151,156,36,284,36,129,36,33,155",601
1823,103,"683,37,677,63,891,770,889,90,288,409","127,151,156,269,267,129,148,36,125,195",612
2795,103,"683,37,677,770,90,409,642,433,207,342","127,151,156,129,36,195,195,33,127,163",510
2949,103,"683,37,677,63,76,770,923,502,834,891","127,151,156,269,36,129,195,36,36,267",600
4827,103,"683,37,677,30,79,71,161,500,439,605","127,151,156,21,155,156,156,155,153,155",412
1788,103,"100,340,703,663,245,887,443,702,569,743","165,181,181,176,217,3,176,176,58,163,164",187
3462,103,"683,37,677,770,90,889,97,850,731,457","127,151,156,129,36,148,39,36,219,156",539
2322,103,"683,37,677,225,923,23,76,90,910,891","127,151,156,163,195,125,36,36,127,267",693
248,103,"683,539,811,710,923,690,489,290,30,770","127,148,3,127,195,219,269,3,21,129",612
4017,103,"683,539,312,396,907,636,452,295,923,530","127,148,148,267,219,56,146,127,195,284",519
767,103,"683,37,677,63,76,770,502,433,385,555","127,151,156,269,36,129,36,33,39,33",582
4698,103,"683,37,677,63,891,342,433,605,11,91","127,151,156,269,267,163,33,155,156,195",553
35,103,"683,539,811,452,312,480,791,349,501,414","127,148,3,146,148,148,189,127,127,267",620
2148,103,"683,37,731,421,923,638,502,834,676,143","127,151,219,195,195,154,36,36,155,155",520
5579,103,"683,539,811,710,923,406,508,529,178,867","127,148,3,127,195,127,219,155,155,155",585
5580,103,"683,37,677,330,90,910,76,492,573,740","127,151,156,300,36,127,36,127,125,36",608
1109,103,"683,37,677,330,23,923,501,312,546,889","127,151,156,300,125,195,127,148,146,148",555
2923,103,"683,37,731,421,636,406,923,23,848,501","127,151,219,195,56,127,195,125,44,127",669
1172,103,"683,37,677,770,79,30,76,605,525,701","127,151,156,129,155,21,36,155,3,54",506
714,103,"923,312,811,80,533,717,502,37,885,629","195,148,3,155,39,195,36,151,39,148",380
5558,103,"683,539,312,396,815,480,791,295,931,566","127,148,148,267,126,148,189,127,56,146",561
3945,103,"683,539,811,710,489,30,923,290,690,406","127,148,3,127,269,21,195,3,219,127",582
730,103,"683,37,731,421,923,638,502,776,770,238","127,151,219,195,195,154,36,267,129,155",572
3475,103,"683,539,312,396,815,480,791,566,931,501","127,148,148,267,126,148,189,146,56,127",547
932,103,"683,37,677,63,76,770,79,30,525,342","127,151,156,269,36,129,155,21,3,163",568
2062,103,"923,312,811,452,791,813,138,625,86,520","195,148,3,146,189,154,195,126,164,127",380
3456,103,"683,37,677,63,76,770,79,30,891,433","127,151,156,269,36,129,155,21,267,33",545
1046,103,"683,37,677,30,79,71,605,794,626,555","127,151,156,21,155,156,155,39,164,33",401
2726,103,"683,37,677,63,891,342,433,605,301,439","127,151,156,269,267,163,33,155,44,153",546
3852,103,"923,770,834,30,533,502,119,891,150,63","195,129,36,21,39,36,36,267,195,269",531
5016,103,"37,452,312,791,629,927,133,295,25,811","151,146,148,189,148,284,163,127,148,3",264
3507,104,"683,37,677,255,802,923,770,370,740,79","127,151,156,36,127,195,129,195,36,155",531
5784,104,"683,539,811,491,406,867,178,907,501,312","127,148,3,146,127,155,155,219,127,148",490
5424,104,"683,37,731,421,923,789,636,497,452,629","127,151,219,195,195,156,56,128,146,148",535
5481,104,"683,37,677,63,891,605,555,255,811,745","127,151,156,269,267,155,33,36,3,3",553
4511,104,"683,539,811,710,466,489,898,248,30,290","127,148,3,127,42,269,39,148,21,3",612
5430,104,"683,37,677,63,76,770,502,433,409,359","127,151,156,269,36,129,36,33,195,267",546
2873,104,"923,770,834,30,79,789,887,71,85,193","195,129,36,21,155,156,3,156,56,21",477
1235,104,"923,312,508,811,488,533,368,637,80,37","195,148,219,3,129,39,3,155,155,151",494
4355,104,"683,37,677,443,42,889,417,63,663,555","127,151,156,176,176,148,165,269,176,33",586
3184,104,"683,37,731,312,636,406,452,492,372,328","127,151,219,148,56,127,146,127,155,39",535
2179,104,"923,37,887,502,79,30,572,291,794,555","195,151,3,36,155,21,39,21,39,33",352
3210,104,"683,37,677,770,79,342,30,161,500,439","127,151,156,129,155,163,21,156,155,153",544
4486,104,"683,37,677,255,802,923,105,770,342,370","127,151,156,36,127,195,284,129,163,195",519
633,104,"683,539,811,710,923,770,526,290,160,898","127,148,3,127,195,129,63,3,39,39",508
1430,104,"683,891,794,28,525,30,789,626,409,448","127,267,39,163,3,21,156,164,195,3",412
1133,104,"923,312,813,539,629,867,614,791,3,457","195,148,154,148,148,155,3,189,155,156",361
5148,104,"683,539,312,396,815,480,791,907,295,690","127,148,148,267,126,148,189,219,127,219",556
64,104,"683,37,421,502,406,3,629,885,867,209","127,151,195,36,127,155,148,39,155,155",494
5501,104,"683,37,677,30,79,626,555,11,385,161","127,151,156,21,155,164,33,156,39,156",463
1584,104,"923,312,813,539,295,629,907,480,363,452","195,148,154,148,127,148,219,148,128,146",413
3104,104,"340,789,702,451,703,533,409,502,626,512","181,156,176,163,181,39,195,36,164,169",363
729,104,"923,312,811,80,533,656,529,178,867,791","195,148,3,155,39,3,155,155,155,189",346
4554,104,"683,37,677,63,891,605,555,500,255,30","127,151,156,269,267,155,33,155,36,21",569
2626,104,"683,37,731,421,923,638,834,626,502,460","127,151,219,195,195,154,36,164,36,155",628
2261,104,"683,539,811,491,406,867,178,791,804,529","127,148,3,146,127,155,155,189,148,155",641
5528,104,"683,37,677,63,891,342,500,555,605,439","127,151,156,269,267,163,155,33,155,153",553
5711,104,"683,37,677,63,76,433,30,642,359,555","127,151,156,269,36,33,21,195,267,33",553
2466,104,"923,37,887,533,502,79,834,572,291,119","195,151,3,39,36,155,36,39,21,36",375
145,104,"683,37,677,770,79,30,834,657,433,385","127,151,156,129,155,21,36,56,33,39",500
5860,104,"923,312,813,539,629,480,178,457,791,452","195,148,154,148,148,148,155,156,189,146",354
5493,104,"683,37,677,255,105,90,770,740,30,555","127,151,156,36,284,36,129,36,21,33",544
3202,104,"683,539,312,396,295,252,815,163,200,791","127,148,148,267,127,154,126,163,54,189",669
541,104,"683,539,811,710,923,406,508,529,721,501","127,148,3,127,195,127,219,155,219,127",528
2883,104,"743,923,811,312,452,520,614,546,673,677","163,164,195,3,148,146,127,3,146,154,156",389
1595,104,"923,770,328,375,363,37,657,502,853,766","195,129,39,54,128,151,56,36,44,54,284",500
4837,104,"683,539,312,791,566,480,295,907,815,931","127,148,148,189,146,148,127,219,126,56",464
5610,104,"683,539,811,710,466,375,923,489,770,163","127,148,3,127,42,54,195,269,129,163",653
66,104,"683,539,811,491,406,452,501,907,466,756","127,148,3,146,127,146,127,219,42,58",653
5436,104,"683,539,811,491,406,867,178,907,312,452","127,148,3,146,127,155,155,219,148,146",547
2737,104,"683,539,811,710,923,406,867,529,178,690","127,148,3,127,195,127,155,155,155,219",535
573,104,"923,312,811,488,600,154,80,502,492,637","195,148,3,129,56,164,155,36,127,155",547
1670,104,"683,37,677,63,76,770,923,502,834,891","127,151,156,269,36,129,195,36,36,267",644
5744,104,"683,37,677,443,63,42,342,500,555,605","127,151,156,176,269,176,163,155,33,155",586
1223,104,"923,37,887,502,464,30,328,523,637,533","195,151,3,36,148,21,39,21,155,39",400
376,104,"683,539,811,907,452,406,312,508,721,791","127,148,3,219,146,127,148,219,219,189",412
2837,104,"683,37,677,63,891,385,255,79,500,555","127,151,156,269,267,39,36,155,155,33",538
2931,104,"100,312,406,471,295,702,73,257,751,457","165,148,127,176,127,176,176,146,148,156",461
1374,104,"683,37,677,63,76,433,502,891,30,79","127,151,156,269,36,33,36,267,21,155",553
2938,104,"683,37,731,312,629,25,825,594,440,786","127,151,219,148,148,148,148,146,136,154",535
1563,104,"683,37,677,770,79,342,30,161,500,439","127,151,156,129,155,163,21,156,155,153",519
3981,104,"683,539,312,295,452,248,636,501,791,508","127,148,148,127,146,148,56,127,189,219",520
1993,104,"683,539,312,295,452,791,394,501,480,931","127,148,148,127,146,189,127,127,148,56",540
4228,104,"683,37,677,770,79,30,76,605,525,409","127,151,156,129,155,21,36,155,3,195",549
934,104,"683,37,677,417,731,105,637,889,485,331","127,151,156,165,219,284,155,148,189,54",577
449,104,"683,37,731,421,923,638,502,834,676,143","127,151,219,195,195,154,36,36,155,155",541
944,104,"923,770,834,30,79,789,500,439,856,605","195,129,36,21,155,156,155,153,39,155",447
3243,104,"683,37,677,23,255,638,76,555,359,79","127,151,156,125,36,154,36,33,267,155",553
889,104,"683,37,731,421,157,638,776,502,923,636","127,151,219,195,163,154,267,36,195,56",519
3540,104,"683,37,731,421,923,638,502,834,676,143","127,151,219,195,195,154,36,36,155,155",553
2861,104,"683,37,677,30,79,71,572,605,385,439","127,151,156,21,155,156,39,155,39,153",412
4748,104,"923,770,834,30,79,63,500,342,439,119","195,129,36,21,155,269,155,163,153,36",521
3532,104,"683,37,677,770,90,409,642,433,502,834","127,151,156,129,36,195,195,33,36,36",528
1764,104,"683,37,677,255,802,923,105,731,97,368","127,151,156,36,127,195,284,219,39,3",541
1614,104,"683,37,677,63,891,301,555,500,255,623","127,151,156,269,267,44,33,155,36,155",571
5452,104,"683,37,677,255,802,923,636,600,889,90","127,151,156,36,127,195,56,56,148,36",519
5139,104,"683,37,677,255,105,90,770,740,555,30","127,151,156,36,284,36,129,36,33,21",472
2840,104,"923,37,887,502,79,30,834,789,626,617","195,151,3,36,155,21,36,156,164,148",355
2905,104,"683,37,731,312,636,406,848,306,328,525","127,151,219,148,56,127,44,267,39,3",628
1538,104,"683,37,677,770,79,71,800,500,794,433","127,151,156,129,155,156,156,155,39,33",494
681,104,"683,37,731,421,636,406,923,789,501,328","127,151,219,195,56,127,195,156,127,39",514
2101,104,"683,539,811,491,406,452,907,508,791,480","127,148,3,146,127,146,219,219,189,148",574
5250,104,"923,312,813,614,629,791,452,480,539,184","195,148,154,3,148,189,146,148,148,36",338
2710,104,"683,539,312,396,815,480,791,931,252,457","127,148,148,267,126,148,189,56,154,156",520
3446,104,"683,37,677,255,802,923,105,731,889,485","127,151,156,36,127,195,284,219,148,189",519
1057,104,"683,539,811,907,452,406,508,923,501,710","127,148,3,219,146,127,219,195,127,127",543
671,104,"683,539,811,710,30,290,770,766,137,637","127,148,3,127,21,3,129,284,39,155",460
185,104,"544,115,81,23,220,763,312,109,363,501","174,175,174,125,181,175,148,174,128,127",720
622,104,"683,539,811,491,452,480,907,791,931,312","127,148,3,146,146,148,219,189,56,148",535
2367,104,"923,312,813,539,295,629,178,363,480,349","195,148,154,148,127,148,155,128,148,127",398
717,104,"340,891,63,335,430,605,856,528,291,623","181,267,269,195,44,155,39,127,21,155",461
5110,104,"923,37,887,502,170,417,551,178,457,533","195,151,3,36,39,165,195,155,156,39",349
2548,104,"37,811,342,79,464,523,637,410,22,717","151,3,163,155,148,21,155,148,189,195",228
5210,104,"683,37,677,770,90,409,642,913,502,800","127,151,156,129,36,195,195,219,36,156",523
2654,104,"683,539,811,491,406,867,178,529,501,804","127,148,3,146,127,155,155,155,127,148",541
5074,104,"683,37,677,63,891,605,555,500,255,30","127,151,156,269,267,155,33,155,36,21",553
4457,104,"683,37,731,697,312,629,751,440,363,295","127,151,219,60,148,148,148,136,128,127",690
1462,104,"683,37,677,770,79,30,891,354,90,834","127,151,156,129,155,21,267,202,36,36",554
1213,104,"683,37,677,63,76,433,17,30,834,502","127,151,156,269,36,33,60,21,36,36",644
1760,104,"683,37,677,255,802,731,105,485,889,637","127,151,156,36,127,219,284,189,148,155",600
1298,104,"923,37,629,502,328,363,452,312,25,791","195,151,148,36,39,128,146,148,148,189",430
2094,104,"683,37,731,421,923,834,502,770,629,451","127,151,219,195,195,36,36,129,148,163",537
3549,104,"683,539,811,501,406,178,700,705,30,466","127,148,3,127,127,155,219,44,21,42",633
5694,104,"683,37,731,421,636,406,3,867,25,629","127,151,219,195,56,127,155,155,148,148",606
112,104,"340,406,73,257,550,471,751,312,396,468","181,127,176,146,21,176,148,148,267,267",749
3791,104,"683,539,811,491,406,452,501,907,466,532","127,148,3,146,127,146,127,219,42,219",639
1269,104,"923,312,508,133,811,533,502,770,368,348","195,148,219,163,3,39,36,129,3,44",476
4216,104,"683,37,677,63,891,342,500,555,605,439","127,151,156,269,267,163,155,33,155,153",553
1837,104,"683,37,677,255,802,923,105,451,889,751","127,151,156,36,127,195,284,163,148,148",499
2380,104,"683,539,811,491,406,867,178,501,907,312","127,148,3,146,127,155,155,127,219,148",535
2786,104,"683,37,677,63,41,500,856,161,169,79","127,151,156,269,44,155,39,156,164,155",691
3513,104,"923,770,328,502,37,417,887,30,79,279","195,129,39,36,151,165,3,21,155,33",523
111,104,"683,37,677,255,105,90,770,740,30,359","127,151,156,36,284,36,129,36,21,267",598
4671,104,"683,37,677,63,891,605,555,500,856,161","127,151,156,269,267,155,33,155,39,156",553
1507,104,"683,539,312,295,452,248,636,923,489,770","127,148,148,127,146,148,56,195,269,129",634
3266,104,"683,539,811,491,452,480,907,721,791,312","127,148,3,146,146,148,219,219,189,148",579
3187,104,"923,37,629,502,328,312,452,154,550,637","195,151,148,36,39,148,146,164,21,155",374
5211,104,"683,37,677,255,802,923,105,731,97,368","127,151,156,36,127,195,284,219,39,3",541
2831,104,"923,312,811,452,791,614,813,432,138,885","195,148,3,146,189,3,154,44,195,39",513
2347,104,"683,37,677,255,90,889,3,451,97,853","127,151,156,36,36,148,155,163,39,44,54",555
5507,104,"683,37,731,421,923,638,502,834,54,448","127,151,219,195,195,154,36,36,33,3",519
5544,104,"683,37,532,502,731,923,834,770,368,346","127,151,219,36,219,195,36,129,3,148",720
2914,104,"683,539,811,491,406,452,178,501,791,508","127,148,3,146,127,146,155,127,189,219",559
5496,104,"683,539,811,491,406,452,907,508,312,721","127,148,3,146,127,146,219,219,148,219",530
1138,104,"683,539,811,491,452,480,907,791,804,484","127,148,3,146,146,148,219,189,148,127",535
4419,104,"683,37,677,63,76,770,79,30,626,891","127,151,156,269,36,129,155,21,164,267",627
3276,104,"683,37,677,417,731,105,76,90,30,555","127,151,156,165,219,284,36,36,21,33",569
1047,104,"544,340,225,81,23,572,663,703,105,41","174,181,163,174,125,39,176,181,284,44",782
2918,104,"683,37,677,63,76,770,105,30,889,433","127,151,156,269,36,129,284,21,148,33",634
1378,104,"683,539,312,396,907,636,363,452,791,295","127,148,148,267,219,56,128,146,189,127",588
1389,104,"683,539,811,710,923,690,489,290,348,137","127,148,3,127,195,219,269,3,44,39",618
4400,104,"683,37,677,63,76,770,79,30,626,342","127,151,156,269,36,129,155,21,164,163",654
565,104,"683,37,677,330,689,23,417,363,923,411","127,151,156,300,128,125,165,128,195,63",640
5627,104,"683,539,312,295,414,452,815,501,879,791","127,148,148,127,267,146,126,127,129,189",669
5456,104,"544,312,81,109,408,452,683,336,539,811","174,148,174,174,174,146,127,176,148,3",611
123,104,"683,76,731,636,502,889,637,891,530,368","127,36,219,56,36,148,155,267,284,3",466
3482,104,"683,539,811,491,406,452,501,508,312,529","127,148,3,146,127,146,127,219,148,155",547
6033,104,"683,539,312,295,414,931,791,396,742,200","127,148,148,127,267,56,189,267,164,54",661
5560,104,"683,539,312,295,414,931,791,396,200,480","127,148,148,127,267,56,189,267,54,148",616
4723,104,"683,539,811,710,923,770,290,766,30,898","127,148,3,127,195,129,3,284,21,39",498
1525,104,"683,539,312,295,414,452,710,501,815,879","127,148,148,127,267,146,127,127,126,129",600
3854,104,"683,37,731,421,923,789,636,497,638,776","127,151,219,195,195,156,56,128,154,267",544
184,104,"683,37,731,421,923,638,834,891,770,76","127,151,219,195,195,154,36,267,129,36",645
1025,104,"683,37,731,312,636,406,25,452,791,885","127,151,219,148,56,127,148,146,189,39",535
4422,104,"683,37,677,30,342,79,161,500,439,605","127,151,156,21,163,155,156,155,153,155",374
2100,104,"421,312,811,673,452,791,804,742,813,491","195,148,3,154,146,189,148,164,154,146",371
2034,104,"895,73,154,811,452,312,791,520,214,564","176,176,164,3,146,148,189,127,127,114",485
1554,104,"683,37,677,63,891,301,555,255,354,500","127,151,156,269,267,44,33,36,202,155",612
3938,104,"544,312,81,621,692,683,109,115,270,799","174,148,174,176,176,127,174,175,176,175",688
3315,104,"683,37,677,63,891,605,555,255,163,811","127,151,156,269,267,155,33,36,163,3",541
966,104,"683,539,811,907,452,406,508,690,421,480","127,148,3,219,146,127,219,219,195,148",510
4238,104,"683,539,312,396,815,480,791,931,252,363","127,148,148,267,126,148,189,56,154,128",521
3693,104,"683,539,811,710,923,406,867,529,501,656","127,148,3,127,195,127,155,155,127,3",463
1674,104,"683,539,811,900,489,710,923,321,290,902","127,148,3,267,269,127,195,127,3,117",640
4816,104,"683,90,502,63,41,430,500,493,245,605","127,36,36,269,44,44,155,156,217,155",550
4352,104,"683,539,811,710,923,406,867,529,488,656","127,148,3,127,195,127,155,155,129,3",535
2677,104,"544,312,629,440,349,338,539,845,784,363","174,148,148,136,127,148,148,63,217,128",796
3486,104,"683,37,677,330,23,689,73,568,889,42","127,151,156,300,125,128,176,169,148,176",702
796,104,"683,37,677,63,76,770,79,30,657,433","127,151,156,269,36,129,155,21,56,33",635
5561,104,"683,37,677,417,255,105,770,555,63,76","127,151,156,165,36,284,129,33,269,36",509
2917,104,"683,37,677,770,90,889,485,657,417,555","127,151,156,129,36,148,189,56,165,33",519
4277,104,"683,37,677,255,90,370,923,889,502,79","127,151,156,36,36,195,195,148,36,155",563
444,104,"683,37,677,255,105,90,770,740,555,79","127,151,156,36,284,36,129,36,33,155",526
2078,104,"683,37,677,770,90,409,834,923,563,502","127,151,156,129,36,195,36,195,154,36",516
2781,104,"683,539,312,295,815,501,791,931,566,252","127,148,148,127,126,127,189,56,146,154",555
1503,104,"683,37,677,63,891,605,555,500,856,161","127,151,156,269,267,155,33,155,39,156",553
2961,104,"683,37,677,63,76,770,79,245,30,342","127,151,156,269,36,129,155,217,21,163",678
2627,104,"544,692,115,245,719,79,770,663,342,572","174,176,175,217,181,155,129,176,163,39",689
4492,104,"683,37,677,417,255,105,288,76,802,731","127,151,156,165,36,284,125,36,127,219",531
4858,104,"683,37,731,421,636,328,3,406,923,638","127,151,219,195,56,39,155,127,195,154",594
1041,104,"683,37,677,63,41,891,430,770,30,342","127,151,156,269,44,267,44,129,21,163",669
987,104,"621,73,257,178,539,466,799,710,811,683","176,176,146,155,148,42,175,127,3,127",690
432,104,"683,539,811,710,348,923,770,526,766,690","127,148,3,127,44,195,129,63,284,219",507
970,104,"683,37,677,255,90,370,638,79,740,555","127,151,156,36,36,195,154,155,36,33",394
6147,104,"683,37,677,255,105,889,370,551,502,740","127,151,156,36,284,148,195,195,36,36",576
1709,104,"100,37,573,482,572,906,291,923,705,488","165,151,125,164,39,202,21,195,44,129",682
4088,104,"923,312,811,600,533,105,770,710,867,492","195,148,3,56,39,284,129,127,155,127",479
5126,104,"683,539,312,791,566,815,907,690,252,931","127,148,148,189,146,126,219,219,154,56",498
464,104,"683,37,731,421,636,157,3,328,848,476","127,151,219,195,56,163,155,39,44,54",608
4325,104,"683,37,731,312,636,406,3,751,328,629","127,151,219,148,56,127,155,148,39,148",571
2211,104,"340,98,73,550,471,257,406,375,751,42","181,164,176,21,176,146,127,54,148,176",717
2618,104,"683,37,677,330,90,853,889,3,731,502","127,151,156,300,36,44,54,148,155,219,36",586
4940,104,"683,37,677,255,105,90,770,740,555,79","127,151,156,36,284,36,129,36,33,155",601
1823,104,"683,37,677,63,891,770,417,889,91,555","127,151,156,269,267,129,165,148,195,33",612
2795,104,"683,37,677,770,90,409,642,433,626,207","127,151,156,129,36,195,195,33,164,127",510
2949,104,"683,37,677,63,76,770,923,502,834,891","127,151,156,269,36,129,195,36,36,267",600
4827,104,"683,37,677,30,79,71,161,500,439,605","127,151,156,21,155,156,156,155,153,155",412
1788,104,"340,703,739,512,780,915,438,702,451,485","181,181,164,169,128,155,156,3,176,163,189",187
3462,104,"683,37,677,770,90,889,97,850,731,457","127,151,156,129,36,148,39,36,219,156",539
2322,104,"683,37,28,312,923,501,3,811,395,546","127,151,163,148,195,127,155,3,165,146",693
248,104,"683,539,811,710,923,690,489,290,30,770","127,148,3,127,195,219,269,3,21,129",612
4017,104,"683,539,312,396,907,636,452,295,923,469","127,148,148,267,219,56,146,127,195,163",519
767,104,"683,37,677,63,76,770,502,433,626,11","127,151,156,269,36,129,36,33,164,156",582
4698,104,"683,37,677,63,891,605,555,500,255,11","127,151,156,269,267,155,33,155,36,156",553
35,104,"683,539,811,452,312,480,791,349,501,414","127,148,3,146,148,148,189,127,127,267",620
2148,104,"683,37,731,421,157,923,638,629,143,372","127,151,219,195,163,195,154,148,155,155",520
5579,104,"683,539,811,710,923,406,508,529,178,867","127,148,3,127,195,127,219,155,155,155",585
5580,104,"683,37,677,330,90,910,76,492,342,359","127,151,156,300,36,127,36,127,163,267",608
1109,104,"683,37,677,330,23,923,501,312,546,889","127,151,156,300,125,195,127,148,146,148",555
2923,104,"683,37,731,421,636,406,923,23,848,501","127,151,219,195,56,127,195,125,44,127",669
1172,104,"683,37,677,770,79,30,76,605,525,701","127,151,156,129,155,21,36,155,3,54",506
714,104,"923,312,811,80,533,717,502,37,885,629","195,148,3,155,39,195,36,151,39,148",380
5558,104,"683,539,312,396,815,480,791,295,931,566","127,148,148,267,126,148,189,127,56,146",561
3945,104,"683,539,811,710,489,30,923,290,690,406","127,148,3,127,269,21,195,3,219,127",582
730,104,"683,37,731,421,157,638,776,923,770,502","127,151,219,195,163,154,267,195,129,36",572
3475,104,"683,539,312,396,815,480,791,566,931,501","127,148,148,267,126,148,189,146,56,127",547
932,104,"683,37,677,63,76,770,79,30,525,342","127,151,156,269,36,129,155,21,3,163",568
2062,104,"923,312,811,452,791,813,138,625,86,520","195,148,3,146,189,154,195,126,164,127",380
3456,104,"683,37,677,63,76,770,79,30,891,433","127,151,156,269,36,129,155,21,267,33",545
1046,104,"683,37,677,30,79,71,605,794,555,439","127,151,156,21,155,156,155,39,33,153",401
2726,104,"683,37,677,63,891,301,605,161,439,913","127,151,156,269,267,44,155,156,153,219",546
3852,104,"923,770,834,30,533,502,119,891,150,63","195,129,36,21,39,36,36,267,195,269",531
5016,104,"37,452,312,791,629,927,811,464,530,766","151,146,148,189,148,284,3,148,284,284",264
3507,105,"683,37,677,255,802,923,770,370,740,79","127,151,156,36,127,195,129,195,36,155",531
5784,105,"683,539,811,491,406,867,178,907,501,312","127,148,3,146,127,155,155,219,127,148",490
5424,105,"683,37,731,421,923,789,636,133,406,497","127,151,219,195,195,156,56,163,127,128",535
5481,105,"683,37,677,63,891,342,433,605,11,91","127,151,156,269,267,163,33,155,156,195",553
4511,105,"683,539,811,710,466,489,898,248,30,290","127,148,3,127,42,269,39,148,21,3",612
5430,105,"683,37,677,63,76,770,502,433,409,359","127,151,156,269,36,129,36,33,195,267",546
2873,105,"923,770,834,30,79,789,887,626,500,71","195,129,36,21,155,156,3,164,155,156",477
1235,105,"923,312,508,811,488,533,368,637,80,37","195,148,219,3,129,39,3,155,155,151",494
4355,105,"683,37,677,443,42,342,63,500,663,551","127,151,156,176,176,163,269,155,176,195",586
3184,105,"683,37,731,312,636,406,452,492,372,328","127,151,219,148,56,127,146,127,155,39",535
2179,105,"923,37,887,502,79,30,572,291,794,555","195,151,3,36,155,21,39,21,39,33",352
3210,105,"683,37,677,770,79,30,71,500,161,605","127,151,156,129,155,21,156,155,156,155",544
4486,105,"683,37,677,255,802,923,105,770,370,740","127,151,156,36,127,195,284,129,195,36",519
633,105,"683,539,811,710,923,770,526,290,160,898","127,148,3,127,195,129,63,3,39,39",508
1430,105,"683,891,794,30,789,409,288,255,525,203","127,267,39,21,156,195,125,36,3,125",412
1133,105,"923,312,813,539,629,867,742,614,791,457","195,148,154,148,148,155,164,3,189,156",361
5148,105,"683,539,312,396,815,480,791,907,295,690","127,148,148,267,126,148,189,219,127,219",556
64,105,"683,37,421,502,406,3,629,885,867,209","127,151,195,36,127,155,148,39,155,155",494
5501,105,"683,37,677,30,79,76,11,642,433,555","127,151,156,21,155,36,156,195,33,33",463
1584,105,"923,312,813,539,295,629,907,480,363,452","195,148,154,148,127,148,219,148,128,146",413
3104,105,"100,340,703,663,502,30,915,409,255,789","165,181,181,176,36,21,155,156,195,36,156",363
729,105,"923,312,811,80,533,656,529,178,867,791","195,148,3,155,39,3,155,155,155,189",346
4554,105,"683,37,677,63,891,605,555,500,255,30","127,151,156,269,267,155,33,155,36,21",569
2626,105,"683,37,731,421,923,638,834,626,502,460","127,151,219,195,195,154,36,164,36,155",628
2261,105,"683,539,811,491,406,867,178,791,804,529","127,148,3,146,127,155,155,189,148,155",641
5528,105,"683,37,677,63,891,605,161,500,800,555","127,151,156,269,267,155,156,155,156,33",553
5711,105,"683,37,677,63,76,433,626,30,891,642","127,151,156,269,36,33,164,21,267,195",553
2466,105,"923,37,887,533,502,79,834,572,291,119","195,151,3,39,36,155,36,39,21,36",375
145,105,"683,37,677,770,79,30,834,657,433,385","127,151,156,129,155,21,36,56,33,39",500
5860,105,"923,312,813,539,629,480,178,742,457,529","195,148,154,148,148,148,155,164,156,155",354
5493,105,"683,37,677,417,255,105,770,555,370,525","127,151,156,165,36,284,129,33,195,3",544
3202,105,"683,539,312,396,43,336,252,815,200,31","127,148,148,267,163,176,154,126,54,156",669
541,105,"683,539,811,710,923,406,508,529,721,501","127,148,3,127,195,127,219,155,219,127",528
2883,105,"743,923,811,312,452,520,742,138,564,625","163,164,195,3,148,146,127,164,195,114,126",389
1595,105,"923,770,328,375,363,37,657,502,853,766","195,129,39,54,128,151,56,36,44,54,284",500
4837,105,"683,539,312,791,566,480,295,907,815,931","127,148,148,189,146,148,127,219,126,56",464
5610,105,"683,539,811,710,466,375,923,489,770,321","127,148,3,127,42,54,195,269,129,127",653
66,105,"683,539,811,491,406,452,501,907,466,756","127,148,3,146,127,146,127,219,42,58",653
5436,105,"683,539,811,491,406,867,178,907,312,452","127,148,3,146,127,155,155,219,148,146",547
2737,105,"683,539,811,710,923,406,867,529,178,690","127,148,3,127,195,127,155,155,155,219",535
573,105,"923,312,811,488,600,451,533,710,348,770","195,148,3,129,56,163,39,127,44,129",547
1670,105,"683,37,677,63,76,770,923,502,834,891","127,151,156,269,36,129,195,36,36,267",644
5744,105,"683,37,677,443,63,42,555,605,500,11","127,151,156,176,269,176,33,155,155,156",586
1223,105,"923,37,887,502,464,30,328,523,637,533","195,151,3,36,148,21,39,21,155,39",400
376,105,"683,539,811,907,452,406,312,508,721,791","127,148,3,219,146,127,148,219,219,189",412
2837,105,"683,37,677,63,891,385,255,79,500,555","127,151,156,269,267,39,36,155,155,33",538
2931,105,"683,90,3,689,451,889,471,731,406,73","127,36,155,128,163,148,176,219,127,176",461
1374,105,"683,37,677,63,76,433,502,891,30,79","127,151,156,269,36,33,36,267,21,155",553
2938,105,"683,37,731,312,629,25,825,594,440,786","127,151,219,148,148,148,148,146,136,154",535
1563,105,"683,37,677,770,79,30,71,500,161,605","127,151,156,129,155,21,156,155,156,155",519
3981,105,"683,539,312,295,452,248,636,501,791,508","127,148,148,127,146,148,56,127,189,219",520
1993,105,"683,539,312,295,452,791,394,501,480,931","127,148,148,127,146,189,127,127,148,56",540
4228,105,"683,37,677,770,79,30,342,385,605,255","127,151,156,129,155,21,163,39,155,36",549
934,105,"683,37,677,255,105,889,451,923,157,370","127,151,156,36,284,148,163,195,163,195",577
449,105,"683,37,731,421,923,638,502,834,676,143","127,151,219,195,195,154,36,36,155,155",541
944,105,"923,770,834,30,79,789,500,439,856,605","195,129,36,21,155,156,155,153,39,155",447
3243,105,"683,37,677,23,255,638,76,555,359,79","127,151,156,125,36,154,36,33,267,155",553
889,105,"683,37,731,421,923,789,636,497,629,133","127,151,219,195,195,156,56,128,148,163",519
3540,105,"683,37,731,421,157,638,776,502,238,923","127,151,219,195,163,154,267,36,155,195",553
2861,105,"683,37,677,30,79,71,572,605,385,439","127,151,156,21,155,156,39,155,39,153",412
4748,105,"923,770,834,30,79,63,500,789,119,605","195,129,36,21,155,269,155,156,36,155",521
3532,105,"683,37,677,770,90,409,642,433,502,834","127,151,156,129,36,195,195,33,36,36",528
1764,105,"683,37,677,255,802,923,105,731,97,368","127,151,156,36,127,195,284,219,39,3",541
1614,105,"683,37,677,63,891,301,555,500,255,623","127,151,156,269,267,44,33,155,36,155",571
5452,105,"683,37,677,255,802,923,636,600,889,90","127,151,156,36,127,195,56,56,148,36",519
5139,105,"683,37,677,255,105,90,770,740,555,30","127,151,156,36,284,36,129,36,33,21",472
2840,105,"923,37,887,502,79,30,834,789,417,160","195,151,3,36,155,21,36,156,165,39",355
2905,105,"683,37,731,312,636,406,848,306,328,525","127,151,219,148,56,127,44,267,39,3",628
1538,105,"683,37,677,770,79,71,800,500,794,433","127,151,156,129,155,156,156,155,39,33",494
681,105,"683,37,731,421,636,406,923,789,157,25","127,151,219,195,56,127,195,156,163,148",514
2101,105,"683,539,811,491,406,452,907,508,791,480","127,148,3,146,127,146,219,219,189,148",574
5250,105,"923,312,813,614,629,791,452,480,539,184","195,148,154,3,148,189,146,148,148,36",338
2710,105,"683,539,312,396,815,480,791,931,252,457","127,148,148,267,126,148,189,56,154,156",520
3446,105,"683,37,677,255,802,923,105,731,889,485","127,151,156,36,127,195,284,219,148,189",519
1057,105,"683,539,811,907,452,406,508,154,710,290","127,148,3,219,146,127,219,164,127,3",543
671,105,"683,539,811,710,30,290,770,766,137,637","127,148,3,127,21,3,129,284,39,155",460
185,105,"544,115,81,23,220,763,312,109,363,501","174,175,174,125,181,175,148,174,128,127",720
622,105,"683,539,811,491,452,480,907,791,931,312","127,148,3,146,146,148,219,189,56,148",535
2367,105,"923,312,813,539,295,629,178,363,480,349","195,148,154,148,127,148,155,128,148,127",398
717,105,"340,891,63,335,430,605,856,528,291,623","181,267,269,195,44,155,39,127,21,155",461
5110,105,"923,37,887,502,170,551,809,90,457,889","195,151,3,36,39,195,155,36,156,148",349
2548,105,"37,811,464,523,637,22,889,735,834,789","151,3,148,21,155,189,148,148,36,156",228
5210,105,"683,37,677,770,90,409,642,913,502,800","127,151,156,129,36,195,195,219,36,156",523
2654,105,"683,539,811,491,406,867,178,529,501,804","127,148,3,146,127,155,155,155,127,148",541
5074,105,"683,37,677,63,891,605,555,500,255,30","127,151,156,269,267,155,33,155,36,21",553
4457,105,"683,37,731,697,312,629,751,440,363,295","127,151,219,60,148,148,148,136,128,127",690
1462,105,"683,37,677,770,79,30,891,354,90,834","127,151,156,129,155,21,267,202,36,36",554
1213,105,"683,37,677,63,76,433,17,30,834,502","127,151,156,269,36,33,60,21,36,36",644
1760,105,"683,37,677,417,731,105,157,328,923,530","127,151,156,165,219,284,163,39,195,284",600
1298,105,"923,37,629,502,328,363,452,312,25,791","195,151,148,36,39,128,146,148,148,189",430
2094,105,"683,37,731,421,923,834,502,770,629,368","127,151,219,195,195,36,36,129,148,3",537
3549,105,"683,539,811,501,406,178,700,705,30,466","127,148,3,127,127,155,219,44,21,42",633
5694,105,"683,37,731,421,636,406,3,867,25,629","127,151,219,195,56,127,155,155,148,148",606
112,105,"340,406,73,257,550,471,751,312,396,468","181,127,176,146,21,176,148,148,267,267",749
3791,105,"683,539,811,491,406,452,501,907,466,532","127,148,3,146,127,146,127,219,42,219",639
1269,105,"923,312,508,811,600,710,637,492,731,885","195,148,219,3,56,127,155,127,219,39",476
4216,105,"683,37,677,63,891,342,500,555,605,439","127,151,156,269,267,163,155,33,155,153",553
1837,105,"683,37,677,255,802,923,105,451,889,751","127,151,156,36,127,195,284,163,148,148",499
2380,105,"683,539,811,491,406,867,178,501,907,312","127,148,3,146,127,155,155,127,219,148",535
2786,105,"683,37,677,63,41,500,856,161,79,439","127,151,156,269,44,155,39,156,155,153",691
3513,105,"923,770,328,502,37,887,342,288,834,30","195,129,39,36,151,3,163,125,36,21",523
111,105,"683,37,677,255,105,90,770,740,30,359","127,151,156,36,284,36,129,36,21,267",598
4671,105,"683,37,677,63,891,605,555,500,856,161","127,151,156,269,267,155,33,155,39,156",553
1507,105,"683,539,312,295,452,248,636,923,489,770","127,148,148,127,146,148,56,195,269,129",634
3266,105,"683,539,811,491,452,480,907,721,791,312","127,148,3,146,146,148,219,219,189,148",579
3187,105,"923,37,629,502,328,312,452,885,134,421","195,151,148,36,39,148,146,39,155,195",374
5211,105,"683,37,677,255,802,923,105,731,451,889","127,151,156,36,127,195,284,219,163,148",541
2831,105,"923,312,811,452,791,614,813,432,138,885","195,148,3,146,189,3,154,44,195,39",513
2347,105,"683,37,677,255,90,889,3,731,157,551","127,151,156,36,36,148,155,219,163,195",555
5507,105,"683,37,731,421,923,638,502,834,54,535","127,151,219,195,195,154,36,36,33,164",519
5544,105,"683,37,532,502,731,923,834,770,368,346","127,151,219,36,219,195,36,129,3,148",720
2914,105,"683,539,811,491,406,452,178,501,791,508","127,148,3,146,127,146,155,127,189,219",559
5496,105,"683,539,811,491,406,452,907,508,312,721","127,148,3,146,127,146,219,219,148,219",530
1138,105,"683,539,811,491,452,480,907,791,804,484","127,148,3,146,146,148,219,189,148,127",535
4419,105,"683,37,677,63,76,770,79,30,626,891","127,151,156,269,36,129,155,21,164,267",627
3276,105,"683,37,677,255,802,923,105,770,342,370","127,151,156,36,127,195,284,129,163,195",569
1047,105,"544,340,225,81,23,572,663,703,105,41","174,181,163,174,125,39,176,181,284,44",782
2918,105,"683,37,677,63,76,770,105,30,889,433","127,151,156,269,36,129,284,21,148,33",634
1378,105,"683,539,312,396,907,636,363,452,791,295","127,148,148,267,219,56,128,146,189,127",588
1389,105,"683,539,811,710,923,690,489,290,348,137","127,148,3,127,195,219,269,3,44,39",618
4400,105,"683,37,677,63,76,770,79,30,626,342","127,151,156,269,36,129,155,21,164,163",654
565,105,"683,37,677,330,689,23,731,923,157,370","127,151,156,300,128,125,219,195,163,195",640
5627,105,"683,539,312,295,414,452,815,501,879,791","127,148,148,127,267,146,126,127,129,189",669
5456,105,"544,312,81,109,408,747,683,452,539,811","174,148,174,174,174,164,127,146,148,3",611
123,105,"683,76,731,636,502,889,637,891,530,368","127,36,219,56,36,148,155,267,284,3",466
3482,105,"683,539,811,491,406,452,501,508,312,529","127,148,3,146,127,146,127,219,148,155",547
6033,105,"683,539,312,295,414,931,791,396,200,480","127,148,148,127,267,56,189,267,54,148",661
5560,105,"683,539,312,295,414,931,791,396,200,480","127,148,148,127,267,56,189,267,54,148",616
4723,105,"683,539,811,710,923,770,290,766,30,898","127,148,3,127,195,129,3,284,21,39",498
1525,105,"683,539,312,295,414,452,710,501,815,879","127,148,148,127,267,146,127,127,126,129",600
3854,105,"683,37,731,421,157,923,636,497,789,638","127,151,219,195,163,195,56,128,156,154",544
184,105,"683,37,731,421,157,638,891,430,502,834","127,151,219,195,163,154,267,44,36,36",645
1025,105,"683,37,731,312,636,406,25,452,791,885","127,151,219,148,56,127,148,146,189,39",535
4422,105,"683,37,677,30,79,71,161,500,439,605","127,151,156,21,155,156,156,155,153,155",374
2100,105,"421,312,811,673,452,791,804,813,491,677","195,148,3,154,146,189,148,154,146,156",371
2034,105,"739,923,834,702,607,37,502,929,443,170","164,195,36,176,163,151,36,175,176,39",485
1554,105,"683,37,677,63,891,301,555,255,354,500","127,151,156,269,267,44,33,36,202,155",612
3938,105,"544,312,81,621,692,683,109,115,270,799","174,148,174,176,176,127,174,175,176,175",688
3315,105,"683,37,677,63,891,605,555,255,811,745","127,151,156,269,267,155,33,36,3,3",541
966,105,"683,539,811,907,452,406,508,690,421,480","127,148,3,219,146,127,219,219,195,148",510
4238,105,"683,539,312,396,815,480,791,931,252,363","127,148,148,267,126,148,189,56,154,128",521
3693,105,"683,539,811,710,923,406,867,529,501,656","127,148,3,127,195,127,155,155,127,3",463
1674,105,"683,539,811,900,489,710,923,321,290,902","127,148,3,267,269,127,195,127,3,117",640
4816,105,"683,223,751,331,330,923,889,573,561,288","127,165,148,54,300,195,148,125,63,125",550
4352,105,"683,539,811,710,923,406,867,529,488,656","127,148,3,127,195,127,155,155,129,3",535
2677,105,"544,312,629,440,349,338,539,845,59,742","174,148,148,136,127,148,148,63,164,164",796
3486,105,"683,37,677,330,23,689,73,568,889,42","127,151,156,300,125,128,176,169,148,176",702
796,105,"683,37,677,63,76,770,79,30,657,433","127,151,156,269,36,129,155,21,56,33",635
5561,105,"683,37,677,417,255,105,770,555,63,76","127,151,156,165,36,284,129,33,269,36",509
2917,105,"683,37,677,770,90,889,485,657,555,525","127,151,156,129,36,148,189,56,33,3",519
4277,105,"683,37,677,255,90,370,449,923,889,441","127,151,156,36,36,195,165,195,148,117",563
444,105,"683,37,677,255,105,90,770,740,555,79","127,151,156,36,284,36,129,36,33,155",526
2078,105,"683,37,677,770,90,409,834,923,563,502","127,151,156,129,36,195,36,195,154,36",516
2781,105,"683,539,312,295,815,501,791,931,566,252","127,148,148,127,126,127,189,56,146,154",555
1503,105,"683,37,677,63,891,605,555,500,856,161","127,151,156,269,267,155,33,155,39,156",553
2961,105,"683,37,677,63,76,770,79,245,30,71","127,151,156,269,36,129,155,217,21,156",678
2627,105,"544,692,115,245,719,79,770,663,342,572","174,176,175,217,181,155,129,176,163,39",689
4492,105,"683,37,677,255,802,731,105,76,451,923","127,151,156,36,127,219,284,36,163,195",531
4858,105,"683,37,731,421,636,157,502,328,3,406","127,151,219,195,56,163,36,39,155,127",594
1041,105,"683,37,677,63,41,891,430,770,30,342","127,151,156,269,44,267,44,129,21,163",669
987,105,"100,312,295,396,440,480,349,363,629,791","165,148,127,267,136,148,127,128,148,189",690
432,105,"683,539,811,710,348,923,770,526,766,690","127,148,3,127,44,195,129,63,284,219",507
970,105,"683,37,677,417,923,328,255,259,507,889","127,151,156,165,195,39,36,148,126,148",394
6147,105,"683,37,677,255,105,889,370,551,502,740","127,151,156,36,284,148,195,195,36,36",576
1709,105,"683,223,76,359,770,37,17,502,891,23","127,165,36,267,129,151,60,36,267,125",682
4088,105,"923,312,811,600,533,105,770,710,867,492","195,148,3,56,39,284,129,127,155,127",479
5126,105,"683,539,312,791,566,815,907,690,252,931","127,148,148,189,146,126,219,219,154,56",498
464,105,"683,37,731,421,636,328,3,923,638,464","127,151,219,195,56,39,155,195,154,148",608
4325,105,"683,37,731,312,636,406,3,751,328,629","127,151,219,148,56,127,155,148,39,148",571
2211,105,"340,98,73,550,471,257,406,375,751,42","181,164,176,21,176,146,127,54,148,176",717
2618,105,"683,37,677,330,90,853,889,3,731,157","127,151,156,300,36,44,54,148,155,219,163",586
4940,105,"683,37,677,417,731,105,76,157,923,530","127,151,156,165,219,284,36,163,195,284",601
1823,105,"683,37,677,63,891,342,770,889,90,409","127,151,156,269,267,163,129,148,36,195",612
2795,105,"683,37,677,770,90,409,642,433,207,293","127,151,156,129,36,195,195,33,127,3",510
2949,105,"683,37,677,63,76,770,923,502,834,891","127,151,156,269,36,129,195,36,36,267",600
4827,105,"683,37,677,30,79,71,161,500,439,605","127,151,156,21,155,156,156,155,153,155",412
1788,105,"100,340,223,703,512,702,410,42,644,864","165,181,165,181,169,176,148,176,148,163",187
3462,105,"683,37,677,770,90,889,97,850,731,457","127,151,156,129,36,148,39,36,219,156",539
2322,105,"683,37,677,63,76,770,923,23,502,328","127,151,156,269,36,129,195,125,36,39",693
248,105,"683,539,811,710,923,690,489,290,30,770","127,148,3,127,195,219,269,3,21,129",612
4017,105,"683,539,312,396,907,636,452,295,923,530","127,148,148,267,219,56,146,127,195,284",519
767,105,"683,37,677,63,76,770,502,433,385,555","127,151,156,269,36,129,36,33,39,33",582
4698,105,"683,37,677,63,891,605,555,500,255,11","127,151,156,269,267,155,33,155,36,156",553
35,105,"683,539,811,452,312,480,791,349,501,742","127,148,3,146,148,148,189,127,127,164",620
2148,105,"683,37,731,421,157,923,638,629,143,372","127,151,219,195,163,195,154,148,155,155",520
5579,105,"683,539,811,710,923,406,508,529,178,867","127,148,3,127,195,127,219,155,155,155",585
5580,105,"683,37,677,330,90,910,76,492,342,359","127,151,156,300,36,127,36,127,163,267",608
1109,105,"683,37,677,330,23,923,501,312,546,889","127,151,156,300,125,195,127,148,146,148",555
2923,105,"683,37,731,421,636,406,923,23,848,501","127,151,219,195,56,127,195,125,44,127",669
1172,105,"683,37,677,770,79,30,76,605,525,701","127,151,156,129,155,21,36,155,3,54",506
714,105,"923,312,811,80,533,717,502,37,885,629","195,148,3,155,39,195,36,151,39,148",380
5558,105,"683,539,312,396,815,480,791,295,931,566","127,148,148,267,126,148,189,127,56,146",561
3945,105,"683,539,811,710,489,30,923,290,690,406","127,148,3,127,269,21,195,3,219,127",582
730,105,"683,37,731,421,923,638,502,776,770,238","127,151,219,195,195,154,36,267,129,155",572
3475,105,"683,539,312,396,815,480,791,566,931,501","127,148,148,267,126,148,189,146,56,127",547
932,105,"683,37,677,63,76,770,79,30,525,409","127,151,156,269,36,129,155,21,3,195",568
2062,105,"923,312,811,452,791,813,138,625,520,742","195,148,3,146,189,154,195,126,127,164",380
3456,105,"683,37,677,63,76,770,79,30,891,433","127,151,156,269,36,129,155,21,267,33",545
1046,105,"683,37,677,30,79,71,605,794,555,439","127,151,156,21,155,156,155,39,33,153",401
2726,105,"683,37,677,63,891,301,605,161,439,913","127,151,156,269,267,44,155,156,153,219",546
3852,105,"923,770,834,30,533,502,119,891,150,63","195,129,36,21,39,36,36,267,195,269",531
5016,105,"37,452,312,791,629,927,133,295,25,811","151,146,148,189,148,284,163,127,148,3",264
3507,106,"683,37,677,255,802,923,770,370,740,79","127,151,156,36,127,195,129,195,36,155",531
5784,106,"683,539,811,491,406,867,178,907,501,312","127,148,3,146,127,155,155,219,127,148",490
5424,106,"683,37,731,421,157,638,776,923,636,497","127,151,219,195,163,154,267,195,56,128",535
5481,106,"683,37,677,63,891,342,433,605,11,91","127,151,156,269,267,163,33,155,156,195",553
4511,106,"683,539,811,710,466,489,898,248,30,290","127,148,3,127,42,269,39,148,21,3",612
5430,106,"683,37,677,63,76,770,502,433,626,11","127,151,156,269,36,129,36,33,164,156",546
2873,106,"923,770,834,30,79,789,169,887,193,535","195,129,36,21,155,156,164,3,21,164",477
1235,106,"923,312,508,811,488,533,368,637,80,37","195,148,219,3,129,39,3,155,155,151",494
4355,106,"683,37,677,443,42,342,63,500,663,551","127,151,156,176,176,163,269,155,176,195",586
3184,106,"683,37,731,312,636,406,452,492,372,328","127,151,219,148,56,127,146,127,155,39",535
2179,106,"923,37,887,502,79,30,572,291,794,342","195,151,3,36,155,21,39,21,39,163",352
3210,106,"683,37,677,770,79,30,71,500,161,605","127,151,156,129,155,21,156,155,156,155",544
4486,106,"683,37,677,255,802,923,105,770,342,370","127,151,156,36,127,195,284,129,163,195",519
633,106,"683,539,811,710,923,770,526,290,160,898","127,148,3,127,195,129,63,3,39,39",508
1430,106,"683,891,794,28,525,30,789,409,572,342","127,267,39,163,3,21,156,195,39,163",412
1133,106,"923,312,813,539,629,867,614,791,3,457","195,148,154,148,148,155,3,189,155,156",361
5148,106,"683,539,312,396,815,480,791,907,295,690","127,148,148,267,126,148,189,219,127,219",556
64,106,"683,37,421,502,406,3,629,885,867,209","127,151,195,36,127,155,148,39,155,155",494
5501,106,"683,37,677,30,79,76,11,642,433,555","127,151,156,21,155,36,156,195,33,33",463
1584,106,"923,312,813,539,295,629,907,480,363,452","195,148,154,148,127,148,219,148,128,146",413
3104,106,"340,223,312,702,3,703,512,209,199,779","181,165,148,176,155,181,169,155,155,127",363
729,106,"923,312,811,80,533,656,529,178,867,791","195,148,3,155,39,3,155,155,155,189",346
4554,106,"683,37,677,63,891,605,555,500,255,30","127,151,156,269,267,155,33,155,36,21",569
2626,106,"683,37,731,421,923,638,834,891,502,770","127,151,219,195,195,154,36,267,36,129",628
2261,106,"683,539,811,491,406,867,178,791,804,529","127,148,3,146,127,155,155,189,148,155",641
5528,106,"683,37,677,63,891,605,161,500,800,555","127,151,156,269,267,155,156,155,156,33",553
5711,106,"683,37,677,63,76,433,30,642,359,555","127,151,156,269,36,33,21,195,267,33",553
2466,106,"923,37,887,533,502,79,834,572,291,119","195,151,3,39,36,155,36,39,21,36",375
145,106,"683,37,677,770,79,30,834,657,433,385","127,151,156,129,155,21,36,56,33,39",500
5860,106,"923,312,813,539,629,480,178,742,457,529","195,148,154,148,148,148,155,164,156,155",354
5493,106,"683,37,677,417,255,105,770,555,370,525","127,151,156,165,36,284,129,33,195,3",544
3202,106,"683,539,312,396,43,336,252,815,200,31","127,148,148,267,163,176,154,126,54,156",669
541,106,"683,539,811,710,923,406,508,529,154,80","127,148,3,127,195,127,219,155,164,155",528
2883,106,"895,73,312,811,813,452,673,491,138,484","176,176,148,3,154,146,154,146,195,127",389
1595,106,"923,770,328,375,363,37,657,502,853,766","195,129,39,54,128,151,56,36,44,54,284",500
4837,106,"683,539,312,791,566,480,295,907,815,931","127,148,148,189,146,148,127,219,126,56",464
5610,106,"683,539,811,710,466,375,923,489,770,321","127,148,3,127,42,54,195,269,129,127",653
66,106,"683,539,811,491,406,452,501,907,466,756","127,148,3,146,127,146,127,219,42,58",653
5436,106,"683,539,811,491,406,867,178,907,312,452","127,148,3,146,127,155,155,219,148,146",547
2737,106,"683,539,811,710,923,406,867,529,178,690","127,148,3,127,195,127,155,155,155,219",535
573,106,"923,312,811,488,600,492,80,717,105,525","195,148,3,129,56,127,155,195,284,3",547
1670,106,"683,37,677,63,76,770,923,502,834,891","127,151,156,269,36,129,195,36,36,267",644
5744,106,"683,37,677,443,63,42,555,605,500,11","127,151,156,176,269,176,33,155,155,156",586
1223,106,"923,37,887,502,464,30,328,342,637,376","195,151,3,36,148,21,39,163,155,164",400
376,106,"683,539,811,907,452,406,312,508,721,791","127,148,3,219,146,127,148,219,219,189",412
2837,106,"683,37,677,63,891,342,385,30,79,500","127,151,156,269,267,163,39,21,155,155",538
2931,106,"683,90,3,689,451,889,471,731,406,73","127,36,155,128,163,148,176,219,127,176",461
1374,106,"683,37,677,63,76,433,502,891,30,79","127,151,156,269,36,33,36,267,21,155",553
2938,106,"683,37,731,312,629,25,825,594,440,786","127,151,219,148,148,148,148,146,136,154",535
1563,106,"683,37,677,770,79,30,71,500,161,605","127,151,156,129,155,21,156,155,156,155",519
3981,106,"683,539,312,295,452,248,636,501,791,508","127,148,148,127,146,148,56,127,189,219",520
1993,106,"683,539,312,295,452,791,394,501,480,931","127,148,148,127,146,189,127,127,148,56",540
4228,106,"683,37,677,770,79,30,342,385,605,255","127,151,156,129,155,21,163,39,155,36",549
934,106,"683,37,677,255,105,889,731,923,17,328","127,151,156,36,284,148,219,195,60,39",577
449,106,"683,37,731,421,923,638,502,834,676,143","127,151,219,195,195,154,36,36,155,155",541
944,106,"923,770,834,30,79,789,500,439,856,605","195,129,36,21,155,156,155,153,39,155",447
3243,106,"683,37,677,23,255,638,76,555,359,79","127,151,156,125,36,154,36,33,267,155",553
889,106,"683,37,731,421,923,789,636,451,497,629","127,151,219,195,195,156,56,163,128,148",519
3540,106,"683,37,731,421,923,638,502,834,676,143","127,151,219,195,195,154,36,36,155,155",553
2861,106,"683,37,677,30,79,71,572,605,385,439","127,151,156,21,155,156,39,155,39,153",412
4748,106,"923,770,834,30,79,63,500,789,119,605","195,129,36,21,155,269,155,156,36,155",521
3532,106,"683,37,677,770,90,409,642,433,502,834","127,151,156,129,36,195,195,33,36,36",528
1764,106,"683,37,677,255,802,923,105,731,97,368","127,151,156,36,127,195,284,219,39,3",541
1614,106,"683,37,677,63,891,342,500,555,301,255","127,151,156,269,267,163,155,33,44,36",571
5452,106,"683,37,677,255,802,923,636,600,889,90","127,151,156,36,127,195,56,56,148,36",519
5139,106,"683,37,677,255,105,90,770,740,555,30","127,151,156,36,284,36,129,36,33,21",472
2840,106,"923,37,887,502,79,30,834,789,160,439","195,151,3,36,155,21,36,156,39,153",355
2905,106,"683,37,731,312,636,406,848,306,328,525","127,151,219,148,56,127,44,267,39,3",628
1538,106,"683,37,677,770,79,71,800,500,794,433","127,151,156,129,155,156,156,155,39,33",494
681,106,"683,37,731,421,636,406,923,789,501,328","127,151,219,195,56,127,195,156,127,39",514
2101,106,"683,539,811,491,406,452,907,508,791,480","127,148,3,146,127,146,219,219,189,148",574
5250,106,"923,312,813,614,629,791,452,480,539,184","195,148,154,3,148,189,146,148,148,36",338
2710,106,"683,539,312,396,815,480,791,931,252,457","127,148,148,267,126,148,189,56,154,156",520
3446,106,"683,37,677,255,802,923,105,731,451,889","127,151,156,36,127,195,284,219,163,148",519
1057,106,"683,539,811,907,452,406,508,923,501,710","127,148,3,219,146,127,219,195,127,127",543
671,106,"683,539,811,710,30,290,770,766,137,637","127,148,3,127,21,3,129,284,39,155",460
185,106,"544,115,81,23,220,763,312,109,363,501","174,175,174,125,181,175,148,174,128,127",720
622,106,"683,539,811,491,452,480,907,791,931,312","127,148,3,146,146,148,219,189,56,148",535
2367,106,"923,312,813,539,295,629,178,363,480,349","195,148,154,148,127,148,155,128,148,127",398
717,106,"340,891,63,225,605,430,856,245,230,528","181,267,269,163,155,44,39,217,114,127",461
5110,106,"923,37,887,502,170,551,809,90,457,889","195,151,3,36,39,195,155,36,156,148",349
2548,106,"37,811,464,523,637,22,889,735,834,101","151,3,148,21,155,189,148,148,36,163",228
5210,106,"683,37,677,770,90,409,642,913,502,800","127,151,156,129,36,195,195,219,36,156",523
2654,106,"683,539,811,491,406,867,178,529,501,804","127,148,3,146,127,155,155,155,127,148",541
5074,106,"683,37,677,63,891,342,500,555,605,255","127,151,156,269,267,163,155,33,155,36",553
4457,106,"683,37,731,697,312,629,751,440,363,295","127,151,219,60,148,148,148,136,128,127",690
1462,106,"683,37,677,770,79,30,891,354,90,834","127,151,156,129,155,21,267,202,36,36",554
1213,106,"683,37,677,63,76,433,17,30,834,502","127,151,156,269,36,33,60,21,36,36",644
1760,106,"683,37,677,255,802,731,105,485,889,637","127,151,156,36,127,219,284,189,148,155",600
1298,106,"923,37,629,502,328,363,452,312,25,791","195,151,148,36,39,128,146,148,148,189",430
2094,106,"683,37,731,421,923,834,502,770,629,368","127,151,219,195,195,36,36,129,148,3",537
3549,106,"683,539,811,501,406,168,312,791,705,290","127,148,3,127,127,165,148,189,44,3",633
5694,106,"683,37,731,421,636,406,3,867,25,629","127,151,219,195,56,127,155,155,148,148",606
112,106,"340,98,73,550,471,257,406,375,900,923","181,164,176,21,176,146,127,54,267,195",749
3791,106,"683,539,811,491,406,452,501,907,466,532","127,148,3,146,127,146,127,219,42,219",639
1269,106,"923,312,508,811,600,154,533,348,37,105","195,148,219,3,56,164,39,44,151,284",476
4216,106,"683,37,677,63,891,605,161,433,439,555","127,151,156,269,267,155,156,33,153,33",553
1837,106,"683,37,677,255,802,923,105,751,770,740","127,151,156,36,127,195,284,148,129,36",499
2380,106,"683,539,811,491,406,867,178,501,907,312","127,148,3,146,127,155,155,127,219,148",535
2786,106,"683,37,677,63,41,500,856,161,79,439","127,151,156,269,44,155,39,156,155,153",691
3513,106,"923,770,328,502,37,887,288,30,79,439","195,129,39,36,151,3,125,21,155,153",523
111,106,"683,37,677,255,105,90,770,740,30,359","127,151,156,36,284,36,129,36,21,267",598
4671,106,"683,37,677,63,891,605,555,500,856,161","127,151,156,269,267,155,33,155,39,156",553
1507,106,"683,539,312,295,452,248,636,923,489,770","127,148,148,127,146,148,56,195,269,129",634
3266,106,"683,539,811,491,452,480,907,721,791,312","127,148,3,146,146,148,219,219,189,148",579
3187,106,"923,37,629,502,328,312,452,885,134,421","195,151,148,36,39,148,146,39,155,195",374
5211,106,"683,37,677,255,802,923,105,731,97,368","127,151,156,36,127,195,284,219,39,3",541
2831,106,"923,312,811,452,791,614,813,432,138,885","195,148,3,146,189,3,154,44,195,39",513
2347,106,"683,37,677,255,90,889,3,731,776,891","127,151,156,36,36,148,155,219,267,267",555
5507,106,"683,37,731,421,923,638,502,834,54,535","127,151,219,195,195,154,36,36,33,164",519
5544,106,"683,37,532,502,731,923,834,770,368,346","127,151,219,36,219,195,36,129,3,148",720
2914,106,"683,539,811,491,406,452,178,501,791,508","127,148,3,146,127,146,155,127,189,219",559
5496,106,"683,539,811,491,406,452,907,508,312,721","127,148,3,146,127,146,219,219,148,219",530
1138,106,"683,539,811,491,452,480,907,791,804,484","127,148,3,146,146,148,219,189,148,127",535
4419,106,"683,37,677,63,76,770,79,30,626,891","127,151,156,269,36,129,155,21,164,267",627
3276,106,"683,37,677,255,802,923,105,770,370,740","127,151,156,36,127,195,284,129,195,36",569
1047,106,"100,340,544,663,572,28,63,703,245,770","165,181,174,176,39,163,269,181,217,129",782
2918,106,"683,37,677,63,76,770,105,30,889,433","127,151,156,269,36,129,284,21,148,33",634
1378,106,"683,539,312,396,907,636,363,452,791,295","127,148,148,267,219,56,128,146,189,127",588
1389,106,"683,539,811,710,923,690,489,290,348,137","127,148,3,127,195,219,269,3,44,39",618
4400,106,"683,37,677,63,76,770,79,30,525,409","127,151,156,269,36,129,155,21,3,195",654
565,106,"683,37,677,330,689,23,731,923,157,370","127,151,156,300,128,125,219,195,163,195",640
5627,106,"683,539,312,295,414,452,815,501,879,791","127,148,148,127,267,146,126,127,129,189",669
5456,106,"544,312,81,109,408,747,683,452,539,811","174,148,174,174,174,164,127,146,148,3",611
123,106,"683,76,731,157,370,485,636,530,3,751","127,36,219,163,195,189,56,284,155,148",466
3482,106,"683,539,811,491,406,452,501,508,312,529","127,148,3,146,127,146,127,219,148,155",547
6033,106,"683,539,312,295,414,931,791,396,742,200","127,148,148,127,267,56,189,267,164,54",661
5560,106,"683,539,312,295,414,931,791,396,200,480","127,148,148,127,267,56,189,267,54,148",616
4723,106,"683,539,811,710,923,770,290,766,30,898","127,148,3,127,195,129,3,284,21,39",498
1525,106,"683,539,312,295,414,452,710,501,815,879","127,148,148,127,267,146,127,127,126,129",600
3854,106,"683,37,731,421,923,789,636,451,497,525","127,151,219,195,195,156,56,163,128,3",544
184,106,"683,37,731,421,923,638,834,891,770,76","127,151,219,195,195,154,36,267,129,36",645
1025,106,"683,37,731,312,636,406,25,452,791,885","127,151,219,148,56,127,148,146,189,39",535
4422,106,"683,37,677,30,342,79,161,500,439,605","127,151,156,21,163,155,156,155,153,155",374
2100,106,"421,312,811,673,452,791,804,742,813,491","195,148,3,154,146,189,148,164,154,146",371
2034,106,"895,73,154,811,452,312,791,520,214,564","176,176,164,3,146,148,189,127,127,114",485
1554,106,"683,37,677,63,891,301,555,255,354,500","127,151,156,269,267,44,33,36,202,155",612
3938,106,"544,312,81,621,692,683,109,115,270,799","174,148,174,176,176,127,174,175,176,175",688
3315,106,"683,37,677,63,891,605,555,255,811,745","127,151,156,269,267,155,33,36,3,3",541
966,106,"683,539,811,907,452,406,508,690,421,480","127,148,3,219,146,127,219,219,195,148",510
4238,106,"683,539,312,396,815,480,791,931,252,363","127,148,148,267,126,148,189,56,154,128",521
3693,106,"683,539,811,710,923,406,867,529,501,656","127,148,3,127,195,127,155,155,127,3",463
1674,106,"683,539,811,900,489,710,923,321,290,902","127,148,3,267,269,127,195,127,3,117",640
4816,106,"683,223,751,451,330,637,889,848,740,433","127,165,148,163,300,155,148,44,36,33",550
4352,106,"683,539,811,710,923,406,867,529,488,656","127,148,3,127,195,127,155,155,129,3",535
2677,106,"544,312,629,440,349,338,539,845,59,363","174,148,148,136,127,148,148,63,164,128",796
3486,106,"683,37,677,330,23,689,73,568,889,42","127,151,156,300,125,128,176,169,148,176",702
796,106,"683,37,677,63,76,770,79,30,657,433","127,151,156,269,36,129,155,21,56,33",635
5561,106,"683,37,677,255,105,90,770,740,555,79","127,151,156,36,284,36,129,36,33,155",509
2917,106,"683,37,677,770,90,889,485,657,555,525","127,151,156,129,36,148,189,56,33,3",519
4277,106,"683,37,677,417,255,889,17,90,370,638","127,151,156,165,36,148,60,36,195,154",563
444,106,"683,37,677,255,105,90,770,740,555,79","127,151,156,36,284,36,129,36,33,155",526
2078,106,"683,37,677,770,90,409,834,923,563,502","127,151,156,129,36,195,36,195,154,36",516
2781,106,"683,539,312,295,815,501,791,931,566,252","127,148,148,127,126,127,189,56,146,154",555
1503,106,"683,37,677,63,891,605,555,500,856,161","127,151,156,269,267,155,33,155,39,156",553
2961,106,"683,37,677,63,76,770,79,245,30,342","127,151,156,269,36,129,155,217,21,163",678
2627,106,"544,692,115,245,719,79,770,663,572,119","174,176,175,217,181,155,129,176,39,36",689
4492,106,"683,37,677,255,802,731,157,105,638,76","127,151,156,36,127,219,163,284,154,36",531
4858,106,"683,37,731,421,636,328,3,406,923,638","127,151,219,195,56,39,155,127,195,154",594
1041,106,"683,37,677,63,41,891,430,770,30,794","127,151,156,269,44,267,44,129,21,39",669
987,106,"621,73,257,479,178,347,406,501,539,811","176,176,146,163,155,176,127,127,148,3",690
432,106,"683,539,811,710,348,923,770,526,766,690","127,148,3,127,44,195,129,63,284,219",507
970,106,"683,37,677,255,90,370,638,79,740,555","127,151,156,36,36,195,154,155,36,33",394
6147,106,"683,37,677,417,255,105,370,889,551,502","127,151,156,165,36,284,195,148,195,36",576
1709,106,"683,223,76,359,770,37,17,502,891,23","127,165,36,267,129,151,60,36,267,125",682
4088,106,"923,312,811,600,533,105,770,710,867,492","195,148,3,56,39,284,129,127,155,127",479
5126,106,"683,539,312,791,566,815,907,690,252,931","127,148,148,189,146,126,219,219,154,56",498
464,106,"683,37,731,421,636,328,3,923,638,464","127,151,219,195,56,39,155,195,154,148",608
4325,106,"683,37,731,312,636,406,3,751,328,629","127,151,219,148,56,127,155,148,39,148",571
2211,106,"340,406,73,257,550,471,751,375,468,330","181,127,176,146,21,176,148,54,267,300",717
2618,106,"683,37,677,330,90,853,889,3,731,502","127,151,156,300,36,44,54,148,155,219,36",586
4940,106,"683,37,677,417,731,105,76,157,923,530","127,151,156,165,219,284,36,163,195,284",601
1823,106,"683,37,677,63,891,342,770,889,90,409","127,151,156,269,267,163,129,148,36,195",612
2795,106,"683,37,677,770,90,409,642,433,207,293","127,151,156,129,36,195,195,33,127,3",510
2949,106,"683,37,677,63,76,770,923,502,834,891","127,151,156,269,36,129,195,36,36,267",600
4827,106,"683,37,677,30,79,71,161,500,439,605","127,151,156,21,155,156,156,155,153,155",412
1788,106,"340,703,864,915,780,532,743,839,189,702","181,181,163,155,156,128,219,163,164,3,165,176",187
3462,106,"683,37,677,770,90,889,97,850,731,457","127,151,156,129,36,148,39,36,219,156",539
2322,106,"683,37,677,225,923,23,76,90,910,891","127,151,156,163,195,125,36,36,127,267",693
248,106,"683,539,811,710,923,690,489,290,30,770","127,148,3,127,195,219,269,3,21,129",612
4017,106,"683,539,312,396,907,636,452,295,923,530","127,148,148,267,219,56,146,127,195,284",519
767,106,"683,37,677,63,76,770,502,433,385,555","127,151,156,269,36,129,36,33,39,33",582
4698,106,"683,37,677,63,891,605,555,500,255,11","127,151,156,269,267,155,33,155,36,156",553
35,106,"683,539,811,452,312,480,791,349,501,742","127,148,3,146,148,148,189,127,127,164",620
2148,106,"683,37,731,421,923,638,502,834,676,143","127,151,219,195,195,154,36,36,155,155",520
5579,106,"683,539,811,710,923,406,508,529,178,867","127,148,3,127,195,127,219,155,155,155",585
5580,106,"683,37,677,330,90,910,76,492,573,740","127,151,156,300,36,127,36,127,125,36",608
1109,106,"683,37,677,330,23,923,501,312,546,889","127,151,156,300,125,195,127,148,146,148",555
2923,106,"683,37,731,421,636,406,923,23,848,501","127,151,219,195,56,127,195,125,44,127",669
1172,106,"683,37,677,770,79,30,76,605,525,701","127,151,156,129,155,21,36,155,3,54",506
714,106,"923,312,811,80,533,717,502,37,885,629","195,148,3,155,39,195,36,151,39,148",380
5558,106,"683,539,312,396,815,480,791,295,931,566","127,148,148,267,126,148,189,127,56,146",561
3945,106,"683,539,811,710,489,30,923,290,690,406","127,148,3,127,269,21,195,3,219,127",582
730,106,"683,37,731,421,923,638,502,776,770,238","127,151,219,195,195,154,36,267,129,155",572
3475,106,"683,539,312,396,815,480,791,566,931,501","127,148,148,267,126,148,189,146,56,127",547
932,106,"683,37,677,63,76,770,79,30,525,409","127,151,156,269,36,129,155,21,3,195",568
2062,106,"923,312,811,452,791,813,138,625,86,520","195,148,3,146,189,154,195,126,164,127",380
3456,106,"683,37,677,63,76,770,79,30,891,433","127,151,156,269,36,129,155,21,267,33",545
1046,106,"683,37,677,30,342,79,161,605,255,500","127,151,156,21,163,155,156,155,36,155",401
2726,106,"683,37,677,63,891,301,605,161,439,913","127,151,156,269,267,44,155,156,153,219",546
3852,106,"923,770,834,30,533,502,119,891,150,63","195,129,36,21,39,36,36,267,195,269",531
5016,106,"37,452,312,791,629,927,133,295,25,811","151,146,148,189,148,284,163,127,148,3",264
3507,107,"683,37,677,255,802,923,770,370,740,79","127,151,156,36,127,195,129,195,36,155",531
5784,107,"683,539,811,491,406,867,178,907,501,312","127,148,3,146,127,155,155,219,127,148",490
5424,107,"683,37,731,421,923,789,636,451,497,452","127,151,219,195,195,156,56,163,128,146",535
5481,107,"683,37,677,63,891,342,433,605,11,91","127,151,156,269,267,163,33,155,156,195",553
4511,107,"683,539,811,710,466,489,898,248,30,290","127,148,3,127,42,269,39,148,21,3",612
5430,107,"683,37,677,63,76,770,502,433,409,359","127,151,156,269,36,129,36,33,195,267",546
2873,107,"923,770,834,30,79,789,169,887,193,535","195,129,36,21,155,156,164,3,21,164",477
1235,107,"923,312,508,811,488,533,368,637,80,37","195,148,219,3,129,39,3,155,155,151",494
4355,107,"683,37,677,443,42,342,63,500,663,417","127,151,156,176,176,163,269,155,176,165",586
3184,107,"683,37,731,312,636,406,452,492,372,328","127,151,219,148,56,127,146,127,155,39",535
2179,107,"923,37,887,502,79,30,572,291,794,342","195,151,3,36,155,21,39,21,39,163",352
3210,107,"683,37,677,770,79,30,71,500,161,605","127,151,156,129,155,21,156,155,156,155",544
4486,107,"683,37,677,255,802,923,105,770,370,740","127,151,156,36,127,195,284,129,195,36",519
633,107,"683,539,811,710,923,770,526,290,160,898","127,148,3,127,195,129,63,3,39,39",508
1430,107,"683,891,794,30,789,409,288,255,525,203","127,267,39,21,156,195,125,36,3,125",412
1133,107,"923,312,813,539,629,867,614,791,3,457","195,148,154,148,148,155,3,189,155,156",361
5148,107,"683,539,312,396,815,480,791,907,295,690","127,148,148,267,126,148,189,219,127,219",556
64,107,"683,37,421,502,406,3,629,885,867,209","127,151,195,36,127,155,148,39,155,155",494
5501,107,"683,37,677,30,342,79,385,800,433,555","127,151,156,21,163,155,39,156,33,33",463
1584,107,"923,312,813,539,295,629,907,480,363,452","195,148,154,148,127,148,219,148,128,146",413
3104,107,"340,223,312,451,42,703,780,502,789,702","181,165,148,163,176,181,128,36,156,176",363
729,107,"923,312,811,80,533,656,529,178,867,791","195,148,3,155,39,3,155,155,155,189",346
4554,107,"683,37,677,63,891,342,500,555,605,255","127,151,156,269,267,163,155,33,155,36",569
2626,107,"683,37,731,421,157,638,891,430,502,889","127,151,219,195,163,154,267,44,36,148",628
2261,107,"683,539,811,491,406,867,178,791,804,529","127,148,3,146,127,155,155,189,148,155",641
5528,107,"683,37,677,63,891,605,161,500,800,555","127,151,156,269,267,155,156,155,156,33",553
5711,107,"683,37,677,63,76,433,626,30,342,891","127,151,156,269,36,33,164,21,163,267",553
2466,107,"923,37,887,533,502,79,834,572,291,119","195,151,3,39,36,155,36,39,21,36",375
145,107,"683,37,677,770,79,30,834,657,433,385","127,151,156,129,155,21,36,56,33,39",500
5860,107,"923,312,813,539,629,480,178,457,791,452","195,148,154,148,148,148,155,156,189,146",354
5493,107,"683,37,677,255,105,90,770,740,30,555","127,151,156,36,284,36,129,36,21,33",544
3202,107,"683,539,312,396,295,252,815,163,200,791","127,148,148,267,127,154,126,163,54,189",669
541,107,"683,539,811,710,923,406,508,529,721,501","127,148,3,127,195,127,219,155,219,127",528
2883,107,"895,73,312,811,813,452,742,673,491,484","176,176,148,3,154,146,164,154,146,127",389
1595,107,"923,770,328,375,363,37,657,502,853,766","195,129,39,54,128,151,56,36,44,54,284",500
4837,107,"683,539,312,791,566,480,295,907,815,931","127,148,148,189,146,148,127,219,126,56",464
5610,107,"683,539,811,710,466,375,923,489,770,321","127,148,3,127,42,54,195,269,129,127",653
66,107,"683,539,811,491,406,452,501,907,466,756","127,148,3,146,127,146,127,219,42,58",653
5436,107,"683,539,811,491,406,867,178,907,312,452","127,148,3,146,127,155,155,219,148,146",547
2737,107,"683,539,811,710,923,406,867,529,178,690","127,148,3,127,195,127,155,155,155,219",535
573,107,"923,312,811,488,600,133,636,37,502,770","195,148,3,129,56,163,56,151,36,129",547
1670,107,"683,37,677,63,76,770,923,502,834,891","127,151,156,269,36,129,195,36,36,267",644
5744,107,"683,37,677,443,63,42,342,500,555,605","127,151,156,176,269,176,163,155,33,155",586
1223,107,"923,37,887,502,464,30,328,523,637,533","195,151,3,36,148,21,39,21,155,39",400
376,107,"683,539,811,907,452,406,312,508,721,791","127,148,3,219,146,127,148,219,219,189",412
2837,107,"683,37,677,63,891,342,385,30,79,500","127,151,156,269,267,163,39,21,155,155",538
2931,107,"100,312,406,471,295,702,73,257,751,457","165,148,127,176,127,176,176,146,148,156",461
1374,107,"683,37,677,63,76,433,502,891,30,79","127,151,156,269,36,33,36,267,21,155",553
2938,107,"683,37,731,312,629,25,825,594,440,786","127,151,219,148,148,148,148,146,136,154",535
1563,107,"683,37,677,770,79,30,71,500,161,605","127,151,156,129,155,21,156,155,156,155",519
3981,107,"683,539,312,295,452,248,636,501,791,508","127,148,148,127,146,148,56,127,189,219",520
1993,107,"683,539,312,295,452,791,394,501,480,931","127,148,148,127,146,189,127,127,148,56",540
4228,107,"683,37,677,770,79,30,342,385,605,255","127,151,156,129,155,21,163,39,155,36",549
934,107,"683,37,677,255,105,889,451,923,17,731","127,151,156,36,284,148,163,195,60,219",577
449,107,"683,37,731,421,923,638,502,834,676,143","127,151,219,195,195,154,36,36,155,155",541
944,107,"923,770,834,30,79,789,500,439,856,605","195,129,36,21,155,156,155,153,39,155",447
3243,107,"683,37,677,23,255,638,76,555,359,79","127,151,156,125,36,154,36,33,267,155",553
889,107,"683,37,731,421,923,789,636,497,629,133","127,151,219,195,195,156,56,128,148,163",519
3540,107,"683,37,731,421,923,638,502,834,676,143","127,151,219,195,195,154,36,36,155,155",553
2861,107,"683,37,677,30,79,71,572,605,385,439","127,151,156,21,155,156,39,155,39,153",412
4748,107,"923,770,834,30,79,63,500,789,119,605","195,129,36,21,155,269,155,156,36,155",521
3532,107,"683,37,677,770,90,409,642,433,502,834","127,151,156,129,36,195,195,33,36,36",528
1764,107,"683,37,677,255,802,923,105,731,97,368","127,151,156,36,127,195,284,219,39,3",541
1614,107,"683,37,677,63,891,301,555,500,255,623","127,151,156,269,267,44,33,155,36,155",571
5452,107,"683,37,677,417,731,105,76,370,328,502","127,151,156,165,219,284,36,195,39,36",519
5139,107,"683,37,677,255,105,90,770,740,555,30","127,151,156,36,284,36,129,36,33,21",472
2840,107,"923,37,887,502,79,30,834,789,626,617","195,151,3,36,155,21,36,156,164,148",355
2905,107,"683,37,731,312,636,406,848,306,328,525","127,151,219,148,56,127,44,267,39,3",628
1538,107,"683,37,677,770,79,342,500,800,439,555","127,151,156,129,155,163,155,156,153,33",494
681,107,"683,37,731,421,636,451,923,406,530,497","127,151,219,195,56,163,195,127,284,128",514
2101,107,"683,539,811,491,406,452,907,508,791,480","127,148,3,146,127,146,219,219,189,148",574
5250,107,"923,312,813,614,629,791,452,480,539,184","195,148,154,3,148,189,146,148,148,36",338
2710,107,"683,539,312,396,815,480,791,931,252,457","127,148,148,267,126,148,189,56,154,156",520
3446,107,"683,37,677,255,802,923,105,731,889,485","127,151,156,36,127,195,284,219,148,189",519
1057,107,"683,539,811,907,452,406,508,923,501,710","127,148,3,219,146,127,219,195,127,127",543
671,107,"683,539,811,710,30,290,770,766,137,637","127,148,3,127,21,3,129,284,39,155",460
185,107,"544,115,81,23,220,763,312,109,363,501","174,175,174,125,181,175,148,174,128,127",720
622,107,"683,539,811,491,452,480,907,791,931,312","127,148,3,146,146,148,219,189,56,148",535
2367,107,"923,312,813,539,295,629,178,363,480,349","195,148,154,148,127,148,155,128,148,127",398
717,107,"340,891,63,335,430,605,856,528,291,623","181,267,269,195,44,155,39,127,21,155",461
5110,107,"923,37,887,502,170,551,809,90,457,889","195,151,3,36,39,195,155,36,156,148",349
2548,107,"37,417,342,834,500,677,889,449,259,637","151,165,163,36,155,156,148,165,148,155",228
5210,107,"683,37,677,770,90,409,642,913,502,800","127,151,156,129,36,195,195,219,36,156",523
2654,107,"683,539,811,491,406,867,178,529,501,804","127,148,3,146,127,155,155,155,127,148",541
5074,107,"683,37,677,63,891,342,500,555,605,255","127,151,156,269,267,163,155,33,155,36",553
4457,107,"683,37,731,697,312,629,751,440,363,295","127,151,219,60,148,148,148,136,128,127",690
1462,107,"683,37,677,770,79,30,891,354,90,834","127,151,156,129,155,21,267,202,36,36",554
1213,107,"683,37,677,63,76,433,17,30,834,502","127,151,156,269,36,33,60,21,36,36",644
1760,107,"683,37,677,255,802,731,157,637,105,485","127,151,156,36,127,219,163,155,284,189",600
1298,107,"923,37,629,502,328,363,452,312,25,791","195,151,148,36,39,128,146,148,148,189",430
2094,107,"683,37,731,421,157,502,238,891,889,923","127,151,219,195,163,36,155,267,148,195",537
3549,107,"683,539,811,501,406,178,700,705,30,466","127,148,3,127,127,155,219,44,21,42",633
5694,107,"683,37,731,421,636,406,3,867,25,629","127,151,219,195,56,127,155,155,148,148",606
112,107,"340,98,73,550,471,257,406,375,900,923","181,164,176,21,176,146,127,54,267,195",749
3791,107,"683,539,811,491,406,452,501,907,466,532","127,148,3,146,127,146,127,219,42,219",639
1269,107,"923,312,508,811,600,710,637,492,731,885","195,148,219,3,56,127,155,127,219,39",476
4216,107,"683,37,677,63,891,605,161,433,439,555","127,151,156,269,267,155,156,33,153,33",553
1837,107,"683,37,677,255,802,923,105,751,770,740","127,151,156,36,127,195,284,148,129,36",499
2380,107,"683,539,811,491,406,867,178,501,907,312","127,148,3,146,127,155,155,127,219,148",535
2786,107,"683,37,677,63,41,500,856,161,169,79","127,151,156,269,44,155,39,156,164,155",691
3513,107,"923,770,328,502,37,887,342,288,834,30","195,129,39,36,151,3,163,125,36,21",523
111,107,"683,37,677,417,255,105,770,555,359,79","127,151,156,165,36,284,129,33,267,155",598
4671,107,"683,37,677,63,891,342,500,161,856,79","127,151,156,269,267,163,155,156,39,155",553
1507,107,"683,539,312,295,452,248,636,923,489,770","127,148,148,127,146,148,56,195,269,129",634
3266,107,"683,539,811,491,452,480,907,721,791,312","127,148,3,146,146,148,219,219,189,148",579
3187,107,"923,37,629,502,328,312,452,885,134,421","195,151,148,36,39,148,146,39,155,195",374
5211,107,"683,37,677,255,802,923,105,731,451,889","127,151,156,36,127,195,284,219,163,148",541
2831,107,"923,312,811,452,791,614,813,432,138,885","195,148,3,146,189,3,154,44,195,39",513
2347,107,"683,37,677,417,255,889,17,90,731,157","127,151,156,165,36,148,60,36,219,163",555
5507,107,"683,37,731,421,923,638,502,834,54,448","127,151,219,195,195,154,36,36,33,3",519
5544,107,"683,37,532,502,731,923,834,770,368,346","127,151,219,36,219,195,36,129,3,148",720
2914,107,"683,539,811,491,406,452,178,501,791,508","127,148,3,146,127,146,155,127,189,219",559
5496,107,"683,539,811,491,406,452,907,508,312,721","127,148,3,146,127,146,219,219,148,219",530
1138,107,"683,539,811,491,452,480,907,791,804,484","127,148,3,146,146,148,219,189,148,127",535
4419,107,"683,37,677,63,76,770,79,30,626,891","127,151,156,269,36,129,155,21,164,267",627
3276,107,"683,37,677,255,802,923,105,770,370,740","127,151,156,36,127,195,284,129,195,36",569
1047,107,"100,340,544,663,572,28,63,703,245,626","165,181,174,176,39,163,269,181,217,164",782
2918,107,"683,37,677,63,76,770,105,30,889,626","127,151,156,269,36,129,284,21,148,164",634
1378,107,"683,539,312,396,907,636,363,452,791,295","127,148,148,267,219,56,128,146,189,127",588
1389,107,"683,539,811,710,923,690,489,290,348,137","127,148,3,127,195,219,269,3,44,39",618
4400,107,"683,37,677,63,76,770,79,30,525,409","127,151,156,269,36,129,155,21,3,195",654
565,107,"683,37,677,330,689,23,731,923,441,502","127,151,156,300,128,125,219,195,117,36",640
5627,107,"683,539,312,295,414,452,815,501,879,791","127,148,148,127,267,146,126,127,129,189",669
5456,107,"544,312,81,109,408,452,683,336,539,811","174,148,174,174,174,146,127,176,148,3",611
123,107,"683,76,731,636,502,889,637,891,530,368","127,36,219,56,36,148,155,267,284,3",466
3482,107,"683,539,811,491,406,452,501,508,312,529","127,148,3,146,127,146,127,219,148,155",547
6033,107,"683,539,312,295,414,931,791,396,200,480","127,148,148,127,267,56,189,267,54,148",661
5560,107,"683,539,312,295,414,931,791,396,742,815","127,148,148,127,267,56,189,267,164,126",616
4723,107,"683,539,811,710,923,770,290,766,30,898","127,148,3,127,195,129,3,284,21,39",498
1525,107,"683,539,312,295,414,452,710,501,815,879","127,148,148,127,267,146,127,127,126,129",600
3854,107,"683,37,731,421,923,789,636,497,638,776","127,151,219,195,195,156,56,128,154,267",544
184,107,"683,37,731,421,157,638,891,430,502,834","127,151,219,195,163,154,267,44,36,36",645
1025,107,"683,37,731,312,636,406,25,452,791,885","127,151,219,148,56,127,148,146,189,39",535
4422,107,"683,37,677,30,342,79,161,500,439,605","127,151,156,21,163,155,156,155,153,155",374
2100,107,"421,312,811,673,452,791,804,742,813,491","195,148,3,154,146,189,148,164,154,146",371
2034,107,"739,923,834,702,37,929,887,441,443,363","164,195,36,176,151,175,3,117,176,128",485
1554,107,"683,37,677,63,891,301,555,255,354,500","127,151,156,269,267,44,33,36,202,155",612
3938,107,"544,312,81,621,692,683,109,115,270,799","174,148,174,176,176,127,174,175,176,175",688
3315,107,"683,37,677,63,891,605,555,255,163,811","127,151,156,269,267,155,33,36,163,3",541
966,107,"683,539,811,907,452,406,508,690,421,480","127,148,3,219,146,127,219,219,195,148",510
4238,107,"683,539,312,396,815,480,791,931,252,363","127,148,148,267,126,148,189,56,154,128",521
3693,107,"683,539,811,710,923,406,867,529,501,656","127,148,3,127,195,127,155,155,127,3",463
1674,107,"683,539,811,900,489,710,923,321,290,902","127,148,3,267,269,127,195,127,3,117",640
4816,107,"683,223,751,366,331,330,802,923,573,288","127,165,148,164,54,300,127,195,125,125",550
4352,107,"683,539,811,710,923,406,867,529,488,656","127,148,3,127,195,127,155,155,129,3",535
2677,107,"544,312,629,440,349,338,539,845,59,742","174,148,148,136,127,148,148,63,164,164",796
3486,107,"683,37,677,330,23,689,73,568,889,42","127,151,156,300,125,128,176,169,148,176",702
796,107,"683,37,677,63,76,770,79,30,657,433","127,151,156,269,36,129,155,21,56,33",635
5561,107,"683,37,677,417,255,105,770,555,63,76","127,151,156,165,36,284,129,33,269,36",509
2917,107,"683,37,677,770,90,889,485,657,555,525","127,151,156,129,36,148,189,56,33,3",519
4277,107,"683,37,677,255,90,370,923,889,502,79","127,151,156,36,36,195,195,148,36,155",563
444,107,"683,37,677,417,731,105,76,90,30,555","127,151,156,165,219,284,36,36,21,33",526
2078,107,"683,37,677,770,90,409,834,923,563,502","127,151,156,129,36,195,36,195,154,36",516
2781,107,"683,539,312,295,815,501,791,931,566,252","127,148,148,127,126,127,189,56,146,154",555
1503,107,"683,37,677,63,891,342,500,161,856,79","127,151,156,269,267,163,155,156,39,155",553
2961,107,"683,37,677,63,76,770,79,245,30,71","127,151,156,269,36,129,155,217,21,156",678
2627,107,"544,692,115,245,719,79,770,663,572,119","174,176,175,217,181,155,129,176,39,36",689
4492,107,"683,37,677,417,255,105,288,76,802,731","127,151,156,165,36,284,125,36,127,219",531
4858,107,"683,37,731,421,636,328,3,406,923,638","127,151,219,195,56,39,155,127,195,154",594
1041,107,"683,37,677,63,41,891,430,770,30,794","127,151,156,269,44,267,44,129,21,39",669
987,107,"100,312,295,396,440,480,349,363,629,791","165,148,127,267,136,148,127,128,148,189",690
432,107,"683,539,811,710,348,923,770,526,766,690","127,148,3,127,44,195,129,63,284,219",507
970,107,"683,37,677,255,90,370,638,79,740,555","127,151,156,36,36,195,154,155,36,33",394
6147,107,"683,37,677,417,255,105,370,889,551,502","127,151,156,165,36,284,195,148,195,36",576
1709,107,"100,223,37,572,770,409,359,17,906,701","165,165,151,39,129,195,267,60,202,54",682
4088,107,"923,312,811,600,533,105,770,710,867,492","195,148,3,56,39,284,129,127,155,127",479
5126,107,"683,539,312,791,566,815,907,690,252,931","127,148,148,189,146,126,219,219,154,56",498
464,107,"683,37,731,421,636,157,3,328,848,476","127,151,219,195,56,163,155,39,44,54",608
4325,107,"683,37,731,312,636,406,3,751,328,629","127,151,219,148,56,127,155,148,39,148",571
2211,107,"340,98,73,550,471,257,406,375,751,42","181,164,176,21,176,146,127,54,148,176",717
2618,107,"683,37,677,330,90,853,889,3,731,502","127,151,156,300,36,44,54,148,155,219,36",586
4940,107,"683,37,677,255,105,90,770,740,555,79","127,151,156,36,284,36,129,36,33,155",601
1823,107,"683,37,677,63,891,770,417,889,91,555","127,151,156,269,267,129,165,148,195,33",612
2795,107,"683,37,677,770,90,409,642,433,207,293","127,151,156,129,36,195,195,33,127,3",510
2949,107,"683,37,677,63,76,770,923,502,834,891","127,151,156,269,36,129,195,36,36,267",600
4827,107,"683,37,677,30,79,71,161,500,439,605","127,151,156,21,155,156,156,155,153,155",412
1788,107,"100,340,703,663,245,887,443,702,569,864","165,181,181,176,217,3,176,176,58,163",187
3462,107,"683,37,677,770,90,889,97,850,731,457","127,151,156,129,36,148,39,36,219,156",539
2322,107,"683,37,28,312,923,501,3,811,546,742","127,151,163,148,195,127,155,3,146,164",693
248,107,"683,539,811,710,923,690,489,290,30,770","127,148,3,127,195,219,269,3,21,129",612
4017,107,"683,539,312,396,907,636,452,295,923,530","127,148,148,267,219,56,146,127,195,284",519
767,107,"683,37,677,63,76,770,502,433,385,555","127,151,156,269,36,129,36,33,39,33",582
4698,107,"683,37,677,63,891,342,433,605,11,91","127,151,156,269,267,163,33,155,156,195",553
35,107,"683,539,811,452,312,480,791,349,501,414","127,148,3,146,148,148,189,127,127,267",620
2148,107,"683,37,731,421,923,638,502,834,676,143","127,151,219,195,195,154,36,36,155,155",520
5579,107,"683,539,811,710,923,406,508,529,178,867","127,148,3,127,195,127,219,155,155,155",585
5580,107,"683,37,677,330,90,910,76,492,573,740","127,151,156,300,36,127,36,127,125,36",608
1109,107,"683,37,677,330,23,923,501,312,546,889","127,151,156,300,125,195,127,148,146,148",555
2923,107,"683,37,731,421,636,406,923,23,848,501","127,151,219,195,56,127,195,125,44,127",669
1172,107,"683,37,677,770,79,30,76,605,525,701","127,151,156,129,155,21,36,155,3,54",506
714,107,"923,312,811,80,533,717,502,37,885,629","195,148,3,155,39,195,36,151,39,148",380
5558,107,"683,539,312,396,815,480,791,295,931,566","127,148,148,267,126,148,189,127,56,146",561
3945,107,"683,539,811,710,489,30,923,290,690,469","127,148,3,127,269,21,195,3,219,163",582
730,107,"683,37,731,421,157,638,776,923,770,502","127,151,219,195,163,154,267,195,129,36",572
3475,107,"683,539,312,396,815,480,791,566,931,501","127,148,148,267,126,148,189,146,56,127",547
932,107,"683,37,677,63,76,770,79,30,626,342","127,151,156,269,36,129,155,21,164,163",568
2062,107,"923,312,811,452,791,813,138,625,520,614","195,148,3,146,189,154,195,126,127,3",380
3456,107,"683,37,677,63,76,770,79,342,30,891","127,151,156,269,36,129,155,163,21,267",545
1046,107,"683,37,677,30,79,71,605,794,555,439","127,151,156,21,155,156,155,39,33,153",401
2726,107,"683,37,677,63,891,301,605,161,439,913","127,151,156,269,267,44,155,156,153,219",546
3852,107,"923,770,834,30,533,502,119,891,150,63","195,129,36,21,39,36,36,267,195,269",531
5016,107,"37,452,312,791,629,927,133,86,789,295","151,146,148,189,148,284,163,164,156,127",264
3507,108,"683,37,677,417,731,370,502,889,255,740","127,151,156,165,219,195,36,148,36,36",531
5784,108,"683,539,811,491,406,867,178,907,501,312","127,148,3,146,127,155,155,219,127,148",490
5424,108,"683,37,731,421,923,789,636,497,452,629","127,151,219,195,195,156,56,128,146,148",535
5481,108,"683,37,677,63,891,605,555,255,163,811","127,151,156,269,267,155,33,36,163,3",553
4511,108,"683,539,811,710,466,489,898,248,30,290","127,148,3,127,42,269,39,148,21,3",612
5430,108,"683,37,677,63,76,770,502,433,409,359","127,151,156,269,36,129,36,33,195,267",546
2873,108,"923,770,834,30,79,789,169,887,193,119","195,129,36,21,155,156,164,3,21,36",477
1235,108,"923,312,508,133,811,533,488,637,368,80","195,148,219,163,3,39,129,155,3,155",494
4355,108,"683,37,677,443,42,889,417,63,163,500","127,151,156,176,176,148,165,269,163,155",586
3184,108,"683,37,731,312,636,406,452,492,372,328","127,151,219,148,56,127,146,127,155,39",535
2179,108,"923,37,887,502,79,30,572,291,794,626","195,151,3,36,155,21,39,21,39,164",352
3210,108,"683,37,677,770,79,30,71,500,161,605","127,151,156,129,155,21,156,155,156,155",544
4486,108,"683,37,677,417,731,105,76,370,328,421","127,151,156,165,219,284,36,195,39,195",519
633,108,"683,539,811,710,923,770,526,290,160,898","127,148,3,127,195,129,63,3,39,39",508
1430,108,"683,891,794,30,789,409,288,255,525,203","127,267,39,21,156,195,125,36,3,125",412
1133,108,"923,312,813,539,629,867,614,791,3,457","195,148,154,148,148,155,3,189,155,156",361
5148,108,"683,539,312,396,815,480,791,907,295,690","127,148,148,267,126,148,189,219,127,219",556
64,108,"683,37,421,502,406,3,629,885,867,209","127,151,195,36,127,155,148,39,155,155",494
5501,108,"683,37,677,30,342,79,385,800,433,555","127,151,156,21,163,155,39,156,33,33",463
1584,108,"923,312,813,539,295,629,907,480,363,452","195,148,154,148,127,148,219,148,128,146",413
3104,108,"100,340,223,703,512,312,443,42,702,3","165,181,165,181,169,148,176,176,176,155",363
729,108,"923,312,811,80,533,656,529,178,867,791","195,148,3,155,39,3,155,155,155,189",346
4554,108,"683,37,677,63,891,605,555,500,255,30","127,151,156,269,267,155,33,155,36,21",569
2626,108,"683,37,731,421,923,638,834,626,502,460","127,151,219,195,195,154,36,164,36,155",628
2261,108,"683,539,811,491,406,867,178,791,804,529","127,148,3,146,127,155,155,189,148,155",641
5528,108,"683,37,677,63,891,605,161,500,800,555","127,151,156,269,267,155,156,155,156,33",553
5711,108,"683,37,677,63,76,433,30,642,359,555","127,151,156,269,36,33,21,195,267,33",553
2466,108,"923,37,887,533,502,79,834,572,291,119","195,151,3,39,36,155,36,39,21,36",375
145,108,"683,37,677,770,79,30,834,657,433,385","127,151,156,129,155,21,36,56,33,39",500
5860,108,"923,312,813,539,629,480,178,742,457,529","195,148,154,148,148,148,155,164,156,155",354
5493,108,"683,37,677,255,105,90,770,740,30,555","127,151,156,36,284,36,129,36,21,33",544
3202,108,"683,539,312,396,295,252,815,31,200,742","127,148,148,267,127,154,126,156,54,164",669
541,108,"683,539,811,710,923,406,508,529,154,80","127,148,3,127,195,127,219,155,164,155",528
2883,108,"100,37,443,42,663,923,811,546,802,717","165,151,176,176,176,195,3,146,127,195",389
1595,108,"923,770,328,375,363,37,657,502,853,766","195,129,39,54,128,151,56,36,44,54,284",500
4837,108,"683,539,312,791,566,480,295,907,815,931","127,148,148,189,146,148,127,219,126,56",464
5610,108,"683,539,811,710,466,375,923,489,770,321","127,148,3,127,42,54,195,269,129,127",653
66,108,"683,539,811,491,406,452,501,907,466,756","127,148,3,146,127,146,127,219,42,58",653
5436,108,"683,539,811,491,406,867,178,907,312,452","127,148,3,146,127,155,155,219,148,146",547
2737,108,"683,539,811,710,923,406,867,529,178,690","127,148,3,127,195,127,155,155,155,219",535
573,108,"923,312,811,488,600,492,80,717,105,525","195,148,3,129,56,127,155,195,284,3",547
1670,108,"683,37,677,63,76,770,923,502,834,891","127,151,156,269,36,129,195,36,36,267",644
5744,108,"683,37,677,443,63,42,342,500,555,605","127,151,156,176,269,176,163,155,33,155",586
1223,108,"923,37,887,502,464,30,328,523,637,533","195,151,3,36,148,21,39,21,155,39",400
376,108,"683,539,811,907,452,406,312,508,721,791","127,148,3,219,146,127,148,219,219,189",412
2837,108,"683,37,677,63,891,385,255,79,500,555","127,151,156,269,267,39,36,155,155,33",538
2931,108,"100,312,406,471,295,702,73,257,751,457","165,148,127,176,127,176,176,146,148,156",461
1374,108,"683,37,677,63,76,433,502,891,30,79","127,151,156,269,36,33,36,267,21,155",553
2938,108,"683,37,731,312,629,25,825,594,440,786","127,151,219,148,148,148,148,146,136,154",535
1563,108,"683,37,677,770,79,30,71,500,161,605","127,151,156,129,155,21,156,155,156,155",519
3981,108,"683,539,312,295,452,248,636,501,791,508","127,148,148,127,146,148,56,127,189,219",520
1993,108,"683,539,312,295,452,791,394,501,480,931","127,148,148,127,146,189,127,127,148,56",540
4228,108,"683,37,677,770,79,30,76,626,605,11","127,151,156,129,155,21,36,164,155,156",549
934,108,"683,37,677,255,105,889,731,923,17,328","127,151,156,36,284,148,219,195,60,39",577
449,108,"683,37,731,421,157,638,776,502,238,923","127,151,219,195,163,154,267,36,155,195",541
944,108,"923,770,834,30,79,789,500,439,856,605","195,129,36,21,155,156,155,153,39,155",447
3243,108,"683,37,677,23,417,255,638,63,555,71","127,151,156,125,165,36,154,269,33,156",553
889,108,"683,37,731,421,923,789,636,497,629,600","127,151,219,195,195,156,56,128,148,56",519
3540,108,"683,37,731,421,923,638,502,834,676,143","127,151,219,195,195,154,36,36,155,155",553
2861,108,"683,37,677,30,342,79,161,385,71,605","127,151,156,21,163,155,156,39,156,155",412
4748,108,"923,770,834,30,79,63,500,789,119,605","195,129,36,21,155,269,155,156,36,155",521
3532,108,"683,37,677,770,90,409,642,433,502,834","127,151,156,129,36,195,195,33,36,36",528
1764,108,"683,37,677,255,802,923,105,731,97,368","127,151,156,36,127,195,284,219,39,3",541
1614,108,"683,37,677,63,891,301,555,500,255,623","127,151,156,269,267,44,33,155,36,155",571
5452,108,"683,37,677,255,802,923,636,600,889,90","127,151,156,36,127,195,56,56,148,36",519
5139,108,"683,37,677,255,105,90,770,740,555,30","127,151,156,36,284,36,129,36,33,21",472
2840,108,"923,37,887,502,79,30,834,789,160,439","195,151,3,36,155,21,36,156,39,153",355
2905,108,"683,37,731,312,636,406,848,306,328,525","127,151,219,148,56,127,44,267,39,3",628
1538,108,"683,37,677,770,79,71,800,500,794,433","127,151,156,129,155,156,156,155,39,33",494
681,108,"683,37,731,421,636,406,923,789,501,328","127,151,219,195,56,127,195,156,127,39",514
2101,108,"683,539,811,491,406,452,907,508,791,480","127,148,3,146,127,146,219,219,189,148",574
5250,108,"923,312,813,614,629,742,791,452,539,480","195,148,154,3,148,164,189,146,148,148",338
2710,108,"683,539,312,396,815,480,791,931,252,457","127,148,148,267,126,148,189,56,154,156",520
3446,108,"683,37,677,417,255,105,802,923,731,328","127,151,156,165,36,284,127,195,219,39",519
1057,108,"683,539,811,907,452,406,508,923,501,710","127,148,3,219,146,127,219,195,127,127",543
671,108,"683,539,811,710,30,290,770,766,137,637","127,148,3,127,21,3,129,284,39,155",460
185,108,"544,115,81,23,220,763,312,109,363,501","174,175,174,125,181,175,148,174,128,127",720
622,108,"683,539,811,491,452,480,907,791,931,312","127,148,3,146,146,148,219,189,56,148",535
2367,108,"923,312,813,539,295,629,178,363,480,349","195,148,154,148,127,148,155,128,148,127",398
717,108,"340,891,63,225,605,430,856,245,230,528","181,267,269,163,155,44,39,217,114,127",461
5110,108,"923,37,887,502,170,551,809,90,457,889","195,151,3,36,39,195,155,36,156,148",349
2548,108,"37,811,342,79,464,523,637,410,22,717","151,3,163,155,148,21,155,148,189,195",228
5210,108,"683,37,677,770,90,409,642,913,502,800","127,151,156,129,36,195,195,219,36,156",523
2654,108,"683,539,811,491,406,867,178,529,501,804","127,148,3,146,127,155,155,155,127,148",541
5074,108,"683,37,677,63,891,342,500,555,605,255","127,151,156,269,267,163,155,33,155,36",553
4457,108,"683,37,731,697,312,629,751,440,363,295","127,151,219,60,148,148,148,136,128,127",690
1462,108,"683,37,677,770,79,30,891,354,90,834","127,151,156,129,155,21,267,202,36,36",554
1213,108,"683,37,677,63,76,433,17,30,834,502","127,151,156,269,36,33,60,21,36,36",644
1760,108,"683,37,677,417,731,105,157,451,383,328","127,151,156,165,219,284,163,163,189,39",600
1298,108,"923,37,629,502,328,363,452,312,25,791","195,151,148,36,39,128,146,148,148,189",430
2094,108,"683,37,731,421,157,502,238,891,889,923","127,151,219,195,163,36,155,267,148,195",537
3549,108,"683,539,811,501,406,178,700,705,30,466","127,148,3,127,127,155,219,44,21,42",633
5694,108,"683,37,731,421,636,406,3,867,25,629","127,151,219,195,56,127,155,155,148,148",606
112,108,"340,406,73,257,550,471,751,312,396,468","181,127,176,146,21,176,148,148,267,267",749
3791,108,"683,539,811,491,406,452,501,907,466,532","127,148,3,146,127,146,127,219,42,219",639
1269,108,"923,312,508,811,600,710,637,492,731,885","195,148,219,3,56,127,155,127,219,39",476
4216,108,"683,37,677,63,891,605,161,433,439,555","127,151,156,269,267,155,156,33,153,33",553
1837,108,"683,37,677,417,923,105,802,889,328,530","127,151,156,165,195,284,127,148,39,284",499
2380,108,"683,539,811,491,406,867,178,501,907,312","127,148,3,146,127,155,155,127,219,148",535
2786,108,"683,37,677,63,41,500,856,161,169,79","127,151,156,269,44,155,39,156,164,155",691
3513,108,"923,770,328,502,37,887,288,30,79,439","195,129,39,36,151,3,125,21,155,153",523
111,108,"683,37,677,417,255,105,770,555,359,79","127,151,156,165,36,284,129,33,267,155",598
4671,108,"683,37,677,63,891,605,555,500,856,161","127,151,156,269,267,155,33,155,39,156",553
1507,108,"683,539,312,295,452,248,636,923,489,770","127,148,148,127,146,148,56,195,269,129",634
3266,108,"683,539,811,491,452,480,907,721,791,312","127,148,3,146,146,148,219,219,189,148",579
3187,108,"923,37,629,502,328,312,452,154,550,451","195,151,148,36,39,148,146,164,21,163",374
5211,108,"683,37,677,417,731,105,157,255,923,889","127,151,156,165,219,284,163,36,195,148",541
2831,108,"923,312,811,452,791,614,813,432,138,885","195,148,3,146,189,3,154,44,195,39",513
2347,108,"683,37,677,255,90,889,3,451,97,853","127,151,156,36,36,148,155,163,39,44,54",555
5507,108,"683,37,731,421,923,638,502,834,54,448","127,151,219,195,195,154,36,36,33,3",519
5544,108,"683,37,532,502,731,923,834,770,368,346","127,151,219,36,219,195,36,129,3,148",720
2914,108,"683,539,811,491,406,452,178,501,791,508","127,148,3,146,127,146,155,127,189,219",559
5496,108,"683,539,811,491,406,452,907,508,312,721","127,148,3,146,127,146,219,219,148,219",530
1138,108,"683,539,811,491,452,480,907,791,804,484","127,148,3,146,146,148,219,189,148,127",535
4419,108,"683,37,677,63,76,770,79,30,626,891","127,151,156,269,36,129,155,21,164,267",627
3276,108,"683,37,677,255,802,923,105,770,370,740","127,151,156,36,127,195,284,129,195,36",569
1047,108,"544,340,63,770,81,37,28,663,703,245","174,181,269,129,174,151,163,176,181,217",782
2918,108,"683,37,677,63,76,770,105,30,889,433","127,151,156,269,36,129,284,21,148,33",634
1378,108,"683,539,312,396,907,636,363,452,791,295","127,148,148,267,219,56,128,146,189,127",588
1389,108,"683,539,811,710,923,690,489,290,348,137","127,148,3,127,195,219,269,3,44,39",618
4400,108,"683,37,677,63,76,770,79,30,525,342","127,151,156,269,36,129,155,21,3,163",654
565,108,"683,37,677,330,689,23,731,923,441,502","127,151,156,300,128,125,219,195,117,36",640
5627,108,"683,539,312,295,414,452,815,501,879,163","127,148,148,127,267,146,126,127,129,163",669
5456,108,"544,312,81,109,408,452,683,336,539,811","174,148,174,174,174,146,127,176,148,3",611
123,108,"683,76,731,451,889,502,368,637,372,530","127,36,219,163,148,36,3,155,155,284",466
3482,108,"683,539,811,491,406,452,501,508,312,529","127,148,3,146,127,146,127,219,148,155",547
6033,108,"683,539,312,295,414,931,791,396,200,480","127,148,148,127,267,56,189,267,54,148",661
5560,108,"683,539,312,295,414,931,791,396,200,480","127,148,148,127,267,56,189,267,54,148",616
4723,108,"683,539,811,710,923,770,290,766,30,898","127,148,3,127,195,129,3,284,21,39",498
1525,108,"683,539,312,295,414,452,710,501,815,879","127,148,148,127,267,146,127,127,126,129",600
3854,108,"683,37,731,421,923,789,636,497,638,776","127,151,219,195,195,156,56,128,154,267",544
184,108,"683,37,731,421,923,638,834,891,770,76","127,151,219,195,195,154,36,267,129,36",645
1025,108,"683,37,731,312,636,406,25,452,791,885","127,151,219,148,56,127,148,146,189,39",535
4422,108,"683,37,677,30,79,71,161,500,439,605","127,151,156,21,155,156,156,155,153,155",374
2100,108,"421,312,811,673,452,791,804,813,491,677","195,148,3,154,146,189,148,154,146,156",371
2034,108,"743,923,502,471,702,73,751,443,42,607","163,164,195,36,176,176,176,148,176,176,163",485
1554,108,"683,37,677,63,891,301,555,255,354,500","127,151,156,269,267,44,33,36,202,155",612
3938,108,"544,312,81,621,692,683,109,115,270,799","174,148,174,176,176,127,174,175,176,175",688
3315,108,"683,37,677,63,891,605,555,255,811,745","127,151,156,269,267,155,33,36,3,3",541
966,108,"683,539,811,907,452,406,508,690,421,480","127,148,3,219,146,127,219,219,195,148",510
4238,108,"683,539,312,396,815,480,791,931,252,363","127,148,148,267,126,148,189,56,154,128",521
3693,108,"683,539,811,710,923,406,867,529,501,656","127,148,3,127,195,127,155,155,127,3",463
1674,108,"683,539,811,900,489,710,923,321,290,902","127,148,3,267,269,127,195,127,3,117",640
4816,108,"100,223,312,501,488,802,288,573,923,411","165,165,148,127,129,127,125,125,195,63",550
4352,108,"683,539,811,710,923,406,867,529,488,656","127,148,3,127,195,127,155,155,129,3",535
2677,108,"544,312,629,440,349,338,539,845,59,742","174,148,148,136,127,148,148,63,164,164",796
3486,108,"683,37,677,330,23,689,73,568,889,42","127,151,156,300,125,128,176,169,148,176",702
796,108,"683,37,677,63,76,770,79,30,657,433","127,151,156,269,36,129,155,21,56,33",635
5561,108,"683,37,28,677,76,770,555,701,63,17","127,151,163,156,36,129,33,54,269,60",509
2917,108,"683,37,677,770,90,889,485,657,417,555","127,151,156,129,36,148,189,56,165,33",519
4277,108,"683,37,677,255,90,370,923,889,502,79","127,151,156,36,36,195,195,148,36,155",563
444,108,"683,37,677,255,105,90,770,740,555,79","127,151,156,36,284,36,129,36,33,155",526
2078,108,"683,37,677,770,90,409,834,923,563,502","127,151,156,129,36,195,36,195,154,36",516
2781,108,"683,539,312,295,815,501,791,931,566,252","127,148,148,127,126,127,189,56,146,154",555
1503,108,"683,37,677,63,891,605,555,500,856,161","127,151,156,269,267,155,33,155,39,156",553
2961,108,"683,37,677,63,76,770,79,245,30,71","127,151,156,269,36,129,155,217,21,156",678
2627,108,"544,692,115,245,719,79,770,663,342,572","174,176,175,217,181,155,129,176,163,39",689
4492,108,"683,37,677,255,802,731,105,76,328,923","127,151,156,36,127,219,284,36,39,195",531
4858,108,"683,37,731,421,636,328,3,406,923,638","127,151,219,195,56,39,155,127,195,154",594
1041,108,"683,37,677,63,41,891,430,770,30,794","127,151,156,269,44,267,44,129,21,39",669
987,108,"100,312,295,396,440,480,349,363,629,791","165,148,127,267,136,148,127,128,148,189",690
432,108,"683,539,811,710,348,923,770,526,766,690","127,148,3,127,44,195,129,63,284,219",507
970,108,"683,37,677,255,90,370,638,79,740,555","127,151,156,36,36,195,154,155,36,33",394
6147,108,"683,37,677,417,255,105,370,889,551,502","127,151,156,165,36,284,195,148,195,36",576
1709,108,"100,223,37,572,770,409,359,17,906,701","165,165,151,39,129,195,267,60,202,54",682
4088,108,"923,312,811,600,533,105,770,710,867,492","195,148,3,56,39,284,129,127,155,127",479
5126,108,"683,539,312,791,566,815,907,690,252,931","127,148,148,189,146,126,219,219,154,56",498
464,108,"683,37,731,421,636,328,3,923,638,464","127,151,219,195,56,39,155,195,154,148",608
4325,108,"683,37,731,312,636,406,3,751,328,629","127,151,219,148,56,127,155,148,39,148",571
2211,108,"340,98,73,550,471,257,406,375,751,42","181,164,176,21,176,146,127,54,148,176",717
2618,108,"683,37,677,330,90,853,889,3,731,502","127,151,156,300,36,44,54,148,155,219,36",586
4940,108,"683,37,677,255,105,90,770,740,555,79","127,151,156,36,284,36,129,36,33,155",601
1823,108,"683,37,677,63,891,770,889,90,288,409","127,151,156,269,267,129,148,36,125,195",612
2795,108,"683,37,677,770,90,409,642,433,207,342","127,151,156,129,36,195,195,33,127,163",510
2949,108,"683,37,677,63,76,770,923,502,834,891","127,151,156,269,36,129,195,36,36,267",600
4827,108,"683,37,677,30,79,71,161,500,439,605","127,151,156,21,155,156,156,155,153,155",412
1788,108,"340,703,864,915,780,532,739,626,512,702","181,181,163,155,156,128,219,164,164,169,176",187
3462,108,"683,37,677,770,90,889,97,850,731,457","127,151,156,129,36,148,39,36,219,156",539
2322,108,"683,37,28,312,923,501,3,811,104,614","127,151,163,148,195,127,155,3,163,3",693
248,108,"683,539,811,710,923,690,489,290,30,770","127,148,3,127,195,219,269,3,21,129",612
4017,108,"683,539,312,396,907,636,452,295,923,530","127,148,148,267,219,56,146,127,195,284",519
767,108,"683,37,677,63,76,770,502,433,626,11","127,151,156,269,36,129,36,33,164,156",582
4698,108,"683,37,677,63,891,605,555,500,255,11","127,151,156,269,267,155,33,155,36,156",553
35,108,"683,539,811,452,312,480,791,349,501,414","127,148,3,146,148,148,189,127,127,267",620
2148,108,"683,37,731,421,923,638,502,834,676,143","127,151,219,195,195,154,36,36,155,155",520
5579,108,"683,539,811,710,923,406,508,529,178,867","127,148,3,127,195,127,219,155,155,155",585
5580,108,"683,37,677,330,90,910,76,492,573,740","127,151,156,300,36,127,36,127,125,36",608
1109,108,"683,37,677,330,23,923,501,312,546,889","127,151,156,300,125,195,127,148,146,148",555
2923,108,"683,37,731,421,636,406,923,23,848,501","127,151,219,195,56,127,195,125,44,127",669
1172,108,"683,37,677,770,79,30,342,255,71,800","127,151,156,129,155,21,163,36,156,156",506
714,108,"923,312,811,80,533,717,502,37,885,629","195,148,3,155,39,195,36,151,39,148",380
5558,108,"683,539,312,396,815,480,791,59,295,629","127,148,148,267,126,148,189,164,127,148",561
3945,108,"683,539,811,710,489,30,923,290,690,406","127,148,3,127,269,21,195,3,219,127",582
730,108,"683,37,731,421,923,638,502,776,770,238","127,151,219,195,195,154,36,267,129,155",572
3475,108,"683,539,312,396,815,480,791,566,931,501","127,148,148,267,126,148,189,146,56,127",547
932,108,"683,37,677,63,76,770,79,30,626,605","127,151,156,269,36,129,155,21,164,155",568
2062,108,"923,312,811,452,791,813,138,625,520,614","195,148,3,146,189,154,195,126,127,3",380
3456,108,"683,37,677,63,76,770,79,30,891,433","127,151,156,269,36,129,155,21,267,33",545
1046,108,"683,37,677,30,342,79,161,605,255,500","127,151,156,21,163,155,156,155,36,155",401
2726,108,"683,37,677,63,891,342,433,605,301,439","127,151,156,269,267,163,33,155,44,153",546
3852,108,"923,770,834,30,533,502,119,891,150,63","195,129,36,21,39,36,36,267,195,269",531
5016,108,"37,452,312,791,629,927,133,295,25,811","151,146,148,189,148,284,163,127,148,3",264
3507,109,"683,37,677,255,802,923,770,370,740,79","127,151,156,36,127,195,129,195,36,155",531
5784,109,"683,539,811,491,406,867,178,907,501,312","127,148,3,146,127,155,155,219,127,148",490
5424,109,"683,37,731,421,157,638,776,923,636,133","127,151,219,195,163,154,267,195,56,163",535
5481,109,"683,37,677,63,891,342,433,605,11,91","127,151,156,269,267,163,33,155,156,195",553
4511,109,"683,539,811,710,466,489,898,248,30,290","127,148,3,127,42,269,39,148,21,3",612
5430,109,"683,37,677,63,76,770,502,433,409,359","127,151,156,269,36,129,36,33,195,267",546
2873,109,"923,770,834,30,79,789,887,71,85,193","195,129,36,21,155,156,3,156,56,21",477
1235,109,"923,312,508,811,488,533,368,637,80,37","195,148,219,3,129,39,3,155,155,151",494
4355,109,"683,37,677,443,42,342,63,500,663,417","127,151,156,176,176,163,269,155,176,165",586
3184,109,"683,37,731,312,636,406,452,492,372,328","127,151,219,148,56,127,146,127,155,39",535
2179,109,"923,37,887,502,79,30,572,291,794,555","195,151,3,36,155,21,39,21,39,33",352
3210,109,"683,37,677,770,79,30,71,500,161,605","127,151,156,129,155,21,156,155,156,155",544
4486,109,"683,37,677,255,802,923,105,770,370,740","127,151,156,36,127,195,284,129,195,36",519
633,109,"683,539,811,710,923,770,526,290,160,898","127,148,3,127,195,129,63,3,39,39",508
1430,109,"683,891,794,30,225,203,502,789,507,626","127,267,39,21,163,125,36,156,126,164",412
1133,109,"923,312,813,539,629,867,614,791,3,457","195,148,154,148,148,155,3,189,155,156",361
5148,109,"683,539,312,396,815,480,791,907,295,690","127,148,148,267,126,148,189,219,127,219",556
64,109,"683,37,421,502,406,3,629,885,867,209","127,151,195,36,127,155,148,39,155,155",494
5501,109,"683,37,677,30,342,79,385,800,433,555","127,151,156,21,163,155,39,156,33,33",463
1584,109,"923,312,813,539,295,629,907,480,363,452","195,148,154,148,127,148,219,148,128,146",413
3104,109,"340,789,702,864,703,502,30,915,24,638","181,156,176,163,181,36,21,155,156,156,154",363
729,109,"923,312,811,80,533,656,529,178,867,791","195,148,3,155,39,3,155,155,155,189",346
4554,109,"683,37,677,63,891,605,555,500,255,30","127,151,156,269,267,155,33,155,36,21",569
2626,109,"683,37,731,421,157,638,891,430,502,889","127,151,219,195,163,154,267,44,36,148",628
2261,109,"683,539,811,491,406,867,178,791,804,529","127,148,3,146,127,155,155,189,148,155",641
5528,109,"683,37,677,63,891,605,161,500,800,555","127,151,156,269,267,155,156,155,156,33",553
5711,109,"683,37,677,63,76,433,30,642,359,555","127,151,156,269,36,33,21,195,267,33",553
2466,109,"923,37,887,533,502,79,834,572,291,119","195,151,3,39,36,155,36,39,21,36",375
145,109,"683,37,677,770,79,30,834,657,433,385","127,151,156,129,155,21,36,56,33,39",500
5860,109,"923,312,813,539,629,480,178,457,791,452","195,148,154,148,148,148,155,156,189,146",354
5493,109,"683,37,677,255,105,90,770,740,30,555","127,151,156,36,284,36,129,36,21,33",544
3202,109,"683,539,312,396,295,252,815,31,200,480","127,148,148,267,127,154,126,156,54,148",669
541,109,"683,539,811,710,923,406,508,529,721,501","127,148,3,127,195,127,219,155,219,127",528
2883,109,"743,923,811,312,452,520,614,546,673,677","163,164,195,3,148,146,127,3,146,154,156",389
1595,109,"923,770,328,375,363,37,657,502,853,766","195,129,39,54,128,151,56,36,44,54,284",500
4837,109,"683,539,312,791,566,480,295,907,815,931","127,148,148,189,146,148,127,219,126,56",464
5610,109,"683,539,811,710,466,375,923,489,770,321","127,148,3,127,42,54,195,269,129,127",653
66,109,"683,539,811,491,406,452,501,907,466,756","127,148,3,146,127,146,127,219,42,58",653
5436,109,"683,539,811,491,406,867,178,907,312,452","127,148,3,146,127,155,155,219,148,146",547
2737,109,"683,539,811,710,923,406,867,529,178,690","127,148,3,127,195,127,155,155,155,219",535
573,109,"923,312,811,488,600,492,80,717,105,525","195,148,3,129,56,127,155,195,284,3",547
1670,109,"683,37,677,63,76,770,923,502,834,891","127,151,156,269,36,129,195,36,36,267",644
5744,109,"683,37,677,443,63,42,555,605,500,11","127,151,156,176,269,176,33,155,155,156",586
1223,109,"923,37,887,502,417,30,551,745,834,90","195,151,3,36,165,21,195,3,36,36",400
376,109,"683,539,811,907,452,406,312,508,721,791","127,148,3,219,146,127,148,219,219,189",412
2837,109,"683,37,677,63,891,342,385,30,79,500","127,151,156,269,267,163,39,21,155,155",538
2931,109,"100,312,406,471,295,702,73,257,751,457","165,148,127,176,127,176,176,146,148,156",461
1374,109,"683,37,677,63,76,433,502,891,30,79","127,151,156,269,36,33,36,267,21,155",553
2938,109,"683,37,731,312,629,25,825,594,440,786","127,151,219,148,148,148,148,146,136,154",535
1563,109,"683,37,677,770,79,342,30,161,500,439","127,151,156,129,155,163,21,156,155,153",519
3981,109,"683,539,312,295,452,248,636,501,791,508","127,148,148,127,146,148,56,127,189,219",520
1993,109,"683,539,312,295,452,791,394,501,480,931","127,148,148,127,146,189,127,127,148,56",540
4228,109,"683,37,677,770,79,30,76,626,605,11","127,151,156,129,155,21,36,164,155,156",549
934,109,"683,37,677,255,105,889,731,923,17,328","127,151,156,36,284,148,219,195,60,39",577
449,109,"683,37,731,421,157,638,776,502,238,923","127,151,219,195,163,154,267,36,155,195",541
944,109,"923,770,834,30,79,789,500,439,856,605","195,129,36,21,155,156,155,153,39,155",447
3243,109,"683,37,677,23,255,638,76,555,359,79","127,151,156,125,36,154,36,33,267,155",553
889,109,"683,37,731,421,923,789,636,497,629,600","127,151,219,195,195,156,56,128,148,56",519
3540,109,"683,37,731,421,157,638,776,502,238,923","127,151,219,195,163,154,267,36,155,195",553
2861,109,"683,37,677,30,342,79,161,385,71,605","127,151,156,21,163,155,156,39,156,155",412
4748,109,"923,770,834,30,79,63,500,789,119,605","195,129,36,21,155,269,155,156,36,155",521
3532,109,"683,37,677,770,90,409,642,433,502,834","127,151,156,129,36,195,195,33,36,36",528
1764,109,"683,37,677,255,802,923,105,731,97,368","127,151,156,36,127,195,284,219,39,3",541
1614,109,"683,37,677,63,891,301,555,500,255,623","127,151,156,269,267,44,33,155,36,155",571
5452,109,"683,37,677,255,802,923,636,600,889,90","127,151,156,36,127,195,56,56,148,36",519
5139,109,"683,37,677,255,105,90,770,740,555,30","127,151,156,36,284,36,129,36,33,21",472
2840,109,"923,37,887,502,79,30,834,789,160,439","195,151,3,36,155,21,36,156,39,153",355
2905,109,"683,37,731,312,636,406,848,306,328,525","127,151,219,148,56,127,44,267,39,3",628
1538,109,"683,37,677,770,79,71,800,500,794,433","127,151,156,129,155,156,156,155,39,33",494
681,109,"683,37,731,421,636,406,923,789,157,25","127,151,219,195,56,127,195,156,163,148",514
2101,109,"683,539,811,491,406,452,907,508,791,480","127,148,3,146,127,146,219,219,189,148",574
5250,109,"923,312,813,614,629,742,791,452,539,480","195,148,154,3,148,164,189,146,148,148",338
2710,109,"683,539,312,396,815,480,791,931,252,457","127,148,148,267,126,148,189,56,154,156",520
3446,109,"683,37,677,255,802,923,105,731,889,485","127,151,156,36,127,195,284,219,148,189",519
1057,109,"683,539,811,907,452,406,508,154,710,290","127,148,3,219,146,127,219,164,127,3",543
671,109,"683,539,811,710,30,290,770,766,137,637","127,148,3,127,21,3,129,284,39,155",460
185,109,"544,115,81,23,220,763,312,109,363,501","174,175,174,125,181,175,148,174,128,127",720
622,109,"683,539,811,491,452,480,907,791,931,312","127,148,3,146,146,148,219,189,56,148",535
2367,109,"923,312,813,539,295,629,178,363,480,349","195,148,154,148,127,148,155,128,148,127",398
717,109,"340,891,63,335,430,605,856,528,291,623","181,267,269,195,44,155,39,127,21,155",461
5110,109,"923,37,887,502,170,417,551,178,457,533","195,151,3,36,39,165,195,155,156,39",349
2548,109,"37,811,464,523,637,22,889,735,834,101","151,3,148,21,155,189,148,148,36,163",228
5210,109,"683,37,677,770,90,409,642,913,502,800","127,151,156,129,36,195,195,219,36,156",523
2654,109,"683,539,811,491,406,867,178,529,501,804","127,148,3,146,127,155,155,155,127,148",541
5074,109,"683,37,677,63,891,605,555,500,255,30","127,151,156,269,267,155,33,155,36,21",553
4457,109,"683,37,731,697,312,629,751,440,363,295","127,151,219,60,148,148,148,136,128,127",690
1462,109,"683,37,677,770,79,30,891,354,90,834","127,151,156,129,155,21,267,202,36,36",554
1213,109,"683,37,677,63,76,433,17,30,834,502","127,151,156,269,36,33,60,21,36,36",644
1760,109,"683,37,677,255,802,731,105,485,889,637","127,151,156,36,127,219,284,189,148,155",600
1298,109,"923,37,629,502,328,363,452,312,25,791","195,151,148,36,39,128,146,148,148,189",430
2094,109,"683,37,731,421,923,834,502,770,629,368","127,151,219,195,195,36,36,129,148,3",537
3549,109,"683,539,811,501,406,178,700,705,30,466","127,148,3,127,127,155,219,44,21,42",633
5694,109,"683,37,731,421,636,406,3,867,25,629","127,151,219,195,56,127,155,155,148,148",606
112,109,"100,340,488,406,42,23,330,37,443,223","165,181,129,127,176,125,300,151,176,165",749
3791,109,"683,539,811,491,406,452,501,907,466,532","127,148,3,146,127,146,127,219,42,219",639
1269,109,"923,312,508,811,600,710,637,492,731,885","195,148,219,3,56,127,155,127,219,39",476
4216,109,"683,37,677,63,891,605,161,433,439,555","127,151,156,269,267,155,156,33,153,33",553
1837,109,"683,37,677,255,802,923,105,157,889,328","127,151,156,36,127,195,284,163,148,39",499
2380,109,"683,539,811,491,406,867,178,501,907,312","127,148,3,146,127,155,155,127,219,148",535
2786,109,"683,37,677,63,41,500,856,161,79,439","127,151,156,269,44,155,39,156,155,153",691
3513,109,"923,770,328,502,37,417,887,30,79,279","195,129,39,36,151,165,3,21,155,33",523
111,109,"683,37,677,417,255,105,770,555,359,79","127,151,156,165,36,284,129,33,267,155",598
4671,109,"683,37,677,63,891,605,555,500,856,161","127,151,156,269,267,155,33,155,39,156",553
1507,109,"683,539,312,295,452,248,636,923,489,469","127,148,148,127,146,148,56,195,269,163",634
3266,109,"683,539,811,491,452,480,907,721,791,312","127,148,3,146,146,148,219,219,189,148",579
3187,109,"923,37,629,502,328,312,452,154,550,451","195,151,148,36,39,148,146,164,21,163",374
5211,109,"683,37,677,255,802,923,105,731,97,368","127,151,156,36,127,195,284,219,39,3",541
2831,109,"923,312,811,452,791,614,813,432,138,885","195,148,3,146,189,3,154,44,195,39",513
2347,109,"683,37,677,417,255,889,449,370,923,157","127,151,156,165,36,148,165,195,195,163",555
5507,109,"683,37,731,421,923,638,502,834,54,448","127,151,219,195,195,154,36,36,33,3",519
5544,109,"683,37,532,502,731,923,834,770,368,346","127,151,219,36,219,195,36,129,3,148",720
2914,109,"683,539,811,491,406,452,178,501,791,508","127,148,3,146,127,146,155,127,189,219",559
5496,109,"683,539,811,491,406,452,907,508,312,721","127,148,3,146,127,146,219,219,148,219",530
1138,109,"683,539,811,491,452,480,907,791,804,484","127,148,3,146,146,148,219,189,148,127",535
4419,109,"683,37,677,63,76,770,79,30,525,342","127,151,156,269,36,129,155,21,3,163",627
3276,109,"683,37,677,417,731,105,76,90,342,30","127,151,156,165,219,284,36,36,163,21",569
1047,109,"100,340,544,663,572,28,63,703,245,770","165,181,174,176,39,163,269,181,217,129",782
2918,109,"683,37,677,63,76,770,105,30,889,433","127,151,156,269,36,129,284,21,148,33",634
1378,109,"683,539,312,396,907,636,363,452,791,295","127,148,148,267,219,56,128,146,189,127",588
1389,109,"683,539,811,710,923,690,489,290,348,137","127,148,3,127,195,219,269,3,44,39",618
4400,109,"683,37,677,63,76,770,79,30,626,17","127,151,156,269,36,129,155,21,164,60",654
565,109,"683,37,677,330,689,23,731,923,157,370","127,151,156,300,128,125,219,195,163,195",640
5627,109,"683,539,312,295,414,452,815,501,879,163","127,148,148,127,267,146,126,127,129,163",669
5456,109,"544,312,81,109,408,747,683,452,539,811","174,148,174,174,174,164,127,146,148,3",611
123,109,"683,76,731,636,502,889,637,891,530,368","127,36,219,56,36,148,155,267,284,3",466
3482,109,"683,539,811,491,406,452,501,508,312,529","127,148,3,146,127,146,127,219,148,155",547
6033,109,"683,539,312,295,414,931,791,396,742,200","127,148,148,127,267,56,189,267,164,54",661
5560,109,"683,539,312,295,414,931,791,396,200,480","127,148,148,127,267,56,189,267,54,148",616
4723,109,"683,539,811,710,923,770,290,766,30,898","127,148,3,127,195,129,3,284,21,39",498
1525,109,"683,539,312,295,414,452,710,501,815,879","127,148,148,127,267,146,127,127,126,129",600
3854,109,"683,37,731,421,923,789,636,497,638,776","127,151,219,195,195,156,56,128,154,267",544
184,109,"683,37,731,421,157,638,891,430,502,834","127,151,219,195,163,154,267,44,36,36",645
1025,109,"683,37,731,312,636,406,25,452,791,885","127,151,219,148,56,127,148,146,189,39",535
4422,109,"683,37,677,30,79,71,161,500,439,605","127,151,156,21,155,156,156,155,153,155",374
2100,109,"421,312,811,673,452,791,804,813,491,677","195,148,3,154,146,189,148,154,146,156",371
2034,109,"739,923,834,702,607,37,502,929,443,170","164,195,36,176,163,151,36,175,176,39",485
1554,109,"683,37,677,63,891,301,555,255,354,500","127,151,156,269,267,44,33,36,202,155",612
3938,109,"544,312,81,621,692,683,109,115,270,799","174,148,174,176,176,127,174,175,176,175",688
3315,109,"683,37,677,63,891,605,555,255,811,745","127,151,156,269,267,155,33,36,3,3",541
966,109,"683,539,811,907,452,406,508,690,421,480","127,148,3,219,146,127,219,219,195,148",510
4238,109,"683,539,312,396,815,480,791,931,252,363","127,148,148,267,126,148,189,56,154,128",521
3693,109,"683,539,811,710,923,406,867,529,501,656","127,148,3,127,195,127,155,155,127,3",463
1674,109,"683,539,811,900,489,710,923,321,290,902","127,148,3,267,269,127,195,127,3,117",640
4816,109,"683,90,502,63,41,430,500,493,245,169","127,36,36,269,44,44,155,156,217,164",550
4352,109,"683,539,811,710,923,406,867,529,488,656","127,148,3,127,195,127,155,155,129,3",535
2677,109,"544,312,629,440,349,338,539,845,784,363","174,148,148,136,127,148,148,63,217,128",796
3486,109,"683,37,677,330,23,689,73,568,889,42","127,151,156,300,125,128,176,169,148,176",702
796,109,"683,37,677,63,76,770,79,30,657,433","127,151,156,269,36,129,155,21,56,33",635
5561,109,"683,37,28,677,76,770,555,701,63,17","127,151,163,156,36,129,33,54,269,60",509
2917,109,"683,37,677,770,90,889,485,657,555,525","127,151,156,129,36,148,189,56,33,3",519
4277,109,"683,37,677,255,90,370,449,923,889,441","127,151,156,36,36,195,165,195,148,117",563
444,109,"683,37,677,255,105,90,770,740,555,79","127,151,156,36,284,36,129,36,33,155",526
2078,109,"683,37,677,770,90,409,834,923,563,502","127,151,156,129,36,195,36,195,154,36",516
2781,109,"683,539,312,295,815,501,791,931,566,252","127,148,148,127,126,127,189,56,146,154",555
1503,109,"683,37,677,63,891,605,555,500,856,161","127,151,156,269,267,155,33,155,39,156",553
2961,109,"683,37,677,63,76,770,79,245,30,342","127,151,156,269,36,129,155,217,21,163",678
2627,109,"544,692,115,245,719,79,770,663,572,119","174,176,175,217,181,155,129,176,39,36",689
4492,109,"683,37,677,255,802,731,157,105,638,76","127,151,156,36,127,219,163,284,154,36",531
4858,109,"683,37,731,421,636,328,3,406,923,638","127,151,219,195,56,39,155,127,195,154",594
1041,109,"683,37,677,63,41,891,430,770,30,794","127,151,156,269,44,267,44,129,21,39",669
987,109,"621,73,257,479,178,347,406,501,539,811","176,176,146,163,155,176,127,127,148,3",690
432,109,"683,539,811,710,348,923,770,526,766,690","127,148,3,127,44,195,129,63,284,219",507
970,109,"683,37,677,417,923,157,370,90,834,79","127,151,156,165,195,163,195,36,36,155",394
6147,109,"683,37,677,255,105,889,370,551,502,740","127,151,156,36,284,148,195,195,36,36",576
1709,109,"683,37,76,63,770,573,23,923,889,330","127,151,36,269,129,125,125,195,148,300",682
4088,109,"923,312,811,600,533,105,770,710,867,492","195,148,3,56,39,284,129,127,155,127",479
5126,109,"683,539,312,791,566,815,907,690,252,931","127,148,148,189,146,126,219,219,154,56",498
464,109,"683,37,731,421,636,157,3,328,848,476","127,151,219,195,56,163,155,39,44,54",608
4325,109,"683,37,731,312,636,406,3,751,328,629","127,151,219,148,56,127,155,148,39,148",571
2211,109,"340,98,73,550,471,257,406,375,751,42","181,164,176,21,176,146,127,54,148,176",717
2618,109,"683,37,677,330,90,853,889,3,731,502","127,151,156,300,36,44,54,148,155,219,36",586
4940,109,"683,37,677,255,105,90,770,740,555,79","127,151,156,36,284,36,129,36,33,155",601
1823,109,"683,37,677,63,891,770,889,90,288,409","127,151,156,269,267,129,148,36,125,195",612
2795,109,"683,37,677,770,90,409,642,433,207,293","127,151,156,129,36,195,195,33,127,3",510
2949,109,"683,37,677,63,76,770,923,502,834,891","127,151,156,269,36,129,195,36,36,267",600
4827,109,"683,37,677,30,342,76,79,605,71,161","127,151,156,21,163,36,155,155,156,156",412
1788,109,"340,703,864,915,780,532,739,512,743,374","181,181,163,155,156,128,219,164,169,163,164,170",187
3462,109,"683,37,677,770,90,889,97,850,731,457","127,151,156,129,36,148,39,36,219,156",539
2322,109,"683,37,677,63,76,770,923,23,502,328","127,151,156,269,36,129,195,125,36,39",693
248,109,"683,539,811,710,923,690,489,290,30,770","127,148,3,127,195,219,269,3,21,129",612
4017,109,"683,539,312,396,907,636,452,295,923,530","127,148,148,267,219,56,146,127,195,284",519
767,109,"683,37,677,63,76,770,502,433,626,11","127,151,156,269,36,129,36,33,164,156",582
4698,109,"683,37,677,63,891,605,555,500,255,11","127,151,156,269,267,155,33,155,36,156",553
35,109,"683,539,811,452,312,480,791,349,501,742","127,148,3,146,148,148,189,127,127,164",620
2148,109,"683,37,731,421,157,923,638,629,143,372","127,151,219,195,163,195,154,148,155,155",520
5579,109,"683,539,811,710,923,406,508,529,178,867","127,148,3,127,195,127,219,155,155,155",585
5580,109,"683,37,677,330,90,910,76,492,342,359","127,151,156,300,36,127,36,127,163,267",608
1109,109,"683,37,677,330,23,923,501,312,546,889","127,151,156,300,125,195,127,148,146,148",555
2923,109,"683,37,731,421,636,406,923,23,848,501","127,151,219,195,56,127,195,125,44,127",669
1172,109,"683,37,677,770,79,30,76,605,525,701","127,151,156,129,155,21,36,155,3,54",506
714,109,"923,312,811,80,533,717,502,37,885,629","195,148,3,155,39,195,36,151,39,148",380
5558,109,"683,539,312,396,815,480,791,295,742,440","127,148,148,267,126,148,189,127,164,136",561
3945,109,"683,539,811,710,489,30,923,290,690,406","127,148,3,127,269,21,195,3,219,127",582
730,109,"683,37,731,421,157,638,776,923,770,502","127,151,219,195,163,154,267,195,129,36",572
3475,109,"683,539,312,396,815,480,791,566,931,501","127,148,148,267,126,148,189,146,56,127",547
932,109,"683,37,677,63,76,770,79,30,525,409","127,151,156,269,36,129,155,21,3,195",568
2062,109,"923,312,811,452,791,813,138,625,86,520","195,148,3,146,189,154,195,126,164,127",380
3456,109,"683,37,677,63,76,770,79,30,891,433","127,151,156,269,36,129,155,21,267,33",545
1046,109,"683,37,677,30,342,79,161,605,255,500","127,151,156,21,163,155,156,155,36,155",401
2726,109,"683,37,677,63,891,301,605,161,439,913","127,151,156,269,267,44,155,156,153,219",546
3852,109,"923,770,834,30,533,502,119,891,150,63","195,129,36,21,39,36,36,267,195,269",531
5016,109,"37,452,312,791,629,927,133,86,789,295","151,146,148,189,148,284,163,164,156,127",264
