{"obj": {"type": "AssignString", "path": ["sys", "name"], "value": "biirt-active,10,eedi-3"}, "version": 1, "at": 1761008288.7300148}
{"obj": {"type": "AssignString", "path": ["sys", "description"], "value": ""}, "version": 2, "at": 1761008288.7301185}
{"obj": {"type": "AssignString", "path": ["monitoring", "f8368471", "hostname"], "value": "olin21024030"}, "version": 3, "at": 1761008288.7301607}
{"obj": {"type": "AssignString", "path": ["sys", "hostname"], "value": "olin21024030"}, "version": 4, "at": 1761008288.730196}
{"obj": {"type": "AssignString", "path": ["monitoring", "f8368471", "pid"], "value": "261061"}, "version": 5, "at": 1761008288.7302246}
{"obj": {"type": "AssignString", "path": ["monitoring", "f8368471", "tid"], "value": "126020804333568"}, "version": 6, "at": 1761008288.7302518}
{"obj": {"type": "AssignBool", "path": ["sys", "failed"], "value": false}, "version": 7, "at": 1761008288.7302773}
{"obj": {"type": "ClearStringLog", "path": ["monitoring", "f8368471", "stdout"]}, "version": 8, "at": 1761008288.7303202}
{"obj": {"type": "ClearStringLog", "path": ["monitoring", "f8368471", "stderr"]}, "version": 9, "at": 1761008288.7303455}
{"obj": {"type": "AssignString", "path": ["source_code", "entrypoint"], "value": "train.py"}, "version": 10, "at": 1761008288.7304416}
{"obj": {"type": "UploadFileSet", "path": ["source_code", "files"], "file_globs": ["/home/leen2/Documents/BOBCAT/train.py"], "reset": "False"}, "version": 11, "at": 1761008288.7304752}
{"obj": {"type": "UploadFile", "path": ["source_code", "diff"], "ext": "patch", "file_path": null, "tmp_file_name": "source_code_diff-1761008288.740467-2025-10-20_19.58.08.740467.patch", "clean_after_upload": false}, "version": 12, "at": 1761008288.7407491}
{"obj": {"type": "ConfigFloatSeries", "path": ["monitoring", "f8368471", "cpu"], "min": 0.0, "max": 100.0, "unit": "%"}, "version": 13, "at": 1761008288.7715104}
{"obj": {"type": "ClearFloatLog", "path": ["monitoring", "f8368471", "cpu"]}, "version": 14, "at": 1761008288.7716646}
{"obj": {"type": "ConfigFloatSeries", "path": ["monitoring", "f8368471", "memory"], "min": 0.0, "max": 15.310379028320312, "unit": "GB"}, "version": 15, "at": 1761008288.7718122}
{"obj": {"type": "ClearFloatLog", "path": ["monitoring", "f8368471", "memory"]}, "version": 16, "at": 1761008288.7718816}
{"obj": {"type": "ConfigFloatSeries", "path": ["monitoring", "f8368471", "gpu"], "min": 0.0, "max": 100.0, "unit": "%"}, "version": 17, "at": 1761008288.7719948}
{"obj": {"type": "ClearFloatLog", "path": ["monitoring", "f8368471", "gpu"]}, "version": 18, "at": 1761008288.7720456}
{"obj": {"type": "ConfigFloatSeries", "path": ["monitoring", "f8368471", "gpu_memory"], "min": 0.0, "max": 11.994140625, "unit": "GB"}, "version": 19, "at": 1761008288.7721643}
{"obj": {"type": "ClearFloatLog", "path": ["monitoring", "f8368471", "gpu_memory"]}, "version": 20, "at": 1761008288.7722194}
{"obj": {"type": "ConfigFloatSeries", "path": ["monitoring", "f8368471", "gpu_power"], "min": 0.0, "max": 70, "unit": "W"}, "version": 21, "at": 1761008288.7723155}
{"obj": {"type": "ClearFloatLog", "path": ["monitoring", "f8368471", "gpu_power"]}, "version": 22, "at": 1761008288.7723634}
{"obj": {"type": "AssignString", "path": ["parameters", "model"], "value": "biirt-active"}, "version": 23, "at": 1761008288.7734168}
{"obj": {"type": "AssignString", "path": ["parameters", "name"], "value": "demo"}, "version": 24, "at": 1761008288.7736554}
{"obj": {"type": "AssignInt", "path": ["parameters", "hidden_dim"], "value": 1024}, "version": 25, "at": 1761008288.773909}
{"obj": {"type": "AssignInt", "path": ["parameters", "question_dim"], "value": 4}, "version": 26, "at": 1761008288.774275}
{"obj": {"type": "AssignFloat", "path": ["parameters", "lr"], "value": 0.0001}, "version": 27, "at": 1761008288.7743819}
{"obj": {"type": "AssignFloat", "path": ["parameters", "meta_lr"], "value": 0.0001}, "version": 28, "at": 1761008288.7744753}
{"obj": {"type": "AssignFloat", "path": ["parameters", "inner_lr"], "value": 0.1}, "version": 29, "at": 1761008288.77456}
{"obj": {"type": "AssignInt", "path": ["parameters", "inner_loop"], "value": 5}, "version": 30, "at": 1761008288.7746449}
{"obj": {"type": "AssignFloat", "path": ["parameters", "policy_lr"], "value": 0.002}, "version": 31, "at": 1761008288.7748015}
{"obj": {"type": "AssignFloat", "path": ["parameters", "dropout"], "value": 0.5}, "version": 32, "at": 1761008288.7749686}
{"obj": {"type": "AssignString", "path": ["parameters", "dataset"], "value": "eedi-3"}, "version": 33, "at": 1761008288.775064}
{"obj": {"type": "AssignInt", "path": ["parameters", "fold"], "value": 1}, "version": 34, "at": 1761008288.7752855}
{"obj": {"type": "AssignInt", "path": ["parameters", "n_query"], "value": 10}, "version": 35, "at": 1761008288.7753696}
{"obj": {"type": "AssignInt", "path": ["parameters", "seed"], "value": 221}, "version": 36, "at": 1761008288.7754507}
{"obj": {"type": "AssignBool", "path": ["parameters", "use_cuda"], "value": true}, "version": 37, "at": 1761008288.7755423}
{"obj": {"type": "AssignBool", "path": ["parameters", "save"], "value": false}, "version": 38, "at": 1761008288.775629}
{"obj": {"type": "AssignBool", "path": ["parameters", "neptune"], "value": true}, "version": 39, "at": 1761008288.7757082}
{"obj": {"type": "AssignInt", "path": ["parameters", "n_question"], "value": 948}, "version": 40, "at": 1761008288.7757874}
{"obj": {"type": "AssignInt", "path": ["parameters", "train_batch_size"], "value": 512}, "version": 41, "at": 1761008288.775867}
{"obj": {"type": "AssignInt", "path": ["parameters", "test_batch_size"], "value": 1000}, "version": 42, "at": 1761008288.7759495}
{"obj": {"type": "AssignInt", "path": ["parameters", "n_epoch"], "value": 10000}, "version": 43, "at": 1761008288.7760286}
{"obj": {"type": "AssignInt", "path": ["parameters", "wait"], "value": 1000}, "version": 44, "at": 1761008288.7761126}
{"obj": {"type": "AssignInt", "path": ["parameters", "repeat"], "value": 5}, "version": 45, "at": 1761008288.776194}
{"obj": {"type": "LogFloats", "path": ["monitoring", "f8368471", "memory"], "values": [{"value": 8.424789428710938, "step": null, "ts": 1761008288.772704}]}, "version": 46, "at": 1761008288.7765524}
{"obj": {"type": "LogFloats", "path": ["monitoring", "f8368471", "gpu_memory"], "values": [{"value": 0.25360107421875, "step": null, "ts": 1761008288.772704}]}, "version": 47, "at": 1761008288.7770386}
{"obj": {"type": "LogFloats", "path": ["monitoring", "f8368471", "gpu_power"], "values": [{"value": 11.029, "step": null, "ts": 1761008288.772704}]}, "version": 48, "at": 1761008288.777556}
{"obj": {"type": "AssignString", "path": ["model", "summary"], "value": "MAMLModel(\n  (sigmoid): Sigmoid()\n)"}, "version": 49, "at": 1761008289.2675505}
{"obj": {"type": "LogStrings", "path": ["monitoring", "f8368471", "stdout"], "values": [{"value": "MAMLModel(\n  (sigmoid): Sigmoid()\n)", "step": null, "ts": 1761008289.2678754}]}, "version": 50, "at": 1761008289.2679148}
{"obj": {"type": "LogStrings", "path": ["monitoring", "f8368471", "stdout"], "values": [{"value": "\n", "step": null, "ts": 1761008289.2680078}]}, "version": 51, "at": 1761008289.268027}
{"obj": {"type": "LogStrings", "path": ["monitoring", "f8368471", "stdout"], "values": [{"value": "train data:", "step": null, "ts": 1761008290.5359929}]}, "version": 52, "at": 1761008290.536031}
{"obj": {"type": "LogStrings", "path": ["monitoring", "f8368471", "stdout"], "values": [{"value": " ", "step": null, "ts": 1761008290.5367498}]}, "version": 53, "at": 1761008290.536775}
{"obj": {"type": "LogStrings", "path": ["monitoring", "f8368471", "stdout"], "values": [{"value": "{'user_id': 5127, 'subject_ids': [[155], [155], [155], [155], [155], [155], [155], [155], [155], [155], [155], [155], [156], [156], [155], [36], [163, 164], [148], [164], [153], [154], [36], [175], [39], [21], [189], [154], [165], [155], [151], [39], [3], [153], [39], [156], [163], [3], [21], [146], [155], [3], [117], [148], [164], [195], [154], [156], [148], [163], [155], [33], [3], [164], [163], [42], [126], [42], [42], [126], [127], [126], [126], [126], [127], [127], [127], [127], [127], [127], [220], [220], [21], [39], [39], [42], [42], [126], [42], [126], [126], [126], [127], [126], [127], [127], [127], [127], [127], [127]], 'q_ids': array([278,  80, 738, 831, 234, 111, 183, 605, 926, 360, 623, 769, 282,\n       195, 281, 834,  52, 248, 376, 439, 673,  76,  27, 545, 193, 383,\n       645, 367, 517,  37, 328, 368, 300, 611, 677, 829, 811, 523, 452,\n       588, 656,  51, 259, 688, 717, 563,  29,   6, 157,  79, 555, 474,\n       535, 840,  89, 625, 855, 668, 815, 520, 727, 462,  83,  47", "step": null, "ts": 1761008290.537023}]}, "version": 54, "at": 1761008290.5371408}
{"obj": {"type": "LogStrings", "path": ["monitoring", "f8368471", "stdout"], "values": [{"value": " ", "step": null, "ts": 1761008290.5374699}]}, "version": 55, "at": 1761008290.5374827}
{"obj": {"type": "LogStrings", "path": ["monitoring", "f8368471", "stdout"], "values": [{"value": "2952", "step": null, "ts": 1761008290.5375214}]}, "version": 56, "at": 1761008290.537528}
{"obj": {"type": "LogStrings", "path": ["monitoring", "f8368471", "stdout"], "values": [{"value": "\n", "step": null, "ts": 1761008290.5375617}]}, "version": 57, "at": 1761008290.5375674}
{"obj": {"type": "LogStrings", "path": ["monitoring", "f8368471", "stdout"], "values": [{"value": "valid data:", "step": null, "ts": 1761008290.5376532}]}, "version": 58, "at": 1761008290.5376601}
{"obj": {"type": "LogStrings", "path": ["monitoring", "f8368471", "stdout"], "values": [{"value": " ", "step": null, "ts": 1761008290.5377736}]}, "version": 59, "at": 1761008290.5377798}
{"obj": {"type": "LogStrings", "path": ["monitoring", "f8368471", "stdout"], "values": [{"value": "{'user_id': 1183, 'subject_ids': [[153], [153], [153], [153], [153], [153], [153], [146], [146], [146], [146], [146], [146], [146], [153], [153], [153], [153], [153], [153], [153], [146], [146], [146], [146], [146], [146], [146], [148], [148], [148], [148], [148], [148], [148], [148], [148], [148], [148], [148], [148], [148], [148], [148], [148], [148], [164], [164], [164], [164], [148], [148], [148], [148], [148], [148], [148], [148], [148], [164], [164], [164], [164], [148], [148], [148], [148], [163], [163], [163], [163, 164], [164], [164], [164], [164], [164], [165], [165], [165], [163], [163], [163], [163], [163], [165], [189], [189], [189], [189], [148], [148], [163], [163]], 'q_ids': array([684,  87, 679, 685, 222, 798,  26, 581, 491, 880, 594,  55, 706,\n       546, 182, 202, 420, 403, 691, 503, 261, 566, 289, 326, 241,  72,\n       674, 226, 830, 644, 924, 519, 889, 285, 410, 480, 640, 629, 522,\n        53, 803, 373, 627, 513, 617, 346,  86, 486, 805, 574, 744, 197,\n       653, ", "step": null, "ts": 1761008290.537804}]}, "version": 60, "at": 1761008290.537809}
{"obj": {"type": "LogStrings", "path": ["monitoring", "f8368471", "stdout"], "values": [{"value": " ", "step": null, "ts": 1761008290.53785}]}, "version": 61, "at": 1761008290.5378551}
{"obj": {"type": "LogStrings", "path": ["monitoring", "f8368471", "stdout"], "values": [{"value": "983", "step": null, "ts": 1761008290.5379162}]}, "version": 62, "at": 1761008290.5379214}
{"obj": {"type": "LogStrings", "path": ["monitoring", "f8368471", "stdout"], "values": [{"value": "\n", "step": null, "ts": 1761008290.5379455}]}, "version": 63, "at": 1761008290.5379508}
{"obj": {"type": "LogStrings", "path": ["monitoring", "f8368471", "stdout"], "values": [{"value": "test data:", "step": null, "ts": 1761008290.537973}]}, "version": 64, "at": 1761008290.5379775}
{"obj": {"type": "LogStrings", "path": ["monitoring", "f8368471", "stdout"], "values": [{"value": " ", "step": null, "ts": 1761008290.537999}]}, "version": 65, "at": 1761008290.5380032}
{"obj": {"type": "LogStrings", "path": ["monitoring", "f8368471", "stdout"], "values": [{"value": "{'user_id': 3652, 'subject_ids': [[148], [148], [148], [148], [148], [164], [164], [164], [164], [148], [148], [148], [148], [148], [148], [148], [148], [148], [148], [148], [148], [148], [148], [148], [148], [148], [128], [56], [42], [128], [128], [127], [127], [128], [128], [128], [128], [128], [128], [128], [127], [156], [163], [146], [154], [3], [164], [148], [155], [155], [148], [195], [156], [117], [21], [3], [163], [163], [33], [164], [3]], 'q_ids': array([767, 212,  92, 787, 475, 154, 304, 169, 165, 624, 615, 735,  93,\n       830, 644, 889, 519, 924, 285, 629, 410, 640, 480, 522,  53, 803,\n       363, 236, 873, 274, 768, 295, 349,  84, 664,  56, 265,  49,  39,\n       914, 394, 677, 829, 452, 563, 656, 688,   6,  79, 588, 259, 717,\n        29,  51, 523, 811, 157, 840, 555, 535, 474]), 'labels': array([0, 0, 0, 1, 0, 0, 0, 0, 0, 0, 0, 0, 1, 0, 0, 0, 0, 1, 0, 1, 0, 1,\n       0, 0, 1, 1, 1, 0, 0, 1, 0, 0, 0, 1, 0, 1, 1, 0, 0, 1, 1, 0, 0, 1,\n       0, 0, 1, 1, 1, 1, 0, 0, 0, 1, 0, 0", "step": null, "ts": 1761008290.538024}]}, "version": 66, "at": 1761008290.5380292}
{"obj": {"type": "LogStrings", "path": ["monitoring", "f8368471", "stdout"], "values": [{"value": " ", "step": null, "ts": 1761008290.5380528}]}, "version": 67, "at": 1761008290.5380576}
{"obj": {"type": "LogStrings", "path": ["monitoring", "f8368471", "stdout"], "values": [{"value": "983", "step": null, "ts": 1761008290.538082}]}, "version": 68, "at": 1761008290.5380864}
{"obj": {"type": "LogStrings", "path": ["monitoring", "f8368471", "stdout"], "values": [{"value": "\n", "step": null, "ts": 1761008290.5381079}]}, "version": 69, "at": 1761008290.5381129}
{"obj": {"type": "LogStrings", "path": ["monitoring", "f8368471", "stdout"], "values": [{"value": "CONFIG:", "step": null, "ts": 1761008290.5381343}]}, "version": 70, "at": 1761008290.5381389}
{"obj": {"type": "LogStrings", "path": ["monitoring", "f8368471", "stdout"], "values": [{"value": " ", "step": null, "ts": 1761008290.5381615}]}, "version": 71, "at": 1761008290.5381658}
{"obj": {"type": "LogStrings", "path": ["monitoring", "f8368471", "stdout"], "values": [{"value": "{'mode': 'train', 'epoch': 0}", "step": null, "ts": 1761008290.5381875}]}, "version": 72, "at": 1761008290.538192}
{"obj": {"type": "LogStrings", "path": ["monitoring", "f8368471", "stdout"], "values": [{"value": "\n", "step": null, "ts": 1761008290.5382137}]}, "version": 73, "at": 1761008290.5382183}
{"obj": {"type": "LogStrings", "path": ["monitoring", "f8368471", "stdout"], "values": [{"value": "N", "step": null, "ts": 1761008290.5382392}]}, "version": 74, "at": 1761008290.5382435}
{"obj": {"type": "LogStrings", "path": ["monitoring", "f8368471", "stdout"], "values": [{"value": " ", "step": null, "ts": 1761008290.5382645}]}, "version": 75, "at": 1761008290.5382698}
{"obj": {"type": "LogStrings", "path": ["monitoring", "f8368471", "stdout"], "values": [{"value": "[100, 101, 102, 103, 104]", "step": null, "ts": 1761008290.5382905}]}, "version": 76, "at": 1761008290.5382948}
{"obj": {"type": "LogStrings", "path": ["monitoring", "f8368471", "stdout"], "values": [{"value": "\n", "step": null, "ts": 1761008290.538316}]}, "version": 77, "at": 1761008290.53832}
{"obj": {"type": "LogStrings", "path": ["monitoring", "f8368471", "stdout"], "values": [{"value": "[neptune] [warning] Warning: string series 'monitoring/f8368471/stdout' value was longer than 1000 characters and was truncated. This warning is printed only once per series.\n", "step": null, "ts": 1761008290.538341}]}, "version": 78, "at": 1761008290.538345}
{"obj": {"type": "LogFloats", "path": ["monitoring", "f8368471", "cpu"], "values": [{"value": 3.5, "step": null, "ts": 1761008291.0977476}]}, "version": 79, "at": 1761008291.0999842}
{"obj": {"type": "LogFloats", "path": ["monitoring", "f8368471", "memory"], "values": [{"value": 8.95938491821289, "step": null, "ts": 1761008291.0977476}]}, "version": 80, "at": 1761008291.1001568}
{"obj": {"type": "LogFloats", "path": ["monitoring", "f8368471", "gpu_memory"], "values": [{"value": 0.351318359375, "step": null, "ts": 1761008291.0977476}]}, "version": 81, "at": 1761008291.1002412}
{"obj": {"type": "LogFloats", "path": ["monitoring", "f8368471", "gpu_power"], "values": [{"value": 22.958, "step": null, "ts": 1761008291.0977476}]}, "version": 82, "at": 1761008291.100319}
{"obj": {"type": "LogFloats", "path": ["monitoring", "f8368471", "cpu"], "values": [{"value": 0.7, "step": null, "ts": 1761008291.573421}]}, "version": 83, "at": 1761008291.580998}
{"obj": {"type": "LogFloats", "path": ["monitoring", "f8368471", "memory"], "values": [{"value": 8.976192474365234, "step": null, "ts": 1761008291.573421}]}, "version": 84, "at": 1761008291.5813265}
{"obj": {"type": "LogFloats", "path": ["monitoring", "f8368471", "gpu_memory"], "values": [{"value": 0.351318359375, "step": null, "ts": 1761008291.573421}]}, "version": 85, "at": 1761008291.5815113}
{"obj": {"type": "LogFloats", "path": ["monitoring", "f8368471", "gpu_power"], "values": [{"value": 22.958, "step": null, "ts": 1761008291.573421}]}, "version": 86, "at": 1761008291.581673}
{"obj": {"type": "LogFloats", "path": ["monitoring", "f8368471", "cpu"], "values": [{"value": 0.9, "step": null, "ts": 1761008292.4568853}]}, "version": 87, "at": 1761008292.4624257}
{"obj": {"type": "LogFloats", "path": ["monitoring", "f8368471", "memory"], "values": [{"value": 8.988990783691406, "step": null, "ts": 1761008292.4568853}]}, "version": 88, "at": 1761008292.4626203}
{"obj": {"type": "LogFloats", "path": ["monitoring", "f8368471", "gpu_memory"], "values": [{"value": 0.351318359375, "step": null, "ts": 1761008292.4568853}]}, "version": 89, "at": 1761008292.4627075}
{"obj": {"type": "LogFloats", "path": ["monitoring", "f8368471", "gpu_power"], "values": [{"value": 22.964, "step": null, "ts": 1761008292.4568853}]}, "version": 90, "at": 1761008292.4627836}
{"obj": {"type": "LogStrings", "path": ["monitoring", "f8368471", "stdout"], "values": [{"value": "============================================================", "step": null, "ts": 1761008292.7882545}]}, "version": 91, "at": 1761008292.7882922}
{"obj": {"type": "LogStrings", "path": ["monitoring", "f8368471", "stdout"], "values": [{"value": "\n", "step": null, "ts": 1761008292.788436}]}, "version": 92, "at": 1761008292.788444}
{"obj": {"type": "LogStrings", "path": ["monitoring", "f8368471", "stdout"], "values": [{"value": "Batch 0", "step": null, "ts": 1761008292.7884808}]}, "version": 93, "at": 1761008292.7884867}
{"obj": {"type": "LogStrings", "path": ["monitoring", "f8368471", "stdout"], "values": [{"value": "\n", "step": null, "ts": 1761008292.7885368}]}, "version": 94, "at": 1761008292.7885425}
{"obj": {"type": "LogStrings", "path": ["monitoring", "f8368471", "stdout"], "values": [{"value": "Batch keys: dict_keys(['input_labels', 'input_mask', 'output_labels', 'output_mask', 'user_ids', 'all_q_ids', 'all_subject_ids'])", "step": null, "ts": 1761008292.788585}]}, "version": 95, "at": 1761008292.7885902}
{"obj": {"type": "LogStrings", "path": ["monitoring", "f8368471", "stdout"], "values": [{"value": "\n", "step": null, "ts": 1761008292.7886186}]}, "version": 96, "at": 1761008292.7886233}
{"obj": {"type": "LogStrings", "path": ["monitoring", "f8368471", "stdout"], "values": [{"value": "Batch size (num students): 512", "step": null, "ts": 1761008292.7886565}]}, "version": 97, "at": 1761008292.788661}
{"obj": {"type": "LogStrings", "path": ["monitoring", "f8368471", "stdout"], "values": [{"value": "\n", "step": null, "ts": 1761008292.7887232}]}, "version": 98, "at": 1761008292.7887282}
{"obj": {"type": "LogStrings", "path": ["monitoring", "f8368471", "stdout"], "values": [{"value": "Number of questions: 948", "step": null, "ts": 1761008292.7887533}]}, "version": 99, "at": 1761008292.7887583}
{"obj": {"type": "LogStrings", "path": ["monitoring", "f8368471", "stdout"], "values": [{"value": "\n", "step": null, "ts": 1761008292.7890139}]}, "version": 100, "at": 1761008292.78902}
{"obj": {"type": "LogStrings", "path": ["monitoring", "f8368471", "stdout"], "values": [{"value": "\nTensor shapes:", "step": null, "ts": 1761008292.7890553}]}, "version": 101, "at": 1761008292.789061}
{"obj": {"type": "LogStrings", "path": ["monitoring", "f8368471", "stdout"], "values": [{"value": "\n", "step": null, "ts": 1761008292.789088}]}, "version": 102, "at": 1761008292.789093}
{"obj": {"type": "LogStrings", "path": ["monitoring", "f8368471", "stdout"], "values": [{"value": "  input_labels shape: torch.Size([512, 948])", "step": null, "ts": 1761008292.7891169}]}, "version": 103, "at": 1761008292.789122}
{"obj": {"type": "LogStrings", "path": ["monitoring", "f8368471", "stdout"], "values": [{"value": "\n", "step": null, "ts": 1761008292.7891471}]}, "version": 104, "at": 1761008292.789152}
{"obj": {"type": "LogStrings", "path": ["monitoring", "f8368471", "stdout"], "values": [{"value": "  input_mask shape: torch.Size([512, 948])", "step": null, "ts": 1761008292.7891762}]}, "version": 105, "at": 1761008292.7891812}
{"obj": {"type": "LogStrings", "path": ["monitoring", "f8368471", "stdout"], "values": [{"value": "\n", "step": null, "ts": 1761008292.789202}]}, "version": 106, "at": 1761008292.7892063}
{"obj": {"type": "LogStrings", "path": ["monitoring", "f8368471", "stdout"], "values": [{"value": "  output_labels shape: torch.Size([512, 948])", "step": null, "ts": 1761008292.7892265}]}, "version": 107, "at": 1761008292.789231}
{"obj": {"type": "LogStrings", "path": ["monitoring", "f8368471", "stdout"], "values": [{"value": "\n", "step": null, "ts": 1761008292.7892568}]}, "version": 108, "at": 1761008292.7892613}
{"obj": {"type": "LogStrings", "path": ["monitoring", "f8368471", "stdout"], "values": [{"value": "  output_mask shape: torch.Size([512, 948])", "step": null, "ts": 1761008292.7892818}]}, "version": 109, "at": 1761008292.7892883}
{"obj": {"type": "LogStrings", "path": ["monitoring", "f8368471", "stdout"], "values": [{"value": "\n", "step": null, "ts": 1761008292.789309}]}, "version": 110, "at": 1761008292.789313}
{"obj": {"type": "LogStrings", "path": ["monitoring", "f8368471", "stdout"], "values": [{"value": "\nUser IDs in batch: [4803, 5895, 3351, 3487, 3808]...", "step": null, "ts": 1761008292.7893336}]}, "version": 111, "at": 1761008292.7893376}
{"obj": {"type": "LogStrings", "path": ["monitoring", "f8368471", "stdout"], "values": [{"value": "\n", "step": null, "ts": 1761008292.7893586}]}, "version": 112, "at": 1761008292.7893631}
{"obj": {"type": "LogStrings", "path": ["monitoring", "f8368471", "stdout"], "values": [{"value": "\n--- First Student (index 0) ---", "step": null, "ts": 1761008292.789384}]}, "version": 113, "at": 1761008292.789388}
{"obj": {"type": "LogStrings", "path": ["monitoring", "f8368471", "stdout"], "values": [{"value": "\n", "step": null, "ts": 1761008292.7894087}]}, "version": 114, "at": 1761008292.7894137}
{"obj": {"type": "LogStrings", "path": ["monitoring", "f8368471", "stdout"], "values": [{"value": "Training questions: 128", "step": null, "ts": 1761008292.7894347}]}, "version": 115, "at": 1761008292.7894387}
{"obj": {"type": "LogStrings", "path": ["monitoring", "f8368471", "stdout"], "values": [{"value": "\n", "step": null, "ts": 1761008292.7894597}]}, "version": 116, "at": 1761008292.789464}
{"obj": {"type": "LogStrings", "path": ["monitoring", "f8368471", "stdout"], "values": [{"value": "Test questions: 32", "step": null, "ts": 1761008292.7894847}]}, "version": 117, "at": 1761008292.7894893}
{"obj": {"type": "LogStrings", "path": ["monitoring", "f8368471", "stdout"], "values": [{"value": "\n", "step": null, "ts": 1761008292.7895107}]}, "version": 118, "at": 1761008292.7895153}
{"obj": {"type": "LogStrings", "path": ["monitoring", "f8368471", "stdout"], "values": [{"value": "Total questions answered: 160", "step": null, "ts": 1761008292.7895362}]}, "version": 119, "at": 1761008292.7895408}
{"obj": {"type": "LogStrings", "path": ["monitoring", "f8368471", "stdout"], "values": [{"value": "\n", "step": null, "ts": 1761008292.7895617}]}, "version": 120, "at": 1761008292.7895665}
{"obj": {"type": "LogStrings", "path": ["monitoring", "f8368471", "stdout"], "values": [{"value": "\nTraining question indices: [0, 22, 25, 39, 45, 47, 49, 56, 59, 65]...", "step": null, "ts": 1761008292.7895875}]}, "version": 121, "at": 1761008292.789592}
{"obj": {"type": "LogStrings", "path": ["monitoring", "f8368471", "stdout"], "values": [{"value": "\n", "step": null, "ts": 1761008292.7896128}]}, "version": 122, "at": 1761008292.7896168}
{"obj": {"type": "LogStrings", "path": ["monitoring", "f8368471", "stdout"], "values": [{"value": "Test question indices: [3, 19, 30, 50, 143, 154, 165, 185, 209, 241]...", "step": null, "ts": 1761008292.7896373}]}, "version": 123, "at": 1761008292.7896416}
{"obj": {"type": "LogStrings", "path": ["monitoring", "f8368471", "stdout"], "values": [{"value": "\n", "step": null, "ts": 1761008292.789663}]}, "version": 124, "at": 1761008292.789667}
{"obj": {"type": "LogStrings", "path": ["monitoring", "f8368471", "stdout"], "values": [{"value": "\nFirst 10 training answers (0=wrong, 1=correct): [1, 1, 1, 1, 0, 1, 0, 1, 1, 0]", "step": null, "ts": 1761008292.7896872}]}, "version": 125, "at": 1761008292.7896914}
{"obj": {"type": "LogStrings", "path": ["monitoring", "f8368471", "stdout"], "values": [{"value": "\n", "step": null, "ts": 1761008292.7897122}]}, "version": 126, "at": 1761008292.7897162}
{"obj": {"type": "LogStrings", "path": ["monitoring", "f8368471", "stdout"], "values": [{"value": "\nOriginal question IDs for student 0:", "step": null, "ts": 1761008292.789754}]}, "version": 127, "at": 1761008292.7897582}
{"obj": {"type": "LogStrings", "path": ["monitoring", "f8368471", "stdout"], "values": [{"value": "\n", "step": null, "ts": 1761008292.7897797}]}, "version": 128, "at": 1761008292.7897835}
{"obj": {"type": "LogStrings", "path": ["monitoring", "f8368471", "stdout"], "values": [{"value": "  Total questions in all_q_ids: 160", "step": null, "ts": 1761008292.7898045}]}, "version": 129, "at": 1761008292.789809}
{"obj": {"type": "LogStrings", "path": ["monitoring", "f8368471", "stdout"], "values": [{"value": "\n", "step": null, "ts": 1761008292.7898295}]}, "version": 130, "at": 1761008292.7898335}
{"obj": {"type": "LogStrings", "path": ["monitoring", "f8368471", "stdout"], "values": [{"value": "  First 10 q_ids: [790 659 825  25 804 601 464 473 932 751]", "step": null, "ts": 1761008292.789854}]}, "version": 131, "at": 1761008292.7898579}
{"obj": {"type": "LogStrings", "path": ["monitoring", "f8368471", "stdout"], "values": [{"value": "\n", "step": null, "ts": 1761008292.7898786}]}, "version": 132, "at": 1761008292.7898824}
{"obj": {"type": "LogStrings", "path": ["monitoring", "f8368471", "stdout"], "values": [{"value": "\nSubject IDs structure for student 0:", "step": null, "ts": 1761008292.7899032}]}, "version": 133, "at": 1761008292.7899072}
{"obj": {"type": "LogStrings", "path": ["monitoring", "f8368471", "stdout"], "values": [{"value": "\n", "step": null, "ts": 1761008292.7899282}]}, "version": 134, "at": 1761008292.7899323}
{"obj": {"type": "LogStrings", "path": ["monitoring", "f8368471", "stdout"], "values": [{"value": "  Type: <class 'list'>", "step": null, "ts": 1761008292.7899535}]}, "version": 135, "at": 1761008292.7899575}
{"obj": {"type": "LogStrings", "path": ["monitoring", "f8368471", "stdout"], "values": [{"value": "\n", "step": null, "ts": 1761008292.789978}]}, "version": 136, "at": 1761008292.7899818}
{"obj": {"type": "LogStrings", "path": ["monitoring", "f8368471", "stdout"], "values": [{"value": "  First few subjects: [[148], [148], [148], [148], [148]]", "step": null, "ts": 1761008292.790003}]}, "version": 137, "at": 1761008292.790007}
{"obj": {"type": "LogStrings", "path": ["monitoring", "f8368471", "stdout"], "values": [{"value": "\n", "step": null, "ts": 1761008292.7900288}]}, "version": 138, "at": 1761008292.7900333}
{"obj": {"type": "LogStrings", "path": ["monitoring", "f8368471", "stdout"], "values": [{"value": "============================================================", "step": null, "ts": 1761008293.0026495}]}, "version": 139, "at": 1761008293.002677}
{"obj": {"type": "LogStrings", "path": ["monitoring", "f8368471", "stdout"], "values": [{"value": "\n", "step": null, "ts": 1761008293.0028028}]}, "version": 140, "at": 1761008293.0028195}
{"obj": {"type": "LogStrings", "path": ["monitoring", "f8368471", "stdout"], "values": [{"value": "Batch 1", "step": null, "ts": 1761008293.0028584}]}, "version": 141, "at": 1761008293.0028641}
{"obj": {"type": "LogStrings", "path": ["monitoring", "f8368471", "stdout"], "values": [{"value": "\n", "step": null, "ts": 1761008293.002898}]}, "version": 142, "at": 1761008293.0029035}
{"obj": {"type": "LogStrings", "path": ["monitoring", "f8368471", "stdout"], "values": [{"value": "Batch keys: dict_keys(['input_labels', 'input_mask', 'output_labels', 'output_mask', 'user_ids', 'all_q_ids', 'all_subject_ids'])", "step": null, "ts": 1761008293.00296}]}, "version": 143, "at": 1761008293.002965}
{"obj": {"type": "LogStrings", "path": ["monitoring", "f8368471", "stdout"], "values": [{"value": "\n", "step": null, "ts": 1761008293.0031683}]}, "version": 144, "at": 1761008293.0031738}
{"obj": {"type": "LogStrings", "path": ["monitoring", "f8368471", "stdout"], "values": [{"value": "Batch size (num students): 512", "step": null, "ts": 1761008293.0031989}]}, "version": 145, "at": 1761008293.0032036}
{"obj": {"type": "LogStrings", "path": ["monitoring", "f8368471", "stdout"], "values": [{"value": "\n", "step": null, "ts": 1761008293.0033267}]}, "version": 146, "at": 1761008293.0033329}
{"obj": {"type": "LogStrings", "path": ["monitoring", "f8368471", "stdout"], "values": [{"value": "Number of questions: 948", "step": null, "ts": 1761008293.0033567}]}, "version": 147, "at": 1761008293.0033648}
{"obj": {"type": "LogStrings", "path": ["monitoring", "f8368471", "stdout"], "values": [{"value": "\n", "step": null, "ts": 1761008293.003393}]}, "version": 148, "at": 1761008293.0033977}
{"obj": {"type": "LogStrings", "path": ["monitoring", "f8368471", "stdout"], "values": [{"value": "\nTensor shapes:", "step": null, "ts": 1761008293.0034182}]}, "version": 149, "at": 1761008293.0034227}
{"obj": {"type": "LogStrings", "path": ["monitoring", "f8368471", "stdout"], "values": [{"value": "\n", "step": null, "ts": 1761008293.003443}]}, "version": 150, "at": 1761008293.0034473}
{"obj": {"type": "LogStrings", "path": ["monitoring", "f8368471", "stdout"], "values": [{"value": "  input_labels shape: torch.Size([512, 948])", "step": null, "ts": 1761008293.003468}]}, "version": 151, "at": 1761008293.003472}
{"obj": {"type": "LogStrings", "path": ["monitoring", "f8368471", "stdout"], "values": [{"value": "\n", "step": null, "ts": 1761008293.0034938}]}, "version": 152, "at": 1761008293.003498}
{"obj": {"type": "LogStrings", "path": ["monitoring", "f8368471", "stdout"], "values": [{"value": "  input_mask shape: torch.Size([512, 948])", "step": null, "ts": 1761008293.0035188}]}, "version": 153, "at": 1761008293.0035229}
{"obj": {"type": "LogStrings", "path": ["monitoring", "f8368471", "stdout"], "values": [{"value": "\n", "step": null, "ts": 1761008293.0035446}]}, "version": 154, "at": 1761008293.0035489}
{"obj": {"type": "LogStrings", "path": ["monitoring", "f8368471", "stdout"], "values": [{"value": "  output_labels shape: torch.Size([512, 948])", "step": null, "ts": 1761008293.0035696}]}, "version": 155, "at": 1761008293.0035741}
{"obj": {"type": "LogStrings", "path": ["monitoring", "f8368471", "stdout"], "values": [{"value": "\n", "step": null, "ts": 1761008293.0035942}]}, "version": 156, "at": 1761008293.0035985}
{"obj": {"type": "LogStrings", "path": ["monitoring", "f8368471", "stdout"], "values": [{"value": "  output_mask shape: torch.Size([512, 948])", "step": null, "ts": 1761008293.0036194}]}, "version": 157, "at": 1761008293.0036237}
{"obj": {"type": "LogStrings", "path": ["monitoring", "f8368471", "stdout"], "values": [{"value": "\n", "step": null, "ts": 1761008293.0036442}]}, "version": 158, "at": 1761008293.0036483}
{"obj": {"type": "LogStrings", "path": ["monitoring", "f8368471", "stdout"], "values": [{"value": "\nUser IDs in batch: [1313, 525, 6133, 2788, 868]...", "step": null, "ts": 1761008293.0036736}]}, "version": 159, "at": 1761008293.0036778}
{"obj": {"type": "LogStrings", "path": ["monitoring", "f8368471", "stdout"], "values": [{"value": "\n", "step": null, "ts": 1761008293.0036998}]}, "version": 160, "at": 1761008293.003704}
{"obj": {"type": "LogStrings", "path": ["monitoring", "f8368471", "stdout"], "values": [{"value": "\n--- First Student (index 0) ---", "step": null, "ts": 1761008293.0037243}]}, "version": 161, "at": 1761008293.0037284}
{"obj": {"type": "LogStrings", "path": ["monitoring", "f8368471", "stdout"], "values": [{"value": "\n", "step": null, "ts": 1761008293.0037494}]}, "version": 162, "at": 1761008293.0037537}
{"obj": {"type": "LogStrings", "path": ["monitoring", "f8368471", "stdout"], "values": [{"value": "Training questions: 77", "step": null, "ts": 1761008293.0037742}]}, "version": 163, "at": 1761008293.0037785}
{"obj": {"type": "LogStrings", "path": ["monitoring", "f8368471", "stdout"], "values": [{"value": "\n", "step": null, "ts": 1761008293.0038078}]}, "version": 164, "at": 1761008293.003812}
{"obj": {"type": "LogStrings", "path": ["monitoring", "f8368471", "stdout"], "values": [{"value": "Test questions: 20", "step": null, "ts": 1761008293.0038505}]}, "version": 165, "at": 1761008293.003855}
{"obj": {"type": "LogStrings", "path": ["monitoring", "f8368471", "stdout"], "values": [{"value": "\n", "step": null, "ts": 1761008293.003889}]}, "version": 166, "at": 1761008293.0038936}
{"obj": {"type": "LogStrings", "path": ["monitoring", "f8368471", "stdout"], "values": [{"value": "Total questions answered: 97", "step": null, "ts": 1761008293.0039148}]}, "version": 167, "at": 1761008293.0039191}
{"obj": {"type": "LogStrings", "path": ["monitoring", "f8368471", "stdout"], "values": [{"value": "\n", "step": null, "ts": 1761008293.0039413}]}, "version": 168, "at": 1761008293.003946}
{"obj": {"type": "LogStrings", "path": ["monitoring", "f8368471", "stdout"], "values": [{"value": "\nTraining question indices: [8, 16, 24, 29, 39, 40, 44, 49, 54, 56]...", "step": null, "ts": 1761008293.0039666}]}, "version": 169, "at": 1761008293.0039709}
{"obj": {"type": "LogStrings", "path": ["monitoring", "f8368471", "stdout"], "values": [{"value": "\n", "step": null, "ts": 1761008293.003992}]}, "version": 170, "at": 1761008293.0039964}
{"obj": {"type": "LogStrings", "path": ["monitoring", "f8368471", "stdout"], "values": [{"value": "Test question indices: [88, 120, 124, 213, 274, 293, 307, 394, 492, 505]...", "step": null, "ts": 1761008293.0040166}]}, "version": 171, "at": 1761008293.004021}
{"obj": {"type": "LogStrings", "path": ["monitoring", "f8368471", "stdout"], "values": [{"value": "\n", "step": null, "ts": 1761008293.004042}]}, "version": 172, "at": 1761008293.0040467}
{"obj": {"type": "LogStrings", "path": ["monitoring", "f8368471", "stdout"], "values": [{"value": "\nFirst 10 training answers (0=wrong, 1=correct): [1, 1, 1, 1, 1, 1, 0, 1, 0, 1]", "step": null, "ts": 1761008293.0040717}]}, "version": 173, "at": 1761008293.0040789}
{"obj": {"type": "LogStrings", "path": ["monitoring", "f8368471", "stdout"], "values": [{"value": "\n", "step": null, "ts": 1761008293.0041006}]}, "version": 174, "at": 1761008293.0041053}
{"obj": {"type": "LogStrings", "path": ["monitoring", "f8368471", "stdout"], "values": [{"value": "\nOriginal question IDs for student 0:", "step": null, "ts": 1761008293.004127}]}, "version": 175, "at": 1761008293.004132}
{"obj": {"type": "LogStrings", "path": ["monitoring", "f8368471", "stdout"], "values": [{"value": "\n", "step": null, "ts": 1761008293.0041535}]}, "version": 176, "at": 1761008293.0041585}
{"obj": {"type": "LogStrings", "path": ["monitoring", "f8368471", "stdout"], "values": [{"value": "  Total questions in all_q_ids: 97", "step": null, "ts": 1761008293.0041795}]}, "version": 177, "at": 1761008293.004184}
{"obj": {"type": "LogStrings", "path": ["monitoring", "f8368471", "stdout"], "values": [{"value": "\n", "step": null, "ts": 1761008293.0042048}]}, "version": 178, "at": 1761008293.004209}
{"obj": {"type": "LogStrings", "path": ["monitoring", "f8368471", "stdout"], "values": [{"value": "  First 10 q_ids: [290 749 939 283 592 293  69 614 587 233]", "step": null, "ts": 1761008293.0042305}]}, "version": 179, "at": 1761008293.0042348}
{"obj": {"type": "LogStrings", "path": ["monitoring", "f8368471", "stdout"], "values": [{"value": "\n", "step": null, "ts": 1761008293.004256}]}, "version": 180, "at": 1761008293.00426}
{"obj": {"type": "LogStrings", "path": ["monitoring", "f8368471", "stdout"], "values": [{"value": "\nSubject IDs structure for student 0:", "step": null, "ts": 1761008293.0042808}]}, "version": 181, "at": 1761008293.0042853}
{"obj": {"type": "LogStrings", "path": ["monitoring", "f8368471", "stdout"], "values": [{"value": "\n", "step": null, "ts": 1761008293.0043128}]}, "version": 182, "at": 1761008293.0043175}
{"obj": {"type": "LogStrings", "path": ["monitoring", "f8368471", "stdout"], "values": [{"value": "  Type: <class 'list'>", "step": null, "ts": 1761008293.0043395}]}, "version": 183, "at": 1761008293.004344}
{"obj": {"type": "LogStrings", "path": ["monitoring", "f8368471", "stdout"], "values": [{"value": "\n", "step": null, "ts": 1761008293.0043662}]}, "version": 184, "at": 1761008293.0043705}
{"obj": {"type": "LogStrings", "path": ["monitoring", "f8368471", "stdout"], "values": [{"value": "  First few subjects: [[3], [3], [3], [3], [3]]", "step": null, "ts": 1761008293.0043914}]}, "version": 185, "at": 1761008293.0043955}
{"obj": {"type": "LogStrings", "path": ["monitoring", "f8368471", "stdout"], "values": [{"value": "\n", "step": null, "ts": 1761008293.0044162}]}, "version": 186, "at": 1761008293.0044203}
{"obj": {"type": "LogStrings", "path": ["monitoring", "f8368471", "stdout"], "values": [{"value": "============================================================", "step": null, "ts": 1761008293.1029632}]}, "version": 187, "at": 1761008293.1029918}
{"obj": {"type": "LogStrings", "path": ["monitoring", "f8368471", "stdout"], "values": [{"value": "\n", "step": null, "ts": 1761008293.1031573}]}, "version": 188, "at": 1761008293.1031654}
{"obj": {"type": "LogStrings", "path": ["monitoring", "f8368471", "stdout"], "values": [{"value": "Batch 2", "step": null, "ts": 1761008293.1032078}]}, "version": 189, "at": 1761008293.1032147}
{"obj": {"type": "LogStrings", "path": ["monitoring", "f8368471", "stdout"], "values": [{"value": "\n", "step": null, "ts": 1761008293.1032662}]}, "version": 190, "at": 1761008293.1032722}
{"obj": {"type": "LogStrings", "path": ["monitoring", "f8368471", "stdout"], "values": [{"value": "Batch keys: dict_keys(['input_labels', 'input_mask', 'output_labels', 'output_mask', 'user_ids', 'all_q_ids', 'all_subject_ids'])", "step": null, "ts": 1761008293.1033013}]}, "version": 191, "at": 1761008293.103307}
{"obj": {"type": "LogStrings", "path": ["monitoring", "f8368471", "stdout"], "values": [{"value": "\n", "step": null, "ts": 1761008293.1033404}]}, "version": 192, "at": 1761008293.103345}
{"obj": {"type": "LogStrings", "path": ["monitoring", "f8368471", "stdout"], "values": [{"value": "Batch size (num students): 512", "step": null, "ts": 1761008293.1034002}]}, "version": 193, "at": 1761008293.103405}
{"obj": {"type": "LogStrings", "path": ["monitoring", "f8368471", "stdout"], "values": [{"value": "\n", "step": null, "ts": 1761008293.1035557}]}, "version": 194, "at": 1761008293.103561}
{"obj": {"type": "LogStrings", "path": ["monitoring", "f8368471", "stdout"], "values": [{"value": "Number of questions: 948", "step": null, "ts": 1761008293.103613}]}, "version": 195, "at": 1761008293.103618}
{"obj": {"type": "LogStrings", "path": ["monitoring", "f8368471", "stdout"], "values": [{"value": "\n", "step": null, "ts": 1761008293.1036417}]}, "version": 196, "at": 1761008293.103647}
{"obj": {"type": "LogStrings", "path": ["monitoring", "f8368471", "stdout"], "values": [{"value": "\nTensor shapes:", "step": null, "ts": 1761008293.1036696}]}, "version": 197, "at": 1761008293.1036751}
{"obj": {"type": "LogStrings", "path": ["monitoring", "f8368471", "stdout"], "values": [{"value": "\n", "step": null, "ts": 1761008293.1037302}]}, "version": 198, "at": 1761008293.1037352}
{"obj": {"type": "LogStrings", "path": ["monitoring", "f8368471", "stdout"], "values": [{"value": "  input_labels shape: torch.Size([512, 948])", "step": null, "ts": 1761008293.103866}]}, "version": 199, "at": 1761008293.1038709}
{"obj": {"type": "LogStrings", "path": ["monitoring", "f8368471", "stdout"], "values": [{"value": "\n", "step": null, "ts": 1761008293.1038947}]}, "version": 200, "at": 1761008293.1038997}
{"obj": {"type": "LogStrings", "path": ["monitoring", "f8368471", "stdout"], "values": [{"value": "  input_mask shape: torch.Size([512, 948])", "step": null, "ts": 1761008293.1039214}]}, "version": 201, "at": 1761008293.1039262}
{"obj": {"type": "LogStrings", "path": ["monitoring", "f8368471", "stdout"], "values": [{"value": "\n", "step": null, "ts": 1761008293.103948}]}, "version": 202, "at": 1761008293.1039526}
{"obj": {"type": "LogStrings", "path": ["monitoring", "f8368471", "stdout"], "values": [{"value": "  output_labels shape: torch.Size([512, 948])", "step": null, "ts": 1761008293.1039736}]}, "version": 203, "at": 1761008293.1039777}
{"obj": {"type": "LogStrings", "path": ["monitoring", "f8368471", "stdout"], "values": [{"value": "\n", "step": null, "ts": 1761008293.104013}]}, "version": 204, "at": 1761008293.104018}
{"obj": {"type": "LogStrings", "path": ["monitoring", "f8368471", "stdout"], "values": [{"value": "  output_mask shape: torch.Size([512, 948])", "step": null, "ts": 1761008293.1040401}]}, "version": 205, "at": 1761008293.104045}
{"obj": {"type": "LogStrings", "path": ["monitoring", "f8368471", "stdout"], "values": [{"value": "\n", "step": null, "ts": 1761008293.1040673}]}, "version": 206, "at": 1761008293.1040716}
{"obj": {"type": "LogStrings", "path": ["monitoring", "f8368471", "stdout"], "values": [{"value": "\nUser IDs in batch: [4100, 4713, 1098, 6047, 626]...", "step": null, "ts": 1761008293.1040952}]}, "version": 207, "at": 1761008293.1040995}
{"obj": {"type": "LogStrings", "path": ["monitoring", "f8368471", "stdout"], "values": [{"value": "\n", "step": null, "ts": 1761008293.104121}]}, "version": 208, "at": 1761008293.1041298}
{"obj": {"type": "LogStrings", "path": ["monitoring", "f8368471", "stdout"], "values": [{"value": "\n--- First Student (index 0) ---", "step": null, "ts": 1761008293.1041512}]}, "version": 209, "at": 1761008293.104156}
{"obj": {"type": "LogStrings", "path": ["monitoring", "f8368471", "stdout"], "values": [{"value": "\n", "step": null, "ts": 1761008293.1041775}]}, "version": 210, "at": 1761008293.104182}
{"obj": {"type": "LogStrings", "path": ["monitoring", "f8368471", "stdout"], "values": [{"value": "Training questions: 41", "step": null, "ts": 1761008293.1042027}]}, "version": 211, "at": 1761008293.1042073}
{"obj": {"type": "LogStrings", "path": ["monitoring", "f8368471", "stdout"], "values": [{"value": "\n", "step": null, "ts": 1761008293.1042285}]}, "version": 212, "at": 1761008293.104233}
{"obj": {"type": "LogStrings", "path": ["monitoring", "f8368471", "stdout"], "values": [{"value": "Test questions: 11", "step": null, "ts": 1761008293.104254}]}, "version": 213, "at": 1761008293.1042583}
{"obj": {"type": "LogStrings", "path": ["monitoring", "f8368471", "stdout"], "values": [{"value": "\n", "step": null, "ts": 1761008293.1042795}]}, "version": 214, "at": 1761008293.104284}
{"obj": {"type": "LogStrings", "path": ["monitoring", "f8368471", "stdout"], "values": [{"value": "Total questions answered: 52", "step": null, "ts": 1761008293.1043048}]}, "version": 215, "at": 1761008293.104309}
{"obj": {"type": "LogStrings", "path": ["monitoring", "f8368471", "stdout"], "values": [{"value": "\n", "step": null, "ts": 1761008293.1043346}]}, "version": 216, "at": 1761008293.1043394}
{"obj": {"type": "LogStrings", "path": ["monitoring", "f8368471", "stdout"], "values": [{"value": "\nTraining question indices: [11, 16, 31, 145, 147, 158, 176, 182, 202, 211]...", "step": null, "ts": 1761008293.1043782}]}, "version": 217, "at": 1761008293.1043828}
{"obj": {"type": "LogStrings", "path": ["monitoring", "f8368471", "stdout"], "values": [{"value": "\n", "step": null, "ts": 1761008293.1044047}]}, "version": 218, "at": 1761008293.1044097}
{"obj": {"type": "LogStrings", "path": ["monitoring", "f8368471", "stdout"], "values": [{"value": "Test question indices: [8, 18, 133, 306, 310, 327, 369, 490, 566, 691]...", "step": null, "ts": 1761008293.1044312}]}, "version": 219, "at": 1761008293.104436}
{"obj": {"type": "LogStrings", "path": ["monitoring", "f8368471", "stdout"], "values": [{"value": "\n", "step": null, "ts": 1761008293.1044571}]}, "version": 220, "at": 1761008293.1044617}
{"obj": {"type": "LogStrings", "path": ["monitoring", "f8368471", "stdout"], "values": [{"value": "\nFirst 10 training answers (0=wrong, 1=correct): [0, 0, 1, 1, 1, 0, 1, 0, 1, 1]", "step": null, "ts": 1761008293.1044838}]}, "version": 221, "at": 1761008293.1044881}
{"obj": {"type": "LogStrings", "path": ["monitoring", "f8368471", "stdout"], "values": [{"value": "\n", "step": null, "ts": 1761008293.1045089}]}, "version": 222, "at": 1761008293.104513}
{"obj": {"type": "LogStrings", "path": ["monitoring", "f8368471", "stdout"], "values": [{"value": "\nOriginal question IDs for student 0:", "step": null, "ts": 1761008293.1045346}]}, "version": 223, "at": 1761008293.104539}
{"obj": {"type": "LogStrings", "path": ["monitoring", "f8368471", "stdout"], "values": [{"value": "\n", "step": null, "ts": 1761008293.1045597}]}, "version": 224, "at": 1761008293.104564}
{"obj": {"type": "LogStrings", "path": ["monitoring", "f8368471", "stdout"], "values": [{"value": "  Total questions in all_q_ids: 52", "step": null, "ts": 1761008293.104585}]}, "version": 225, "at": 1761008293.104589}
{"obj": {"type": "LogStrings", "path": ["monitoring", "f8368471", "stdout"], "values": [{"value": "\n", "step": null, "ts": 1761008293.1046157}]}, "version": 226, "at": 1761008293.1046205}
{"obj": {"type": "LogStrings", "path": ["monitoring", "f8368471", "stdout"], "values": [{"value": "  First 10 q_ids: [182 202 420 403 691 503 261 566 289 451]", "step": null, "ts": 1761008293.1046424}]}, "version": 227, "at": 1761008293.1046467}
{"obj": {"type": "LogStrings", "path": ["monitoring", "f8368471", "stdout"], "values": [{"value": "\n", "step": null, "ts": 1761008293.1046753}]}, "version": 228, "at": 1761008293.1046803}
{"obj": {"type": "LogStrings", "path": ["monitoring", "f8368471", "stdout"], "values": [{"value": "\nSubject IDs structure for student 0:", "step": null, "ts": 1761008293.1047025}]}, "version": 229, "at": 1761008293.1047075}
{"obj": {"type": "LogStrings", "path": ["monitoring", "f8368471", "stdout"], "values": [{"value": "\n", "step": null, "ts": 1761008293.104729}]}, "version": 230, "at": 1761008293.1047332}
{"obj": {"type": "LogStrings", "path": ["monitoring", "f8368471", "stdout"], "values": [{"value": "  Type: <class 'list'>", "step": null, "ts": 1761008293.1047547}]}, "version": 231, "at": 1761008293.1047587}
{"obj": {"type": "LogStrings", "path": ["monitoring", "f8368471", "stdout"], "values": [{"value": "\n", "step": null, "ts": 1761008293.1047797}]}, "version": 232, "at": 1761008293.1047847}
{"obj": {"type": "LogStrings", "path": ["monitoring", "f8368471", "stdout"], "values": [{"value": "  First few subjects: [[153], [153], [153], [153], [153]]", "step": null, "ts": 1761008293.104807}]}, "version": 233, "at": 1761008293.1048117}
{"obj": {"type": "LogStrings", "path": ["monitoring", "f8368471", "stdout"], "values": [{"value": "\n", "step": null, "ts": 1761008293.1048336}]}, "version": 234, "at": 1761008293.1048381}
{"obj": {"type": "LogStrings", "path": ["monitoring", "f8368471", "stdout"], "values": [{"value": "============================================================", "step": null, "ts": 1761008293.3853827}]}, "version": 235, "at": 1761008293.385414}
{"obj": {"type": "LogStrings", "path": ["monitoring", "f8368471", "stdout"], "values": [{"value": "\n", "step": null, "ts": 1761008293.385644}]}, "version": 236, "at": 1761008293.385657}
{"obj": {"type": "LogStrings", "path": ["monitoring", "f8368471", "stdout"], "values": [{"value": "Batch 3", "step": null, "ts": 1761008293.385702}]}, "version": 237, "at": 1761008293.385709}
{"obj": {"type": "LogStrings", "path": ["monitoring", "f8368471", "stdout"], "values": [{"value": "\n", "step": null, "ts": 1761008293.3857455}]}, "version": 238, "at": 1761008293.3857515}
{"obj": {"type": "LogStrings", "path": ["monitoring", "f8368471", "stdout"], "values": [{"value": "Batch keys: dict_keys(['input_labels', 'input_mask', 'output_labels', 'output_mask', 'user_ids', 'all_q_ids', 'all_subject_ids'])", "step": null, "ts": 1761008293.385812}]}, "version": 239, "at": 1761008293.3858178}
{"obj": {"type": "LogStrings", "path": ["monitoring", "f8368471", "stdout"], "values": [{"value": "\n", "step": null, "ts": 1761008293.386008}]}, "version": 240, "at": 1761008293.3860157}
{"obj": {"type": "LogStrings", "path": ["monitoring", "f8368471", "stdout"], "values": [{"value": "Batch size (num students): 512", "step": null, "ts": 1761008293.386046}]}, "version": 241, "at": 1761008293.3860517}
{"obj": {"type": "LogStrings", "path": ["monitoring", "f8368471", "stdout"], "values": [{"value": "\n", "step": null, "ts": 1761008293.3860948}]}, "version": 242, "at": 1761008293.3860998}
{"obj": {"type": "LogStrings", "path": ["monitoring", "f8368471", "stdout"], "values": [{"value": "Number of questions: 948", "step": null, "ts": 1761008293.3862498}]}, "version": 243, "at": 1761008293.3862553}
{"obj": {"type": "LogStrings", "path": ["monitoring", "f8368471", "stdout"], "values": [{"value": "\n", "step": null, "ts": 1761008293.3862793}]}, "version": 244, "at": 1761008293.3862848}
{"obj": {"type": "LogStrings", "path": ["monitoring", "f8368471", "stdout"], "values": [{"value": "\nTensor shapes:", "step": null, "ts": 1761008293.3863065}]}, "version": 245, "at": 1761008293.386312}
{"obj": {"type": "LogStrings", "path": ["monitoring", "f8368471", "stdout"], "values": [{"value": "\n", "step": null, "ts": 1761008293.386333}]}, "version": 246, "at": 1761008293.386338}
{"obj": {"type": "LogStrings", "path": ["monitoring", "f8368471", "stdout"], "values": [{"value": "  input_labels shape: torch.Size([512, 948])", "step": null, "ts": 1761008293.3863604}]}, "version": 247, "at": 1761008293.3863654}
{"obj": {"type": "LogStrings", "path": ["monitoring", "f8368471", "stdout"], "values": [{"value": "\n", "step": null, "ts": 1761008293.3863866}]}, "version": 248, "at": 1761008293.386391}
{"obj": {"type": "LogStrings", "path": ["monitoring", "f8368471", "stdout"], "values": [{"value": "  input_mask shape: torch.Size([512, 948])", "step": null, "ts": 1761008293.3864121}]}, "version": 249, "at": 1761008293.386417}
{"obj": {"type": "LogStrings", "path": ["monitoring", "f8368471", "stdout"], "values": [{"value": "\n", "step": null, "ts": 1761008293.3864377}]}, "version": 250, "at": 1761008293.3864424}
{"obj": {"type": "LogStrings", "path": ["monitoring", "f8368471", "stdout"], "values": [{"value": "  output_labels shape: torch.Size([512, 948])", "step": null, "ts": 1761008293.3864627}]}, "version": 251, "at": 1761008293.386467}
{"obj": {"type": "LogStrings", "path": ["monitoring", "f8368471", "stdout"], "values": [{"value": "\n", "step": null, "ts": 1761008293.3864884}]}, "version": 252, "at": 1761008293.3864927}
{"obj": {"type": "LogStrings", "path": ["monitoring", "f8368471", "stdout"], "values": [{"value": "  output_mask shape: torch.Size([512, 948])", "step": null, "ts": 1761008293.386513}]}, "version": 253, "at": 1761008293.3865178}
{"obj": {"type": "LogStrings", "path": ["monitoring", "f8368471", "stdout"], "values": [{"value": "\n", "step": null, "ts": 1761008293.3865395}]}, "version": 254, "at": 1761008293.3865442}
{"obj": {"type": "LogStrings", "path": ["monitoring", "f8368471", "stdout"], "values": [{"value": "\nUser IDs in batch: [302, 2733, 698, 2481, 835]...", "step": null, "ts": 1761008293.386565}]}, "version": 255, "at": 1761008293.3865697}
{"obj": {"type": "LogStrings", "path": ["monitoring", "f8368471", "stdout"], "values": [{"value": "\n", "step": null, "ts": 1761008293.3865914}]}, "version": 256, "at": 1761008293.3865962}
{"obj": {"type": "LogStrings", "path": ["monitoring", "f8368471", "stdout"], "values": [{"value": "\n--- First Student (index 0) ---", "step": null, "ts": 1761008293.3866177}]}, "version": 257, "at": 1761008293.3866224}
{"obj": {"type": "LogStrings", "path": ["monitoring", "f8368471", "stdout"], "values": [{"value": "\n", "step": null, "ts": 1761008293.386643}]}, "version": 258, "at": 1761008293.3866475}
{"obj": {"type": "LogStrings", "path": ["monitoring", "f8368471", "stdout"], "values": [{"value": "Training questions: 64", "step": null, "ts": 1761008293.386673}]}, "version": 259, "at": 1761008293.3866777}
{"obj": {"type": "LogStrings", "path": ["monitoring", "f8368471", "stdout"], "values": [{"value": "\n", "step": null, "ts": 1761008293.386699}]}, "version": 260, "at": 1761008293.3867037}
{"obj": {"type": "LogStrings", "path": ["monitoring", "f8368471", "stdout"], "values": [{"value": "Test questions: 17", "step": null, "ts": 1761008293.3867297}]}, "version": 261, "at": 1761008293.386734}
{"obj": {"type": "LogStrings", "path": ["monitoring", "f8368471", "stdout"], "values": [{"value": "\n", "step": null, "ts": 1761008293.3867724}]}, "version": 262, "at": 1761008293.386777}
{"obj": {"type": "LogStrings", "path": ["monitoring", "f8368471", "stdout"], "values": [{"value": "Total questions answered: 81", "step": null, "ts": 1761008293.3867981}]}, "version": 263, "at": 1761008293.386803}
{"obj": {"type": "LogStrings", "path": ["monitoring", "f8368471", "stdout"], "values": [{"value": "\n", "step": null, "ts": 1761008293.3868244}]}, "version": 264, "at": 1761008293.3868291}
{"obj": {"type": "LogStrings", "path": ["monitoring", "f8368471", "stdout"], "values": [{"value": "\nTraining question indices: [4, 10, 12, 66, 78, 105, 125, 135, 155, 162]...", "step": null, "ts": 1761008293.3868504}]}, "version": 265, "at": 1761008293.3868556}
{"obj": {"type": "LogStrings", "path": ["monitoring", "f8368471", "stdout"], "values": [{"value": "\n", "step": null, "ts": 1761008293.3868783}]}, "version": 266, "at": 1761008293.3868825}
{"obj": {"type": "LogStrings", "path": ["monitoring", "f8368471", "stdout"], "values": [{"value": "Test question indices: [13, 20, 130, 167, 235, 237, 498, 612, 636, 712]...", "step": null, "ts": 1761008293.3869038}]}, "version": 267, "at": 1761008293.386908}
{"obj": {"type": "LogStrings", "path": ["monitoring", "f8368471", "stdout"], "values": [{"value": "\n", "step": null, "ts": 1761008293.3869288}]}, "version": 268, "at": 1761008293.3869333}
{"obj": {"type": "LogStrings", "path": ["monitoring", "f8368471", "stdout"], "values": [{"value": "\nFirst 10 training answers (0=wrong, 1=correct): [0, 0, 0, 0, 0, 0, 0, 1, 0, 0]", "step": null, "ts": 1761008293.386958}]}, "version": 269, "at": 1761008293.3869622}
{"obj": {"type": "LogStrings", "path": ["monitoring", "f8368471", "stdout"], "values": [{"value": "\n", "step": null, "ts": 1761008293.386983}]}, "version": 270, "at": 1761008293.386987}
{"obj": {"type": "LogStrings", "path": ["monitoring", "f8368471", "stdout"], "values": [{"value": "\nOriginal question IDs for student 0:", "step": null, "ts": 1761008293.3870082}]}, "version": 271, "at": 1761008293.3870127}
{"obj": {"type": "LogStrings", "path": ["monitoring", "f8368471", "stdout"], "values": [{"value": "\n", "step": null, "ts": 1761008293.3870335}]}, "version": 272, "at": 1761008293.387038}
{"obj": {"type": "LogStrings", "path": ["monitoring", "f8368471", "stdout"], "values": [{"value": "  Total questions in all_q_ids: 81", "step": null, "ts": 1761008293.3870595}]}, "version": 273, "at": 1761008293.3870645}
{"obj": {"type": "LogStrings", "path": ["monitoring", "f8368471", "stdout"], "values": [{"value": "\n", "step": null, "ts": 1761008293.3870883}]}, "version": 274, "at": 1761008293.3870928}
{"obj": {"type": "LogStrings", "path": ["monitoring", "f8368471", "stdout"], "values": [{"value": "  First 10 q_ids: [682 264 704 913  20 907 820 227 690  78]", "step": null, "ts": 1761008293.3871138}]}, "version": 275, "at": 1761008293.3871183}
{"obj": {"type": "LogStrings", "path": ["monitoring", "f8368471", "stdout"], "values": [{"value": "\n", "step": null, "ts": 1761008293.3871393}]}, "version": 276, "at": 1761008293.3871436}
{"obj": {"type": "LogStrings", "path": ["monitoring", "f8368471", "stdout"], "values": [{"value": "\nSubject IDs structure for student 0:", "step": null, "ts": 1761008293.38717}]}, "version": 277, "at": 1761008293.3871746}
{"obj": {"type": "LogStrings", "path": ["monitoring", "f8368471", "stdout"], "values": [{"value": "\n", "step": null, "ts": 1761008293.3871953}]}, "version": 278, "at": 1761008293.3871996}
{"obj": {"type": "LogStrings", "path": ["monitoring", "f8368471", "stdout"], "values": [{"value": "  Type: <class 'list'>", "step": null, "ts": 1761008293.3872218}]}, "version": 279, "at": 1761008293.3872256}
{"obj": {"type": "LogStrings", "path": ["monitoring", "f8368471", "stdout"], "values": [{"value": "\n", "step": null, "ts": 1761008293.387247}]}, "version": 280, "at": 1761008293.3872516}
{"obj": {"type": "LogStrings", "path": ["monitoring", "f8368471", "stdout"], "values": [{"value": "  First few subjects: [[220], [220], [220], [219], [219]]", "step": null, "ts": 1761008293.3872788}]}, "version": 281, "at": 1761008293.3872836}
{"obj": {"type": "LogStrings", "path": ["monitoring", "f8368471", "stdout"], "values": [{"value": "\n", "step": null, "ts": 1761008293.387306}]}, "version": 282, "at": 1761008293.3873107}
{"obj": {"type": "LogStrings", "path": ["monitoring", "f8368471", "stdout"], "values": [{"value": "============================================================", "step": null, "ts": 1761008293.4704647}]}, "version": 283, "at": 1761008293.4704952}
{"obj": {"type": "LogStrings", "path": ["monitoring", "f8368471", "stdout"], "values": [{"value": "\n", "step": null, "ts": 1761008293.4706542}]}, "version": 284, "at": 1761008293.4706666}
{"obj": {"type": "LogStrings", "path": ["monitoring", "f8368471", "stdout"], "values": [{"value": "Batch 4", "step": null, "ts": 1761008293.47071}]}, "version": 285, "at": 1761008293.4707167}
{"obj": {"type": "LogStrings", "path": ["monitoring", "f8368471", "stdout"], "values": [{"value": "\n", "step": null, "ts": 1761008293.47075}]}, "version": 286, "at": 1761008293.4707556}
{"obj": {"type": "LogStrings", "path": ["monitoring", "f8368471", "stdout"], "values": [{"value": "Batch keys: dict_keys(['input_labels', 'input_mask', 'output_labels', 'output_mask', 'user_ids', 'all_q_ids', 'all_subject_ids'])", "step": null, "ts": 1761008293.4708107}]}, "version": 287, "at": 1761008293.470816}
{"obj": {"type": "LogStrings", "path": ["monitoring", "f8368471", "stdout"], "values": [{"value": "\n", "step": null, "ts": 1761008293.4708524}]}, "version": 288, "at": 1761008293.4708595}
{"obj": {"type": "LogStrings", "path": ["monitoring", "f8368471", "stdout"], "values": [{"value": "Batch size (num students): 512", "step": null, "ts": 1761008293.4710345}]}, "version": 289, "at": 1761008293.4710407}
{"obj": {"type": "LogStrings", "path": ["monitoring", "f8368471", "stdout"], "values": [{"value": "\n", "step": null, "ts": 1761008293.4710705}]}, "version": 290, "at": 1761008293.4710944}
{"obj": {"type": "LogStrings", "path": ["monitoring", "f8368471", "stdout"], "values": [{"value": "Number of questions: 948", "step": null, "ts": 1761008293.4713013}]}, "version": 291, "at": 1761008293.471321}
{"obj": {"type": "LogStrings", "path": ["monitoring", "f8368471", "stdout"], "values": [{"value": "\n", "step": null, "ts": 1761008293.4714165}]}, "version": 292, "at": 1761008293.4714296}
{"obj": {"type": "LogStrings", "path": ["monitoring", "f8368471", "stdout"], "values": [{"value": "\nTensor shapes:", "step": null, "ts": 1761008293.4714873}]}, "version": 293, "at": 1761008293.4714985}
{"obj": {"type": "LogStrings", "path": ["monitoring", "f8368471", "stdout"], "values": [{"value": "\n", "step": null, "ts": 1761008293.4715528}]}, "version": 294, "at": 1761008293.4715633}
{"obj": {"type": "LogStrings", "path": ["monitoring", "f8368471", "stdout"], "values": [{"value": "  input_labels shape: torch.Size([512, 948])", "step": null, "ts": 1761008293.471613}]}, "version": 295, "at": 1761008293.4716227}
{"obj": {"type": "LogStrings", "path": ["monitoring", "f8368471", "stdout"], "values": [{"value": "\n", "step": null, "ts": 1761008293.4716716}]}, "version": 296, "at": 1761008293.4716814}
{"obj": {"type": "LogStrings", "path": ["monitoring", "f8368471", "stdout"], "values": [{"value": "  input_mask shape: torch.Size([512, 948])", "step": null, "ts": 1761008293.4717438}]}, "version": 297, "at": 1761008293.4717538}
{"obj": {"type": "LogStrings", "path": ["monitoring", "f8368471", "stdout"], "values": [{"value": "\n", "step": null, "ts": 1761008293.471803}]}, "version": 298, "at": 1761008293.4718122}
{"obj": {"type": "LogStrings", "path": ["monitoring", "f8368471", "stdout"], "values": [{"value": "  output_labels shape: torch.Size([512, 948])", "step": null, "ts": 1761008293.4718587}]}, "version": 299, "at": 1761008293.4718678}
{"obj": {"type": "LogStrings", "path": ["monitoring", "f8368471", "stdout"], "values": [{"value": "\n", "step": null, "ts": 1761008293.4719138}]}, "version": 300, "at": 1761008293.4719229}
{"obj": {"type": "LogStrings", "path": ["monitoring", "f8368471", "stdout"], "values": [{"value": "  output_mask shape: torch.Size([512, 948])", "step": null, "ts": 1761008293.471982}]}, "version": 301, "at": 1761008293.4719915}
{"obj": {"type": "LogStrings", "path": ["monitoring", "f8368471", "stdout"], "values": [{"value": "\n", "step": null, "ts": 1761008293.4720492}]}, "version": 302, "at": 1761008293.4720583}
{"obj": {"type": "LogStrings", "path": ["monitoring", "f8368471", "stdout"], "values": [{"value": "\nUser IDs in batch: [6085, 1592, 946, 1855, 5703]...", "step": null, "ts": 1761008293.472114}]}, "version": 303, "at": 1761008293.4721236}
{"obj": {"type": "LogStrings", "path": ["monitoring", "f8368471", "stdout"], "values": [{"value": "\n", "step": null, "ts": 1761008293.4721718}]}, "version": 304, "at": 1761008293.472181}
{"obj": {"type": "LogStrings", "path": ["monitoring", "f8368471", "stdout"], "values": [{"value": "\n--- First Student (index 0) ---", "step": null, "ts": 1761008293.472228}]}, "version": 305, "at": 1761008293.4722373}
{"obj": {"type": "LogStrings", "path": ["monitoring", "f8368471", "stdout"], "values": [{"value": "\n", "step": null, "ts": 1761008293.472285}]}, "version": 306, "at": 1761008293.472294}
{"obj": {"type": "LogStrings", "path": ["monitoring", "f8368471", "stdout"], "values": [{"value": "Training questions: 109", "step": null, "ts": 1761008293.4724267}]}, "version": 307, "at": 1761008293.4724429}
{"obj": {"type": "LogStrings", "path": ["monitoring", "f8368471", "stdout"], "values": [{"value": "\n", "step": null, "ts": 1761008293.4726884}]}, "version": 308, "at": 1761008293.4727027}
{"obj": {"type": "LogStrings", "path": ["monitoring", "f8368471", "stdout"], "values": [{"value": "Test questions: 28", "step": null, "ts": 1761008293.4727662}]}, "version": 309, "at": 1761008293.4727747}
{"obj": {"type": "LogStrings", "path": ["monitoring", "f8368471", "stdout"], "values": [{"value": "\n", "step": null, "ts": 1761008293.4728072}]}, "version": 310, "at": 1761008293.4728138}
{"obj": {"type": "LogStrings", "path": ["monitoring", "f8368471", "stdout"], "values": [{"value": "Total questions answered: 137", "step": null, "ts": 1761008293.472842}]}, "version": 311, "at": 1761008293.4728477}
{"obj": {"type": "LogStrings", "path": ["monitoring", "f8368471", "stdout"], "values": [{"value": "\n", "step": null, "ts": 1761008293.4728744}]}, "version": 312, "at": 1761008293.4728806}
{"obj": {"type": "LogStrings", "path": ["monitoring", "f8368471", "stdout"], "values": [{"value": "\nTraining question indices: [5, 17, 23, 36, 48, 58, 62, 67, 70, 77]...", "step": null, "ts": 1761008293.4729068}]}, "version": 313, "at": 1761008293.472912}
{"obj": {"type": "LogStrings", "path": ["monitoring", "f8368471", "stdout"], "values": [{"value": "\n", "step": null, "ts": 1761008293.4729388}]}, "version": 314, "at": 1761008293.472944}
{"obj": {"type": "LogStrings", "path": ["monitoring", "f8368471", "stdout"], "values": [{"value": "Test question indices: [9, 41, 74, 172, 174, 198, 229, 258, 275, 318]...", "step": null, "ts": 1761008293.4729705}]}, "version": 315, "at": 1761008293.472976}
{"obj": {"type": "LogStrings", "path": ["monitoring", "f8368471", "stdout"], "values": [{"value": "\n", "step": null, "ts": 1761008293.4730024}]}, "version": 316, "at": 1761008293.473008}
{"obj": {"type": "LogStrings", "path": ["monitoring", "f8368471", "stdout"], "values": [{"value": "\nFirst 10 training answers (0=wrong, 1=correct): [0, 1, 1, 0, 1, 1, 1, 0, 1, 1]", "step": null, "ts": 1761008293.4730341}]}, "version": 317, "at": 1761008293.4730396}
{"obj": {"type": "LogStrings", "path": ["monitoring", "f8368471", "stdout"], "values": [{"value": "\n", "step": null, "ts": 1761008293.4730656}]}, "version": 318, "at": 1761008293.473071}
{"obj": {"type": "LogStrings", "path": ["monitoring", "f8368471", "stdout"], "values": [{"value": "\nOriginal question IDs for student 0:", "step": null, "ts": 1761008293.473102}]}, "version": 319, "at": 1761008293.4731073}
{"obj": {"type": "LogStrings", "path": ["monitoring", "f8368471", "stdout"], "values": [{"value": "\n", "step": null, "ts": 1761008293.4731479}]}, "version": 320, "at": 1761008293.4731536}
{"obj": {"type": "LogStrings", "path": ["monitoring", "f8368471", "stdout"], "values": [{"value": "  Total questions in all_q_ids: 137", "step": null, "ts": 1761008293.4731853}]}, "version": 321, "at": 1761008293.473191}
{"obj": {"type": "LogStrings", "path": ["monitoring", "f8368471", "stdout"], "values": [{"value": "\n", "step": null, "ts": 1761008293.4732244}]}, "version": 322, "at": 1761008293.4732306}
{"obj": {"type": "LogStrings", "path": ["monitoring", "f8368471", "stdout"], "values": [{"value": "  First 10 q_ids: [894 203 510 288 432 537   9   5  74 215]", "step": null, "ts": 1761008293.473256}]}, "version": 323, "at": 1761008293.4732616}
{"obj": {"type": "LogStrings", "path": ["monitoring", "f8368471", "stdout"], "values": [{"value": "\n", "step": null, "ts": 1761008293.4732864}]}, "version": 324, "at": 1761008293.4732924}
{"obj": {"type": "LogStrings", "path": ["monitoring", "f8368471", "stdout"], "values": [{"value": "\nSubject IDs structure for student 0:", "step": null, "ts": 1761008293.473318}]}, "version": 325, "at": 1761008293.4733236}
{"obj": {"type": "LogStrings", "path": ["monitoring", "f8368471", "stdout"], "values": [{"value": "\n", "step": null, "ts": 1761008293.4733493}]}, "version": 326, "at": 1761008293.4733546}
{"obj": {"type": "LogStrings", "path": ["monitoring", "f8368471", "stdout"], "values": [{"value": "  Type: <class 'list'>", "step": null, "ts": 1761008293.4733799}]}, "version": 327, "at": 1761008293.4733849}
{"obj": {"type": "LogStrings", "path": ["monitoring", "f8368471", "stdout"], "values": [{"value": "\n", "step": null, "ts": 1761008293.4734106}]}, "version": 328, "at": 1761008293.473416}
{"obj": {"type": "LogStrings", "path": ["monitoring", "f8368471", "stdout"], "values": [{"value": "  First few subjects: [[300], [125], [125], [125], [44]]", "step": null, "ts": 1761008293.4734418}]}, "version": 329, "at": 1761008293.4734476}
{"obj": {"type": "LogStrings", "path": ["monitoring", "f8368471", "stdout"], "values": [{"value": "\n", "step": null, "ts": 1761008293.473473}]}, "version": 330, "at": 1761008293.4734783}
{"obj": {"type": "LogFloats", "path": ["monitoring", "f8368471", "cpu"], "values": [{"value": 4.3, "step": null, "ts": 1761008294.6805968}]}, "version": 331, "at": 1761008294.6866846}
{"obj": {"type": "LogFloats", "path": ["monitoring", "f8368471", "memory"], "values": [{"value": 9.21664047241211, "step": null, "ts": 1761008294.6805968}]}, "version": 332, "at": 1761008294.68683}
{"obj": {"type": "LogFloats", "path": ["monitoring", "f8368471", "gpu_memory"], "values": [{"value": 0.404052734375, "step": null, "ts": 1761008294.6805968}]}, "version": 333, "at": 1761008294.6869097}
{"obj": {"type": "LogFloats", "path": ["monitoring", "f8368471", "gpu_power"], "values": [{"value": 33.951, "step": null, "ts": 1761008294.6805968}]}, "version": 334, "at": 1761008294.6869836}
{"obj": {"type": "LogFloats", "path": ["monitoring", "f8368471", "cpu"], "values": [{"value": 1.6, "step": null, "ts": 1761008295.141358}]}, "version": 335, "at": 1761008295.1432662}
{"obj": {"type": "LogFloats", "path": ["monitoring", "f8368471", "memory"], "values": [{"value": 9.232139587402344, "step": null, "ts": 1761008295.141358}]}, "version": 336, "at": 1761008295.143413}
{"obj": {"type": "LogFloats", "path": ["monitoring", "f8368471", "gpu_memory"], "values": [{"value": 0.404052734375, "step": null, "ts": 1761008295.141358}]}, "version": 337, "at": 1761008295.1434975}
{"obj": {"type": "LogFloats", "path": ["monitoring", "f8368471", "gpu_power"], "values": [{"value": 33.951, "step": null, "ts": 1761008295.141358}]}, "version": 338, "at": 1761008295.1435697}
{"obj": {"type": "LogFloats", "path": ["monitoring", "f8368471", "cpu"], "values": [{"value": 0.8, "step": null, "ts": 1761008295.5923808}]}, "version": 339, "at": 1761008295.5965402}
{"obj": {"type": "LogFloats", "path": ["monitoring", "f8368471", "memory"], "values": [{"value": 9.249923706054688, "step": null, "ts": 1761008295.5923808}]}, "version": 340, "at": 1761008295.5966935}
{"obj": {"type": "LogFloats", "path": ["monitoring", "f8368471", "gpu_memory"], "values": [{"value": 0.404052734375, "step": null, "ts": 1761008295.5923808}]}, "version": 341, "at": 1761008295.5967727}
{"obj": {"type": "LogFloats", "path": ["monitoring", "f8368471", "gpu_power"], "values": [{"value": 31.623, "step": null, "ts": 1761008295.5923808}]}, "version": 342, "at": 1761008295.5968442}
{"obj": {"type": "LogFloats", "path": ["monitoring", "f8368471", "cpu"], "values": [{"value": 3.2, "step": null, "ts": 1761008296.57154}]}, "version": 343, "at": 1761008296.5756247}
{"obj": {"type": "LogFloats", "path": ["monitoring", "f8368471", "memory"], "values": [{"value": 9.252216339111328, "step": null, "ts": 1761008296.57154}]}, "version": 344, "at": 1761008296.575751}
{"obj": {"type": "LogFloats", "path": ["monitoring", "f8368471", "gpu_memory"], "values": [{"value": 0.404052734375, "step": null, "ts": 1761008296.57154}]}, "version": 345, "at": 1761008296.5758076}
{"obj": {"type": "LogFloats", "path": ["monitoring", "f8368471", "gpu_power"], "values": [{"value": 23.835, "step": null, "ts": 1761008296.57154}]}, "version": 346, "at": 1761008296.5758526}
{"obj": {"type": "LogFloats", "path": ["monitoring", "f8368471", "cpu"], "values": [{"value": 1.5, "step": null, "ts": 1761008297.0321047}]}, "version": 347, "at": 1761008297.0331304}
{"obj": {"type": "LogFloats", "path": ["monitoring", "f8368471", "memory"], "values": [{"value": 9.264286041259766, "step": null, "ts": 1761008297.0321047}]}, "version": 348, "at": 1761008297.0332532}
{"obj": {"type": "LogFloats", "path": ["monitoring", "f8368471", "gpu_memory"], "values": [{"value": 0.404052734375, "step": null, "ts": 1761008297.0321047}]}, "version": 349, "at": 1761008297.0333025}
{"obj": {"type": "LogFloats", "path": ["monitoring", "f8368471", "gpu_power"], "values": [{"value": 23.839, "step": null, "ts": 1761008297.0321047}]}, "version": 350, "at": 1761008297.0333455}
{"obj": {"type": "LogFloats", "path": ["monitoring", "f8368471", "cpu"], "values": [{"value": 1.1, "step": null, "ts": 1761008297.550801}]}, "version": 351, "at": 1761008297.552023}
{"obj": {"type": "LogFloats", "path": ["monitoring", "f8368471", "memory"], "values": [{"value": 9.283504486083984, "step": null, "ts": 1761008297.550801}]}, "version": 352, "at": 1761008297.5521278}
{"obj": {"type": "LogFloats", "path": ["monitoring", "f8368471", "gpu_memory"], "values": [{"value": 0.404052734375, "step": null, "ts": 1761008297.550801}]}, "version": 353, "at": 1761008297.552166}
{"obj": {"type": "LogFloats", "path": ["monitoring", "f8368471", "gpu_power"], "values": [{"value": 23.839, "step": null, "ts": 1761008297.550801}]}, "version": 354, "at": 1761008297.552197}
{"obj": {"type": "LogFloats", "path": ["monitoring", "f8368471", "cpu"], "values": [{"value": 3.7, "step": null, "ts": 1761008298.7538316}]}, "version": 355, "at": 1761008298.7553093}
{"obj": {"type": "LogFloats", "path": ["monitoring", "f8368471", "memory"], "values": [{"value": 9.25735855102539, "step": null, "ts": 1761008298.7538316}]}, "version": 356, "at": 1761008298.7554388}
{"obj": {"type": "LogFloats", "path": ["monitoring", "f8368471", "gpu_memory"], "values": [{"value": 0.404052734375, "step": null, "ts": 1761008298.7538316}]}, "version": 357, "at": 1761008298.7554927}
{"obj": {"type": "LogFloats", "path": ["monitoring", "f8368471", "gpu_power"], "values": [{"value": 23.465, "step": null, "ts": 1761008298.7538316}]}, "version": 358, "at": 1761008298.755538}
{"obj": {"type": "LogFloats", "path": ["monitoring", "f8368471", "cpu"], "values": [{"value": 0.7, "step": null, "ts": 1761008299.40204}]}, "version": 359, "at": 1761008299.4086277}
{"obj": {"type": "LogFloats", "path": ["monitoring", "f8368471", "memory"], "values": [{"value": 9.26455307006836, "step": null, "ts": 1761008299.40204}]}, "version": 360, "at": 1761008299.408736}
{"obj": {"type": "LogFloats", "path": ["monitoring", "f8368471", "gpu_memory"], "values": [{"value": 0.404052734375, "step": null, "ts": 1761008299.40204}]}, "version": 361, "at": 1761008299.408796}
{"obj": {"type": "LogFloats", "path": ["monitoring", "f8368471", "gpu_power"], "values": [{"value": 23.85, "step": null, "ts": 1761008299.40204}]}, "version": 362, "at": 1761008299.408842}
{"obj": {"type": "LogFloats", "path": ["monitoring", "f8368471", "cpu"], "values": [{"value": 1.0, "step": null, "ts": 1761008300.1268163}]}, "version": 363, "at": 1761008300.1282492}
{"obj": {"type": "LogFloats", "path": ["monitoring", "f8368471", "memory"], "values": [{"value": 9.284965515136719, "step": null, "ts": 1761008300.1268163}]}, "version": 364, "at": 1761008300.1283913}
{"obj": {"type": "LogFloats", "path": ["monitoring", "f8368471", "gpu_memory"], "values": [{"value": 0.404052734375, "step": null, "ts": 1761008300.1268163}]}, "version": 365, "at": 1761008300.1284633}
{"obj": {"type": "LogFloats", "path": ["monitoring", "f8368471", "gpu_power"], "values": [{"value": 22.975, "step": null, "ts": 1761008300.1268163}]}, "version": 366, "at": 1761008300.128526}
{"obj": {"type": "LogFloats", "path": ["monitoring", "f8368471", "cpu"], "values": [{"value": 6.5, "step": null, "ts": 1761008300.5941274}]}, "version": 367, "at": 1761008300.6002324}
{"obj": {"type": "LogFloats", "path": ["monitoring", "f8368471", "memory"], "values": [{"value": 9.25075912475586, "step": null, "ts": 1761008300.5941274}]}, "version": 368, "at": 1761008300.6004333}
{"obj": {"type": "LogFloats", "path": ["monitoring", "f8368471", "gpu"], "values": [{"value": 35.0, "step": null, "ts": 1761008300.5941274}]}, "version": 369, "at": 1761008300.6005049}
{"obj": {"type": "LogFloats", "path": ["monitoring", "f8368471", "gpu_memory"], "values": [{"value": 0.404052734375, "step": null, "ts": 1761008300.5941274}]}, "version": 370, "at": 1761008300.6005578}
{"obj": {"type": "LogFloats", "path": ["monitoring", "f8368471", "gpu_power"], "values": [{"value": 23.603, "step": null, "ts": 1761008300.5941274}]}, "version": 371, "at": 1761008300.6006064}
{"obj": {"type": "LogFloats", "path": ["monitoring", "f8368471", "cpu"], "values": [{"value": 1.5, "step": null, "ts": 1761008301.0560143}]}, "version": 372, "at": 1761008301.0577657}
{"obj": {"type": "LogFloats", "path": ["monitoring", "f8368471", "memory"], "values": [{"value": 9.257644653320312, "step": null, "ts": 1761008301.0560143}]}, "version": 373, "at": 1761008301.0578706}
{"obj": {"type": "LogFloats", "path": ["monitoring", "f8368471", "gpu_memory"], "values": [{"value": 0.404052734375, "step": null, "ts": 1761008301.0560143}]}, "version": 374, "at": 1761008301.0579093}
{"obj": {"type": "LogFloats", "path": ["monitoring", "f8368471", "gpu_power"], "values": [{"value": 23.449, "step": null, "ts": 1761008301.0560143}]}, "version": 375, "at": 1761008301.0579405}
{"obj": {"type": "LogFloats", "path": ["monitoring", "f8368471", "cpu"], "values": [{"value": 1.3, "step": null, "ts": 1761008301.579071}]}, "version": 376, "at": 1761008301.5848174}
{"obj": {"type": "LogFloats", "path": ["monitoring", "f8368471", "memory"], "values": [{"value": 9.270145416259766, "step": null, "ts": 1761008301.579071}]}, "version": 377, "at": 1761008301.5849185}
{"obj": {"type": "LogFloats", "path": ["monitoring", "f8368471", "gpu_memory"], "values": [{"value": 0.404052734375, "step": null, "ts": 1761008301.579071}]}, "version": 378, "at": 1761008301.5849605}
{"obj": {"type": "LogFloats", "path": ["monitoring", "f8368471", "gpu_power"], "values": [{"value": 23.707, "step": null, "ts": 1761008301.579071}]}, "version": 379, "at": 1761008301.5849967}
{"obj": {"type": "LogFloats", "path": ["monitoring", "f8368471", "cpu"], "values": [{"value": 6.2, "step": null, "ts": 1761008302.2794611}]}, "version": 380, "at": 1761008302.2806659}
{"obj": {"type": "LogFloats", "path": ["monitoring", "f8368471", "memory"], "values": [{"value": 9.221138000488281, "step": null, "ts": 1761008302.2794611}]}, "version": 381, "at": 1761008302.280784}
{"obj": {"type": "LogFloats", "path": ["monitoring", "f8368471", "gpu"], "values": [{"value": 35.0, "step": null, "ts": 1761008302.2794611}]}, "version": 382, "at": 1761008302.2808325}
{"obj": {"type": "LogFloats", "path": ["monitoring", "f8368471", "gpu_memory"], "values": [{"value": 0.404052734375, "step": null, "ts": 1761008302.2794611}]}, "version": 383, "at": 1761008302.2808728}
{"obj": {"type": "LogFloats", "path": ["monitoring", "f8368471", "gpu_power"], "values": [{"value": 23.826, "step": null, "ts": 1761008302.2794611}]}, "version": 384, "at": 1761008302.280913}
{"obj": {"type": "LogFloats", "path": ["monitoring", "f8368471", "cpu"], "values": [{"value": 0.8, "step": null, "ts": 1761008302.7319639}]}, "version": 385, "at": 1761008302.7337563}
{"obj": {"type": "LogFloats", "path": ["monitoring", "f8368471", "memory"], "values": [{"value": 9.229705810546875, "step": null, "ts": 1761008302.7319639}]}, "version": 386, "at": 1761008302.7338932}
{"obj": {"type": "LogFloats", "path": ["monitoring", "f8368471", "gpu_memory"], "values": [{"value": 0.404052734375, "step": null, "ts": 1761008302.7319639}]}, "version": 387, "at": 1761008302.7339501}
{"obj": {"type": "LogFloats", "path": ["monitoring", "f8368471", "gpu_power"], "values": [{"value": 23.696, "step": null, "ts": 1761008302.7319639}]}, "version": 388, "at": 1761008302.7340074}
{"obj": {"type": "LogFloats", "path": ["monitoring", "f8368471", "cpu"], "values": [{"value": 0.5, "step": null, "ts": 1761008303.932693}]}, "version": 389, "at": 1761008303.9357855}
{"obj": {"type": "LogFloats", "path": ["monitoring", "f8368471", "memory"], "values": [{"value": 9.232582092285156, "step": null, "ts": 1761008303.932693}]}, "version": 390, "at": 1761008303.9359107}
{"obj": {"type": "LogFloats", "path": ["monitoring", "f8368471", "gpu_memory"], "values": [{"value": 0.404052734375, "step": null, "ts": 1761008303.932693}]}, "version": 391, "at": 1761008303.9359705}
{"obj": {"type": "LogFloats", "path": ["monitoring", "f8368471", "gpu_power"], "values": [{"value": 22.974, "step": null, "ts": 1761008303.932693}]}, "version": 392, "at": 1761008303.936018}
{"obj": {"type": "LogFloats", "path": ["monitoring", "f8368471", "cpu"], "values": [{"value": 6.5, "step": null, "ts": 1761008304.421945}]}, "version": 393, "at": 1761008304.4260387}
{"obj": {"type": "LogFloats", "path": ["monitoring", "f8368471", "memory"], "values": [{"value": 9.20941162109375, "step": null, "ts": 1761008304.421945}]}, "version": 394, "at": 1761008304.4261508}
{"obj": {"type": "LogFloats", "path": ["monitoring", "f8368471", "gpu"], "values": [{"value": 34.0, "step": null, "ts": 1761008304.421945}]}, "version": 395, "at": 1761008304.426193}
{"obj": {"type": "LogFloats", "path": ["monitoring", "f8368471", "gpu_memory"], "values": [{"value": 0.404052734375, "step": null, "ts": 1761008304.421945}]}, "version": 396, "at": 1761008304.4263272}
{"obj": {"type": "LogFloats", "path": ["monitoring", "f8368471", "gpu_power"], "values": [{"value": 23.823, "step": null, "ts": 1761008304.421945}]}, "version": 397, "at": 1761008304.4263666}
{"obj": {"type": "LogFloats", "path": ["monitoring", "f8368471", "cpu"], "values": [{"value": 0.9, "step": null, "ts": 1761008305.1880872}]}, "version": 398, "at": 1761008305.1931167}
{"obj": {"type": "LogFloats", "path": ["monitoring", "f8368471", "memory"], "values": [{"value": 9.215728759765625, "step": null, "ts": 1761008305.1880872}]}, "version": 399, "at": 1761008305.193287}
{"obj": {"type": "LogFloats", "path": ["monitoring", "f8368471", "gpu_memory"], "values": [{"value": 0.404052734375, "step": null, "ts": 1761008305.1880872}]}, "version": 400, "at": 1761008305.193364}
{"obj": {"type": "LogFloats", "path": ["monitoring", "f8368471", "gpu_power"], "values": [{"value": 23.527, "step": null, "ts": 1761008305.1880872}]}, "version": 401, "at": 1761008305.1934326}
{"obj": {"type": "LogFloats", "path": ["monitoring", "f8368471", "cpu"], "values": [{"value": 1.2, "step": null, "ts": 1761008305.650079}]}, "version": 402, "at": 1761008305.6514096}
{"obj": {"type": "LogFloats", "path": ["monitoring", "f8368471", "memory"], "values": [{"value": 9.2327880859375, "step": null, "ts": 1761008305.650079}]}, "version": 403, "at": 1761008305.6515133}
{"obj": {"type": "LogFloats", "path": ["monitoring", "f8368471", "gpu_memory"], "values": [{"value": 0.404052734375, "step": null, "ts": 1761008305.650079}]}, "version": 404, "at": 1761008305.6519604}
{"obj": {"type": "LogFloats", "path": ["monitoring", "f8368471", "gpu_power"], "values": [{"value": 23.527, "step": null, "ts": 1761008305.650079}]}, "version": 405, "at": 1761008305.652004}
{"obj": {"type": "LogFloats", "path": ["monitoring", "f8368471", "cpu"], "values": [{"value": 6.4, "step": null, "ts": 1761008306.3423905}]}, "version": 406, "at": 1761008306.346688}
{"obj": {"type": "LogFloats", "path": ["monitoring", "f8368471", "memory"], "values": [{"value": 9.214942932128906, "step": null, "ts": 1761008306.3423905}]}, "version": 407, "at": 1761008306.3468}
{"obj": {"type": "LogFloats", "path": ["monitoring", "f8368471", "gpu"], "values": [{"value": 20.0, "step": null, "ts": 1761008306.3423905}]}, "version": 408, "at": 1761008306.346847}
{"obj": {"type": "LogFloats", "path": ["monitoring", "f8368471", "gpu_memory"], "values": [{"value": 0.404052734375, "step": null, "ts": 1761008306.3423905}]}, "version": 409, "at": 1761008306.3468862}
{"obj": {"type": "LogFloats", "path": ["monitoring", "f8368471", "gpu_power"], "values": [{"value": 23.826, "step": null, "ts": 1761008306.3423905}]}, "version": 410, "at": 1761008306.3469253}
{"obj": {"type": "LogFloats", "path": ["monitoring", "f8368471", "cpu"], "values": [{"value": 0.8, "step": null, "ts": 1761008306.7869203}]}, "version": 411, "at": 1761008306.7888339}
{"obj": {"type": "LogFloats", "path": ["monitoring", "f8368471", "memory"], "values": [{"value": 9.226417541503906, "step": null, "ts": 1761008306.7869203}]}, "version": 412, "at": 1761008306.7890363}
{"obj": {"type": "LogFloats", "path": ["monitoring", "f8368471", "gpu_memory"], "values": [{"value": 0.404052734375, "step": null, "ts": 1761008306.7869203}]}, "version": 413, "at": 1761008306.789145}
{"obj": {"type": "LogFloats", "path": ["monitoring", "f8368471", "gpu_power"], "values": [{"value": 23.562, "step": null, "ts": 1761008306.7869203}]}, "version": 414, "at": 1761008306.7892518}
{"obj": {"type": "LogFloats", "path": ["monitoring", "f8368471", "cpu"], "values": [{"value": 1.6, "step": null, "ts": 1761008307.2401044}]}, "version": 415, "at": 1761008307.244814}
{"obj": {"type": "LogFloats", "path": ["monitoring", "f8368471", "memory"], "values": [{"value": 9.240978240966797, "step": null, "ts": 1761008307.2401044}]}, "version": 416, "at": 1761008307.2451053}
{"obj": {"type": "LogFloats", "path": ["monitoring", "f8368471", "gpu_memory"], "values": [{"value": 0.404052734375, "step": null, "ts": 1761008307.2401044}]}, "version": 417, "at": 1761008307.2453556}
{"obj": {"type": "LogFloats", "path": ["monitoring", "f8368471", "gpu_power"], "values": [{"value": 23.876, "step": null, "ts": 1761008307.2401044}]}, "version": 418, "at": 1761008307.2454736}
{"obj": {"type": "LogFloats", "path": ["monitoring", "f8368471", "cpu"], "values": [{"value": 4.8, "step": null, "ts": 1761008307.924605}]}, "version": 419, "at": 1761008307.9267626}
{"obj": {"type": "LogFloats", "path": ["monitoring", "f8368471", "memory"], "values": [{"value": 9.192192077636719, "step": null, "ts": 1761008307.924605}]}, "version": 420, "at": 1761008307.92698}
{"obj": {"type": "LogFloats", "path": ["monitoring", "f8368471", "gpu_memory"], "values": [{"value": 0.404052734375, "step": null, "ts": 1761008307.924605}]}, "version": 421, "at": 1761008307.9271064}
{"obj": {"type": "LogFloats", "path": ["monitoring", "f8368471", "gpu_power"], "values": [{"value": 23.828, "step": null, "ts": 1761008307.924605}]}, "version": 422, "at": 1761008307.9272206}
{"obj": {"type": "LogFloats", "path": ["monitoring", "f8368471", "cpu"], "values": [{"value": 0.6, "step": null, "ts": 1761008309.0023565}]}, "version": 423, "at": 1761008309.0073583}
{"obj": {"type": "LogFloats", "path": ["monitoring", "f8368471", "memory"], "values": [{"value": 9.196517944335938, "step": null, "ts": 1761008309.0023565}]}, "version": 424, "at": 1761008309.0075066}
{"obj": {"type": "LogFloats", "path": ["monitoring", "f8368471", "gpu_memory"], "values": [{"value": 0.404052734375, "step": null, "ts": 1761008309.0023565}]}, "version": 425, "at": 1761008309.0075717}
{"obj": {"type": "LogFloats", "path": ["monitoring", "f8368471", "gpu_power"], "values": [{"value": 23.829, "step": null, "ts": 1761008309.0023565}]}, "version": 426, "at": 1761008309.007626}
{"obj": {"type": "LogFloats", "path": ["monitoring", "f8368471", "cpu"], "values": [{"value": 1.2, "step": null, "ts": 1761008309.4861088}]}, "version": 427, "at": 1761008309.4898672}
{"obj": {"type": "LogFloats", "path": ["monitoring", "f8368471", "memory"], "values": [{"value": 9.2174072265625, "step": null, "ts": 1761008309.4861088}]}, "version": 428, "at": 1761008309.4906797}
{"obj": {"type": "LogFloats", "path": ["monitoring", "f8368471", "gpu_memory"], "values": [{"value": 0.404052734375, "step": null, "ts": 1761008309.4861088}]}, "version": 429, "at": 1761008309.4907594}
{"obj": {"type": "LogFloats", "path": ["monitoring", "f8368471", "gpu_power"], "values": [{"value": 23.829, "step": null, "ts": 1761008309.4861088}]}, "version": 430, "at": 1761008309.490824}
{"obj": {"type": "LogFloats", "path": ["monitoring", "f8368471", "cpu"], "values": [{"value": 5.9, "step": null, "ts": 1761008310.1940343}]}, "version": 431, "at": 1761008310.1992605}
{"obj": {"type": "LogFloats", "path": ["monitoring", "f8368471", "memory"], "values": [{"value": 9.194690704345703, "step": null, "ts": 1761008310.1940343}]}, "version": 432, "at": 1761008310.199373}
{"obj": {"type": "LogFloats", "path": ["monitoring", "f8368471", "gpu"], "values": [{"value": 31.0, "step": null, "ts": 1761008310.1940343}]}, "version": 433, "at": 1761008310.1994152}
{"obj": {"type": "LogFloats", "path": ["monitoring", "f8368471", "gpu_memory"], "values": [{"value": 0.404052734375, "step": null, "ts": 1761008310.1940343}]}, "version": 434, "at": 1761008310.1994476}
{"obj": {"type": "LogFloats", "path": ["monitoring", "f8368471", "gpu_power"], "values": [{"value": 23.563, "step": null, "ts": 1761008310.1940343}]}, "version": 435, "at": 1761008310.1994808}
{"obj": {"type": "LogFloats", "path": ["monitoring", "f8368471", "cpu"], "values": [{"value": 0.6, "step": null, "ts": 1761008311.1317663}]}, "version": 436, "at": 1761008311.136653}
{"obj": {"type": "LogFloats", "path": ["monitoring", "f8368471", "memory"], "values": [{"value": 9.222087860107422, "step": null, "ts": 1761008311.1317663}]}, "version": 437, "at": 1761008311.1367528}
{"obj": {"type": "LogFloats", "path": ["monitoring", "f8368471", "gpu_memory"], "values": [{"value": 0.404052734375, "step": null, "ts": 1761008311.1317663}]}, "version": 438, "at": 1761008311.1367915}
{"obj": {"type": "LogFloats", "path": ["monitoring", "f8368471", "gpu_power"], "values": [{"value": 23.841, "step": null, "ts": 1761008311.1317663}]}, "version": 439, "at": 1761008311.1368241}
{"obj": {"type": "LogFloats", "path": ["monitoring", "f8368471", "cpu"], "values": [{"value": 1.2, "step": null, "ts": 1761008311.6006577}]}, "version": 440, "at": 1761008311.604474}
{"obj": {"type": "LogFloats", "path": ["monitoring", "f8368471", "memory"], "values": [{"value": 9.232418060302734, "step": null, "ts": 1761008311.6006577}]}, "version": 441, "at": 1761008311.604807}
{"obj": {"type": "LogFloats", "path": ["monitoring", "f8368471", "gpu_memory"], "values": [{"value": 0.404052734375, "step": null, "ts": 1761008311.6006577}]}, "version": 442, "at": 1761008311.6049554}
{"obj": {"type": "LogFloats", "path": ["monitoring", "f8368471", "gpu_power"], "values": [{"value": 23.841, "step": null, "ts": 1761008311.6006577}]}, "version": 443, "at": 1761008311.6050837}
{"obj": {"type": "LogFloats", "path": ["monitoring", "f8368471", "cpu"], "values": [{"value": 6.8, "step": null, "ts": 1761008312.069056}]}, "version": 444, "at": 1761008312.0750775}
{"obj": {"type": "LogFloats", "path": ["monitoring", "f8368471", "memory"], "values": [{"value": 9.164531707763672, "step": null, "ts": 1761008312.069056}]}, "version": 445, "at": 1761008312.0751839}
{"obj": {"type": "LogFloats", "path": ["monitoring", "f8368471", "gpu"], "values": [{"value": 35.0, "step": null, "ts": 1761008312.069056}]}, "version": 446, "at": 1761008312.075229}
{"obj": {"type": "LogFloats", "path": ["monitoring", "f8368471", "gpu_memory"], "values": [{"value": 0.404052734375, "step": null, "ts": 1761008312.069056}]}, "version": 447, "at": 1761008312.07526}
{"obj": {"type": "LogFloats", "path": ["monitoring", "f8368471", "gpu_power"], "values": [{"value": 23.837, "step": null, "ts": 1761008312.069056}]}, "version": 448, "at": 1761008312.0754309}
{"obj": {"type": "LogFloats", "path": ["monitoring", "f8368471", "cpu"], "values": [{"value": 0.9, "step": null, "ts": 1761008312.7435822}]}, "version": 449, "at": 1761008312.745474}
{"obj": {"type": "LogFloats", "path": ["monitoring", "f8368471", "memory"], "values": [{"value": 9.18206787109375, "step": null, "ts": 1761008312.7435822}]}, "version": 450, "at": 1761008312.7457476}
{"obj": {"type": "LogFloats", "path": ["monitoring", "f8368471", "gpu_memory"], "values": [{"value": 0.404052734375, "step": null, "ts": 1761008312.7435822}]}, "version": 451, "at": 1761008312.7458887}
{"obj": {"type": "LogFloats", "path": ["monitoring", "f8368471", "gpu_power"], "values": [{"value": 23.536, "step": null, "ts": 1761008312.7435822}]}, "version": 452, "at": 1761008312.7460206}
{"obj": {"type": "LogFloats", "path": ["monitoring", "f8368471", "cpu"], "values": [{"value": 1.2, "step": null, "ts": 1761008313.4999452}]}, "version": 453, "at": 1761008313.501102}
{"obj": {"type": "LogFloats", "path": ["monitoring", "f8368471", "memory"], "values": [{"value": 9.20486831665039, "step": null, "ts": 1761008313.4999452}]}, "version": 454, "at": 1761008313.5012405}
{"obj": {"type": "LogFloats", "path": ["monitoring", "f8368471", "gpu_memory"], "values": [{"value": 0.404052734375, "step": null, "ts": 1761008313.4999452}]}, "version": 455, "at": 1761008313.5012949}
{"obj": {"type": "LogFloats", "path": ["monitoring", "f8368471", "gpu_power"], "values": [{"value": 23.9, "step": null, "ts": 1761008313.4999452}]}, "version": 456, "at": 1761008313.501339}
{"obj": {"type": "LogFloats", "path": ["metrics", "valid_accuracy"], "values": [{"value": 0.6269120698290048, "step": null, "ts": 1761008314.074891}]}, "version": 457, "at": 1761008314.074913}
{"obj": {"type": "LogFloats", "path": ["metrics", "best_test_accuracy"], "values": [{"value": 0.6240019054947874, "step": null, "ts": 1761008314.0750449}]}, "version": 458, "at": 1761008314.0750542}
{"obj": {"type": "LogStrings", "path": ["monitoring", "f8368471", "stdout"], "values": [{"value": "Test_Epoch: 0; val_scores: [0.6253130142376762, 0.6244365743721829, 0.6301066037060886, 0.6267260499391858, 0.6279781068898905]; val_aucs: [0.7043770285694612, 0.7065969219917241, 0.7053520537763173, 0.7065468811256652, 0.706578287004326]; test_scores: [0.6262848348265817, 0.6221440480770992, 0.6258817493907913, 0.6248557137360523, 0.6208431814434123]; test_aucs: [0.6994679848125968, 0.6985374553044985, 0.7019580347520615, 0.6988841911280248, 0.6967964588015578]", "step": null, "ts": 1761008314.0752048}]}, "version": 459, "at": 1761008314.07523}
{"obj": {"type": "LogFloats", "path": ["metrics", "best_test_auc"], "values": [{"value": 0.6991288249597478, "step": null, "ts": 1761008314.0753207}]}, "version": 460, "at": 1761008314.0753295}
{"obj": {"type": "LogStrings", "path": ["monitoring", "f8368471", "stdout"], "values": [{"value": "\n", "step": null, "ts": 1761008314.0753734}]}, "version": 461, "at": 1761008314.0753844}
{"obj": {"type": "LogFloats", "path": ["metrics", "best_valid_accuracy"], "values": [{"value": 0.6269120698290048, "step": null, "ts": 1761008314.0754302}]}, "version": 462, "at": 1761008314.0754375}
{"obj": {"type": "LogFloats", "path": ["metrics", "best_valid_auc"], "values": [{"value": 0.7058902344934987, "step": null, "ts": 1761008314.0754826}]}, "version": 463, "at": 1761008314.0754893}
{"obj": {"type": "LogFloats", "path": ["metrics", "best_epoch"], "values": [{"value": 0.0, "step": null, "ts": 1761008314.0755658}]}, "version": 464, "at": 1761008314.0755725}
{"obj": {"type": "LogFloats", "path": ["metrics", "epoch"], "values": [{"value": 0.0, "step": null, "ts": 1761008314.0756102}]}, "version": 465, "at": 1761008314.0756166}
{"obj": {"type": "LogStrings", "path": ["monitoring", "f8368471", "stdout"], "values": [{"value": "CONFIG:", "step": null, "ts": 1761008314.0798905}]}, "version": 466, "at": 1761008314.0799005}
{"obj": {"type": "LogStrings", "path": ["monitoring", "f8368471", "stdout"], "values": [{"value": " ", "step": null, "ts": 1761008314.079949}]}, "version": 467, "at": 1761008314.079956}
{"obj": {"type": "LogStrings", "path": ["monitoring", "f8368471", "stdout"], "values": [{"value": "{'mode': 'train', 'epoch': 1, 'available_mask': tensor([[0, 0, 0,  ..., 0, 0, 0],\n        [0, 0, 0,  ..., 0, 0, 0],\n        [0, 0, 0,  ..., 0, 0, 0],\n        ...,\n        [0, 0, 1,  ..., 1, 0, 0],\n        [1, 0, 0,  ..., 0, 0, 0],\n        [0, 0, 1,  ..., 1, 0, 0]], device='cuda:0'), 'train_mask': tensor([[0, 0, 0,  ..., 0, 0, 0],\n        [0, 0, 0,  ..., 0, 0, 0],\n        [0, 0, 0,  ..., 0, 0, 0],\n        ...,\n        [0, 0, 0,  ..., 0, 0, 0],\n        [0, 0, 0,  ..., 0, 0, 0],\n        [0, 0, 0,  ..., 0, 0, 0]], device='cuda:0'), 'meta_param': tensor([[-0.4709],\n        [ 0.8281],\n        [-1.1937],\n        [-0.8234],\n        [ 0.1927],\n        [-0.8234],\n        [-0.1333],\n        [-0.1335],\n        [-1.1937],\n        [-0.8234],\n        [-0.1335],\n        [-1.9902],\n        [ 0.1927],\n        [-0.4709],\n        [-1.9902],\n        [-0.1335],\n        [-1.5827],\n        [-0.4709],\n        [-1.1937],\n        [-2.4147],\n        [ 0.1926],\n        [ 0.1927],\n        [-0.4709],\n        [-0.823", "step": null, "ts": 1761008314.140839}]}, "version": 468, "at": 1761008314.140868}
{"obj": {"type": "LogStrings", "path": ["monitoring", "f8368471", "stdout"], "values": [{"value": "\n", "step": null, "ts": 1761008314.1412618}]}, "version": 469, "at": 1761008314.1412718}
{"obj": {"type": "LogStrings", "path": ["monitoring", "f8368471", "stdout"], "values": [{"value": "N", "step": null, "ts": 1761008314.141344}]}, "version": 470, "at": 1761008314.1413558}
{"obj": {"type": "LogStrings", "path": ["monitoring", "f8368471", "stdout"], "values": [{"value": " ", "step": null, "ts": 1761008314.1413898}]}, "version": 471, "at": 1761008314.1413956}
{"obj": {"type": "LogStrings", "path": ["monitoring", "f8368471", "stdout"], "values": [{"value": "[100, 101, 102, 103, 104]", "step": null, "ts": 1761008314.1414185}]}, "version": 472, "at": 1761008314.1414237}
{"obj": {"type": "LogStrings", "path": ["monitoring", "f8368471", "stdout"], "values": [{"value": "\n", "step": null, "ts": 1761008314.1414466}]}, "version": 473, "at": 1761008314.1414518}
{"obj": {"type": "LogFloats", "path": ["monitoring", "f8368471", "cpu"], "values": [{"value": 6.3, "step": null, "ts": 1761008314.2024627}]}, "version": 474, "at": 1761008314.2036145}
{"obj": {"type": "LogFloats", "path": ["monitoring", "f8368471", "memory"], "values": [{"value": 9.28262710571289, "step": null, "ts": 1761008314.2024627}]}, "version": 475, "at": 1761008314.2037282}
{"obj": {"type": "LogFloats", "path": ["monitoring", "f8368471", "gpu"], "values": [{"value": 36.0, "step": null, "ts": 1761008314.2024627}]}, "version": 476, "at": 1761008314.2037742}
{"obj": {"type": "LogFloats", "path": ["monitoring", "f8368471", "gpu_memory"], "values": [{"value": 0.404052734375, "step": null, "ts": 1761008314.2024627}]}, "version": 477, "at": 1761008314.2038152}
{"obj": {"type": "LogFloats", "path": ["monitoring", "f8368471", "gpu_power"], "values": [{"value": 23.702, "step": null, "ts": 1761008314.2024627}]}, "version": 478, "at": 1761008314.2038562}
{"obj": {"type": "LogFloats", "path": ["monitoring", "f8368471", "cpu"], "values": [{"value": 0.9, "step": null, "ts": 1761008314.9099448}]}, "version": 479, "at": 1761008314.9128032}
{"obj": {"type": "LogFloats", "path": ["monitoring", "f8368471", "memory"], "values": [{"value": 9.28951644897461, "step": null, "ts": 1761008314.9099448}]}, "version": 480, "at": 1761008314.9129097}
{"obj": {"type": "LogFloats", "path": ["monitoring", "f8368471", "gpu_memory"], "values": [{"value": 0.404052734375, "step": null, "ts": 1761008314.9099448}]}, "version": 481, "at": 1761008314.912952}
{"obj": {"type": "LogFloats", "path": ["monitoring", "f8368471", "gpu_power"], "values": [{"value": 23.452, "step": null, "ts": 1761008314.9099448}]}, "version": 482, "at": 1761008314.9129922}
{"obj": {"type": "LogFloats", "path": ["monitoring", "f8368471", "cpu"], "values": [{"value": 1.9, "step": null, "ts": 1761008315.48543}]}, "version": 483, "at": 1761008315.4870553}
{"obj": {"type": "LogFloats", "path": ["monitoring", "f8368471", "memory"], "values": [{"value": 9.30062484741211, "step": null, "ts": 1761008315.48543}]}, "version": 484, "at": 1761008315.4877303}
{"obj": {"type": "LogFloats", "path": ["monitoring", "f8368471", "gpu_memory"], "values": [{"value": 0.404052734375, "step": null, "ts": 1761008315.48543}]}, "version": 485, "at": 1761008315.4877825}
{"obj": {"type": "LogFloats", "path": ["monitoring", "f8368471", "gpu_power"], "values": [{"value": 23.837, "step": null, "ts": 1761008315.48543}]}, "version": 486, "at": 1761008315.487823}
{"obj": {"type": "LogStrings", "path": ["monitoring", "f8368471", "stdout"], "values": [{"value": "============================================================", "step": null, "ts": 1761008315.603214}]}, "version": 487, "at": 1761008315.6032639}
{"obj": {"type": "LogStrings", "path": ["monitoring", "f8368471", "stdout"], "values": [{"value": "\n", "step": null, "ts": 1761008315.6034153}]}, "version": 488, "at": 1761008315.603425}
{"obj": {"type": "LogStrings", "path": ["monitoring", "f8368471", "stdout"], "values": [{"value": "Batch 0", "step": null, "ts": 1761008315.6034694}]}, "version": 489, "at": 1761008315.603476}
{"obj": {"type": "LogStrings", "path": ["monitoring", "f8368471", "stdout"], "values": [{"value": "\n", "step": null, "ts": 1761008315.603514}]}, "version": 490, "at": 1761008315.6035192}
{"obj": {"type": "LogStrings", "path": ["monitoring", "f8368471", "stdout"], "values": [{"value": "Batch keys: dict_keys(['input_labels', 'input_mask', 'output_labels', 'output_mask', 'user_ids', 'all_q_ids', 'all_subject_ids'])", "step": null, "ts": 1761008315.60357}]}, "version": 491, "at": 1761008315.6035755}
{"obj": {"type": "LogStrings", "path": ["monitoring", "f8368471", "stdout"], "values": [{"value": "\n", "step": null, "ts": 1761008315.6036086}]}, "version": 492, "at": 1761008315.6036134}
{"obj": {"type": "LogStrings", "path": ["monitoring", "f8368471", "stdout"], "values": [{"value": "Batch size (num students): 512", "step": null, "ts": 1761008315.603647}]}, "version": 493, "at": 1761008315.6036518}
{"obj": {"type": "LogStrings", "path": ["monitoring", "f8368471", "stdout"], "values": [{"value": "\n", "step": null, "ts": 1761008315.6037064}]}, "version": 494, "at": 1761008315.6037111}
{"obj": {"type": "LogStrings", "path": ["monitoring", "f8368471", "stdout"], "values": [{"value": "Number of questions: 948", "step": null, "ts": 1761008315.6040058}]}, "version": 495, "at": 1761008315.604012}
{"obj": {"type": "LogStrings", "path": ["monitoring", "f8368471", "stdout"], "values": [{"value": "\n", "step": null, "ts": 1761008315.6040456}]}, "version": 496, "at": 1761008315.6040518}
{"obj": {"type": "LogStrings", "path": ["monitoring", "f8368471", "stdout"], "values": [{"value": "\nTensor shapes:", "step": null, "ts": 1761008315.6040857}]}, "version": 497, "at": 1761008315.604092}
{"obj": {"type": "LogStrings", "path": ["monitoring", "f8368471", "stdout"], "values": [{"value": "\n", "step": null, "ts": 1761008315.6041179}]}, "version": 498, "at": 1761008315.6041234}
{"obj": {"type": "LogStrings", "path": ["monitoring", "f8368471", "stdout"], "values": [{"value": "  input_labels shape: torch.Size([512, 948])", "step": null, "ts": 1761008315.6041474}]}, "version": 499, "at": 1761008315.6041527}
{"obj": {"type": "LogStrings", "path": ["monitoring", "f8368471", "stdout"], "values": [{"value": "\n", "step": null, "ts": 1761008315.6043377}]}, "version": 500, "at": 1761008315.604344}
{"obj": {"type": "LogStrings", "path": ["monitoring", "f8368471", "stdout"], "values": [{"value": "  input_mask shape: torch.Size([512, 948])", "step": null, "ts": 1761008315.6043699}]}, "version": 501, "at": 1761008315.604375}
{"obj": {"type": "LogStrings", "path": ["monitoring", "f8368471", "stdout"], "values": [{"value": "\n", "step": null, "ts": 1761008315.6043994}]}, "version": 502, "at": 1761008315.6044042}
{"obj": {"type": "LogStrings", "path": ["monitoring", "f8368471", "stdout"], "values": [{"value": "  output_labels shape: torch.Size([512, 948])", "step": null, "ts": 1761008315.6044261}]}, "version": 503, "at": 1761008315.604431}
{"obj": {"type": "LogStrings", "path": ["monitoring", "f8368471", "stdout"], "values": [{"value": "\n", "step": null, "ts": 1761008315.6044521}]}, "version": 504, "at": 1761008315.6044564}
{"obj": {"type": "LogStrings", "path": ["monitoring", "f8368471", "stdout"], "values": [{"value": "  output_mask shape: torch.Size([512, 948])", "step": null, "ts": 1761008315.6044803}]}, "version": 505, "at": 1761008315.6044848}
{"obj": {"type": "LogStrings", "path": ["monitoring", "f8368471", "stdout"], "values": [{"value": "\n", "step": null, "ts": 1761008315.6045072}]}, "version": 506, "at": 1761008315.604512}
{"obj": {"type": "LogStrings", "path": ["monitoring", "f8368471", "stdout"], "values": [{"value": "\nUser IDs in batch: [2414, 942, 1604, 470, 606]...", "step": null, "ts": 1761008315.6045327}]}, "version": 507, "at": 1761008315.604537}
{"obj": {"type": "LogStrings", "path": ["monitoring", "f8368471", "stdout"], "values": [{"value": "\n", "step": null, "ts": 1761008315.6045594}]}, "version": 508, "at": 1761008315.604564}
{"obj": {"type": "LogStrings", "path": ["monitoring", "f8368471", "stdout"], "values": [{"value": "\n--- First Student (index 0) ---", "step": null, "ts": 1761008315.6045902}]}, "version": 509, "at": 1761008315.6045947}
{"obj": {"type": "LogStrings", "path": ["monitoring", "f8368471", "stdout"], "values": [{"value": "\n", "step": null, "ts": 1761008315.6046162}]}, "version": 510, "at": 1761008315.6046207}
{"obj": {"type": "LogStrings", "path": ["monitoring", "f8368471", "stdout"], "values": [{"value": "Training questions: 280", "step": null, "ts": 1761008315.6046417}]}, "version": 511, "at": 1761008315.6046467}
{"obj": {"type": "LogStrings", "path": ["monitoring", "f8368471", "stdout"], "values": [{"value": "\n", "step": null, "ts": 1761008315.6046674}]}, "version": 512, "at": 1761008315.6046717}
{"obj": {"type": "LogStrings", "path": ["monitoring", "f8368471", "stdout"], "values": [{"value": "Test questions: 71", "step": null, "ts": 1761008315.6046927}]}, "version": 513, "at": 1761008315.604697}
{"obj": {"type": "LogStrings", "path": ["monitoring", "f8368471", "stdout"], "values": [{"value": "\n", "step": null, "ts": 1761008315.6047184}]}, "version": 514, "at": 1761008315.604723}
{"obj": {"type": "LogStrings", "path": ["monitoring", "f8368471", "stdout"], "values": [{"value": "Total questions answered: 351", "step": null, "ts": 1761008315.6047442}]}, "version": 515, "at": 1761008315.6047487}
{"obj": {"type": "LogStrings", "path": ["monitoring", "f8368471", "stdout"], "values": [{"value": "\n", "step": null, "ts": 1761008315.6047704}]}, "version": 516, "at": 1761008315.6047747}
{"obj": {"type": "LogStrings", "path": ["monitoring", "f8368471", "stdout"], "values": [{"value": "\nTraining question indices: [0, 4, 8, 12, 16, 20, 22, 25, 26, 30]...", "step": null, "ts": 1761008315.604796}]}, "version": 517, "at": 1761008315.6048005}
{"obj": {"type": "LogStrings", "path": ["monitoring", "f8368471", "stdout"], "values": [{"value": "\n", "step": null, "ts": 1761008315.6048217}]}, "version": 518, "at": 1761008315.6048267}
{"obj": {"type": "LogStrings", "path": ["monitoring", "f8368471", "stdout"], "values": [{"value": "Test question indices: [19, 47, 54, 56, 69, 105, 118, 137, 147, 152]...", "step": null, "ts": 1761008315.604855}]}, "version": 519, "at": 1761008315.6048598}
{"obj": {"type": "LogStrings", "path": ["monitoring", "f8368471", "stdout"], "values": [{"value": "\n", "step": null, "ts": 1761008315.6049144}]}, "version": 520, "at": 1761008315.6049192}
{"obj": {"type": "LogStrings", "path": ["monitoring", "f8368471", "stdout"], "values": [{"value": "\nFirst 10 training answers (0=wrong, 1=correct): [1, 0, 0, 0, 0, 1, 1, 1, 1, 0]", "step": null, "ts": 1761008315.6049435}]}, "version": 521, "at": 1761008315.6049488}
{"obj": {"type": "LogStrings", "path": ["monitoring", "f8368471", "stdout"], "values": [{"value": "\n", "step": null, "ts": 1761008315.6049736}]}, "version": 522, "at": 1761008315.6049807}
{"obj": {"type": "LogStrings", "path": ["monitoring", "f8368471", "stdout"], "values": [{"value": "\nOriginal question IDs for student 0:", "step": null, "ts": 1761008315.6050317}]}, "version": 523, "at": 1761008315.6050382}
{"obj": {"type": "LogStrings", "path": ["monitoring", "f8368471", "stdout"], "values": [{"value": "\n", "step": null, "ts": 1761008315.605063}]}, "version": 524, "at": 1761008315.6050673}
{"obj": {"type": "LogStrings", "path": ["monitoring", "f8368471", "stdout"], "values": [{"value": "  Total questions in all_q_ids: 351", "step": null, "ts": 1761008315.6050994}]}, "version": 525, "at": 1761008315.6051068}
{"obj": {"type": "LogStrings", "path": ["monitoring", "f8368471", "stdout"], "values": [{"value": "\n", "step": null, "ts": 1761008315.6051307}]}, "version": 526, "at": 1761008315.605136}
{"obj": {"type": "LogStrings", "path": ["monitoring", "f8368471", "stdout"], "values": [{"value": "  First 10 q_ids: [679 222 798 581 491 594 684  26 685  87]", "step": null, "ts": 1761008315.6051579}]}, "version": 527, "at": 1761008315.6051624}
{"obj": {"type": "LogStrings", "path": ["monitoring", "f8368471", "stdout"], "values": [{"value": "\n", "step": null, "ts": 1761008315.6051886}]}, "version": 528, "at": 1761008315.6051931}
{"obj": {"type": "LogStrings", "path": ["monitoring", "f8368471", "stdout"], "values": [{"value": "\nSubject IDs structure for student 0:", "step": null, "ts": 1761008315.605214}]}, "version": 529, "at": 1761008315.6052191}
{"obj": {"type": "LogStrings", "path": ["monitoring", "f8368471", "stdout"], "values": [{"value": "\n", "step": null, "ts": 1761008315.605241}]}, "version": 530, "at": 1761008315.6052454}
{"obj": {"type": "LogStrings", "path": ["monitoring", "f8368471", "stdout"], "values": [{"value": "  Type: <class 'list'>", "step": null, "ts": 1761008315.6052659}]}, "version": 531, "at": 1761008315.6052706}
{"obj": {"type": "LogStrings", "path": ["monitoring", "f8368471", "stdout"], "values": [{"value": "\n", "step": null, "ts": 1761008315.6052926}]}, "version": 532, "at": 1761008315.605297}
{"obj": {"type": "LogStrings", "path": ["monitoring", "f8368471", "stdout"], "values": [{"value": "  First few subjects: [[153], [153], [153], [146], [146]]", "step": null, "ts": 1761008315.6053174}]}, "version": 533, "at": 1761008315.6053221}
{"obj": {"type": "LogStrings", "path": ["monitoring", "f8368471", "stdout"], "values": [{"value": "\n", "step": null, "ts": 1761008315.6053433}]}, "version": 534, "at": 1761008315.6053476}
{"obj": {"type": "LogStrings", "path": ["monitoring", "f8368471", "stdout"], "values": [{"value": "============================================================", "step": null, "ts": 1761008315.7076428}]}, "version": 535, "at": 1761008315.7076776}
{"obj": {"type": "LogStrings", "path": ["monitoring", "f8368471", "stdout"], "values": [{"value": "\n", "step": null, "ts": 1761008315.70785}]}, "version": 536, "at": 1761008315.707858}
{"obj": {"type": "LogStrings", "path": ["monitoring", "f8368471", "stdout"], "values": [{"value": "Batch 1", "step": null, "ts": 1761008315.7078931}]}, "version": 537, "at": 1761008315.7078989}
{"obj": {"type": "LogStrings", "path": ["monitoring", "f8368471", "stdout"], "values": [{"value": "\n", "step": null, "ts": 1761008315.7079303}]}, "version": 538, "at": 1761008315.7079358}
{"obj": {"type": "LogStrings", "path": ["monitoring", "f8368471", "stdout"], "values": [{"value": "Batch keys: dict_keys(['input_labels', 'input_mask', 'output_labels', 'output_mask', 'user_ids', 'all_q_ids', 'all_subject_ids'])", "step": null, "ts": 1761008315.7079837}]}, "version": 539, "at": 1761008315.7079892}
{"obj": {"type": "LogStrings", "path": ["monitoring", "f8368471", "stdout"], "values": [{"value": "\n", "step": null, "ts": 1761008315.70802}]}, "version": 540, "at": 1761008315.708025}
{"obj": {"type": "LogStrings", "path": ["monitoring", "f8368471", "stdout"], "values": [{"value": "Batch size (num students): 512", "step": null, "ts": 1761008315.7080567}]}, "version": 541, "at": 1761008315.7080612}
{"obj": {"type": "LogStrings", "path": ["monitoring", "f8368471", "stdout"], "values": [{"value": "\n", "step": null, "ts": 1761008315.7081249}]}, "version": 542, "at": 1761008315.7081296}
{"obj": {"type": "LogStrings", "path": ["monitoring", "f8368471", "stdout"], "values": [{"value": "Number of questions: 948", "step": null, "ts": 1761008315.7083173}]}, "version": 543, "at": 1761008315.7083223}
{"obj": {"type": "LogStrings", "path": ["monitoring", "f8368471", "stdout"], "values": [{"value": "\n", "step": null, "ts": 1761008315.7083519}]}, "version": 544, "at": 1761008315.7083569}
{"obj": {"type": "LogStrings", "path": ["monitoring", "f8368471", "stdout"], "values": [{"value": "\nTensor shapes:", "step": null, "ts": 1761008315.7083795}]}, "version": 545, "at": 1761008315.7083845}
{"obj": {"type": "LogStrings", "path": ["monitoring", "f8368471", "stdout"], "values": [{"value": "\n", "step": null, "ts": 1761008315.7084396}]}, "version": 546, "at": 1761008315.7084446}
{"obj": {"type": "LogStrings", "path": ["monitoring", "f8368471", "stdout"], "values": [{"value": "  input_labels shape: torch.Size([512, 948])", "step": null, "ts": 1761008315.7085452}]}, "version": 547, "at": 1761008315.7085502}
{"obj": {"type": "LogStrings", "path": ["monitoring", "f8368471", "stdout"], "values": [{"value": "\n", "step": null, "ts": 1761008315.7085729}]}, "version": 548, "at": 1761008315.708577}
{"obj": {"type": "LogStrings", "path": ["monitoring", "f8368471", "stdout"], "values": [{"value": "  input_mask shape: torch.Size([512, 948])", "step": null, "ts": 1761008315.7085996}]}, "version": 549, "at": 1761008315.7086039}
{"obj": {"type": "LogStrings", "path": ["monitoring", "f8368471", "stdout"], "values": [{"value": "\n", "step": null, "ts": 1761008315.708625}]}, "version": 550, "at": 1761008315.7086296}
{"obj": {"type": "LogStrings", "path": ["monitoring", "f8368471", "stdout"], "values": [{"value": "  output_labels shape: torch.Size([512, 948])", "step": null, "ts": 1761008315.7086518}]}, "version": 551, "at": 1761008315.708656}
{"obj": {"type": "LogStrings", "path": ["monitoring", "f8368471", "stdout"], "values": [{"value": "\n", "step": null, "ts": 1761008315.7086773}]}, "version": 552, "at": 1761008315.7086825}
{"obj": {"type": "LogStrings", "path": ["monitoring", "f8368471", "stdout"], "values": [{"value": "  output_mask shape: torch.Size([512, 948])", "step": null, "ts": 1761008315.708704}]}, "version": 553, "at": 1761008315.708708}
{"obj": {"type": "LogStrings", "path": ["monitoring", "f8368471", "stdout"], "values": [{"value": "\n", "step": null, "ts": 1761008315.7087288}]}, "version": 554, "at": 1761008315.7087328}
{"obj": {"type": "LogStrings", "path": ["monitoring", "f8368471", "stdout"], "values": [{"value": "\nUser IDs in batch: [3975, 5611, 1130, 2166, 6095]...", "step": null, "ts": 1761008315.7087548}]}, "version": 555, "at": 1761008315.7087588}
{"obj": {"type": "LogStrings", "path": ["monitoring", "f8368471", "stdout"], "values": [{"value": "\n", "step": null, "ts": 1761008315.7087812}]}, "version": 556, "at": 1761008315.7087862}
{"obj": {"type": "LogStrings", "path": ["monitoring", "f8368471", "stdout"], "values": [{"value": "\n--- First Student (index 0) ---", "step": null, "ts": 1761008315.708807}]}, "version": 557, "at": 1761008315.7088113}
{"obj": {"type": "LogStrings", "path": ["monitoring", "f8368471", "stdout"], "values": [{"value": "\n", "step": null, "ts": 1761008315.708832}]}, "version": 558, "at": 1761008315.708837}
{"obj": {"type": "LogStrings", "path": ["monitoring", "f8368471", "stdout"], "values": [{"value": "Training questions: 124", "step": null, "ts": 1761008315.7088583}]}, "version": 559, "at": 1761008315.7088633}
{"obj": {"type": "LogStrings", "path": ["monitoring", "f8368471", "stdout"], "values": [{"value": "\n", "step": null, "ts": 1761008315.7088838}]}, "version": 560, "at": 1761008315.7088885}
{"obj": {"type": "LogStrings", "path": ["monitoring", "f8368471", "stdout"], "values": [{"value": "Test questions: 31", "step": null, "ts": 1761008315.7089097}]}, "version": 561, "at": 1761008315.7089143}
{"obj": {"type": "LogStrings", "path": ["monitoring", "f8368471", "stdout"], "values": [{"value": "\n", "step": null, "ts": 1761008315.7089512}]}, "version": 562, "at": 1761008315.7089558}
{"obj": {"type": "LogStrings", "path": ["monitoring", "f8368471", "stdout"], "values": [{"value": "Total questions answered: 155", "step": null, "ts": 1761008315.7089767}]}, "version": 563, "at": 1761008315.7089818}
{"obj": {"type": "LogStrings", "path": ["monitoring", "f8368471", "stdout"], "values": [{"value": "\n", "step": null, "ts": 1761008315.7090023}]}, "version": 564, "at": 1761008315.709007}
{"obj": {"type": "LogStrings", "path": ["monitoring", "f8368471", "stdout"], "values": [{"value": "\nTraining question indices: [10, 11, 18, 27, 31, 37, 39, 44, 47, 49]...", "step": null, "ts": 1761008315.709033}]}, "version": 565, "at": 1761008315.7090375}
{"obj": {"type": "LogStrings", "path": ["monitoring", "f8368471", "stdout"], "values": [{"value": "\n", "step": null, "ts": 1761008315.7090857}]}, "version": 566, "at": 1761008315.7090921}
{"obj": {"type": "LogStrings", "path": ["monitoring", "f8368471", "stdout"], "values": [{"value": "Test question indices: [52, 76, 82, 89, 130, 137, 152, 158, 187, 248]...", "step": null, "ts": 1761008315.7091255}]}, "version": 567, "at": 1761008315.7091312}
{"obj": {"type": "LogStrings", "path": ["monitoring", "f8368471", "stdout"], "values": [{"value": "\n", "step": null, "ts": 1761008315.7091568}]}, "version": 568, "at": 1761008315.7091622}
{"obj": {"type": "LogStrings", "path": ["monitoring", "f8368471", "stdout"], "values": [{"value": "\nFirst 10 training answers (0=wrong, 1=correct): [0, 0, 1, 1, 1, 1, 1, 1, 0, 0]", "step": null, "ts": 1761008315.7091875}]}, "version": 569, "at": 1761008315.709193}
{"obj": {"type": "LogStrings", "path": ["monitoring", "f8368471", "stdout"], "values": [{"value": "\n", "step": null, "ts": 1761008315.7092187}]}, "version": 570, "at": 1761008315.709224}
{"obj": {"type": "LogStrings", "path": ["monitoring", "f8368471", "stdout"], "values": [{"value": "\nOriginal question IDs for student 0:", "step": null, "ts": 1761008315.7092497}]}, "version": 571, "at": 1761008315.709255}
{"obj": {"type": "LogStrings", "path": ["monitoring", "f8368471", "stdout"], "values": [{"value": "\n", "step": null, "ts": 1761008315.709281}]}, "version": 572, "at": 1761008315.7092872}
{"obj": {"type": "LogStrings", "path": ["monitoring", "f8368471", "stdout"], "values": [{"value": "  Total questions in all_q_ids: 155", "step": null, "ts": 1761008315.709315}]}, "version": 573, "at": 1761008315.7093203}
{"obj": {"type": "LogStrings", "path": ["monitoring", "f8368471", "stdout"], "values": [{"value": "\n", "step": null, "ts": 1761008315.709346}]}, "version": 574, "at": 1761008315.709351}
{"obj": {"type": "LogStrings", "path": ["monitoring", "f8368471", "stdout"], "values": [{"value": "  First 10 q_ids: [236 363 873 707  31 908  52 281 834 248]", "step": null, "ts": 1761008315.709383}]}, "version": 575, "at": 1761008315.709388}
{"obj": {"type": "LogStrings", "path": ["monitoring", "f8368471", "stdout"], "values": [{"value": "\n", "step": null, "ts": 1761008315.7094152}]}, "version": 576, "at": 1761008315.7094202}
{"obj": {"type": "LogStrings", "path": ["monitoring", "f8368471", "stdout"], "values": [{"value": "\nSubject IDs structure for student 0:", "step": null, "ts": 1761008315.7094474}]}, "version": 577, "at": 1761008315.7094529}
{"obj": {"type": "LogStrings", "path": ["monitoring", "f8368471", "stdout"], "values": [{"value": "\n", "step": null, "ts": 1761008315.7094781}]}, "version": 578, "at": 1761008315.7094836}
{"obj": {"type": "LogStrings", "path": ["monitoring", "f8368471", "stdout"], "values": [{"value": "  Type: <class 'list'>", "step": null, "ts": 1761008315.7095084}]}, "version": 579, "at": 1761008315.7095134}
{"obj": {"type": "LogStrings", "path": ["monitoring", "f8368471", "stdout"], "values": [{"value": "\n", "step": null, "ts": 1761008315.709541}]}, "version": 580, "at": 1761008315.7095468}
{"obj": {"type": "LogStrings", "path": ["monitoring", "f8368471", "stdout"], "values": [{"value": "  First few subjects: [[56], [128], [42], [156], [156]]", "step": null, "ts": 1761008315.7095718}]}, "version": 581, "at": 1761008315.7095768}
{"obj": {"type": "LogStrings", "path": ["monitoring", "f8368471", "stdout"], "values": [{"value": "\n", "step": null, "ts": 1761008315.7096024}]}, "version": 582, "at": 1761008315.7096071}
{"obj": {"type": "LogStrings", "path": ["monitoring", "f8368471", "stdout"], "values": [{"value": "============================================================", "step": null, "ts": 1761008315.7987168}]}, "version": 583, "at": 1761008315.7987504}
{"obj": {"type": "LogStrings", "path": ["monitoring", "f8368471", "stdout"], "values": [{"value": "\n", "step": null, "ts": 1761008315.7988856}]}, "version": 584, "at": 1761008315.7988944}
{"obj": {"type": "LogStrings", "path": ["monitoring", "f8368471", "stdout"], "values": [{"value": "Batch 2", "step": null, "ts": 1761008315.7989302}]}, "version": 585, "at": 1761008315.7989366}
{"obj": {"type": "LogStrings", "path": ["monitoring", "f8368471", "stdout"], "values": [{"value": "\n", "step": null, "ts": 1761008315.798985}]}, "version": 586, "at": 1761008315.7989902}
{"obj": {"type": "LogStrings", "path": ["monitoring", "f8368471", "stdout"], "values": [{"value": "Batch keys: dict_keys(['input_labels', 'input_mask', 'output_labels', 'output_mask', 'user_ids', 'all_q_ids', 'all_subject_ids'])", "step": null, "ts": 1761008315.7990181}]}, "version": 587, "at": 1761008315.7990236}
{"obj": {"type": "LogStrings", "path": ["monitoring", "f8368471", "stdout"], "values": [{"value": "\n", "step": null, "ts": 1761008315.7990541}]}, "version": 588, "at": 1761008315.7990592}
{"obj": {"type": "LogStrings", "path": ["monitoring", "f8368471", "stdout"], "values": [{"value": "Batch size (num students): 512", "step": null, "ts": 1761008315.7994523}]}, "version": 589, "at": 1761008315.7994688}
{"obj": {"type": "LogStrings", "path": ["monitoring", "f8368471", "stdout"], "values": [{"value": "\n", "step": null, "ts": 1761008315.7995281}]}, "version": 590, "at": 1761008315.7995362}
{"obj": {"type": "LogStrings", "path": ["monitoring", "f8368471", "stdout"], "values": [{"value": "Number of questions: 948", "step": null, "ts": 1761008315.799565}]}, "version": 591, "at": 1761008315.7995703}
{"obj": {"type": "LogStrings", "path": ["monitoring", "f8368471", "stdout"], "values": [{"value": "\n", "step": null, "ts": 1761008315.7995944}]}, "version": 592, "at": 1761008315.7996001}
{"obj": {"type": "LogStrings", "path": ["monitoring", "f8368471", "stdout"], "values": [{"value": "\nTensor shapes:", "step": null, "ts": 1761008315.7996223}]}, "version": 593, "at": 1761008315.7996273}
{"obj": {"type": "LogStrings", "path": ["monitoring", "f8368471", "stdout"], "values": [{"value": "\n", "step": null, "ts": 1761008315.7996502}]}, "version": 594, "at": 1761008315.7996552}
{"obj": {"type": "LogStrings", "path": ["monitoring", "f8368471", "stdout"], "values": [{"value": "  input_labels shape: torch.Size([512, 948])", "step": null, "ts": 1761008315.799677}]}, "version": 595, "at": 1761008315.7996814}
{"obj": {"type": "LogStrings", "path": ["monitoring", "f8368471", "stdout"], "values": [{"value": "\n", "step": null, "ts": 1761008315.7997031}]}, "version": 596, "at": 1761008315.7997081}
{"obj": {"type": "LogStrings", "path": ["monitoring", "f8368471", "stdout"], "values": [{"value": "  input_mask shape: torch.Size([512, 948])", "step": null, "ts": 1761008315.799729}]}, "version": 597, "at": 1761008315.7997339}
{"obj": {"type": "LogStrings", "path": ["monitoring", "f8368471", "stdout"], "values": [{"value": "\n", "step": null, "ts": 1761008315.7997544}]}, "version": 598, "at": 1761008315.7997596}
{"obj": {"type": "LogStrings", "path": ["monitoring", "f8368471", "stdout"], "values": [{"value": "  output_labels shape: torch.Size([512, 948])", "step": null, "ts": 1761008315.7997806}]}, "version": 599, "at": 1761008315.799785}
{"obj": {"type": "LogStrings", "path": ["monitoring", "f8368471", "stdout"], "values": [{"value": "\n", "step": null, "ts": 1761008315.7998252}]}, "version": 600, "at": 1761008315.7998297}
{"obj": {"type": "LogStrings", "path": ["monitoring", "f8368471", "stdout"], "values": [{"value": "  output_mask shape: torch.Size([512, 948])", "step": null, "ts": 1761008315.7998514}]}, "version": 601, "at": 1761008315.799856}
{"obj": {"type": "LogStrings", "path": ["monitoring", "f8368471", "stdout"], "values": [{"value": "\n", "step": null, "ts": 1761008315.7998848}]}, "version": 602, "at": 1761008315.7998898}
{"obj": {"type": "LogStrings", "path": ["monitoring", "f8368471", "stdout"], "values": [{"value": "\nUser IDs in batch: [3866, 5017, 5883, 2932, 4628]...", "step": null, "ts": 1761008315.7999492}]}, "version": 603, "at": 1761008315.7999573}
{"obj": {"type": "LogStrings", "path": ["monitoring", "f8368471", "stdout"], "values": [{"value": "\n", "step": null, "ts": 1761008315.7999895}]}, "version": 604, "at": 1761008315.7999954}
{"obj": {"type": "LogStrings", "path": ["monitoring", "f8368471", "stdout"], "values": [{"value": "\n--- First Student (index 0) ---", "step": null, "ts": 1761008315.8000226}]}, "version": 605, "at": 1761008315.8000283}
{"obj": {"type": "LogStrings", "path": ["monitoring", "f8368471", "stdout"], "values": [{"value": "\n", "step": null, "ts": 1761008315.800055}]}, "version": 606, "at": 1761008315.800061}
{"obj": {"type": "LogStrings", "path": ["monitoring", "f8368471", "stdout"], "values": [{"value": "Training questions: 164", "step": null, "ts": 1761008315.8001044}]}, "version": 607, "at": 1761008315.8001103}
{"obj": {"type": "LogStrings", "path": ["monitoring", "f8368471", "stdout"], "values": [{"value": "\n", "step": null, "ts": 1761008315.8001375}]}, "version": 608, "at": 1761008315.800143}
{"obj": {"type": "LogStrings", "path": ["monitoring", "f8368471", "stdout"], "values": [{"value": "Test questions: 41", "step": null, "ts": 1761008315.800174}]}, "version": 609, "at": 1761008315.8001792}
{"obj": {"type": "LogStrings", "path": ["monitoring", "f8368471", "stdout"], "values": [{"value": "\n", "step": null, "ts": 1761008315.8002048}]}, "version": 610, "at": 1761008315.8002102}
{"obj": {"type": "LogStrings", "path": ["monitoring", "f8368471", "stdout"], "values": [{"value": "Total questions answered: 205", "step": null, "ts": 1761008315.8002348}]}, "version": 611, "at": 1761008315.8002398}
{"obj": {"type": "LogStrings", "path": ["monitoring", "f8368471", "stdout"], "values": [{"value": "\n", "step": null, "ts": 1761008315.8002644}]}, "version": 612, "at": 1761008315.80027}
{"obj": {"type": "LogStrings", "path": ["monitoring", "f8368471", "stdout"], "values": [{"value": "\nTraining question indices: [0, 4, 12, 20, 22, 26, 38, 39, 44, 47]...", "step": null, "ts": 1761008315.8002942}]}, "version": 613, "at": 1761008315.8002994}
{"obj": {"type": "LogStrings", "path": ["monitoring", "f8368471", "stdout"], "values": [{"value": "\n", "step": null, "ts": 1761008315.8003252}]}, "version": 614, "at": 1761008315.8003304}
{"obj": {"type": "LogStrings", "path": ["monitoring", "f8368471", "stdout"], "values": [{"value": "Test question indices: [49, 66, 83, 89, 105, 150, 206, 210, 214, 222]...", "step": null, "ts": 1761008315.8003547}]}, "version": 615, "at": 1761008315.80036}
{"obj": {"type": "LogStrings", "path": ["monitoring", "f8368471", "stdout"], "values": [{"value": "\n", "step": null, "ts": 1761008315.8003848}]}, "version": 616, "at": 1761008315.8003902}
{"obj": {"type": "LogStrings", "path": ["monitoring", "f8368471", "stdout"], "values": [{"value": "\nFirst 10 training answers (0=wrong, 1=correct): [0, 0, 1, 1, 1, 1, 0, 0, 0, 0]", "step": null, "ts": 1761008315.8004143}]}, "version": 617, "at": 1761008315.80042}
{"obj": {"type": "LogStrings", "path": ["monitoring", "f8368471", "stdout"], "values": [{"value": "\n", "step": null, "ts": 1761008315.8004456}]}, "version": 618, "at": 1761008315.8004508}
{"obj": {"type": "LogStrings", "path": ["monitoring", "f8368471", "stdout"], "values": [{"value": "\nOriginal question IDs for student 0:", "step": null, "ts": 1761008315.8005066}]}, "version": 619, "at": 1761008315.800513}
{"obj": {"type": "LogStrings", "path": ["monitoring", "f8368471", "stdout"], "values": [{"value": "\n", "step": null, "ts": 1761008315.8005567}]}, "version": 620, "at": 1761008315.8005636}
{"obj": {"type": "LogStrings", "path": ["monitoring", "f8368471", "stdout"], "values": [{"value": "  Total questions in all_q_ids: 205", "step": null, "ts": 1761008315.8006024}]}, "version": 621, "at": 1761008315.8006089}
{"obj": {"type": "LogStrings", "path": ["monitoring", "f8368471", "stdout"], "values": [{"value": "\n", "step": null, "ts": 1761008315.8006406}]}, "version": 622, "at": 1761008315.8006463}
{"obj": {"type": "LogStrings", "path": ["monitoring", "f8368471", "stdout"], "values": [{"value": "  First 10 q_ids: [684 679 685  87 222 798 581 491  26  55]", "step": null, "ts": 1761008315.8006868}]}, "version": 623, "at": 1761008315.8006933}
{"obj": {"type": "LogStrings", "path": ["monitoring", "f8368471", "stdout"], "values": [{"value": "\n", "step": null, "ts": 1761008315.8007286}]}, "version": 624, "at": 1761008315.800734}
{"obj": {"type": "LogStrings", "path": ["monitoring", "f8368471", "stdout"], "values": [{"value": "\nSubject IDs structure for student 0:", "step": null, "ts": 1761008315.8007643}]}, "version": 625, "at": 1761008315.80077}
{"obj": {"type": "LogStrings", "path": ["monitoring", "f8368471", "stdout"], "values": [{"value": "\n", "step": null, "ts": 1761008315.800804}]}, "version": 626, "at": 1761008315.8008094}
{"obj": {"type": "LogStrings", "path": ["monitoring", "f8368471", "stdout"], "values": [{"value": "  Type: <class 'list'>", "step": null, "ts": 1761008315.8009064}]}, "version": 627, "at": 1761008315.8009121}
{"obj": {"type": "LogStrings", "path": ["monitoring", "f8368471", "stdout"], "values": [{"value": "\n", "step": null, "ts": 1761008315.8009412}]}, "version": 628, "at": 1761008315.8009472}
{"obj": {"type": "LogStrings", "path": ["monitoring", "f8368471", "stdout"], "values": [{"value": "  First few subjects: [[153], [153], [153], [153], [153]]", "step": null, "ts": 1761008315.801031}]}, "version": 629, "at": 1761008315.8010368}
{"obj": {"type": "LogStrings", "path": ["monitoring", "f8368471", "stdout"], "values": [{"value": "\n", "step": null, "ts": 1761008315.8010676}]}, "version": 630, "at": 1761008315.8010752}
{"obj": {"type": "LogStrings", "path": ["monitoring", "f8368471", "stdout"], "values": [{"value": "============================================================", "step": null, "ts": 1761008316.1231215}]}, "version": 631, "at": 1761008316.1231449}
{"obj": {"type": "LogStrings", "path": ["monitoring", "f8368471", "stdout"], "values": [{"value": "\n", "step": null, "ts": 1761008316.123254}]}, "version": 632, "at": 1761008316.123263}
{"obj": {"type": "LogStrings", "path": ["monitoring", "f8368471", "stdout"], "values": [{"value": "Batch 3", "step": null, "ts": 1761008316.1233134}]}, "version": 633, "at": 1761008316.1233194}
{"obj": {"type": "LogStrings", "path": ["monitoring", "f8368471", "stdout"], "values": [{"value": "\n", "step": null, "ts": 1761008316.123356}]}, "version": 634, "at": 1761008316.1233616}
{"obj": {"type": "LogStrings", "path": ["monitoring", "f8368471", "stdout"], "values": [{"value": "Batch keys: dict_keys(['input_labels', 'input_mask', 'output_labels', 'output_mask', 'user_ids', 'all_q_ids', 'all_subject_ids'])", "step": null, "ts": 1761008316.123386}]}, "version": 635, "at": 1761008316.123391}
{"obj": {"type": "LogStrings", "path": ["monitoring", "f8368471", "stdout"], "values": [{"value": "\n", "step": null, "ts": 1761008316.1234229}]}, "version": 636, "at": 1761008316.1234279}
{"obj": {"type": "LogStrings", "path": ["monitoring", "f8368471", "stdout"], "values": [{"value": "Batch size (num students): 512", "step": null, "ts": 1761008316.123451}]}, "version": 637, "at": 1761008316.1234555}
{"obj": {"type": "LogStrings", "path": ["monitoring", "f8368471", "stdout"], "values": [{"value": "\n", "step": null, "ts": 1761008316.123526}]}, "version": 638, "at": 1761008316.1235313}
{"obj": {"type": "LogStrings", "path": ["monitoring", "f8368471", "stdout"], "values": [{"value": "Number of questions: 948", "step": null, "ts": 1761008316.1237023}]}, "version": 639, "at": 1761008316.1237075}
{"obj": {"type": "LogStrings", "path": ["monitoring", "f8368471", "stdout"], "values": [{"value": "\n", "step": null, "ts": 1761008316.123733}]}, "version": 640, "at": 1761008316.1237378}
{"obj": {"type": "LogStrings", "path": ["monitoring", "f8368471", "stdout"], "values": [{"value": "\nTensor shapes:", "step": null, "ts": 1761008316.1237593}]}, "version": 641, "at": 1761008316.1237638}
{"obj": {"type": "LogStrings", "path": ["monitoring", "f8368471", "stdout"], "values": [{"value": "\n", "step": null, "ts": 1761008316.1237848}]}, "version": 642, "at": 1761008316.123789}
{"obj": {"type": "LogStrings", "path": ["monitoring", "f8368471", "stdout"], "values": [{"value": "  input_labels shape: torch.Size([512, 948])", "step": null, "ts": 1761008316.1239214}]}, "version": 643, "at": 1761008316.1239274}
{"obj": {"type": "LogStrings", "path": ["monitoring", "f8368471", "stdout"], "values": [{"value": "\n", "step": null, "ts": 1761008316.1239498}]}, "version": 644, "at": 1761008316.1239545}
{"obj": {"type": "LogStrings", "path": ["monitoring", "f8368471", "stdout"], "values": [{"value": "  input_mask shape: torch.Size([512, 948])", "step": null, "ts": 1761008316.1239755}]}, "version": 645, "at": 1761008316.1239803}
{"obj": {"type": "LogStrings", "path": ["monitoring", "f8368471", "stdout"], "values": [{"value": "\n", "step": null, "ts": 1761008316.1240015}]}, "version": 646, "at": 1761008316.1240056}
{"obj": {"type": "LogStrings", "path": ["monitoring", "f8368471", "stdout"], "values": [{"value": "  output_labels shape: torch.Size([512, 948])", "step": null, "ts": 1761008316.1240265}]}, "version": 647, "at": 1761008316.1240308}
{"obj": {"type": "LogStrings", "path": ["monitoring", "f8368471", "stdout"], "values": [{"value": "\n", "step": null, "ts": 1761008316.1240525}]}, "version": 648, "at": 1761008316.1240566}
{"obj": {"type": "LogStrings", "path": ["monitoring", "f8368471", "stdout"], "values": [{"value": "  output_mask shape: torch.Size([512, 948])", "step": null, "ts": 1761008316.1240788}]}, "version": 649, "at": 1761008316.1240828}
{"obj": {"type": "LogStrings", "path": ["monitoring", "f8368471", "stdout"], "values": [{"value": "\n", "step": null, "ts": 1761008316.1241033}]}, "version": 650, "at": 1761008316.1241076}
{"obj": {"type": "LogStrings", "path": ["monitoring", "f8368471", "stdout"], "values": [{"value": "\nUser IDs in batch: [4778, 3216, 3479, 229, 6100]...", "step": null, "ts": 1761008316.124128}]}, "version": 651, "at": 1761008316.1241322}
{"obj": {"type": "LogStrings", "path": ["monitoring", "f8368471", "stdout"], "values": [{"value": "\n", "step": null, "ts": 1761008316.1241536}]}, "version": 652, "at": 1761008316.124158}
{"obj": {"type": "LogStrings", "path": ["monitoring", "f8368471", "stdout"], "values": [{"value": "\n--- First Student (index 0) ---", "step": null, "ts": 1761008316.1241791}]}, "version": 653, "at": 1761008316.124184}
{"obj": {"type": "LogStrings", "path": ["monitoring", "f8368471", "stdout"], "values": [{"value": "\n", "step": null, "ts": 1761008316.1242046}]}, "version": 654, "at": 1761008316.1242087}
{"obj": {"type": "LogStrings", "path": ["monitoring", "f8368471", "stdout"], "values": [{"value": "Training questions: 78", "step": null, "ts": 1761008316.124229}]}, "version": 655, "at": 1761008316.124233}
{"obj": {"type": "LogStrings", "path": ["monitoring", "f8368471", "stdout"], "values": [{"value": "\n", "step": null, "ts": 1761008316.1242545}]}, "version": 656, "at": 1761008316.1242585}
{"obj": {"type": "LogStrings", "path": ["monitoring", "f8368471", "stdout"], "values": [{"value": "Test questions: 20", "step": null, "ts": 1761008316.124279}]}, "version": 657, "at": 1761008316.1242833}
{"obj": {"type": "LogStrings", "path": ["monitoring", "f8368471", "stdout"], "values": [{"value": "\n", "step": null, "ts": 1761008316.1243052}]}, "version": 658, "at": 1761008316.124309}
{"obj": {"type": "LogStrings", "path": ["monitoring", "f8368471", "stdout"], "values": [{"value": "Total questions answered: 98", "step": null, "ts": 1761008316.1243298}]}, "version": 659, "at": 1761008316.1243336}
{"obj": {"type": "LogStrings", "path": ["monitoring", "f8368471", "stdout"], "values": [{"value": "\n", "step": null, "ts": 1761008316.1243541}]}, "version": 660, "at": 1761008316.124358}
{"obj": {"type": "LogStrings", "path": ["monitoring", "f8368471", "stdout"], "values": [{"value": "\nTraining question indices: [4, 19, 39, 46, 47, 49, 56, 71, 83, 89]...", "step": null, "ts": 1761008316.1243806}]}, "version": 661, "at": 1761008316.124385}
{"obj": {"type": "LogStrings", "path": ["monitoring", "f8368471", "stdout"], "values": [{"value": "\n", "step": null, "ts": 1761008316.124418}]}, "version": 662, "at": 1761008316.1244226}
{"obj": {"type": "LogStrings", "path": ["monitoring", "f8368471", "stdout"], "values": [{"value": "Test question indices: [10, 66, 84, 214, 262, 267, 394, 396, 462, 498]...", "step": null, "ts": 1761008316.1244555}]}, "version": 663, "at": 1761008316.1244614}
{"obj": {"type": "LogStrings", "path": ["monitoring", "f8368471", "stdout"], "values": [{"value": "\n", "step": null, "ts": 1761008316.1244876}]}, "version": 664, "at": 1761008316.124493}
{"obj": {"type": "LogStrings", "path": ["monitoring", "f8368471", "stdout"], "values": [{"value": "\nFirst 10 training answers (0=wrong, 1=correct): [0, 0, 0, 1, 1, 1, 0, 1, 0, 0]", "step": null, "ts": 1761008316.1245182}]}, "version": 665, "at": 1761008316.1245232}
{"obj": {"type": "LogStrings", "path": ["monitoring", "f8368471", "stdout"], "values": [{"value": "\n", "step": null, "ts": 1761008316.124549}]}, "version": 666, "at": 1761008316.1245542}
{"obj": {"type": "LogStrings", "path": ["monitoring", "f8368471", "stdout"], "values": [{"value": "\nOriginal question IDs for student 0:", "step": null, "ts": 1761008316.1245782}]}, "version": 667, "at": 1761008316.1245832}
{"obj": {"type": "LogStrings", "path": ["monitoring", "f8368471", "stdout"], "values": [{"value": "\n", "step": null, "ts": 1761008316.1246183}]}, "version": 668, "at": 1761008316.1246269}
{"obj": {"type": "LogStrings", "path": ["monitoring", "f8368471", "stdout"], "values": [{"value": "  Total questions in all_q_ids: 98", "step": null, "ts": 1761008316.1246526}]}, "version": 669, "at": 1761008316.124658}
{"obj": {"type": "LogStrings", "path": ["monitoring", "f8368471", "stdout"], "values": [{"value": "\n", "step": null, "ts": 1761008316.124683}]}, "version": 670, "at": 1761008316.1246884}
{"obj": {"type": "LogStrings", "path": ["monitoring", "f8368471", "stdout"], "values": [{"value": "  First 10 q_ids: [396 459 468 837 526 622 204 384 748 235]", "step": null, "ts": 1761008316.1247206}]}, "version": 671, "at": 1761008316.1247258}
{"obj": {"type": "LogStrings", "path": ["monitoring", "f8368471", "stdout"], "values": [{"value": "\n", "step": null, "ts": 1761008316.124752}]}, "version": 672, "at": 1761008316.1247575}
{"obj": {"type": "LogStrings", "path": ["monitoring", "f8368471", "stdout"], "values": [{"value": "\nSubject IDs structure for student 0:", "step": null, "ts": 1761008316.1247828}]}, "version": 673, "at": 1761008316.124788}
{"obj": {"type": "LogStrings", "path": ["monitoring", "f8368471", "stdout"], "values": [{"value": "\n", "step": null, "ts": 1761008316.1248136}]}, "version": 674, "at": 1761008316.124819}
{"obj": {"type": "LogStrings", "path": ["monitoring", "f8368471", "stdout"], "values": [{"value": "  Type: <class 'list'>", "step": null, "ts": 1761008316.1248443}]}, "version": 675, "at": 1761008316.1248493}
{"obj": {"type": "LogStrings", "path": ["monitoring", "f8368471", "stdout"], "values": [{"value": "\n", "step": null, "ts": 1761008316.1248739}]}, "version": 676, "at": 1761008316.1248791}
{"obj": {"type": "LogStrings", "path": ["monitoring", "f8368471", "stdout"], "values": [{"value": "  First few subjects: [[267], [267], [267], [63], [63]]", "step": null, "ts": 1761008316.1249125}]}, "version": 677, "at": 1761008316.1249177}
{"obj": {"type": "LogStrings", "path": ["monitoring", "f8368471", "stdout"], "values": [{"value": "\n", "step": null, "ts": 1761008316.124944}]}, "version": 678, "at": 1761008316.124949}
{"obj": {"type": "LogStrings", "path": ["monitoring", "f8368471", "stdout"], "values": [{"value": "============================================================", "step": null, "ts": 1761008316.227246}]}, "version": 679, "at": 1761008316.2272797}
{"obj": {"type": "LogStrings", "path": ["monitoring", "f8368471", "stdout"], "values": [{"value": "\n", "step": null, "ts": 1761008316.2274098}]}, "version": 680, "at": 1761008316.2274237}
{"obj": {"type": "LogStrings", "path": ["monitoring", "f8368471", "stdout"], "values": [{"value": "Batch 4", "step": null, "ts": 1761008316.227462}]}, "version": 681, "at": 1761008316.2274678}
{"obj": {"type": "LogStrings", "path": ["monitoring", "f8368471", "stdout"], "values": [{"value": "\n", "step": null, "ts": 1761008316.2274961}]}, "version": 682, "at": 1761008316.2275016}
{"obj": {"type": "LogStrings", "path": ["monitoring", "f8368471", "stdout"], "values": [{"value": "Batch keys: dict_keys(['input_labels', 'input_mask', 'output_labels', 'output_mask', 'user_ids', 'all_q_ids', 'all_subject_ids'])", "step": null, "ts": 1761008316.227528}]}, "version": 683, "at": 1761008316.2275333}
{"obj": {"type": "LogStrings", "path": ["monitoring", "f8368471", "stdout"], "values": [{"value": "\n", "step": null, "ts": 1761008316.2278244}]}, "version": 684, "at": 1761008316.2278383}
{"obj": {"type": "LogStrings", "path": ["monitoring", "f8368471", "stdout"], "values": [{"value": "Batch size (num students): 512", "step": null, "ts": 1761008316.22796}]}, "version": 685, "at": 1761008316.227968}
{"obj": {"type": "LogStrings", "path": ["monitoring", "f8368471", "stdout"], "values": [{"value": "\n", "step": null, "ts": 1761008316.2280247}]}, "version": 686, "at": 1761008316.2280307}
{"obj": {"type": "LogStrings", "path": ["monitoring", "f8368471", "stdout"], "values": [{"value": "Number of questions: 948", "step": null, "ts": 1761008316.228056}]}, "version": 687, "at": 1761008316.2280607}
{"obj": {"type": "LogStrings", "path": ["monitoring", "f8368471", "stdout"], "values": [{"value": "\n", "step": null, "ts": 1761008316.228089}]}, "version": 688, "at": 1761008316.2280939}
{"obj": {"type": "LogStrings", "path": ["monitoring", "f8368471", "stdout"], "values": [{"value": "\nTensor shapes:", "step": null, "ts": 1761008316.2281168}]}, "version": 689, "at": 1761008316.2281215}
{"obj": {"type": "LogStrings", "path": ["monitoring", "f8368471", "stdout"], "values": [{"value": "\n", "step": null, "ts": 1761008316.2281482}]}, "version": 690, "at": 1761008316.2281528}
{"obj": {"type": "LogStrings", "path": ["monitoring", "f8368471", "stdout"], "values": [{"value": "  input_labels shape: torch.Size([512, 948])", "step": null, "ts": 1761008316.228174}]}, "version": 691, "at": 1761008316.228179}
{"obj": {"type": "LogStrings", "path": ["monitoring", "f8368471", "stdout"], "values": [{"value": "\n", "step": null, "ts": 1761008316.2282012}]}, "version": 692, "at": 1761008316.2282057}
{"obj": {"type": "LogStrings", "path": ["monitoring", "f8368471", "stdout"], "values": [{"value": "  input_mask shape: torch.Size([512, 948])", "step": null, "ts": 1761008316.2282262}]}, "version": 693, "at": 1761008316.228231}
{"obj": {"type": "LogStrings", "path": ["monitoring", "f8368471", "stdout"], "values": [{"value": "\n", "step": null, "ts": 1761008316.2282522}]}, "version": 694, "at": 1761008316.228256}
{"obj": {"type": "LogStrings", "path": ["monitoring", "f8368471", "stdout"], "values": [{"value": "  output_labels shape: torch.Size([512, 948])", "step": null, "ts": 1761008316.2282774}]}, "version": 695, "at": 1761008316.2282813}
{"obj": {"type": "LogStrings", "path": ["monitoring", "f8368471", "stdout"], "values": [{"value": "\n", "step": null, "ts": 1761008316.228302}]}, "version": 696, "at": 1761008316.2283068}
{"obj": {"type": "LogStrings", "path": ["monitoring", "f8368471", "stdout"], "values": [{"value": "  output_mask shape: torch.Size([512, 948])", "step": null, "ts": 1761008316.2283273}]}, "version": 697, "at": 1761008316.2283313}
{"obj": {"type": "LogStrings", "path": ["monitoring", "f8368471", "stdout"], "values": [{"value": "\n", "step": null, "ts": 1761008316.2283528}]}, "version": 698, "at": 1761008316.2283566}
{"obj": {"type": "LogStrings", "path": ["monitoring", "f8368471", "stdout"], "values": [{"value": "\nUser IDs in batch: [2279, 688, 1135, 1812, 4583]...", "step": null, "ts": 1761008316.228378}]}, "version": 699, "at": 1761008316.2283819}
{"obj": {"type": "LogStrings", "path": ["monitoring", "f8368471", "stdout"], "values": [{"value": "\n", "step": null, "ts": 1761008316.228404}]}, "version": 700, "at": 1761008316.2284083}
{"obj": {"type": "LogStrings", "path": ["monitoring", "f8368471", "stdout"], "values": [{"value": "\n--- First Student (index 0) ---", "step": null, "ts": 1761008316.2284296}]}, "version": 701, "at": 1761008316.228434}
{"obj": {"type": "LogStrings", "path": ["monitoring", "f8368471", "stdout"], "values": [{"value": "\n", "step": null, "ts": 1761008316.2284558}]}, "version": 702, "at": 1761008316.22846}
{"obj": {"type": "LogStrings", "path": ["monitoring", "f8368471", "stdout"], "values": [{"value": "Training questions: 638", "step": null, "ts": 1761008316.2284849}]}, "version": 703, "at": 1761008316.2284892}
{"obj": {"type": "LogStrings", "path": ["monitoring", "f8368471", "stdout"], "values": [{"value": "\n", "step": null, "ts": 1761008316.2285244}]}, "version": 704, "at": 1761008316.2285295}
{"obj": {"type": "LogStrings", "path": ["monitoring", "f8368471", "stdout"], "values": [{"value": "Test questions: 160", "step": null, "ts": 1761008316.2285633}]}, "version": 705, "at": 1761008316.2285686}
{"obj": {"type": "LogStrings", "path": ["monitoring", "f8368471", "stdout"], "values": [{"value": "\n", "step": null, "ts": 1761008316.228599}]}, "version": 706, "at": 1761008316.2286043}
{"obj": {"type": "LogStrings", "path": ["monitoring", "f8368471", "stdout"], "values": [{"value": "Total questions answered: 798", "step": null, "ts": 1761008316.2286294}]}, "version": 707, "at": 1761008316.228634}
{"obj": {"type": "LogStrings", "path": ["monitoring", "f8368471", "stdout"], "values": [{"value": "\n", "step": null, "ts": 1761008316.2286608}]}, "version": 708, "at": 1761008316.228666}
{"obj": {"type": "LogStrings", "path": ["monitoring", "f8368471", "stdout"], "values": [{"value": "\nTraining question indices: [0, 2, 3, 4, 5, 6, 8, 9, 10, 11]...", "step": null, "ts": 1761008316.2286909}]}, "version": 709, "at": 1761008316.2286963}
{"obj": {"type": "LogStrings", "path": ["monitoring", "f8368471", "stdout"], "values": [{"value": "\n", "step": null, "ts": 1761008316.2287219}]}, "version": 710, "at": 1761008316.2287273}
{"obj": {"type": "LogStrings", "path": ["monitoring", "f8368471", "stdout"], "values": [{"value": "Test question indices: [13, 25, 29, 34, 41, 42, 47, 68, 71, 73]...", "step": null, "ts": 1761008316.2287607}]}, "version": 711, "at": 1761008316.2287674}
{"obj": {"type": "LogStrings", "path": ["monitoring", "f8368471", "stdout"], "values": [{"value": "\n", "step": null, "ts": 1761008316.2287946}]}, "version": 712, "at": 1761008316.2288}
{"obj": {"type": "LogStrings", "path": ["monitoring", "f8368471", "stdout"], "values": [{"value": "\nFirst 10 training answers (0=wrong, 1=correct): [1, 0, 1, 0, 1, 1, 0, 0, 1, 1]", "step": null, "ts": 1761008316.2288291}]}, "version": 713, "at": 1761008316.2288349}
{"obj": {"type": "LogStrings", "path": ["monitoring", "f8368471", "stdout"], "values": [{"value": "\n", "step": null, "ts": 1761008316.2288613}]}, "version": 714, "at": 1761008316.2288666}
{"obj": {"type": "LogStrings", "path": ["monitoring", "f8368471", "stdout"], "values": [{"value": "\nOriginal question IDs for student 0:", "step": null, "ts": 1761008316.228892}]}, "version": 715, "at": 1761008316.2288976}
{"obj": {"type": "LogStrings", "path": ["monitoring", "f8368471", "stdout"], "values": [{"value": "\n", "step": null, "ts": 1761008316.2289376}]}, "version": 716, "at": 1761008316.2289433}
{"obj": {"type": "LogStrings", "path": ["monitoring", "f8368471", "stdout"], "values": [{"value": "  Total questions in all_q_ids: 798", "step": null, "ts": 1761008316.2289686}]}, "version": 717, "at": 1761008316.228975}
{"obj": {"type": "LogStrings", "path": ["monitoring", "f8368471", "stdout"], "values": [{"value": "\n", "step": null, "ts": 1761008316.2290015}]}, "version": 718, "at": 1761008316.2290065}
{"obj": {"type": "LogStrings", "path": ["monitoring", "f8368471", "stdout"], "values": [{"value": "  First 10 q_ids: [ 65 290 749 939 283 592 293  69 614 587]", "step": null, "ts": 1761008316.2290328}]}, "version": 719, "at": 1761008316.2290378}
{"obj": {"type": "LogStrings", "path": ["monitoring", "f8368471", "stdout"], "values": [{"value": "\n", "step": null, "ts": 1761008316.2290635}]}, "version": 720, "at": 1761008316.2290685}
{"obj": {"type": "LogStrings", "path": ["monitoring", "f8368471", "stdout"], "values": [{"value": "\nSubject IDs structure for student 0:", "step": null, "ts": 1761008316.2290988}]}, "version": 721, "at": 1761008316.2291043}
{"obj": {"type": "LogStrings", "path": ["monitoring", "f8368471", "stdout"], "values": [{"value": "\n", "step": null, "ts": 1761008316.2291348}]}, "version": 722, "at": 1761008316.22914}
{"obj": {"type": "LogStrings", "path": ["monitoring", "f8368471", "stdout"], "values": [{"value": "  Type: <class 'list'>", "step": null, "ts": 1761008316.229196}]}, "version": 723, "at": 1761008316.2292023}
{"obj": {"type": "LogStrings", "path": ["monitoring", "f8368471", "stdout"], "values": [{"value": "\n", "step": null, "ts": 1761008316.2292414}]}, "version": 724, "at": 1761008316.229247}
{"obj": {"type": "LogStrings", "path": ["monitoring", "f8368471", "stdout"], "values": [{"value": "  First few subjects: [[163], [3], [3], [3], [3]]", "step": null, "ts": 1761008316.2292812}]}, "version": 725, "at": 1761008316.229287}
{"obj": {"type": "LogStrings", "path": ["monitoring", "f8368471", "stdout"], "values": [{"value": "\n", "step": null, "ts": 1761008316.2293184}]}, "version": 726, "at": 1761008316.229324}
{"obj": {"type": "LogFloats", "path": ["monitoring", "f8368471", "cpu"], "values": [{"value": 6.9, "step": null, "ts": 1761008316.6896498}]}, "version": 727, "at": 1761008316.6930442}
{"obj": {"type": "LogFloats", "path": ["monitoring", "f8368471", "memory"], "values": [{"value": 9.291385650634766, "step": null, "ts": 1761008316.6896498}]}, "version": 728, "at": 1761008316.6931927}
{"obj": {"type": "LogFloats", "path": ["monitoring", "f8368471", "gpu_memory"], "values": [{"value": 0.404052734375, "step": null, "ts": 1761008316.6896498}]}, "version": 729, "at": 1761008316.6932504}
{"obj": {"type": "LogFloats", "path": ["monitoring", "f8368471", "gpu_power"], "values": [{"value": 33.4, "step": null, "ts": 1761008316.6896498}]}, "version": 730, "at": 1761008316.6933043}
{"obj": {"type": "LogFloats", "path": ["monitoring", "f8368471", "cpu"], "values": [{"value": 1.2, "step": null, "ts": 1761008317.2406049}]}, "version": 731, "at": 1761008317.2421527}
{"obj": {"type": "LogFloats", "path": ["monitoring", "f8368471", "memory"], "values": [{"value": 9.294075012207031, "step": null, "ts": 1761008317.2406049}]}, "version": 732, "at": 1761008317.2422824}
{"obj": {"type": "LogFloats", "path": ["monitoring", "f8368471", "gpu_memory"], "values": [{"value": 0.404052734375, "step": null, "ts": 1761008317.2406049}]}, "version": 733, "at": 1761008317.2423403}
{"obj": {"type": "LogFloats", "path": ["monitoring", "f8368471", "gpu_power"], "values": [{"value": 34.893, "step": null, "ts": 1761008317.2406049}]}, "version": 734, "at": 1761008317.2423902}
{"obj": {"type": "LogFloats", "path": ["monitoring", "f8368471", "cpu"], "values": [{"value": 0.9, "step": null, "ts": 1761008317.6943076}]}, "version": 735, "at": 1761008317.7000334}
{"obj": {"type": "LogFloats", "path": ["monitoring", "f8368471", "memory"], "values": [{"value": 9.30965805053711, "step": null, "ts": 1761008317.6943076}]}, "version": 736, "at": 1761008317.7001576}
{"obj": {"type": "LogFloats", "path": ["monitoring", "f8368471", "gpu_memory"], "values": [{"value": 0.404052734375, "step": null, "ts": 1761008317.6943076}]}, "version": 737, "at": 1761008317.7002137}
{"obj": {"type": "LogFloats", "path": ["monitoring", "f8368471", "gpu_power"], "values": [{"value": 34.084, "step": null, "ts": 1761008317.6943076}]}, "version": 738, "at": 1761008317.7002764}
{"obj": {"type": "LogStrings", "path": ["monitoring", "f8368471", "traceback"], "values": [{"value": "An uncaught exception occurred while run was active on worker olin21024030.", "step": null, "ts": 1761008317.7189567}, {"value": "Marking run as failed", "step": null, "ts": 1761008317.7189567}, {"value": "Traceback:", "step": null, "ts": 1761008317.7189567}, {"value": "  File \"/home/leen2/Documents/BOBCAT/train.py\", line 437, in <module>\n    train_model()\n", "step": null, "ts": 1761008317.7189567}, {"value": "  File \"/home/leen2/Documents/BOBCAT/train.py\", line 299, in train_model\n    _, auc, acc = test_model(id_=idx, split='val')\n", "step": null, "ts": 1761008317.7189567}, {"value": "  File \"/home/leen2/Documents/BOBCAT/train.py\", line 341, in test_model\n    for batch in loader:\n", "step": null, "ts": 1761008317.7189567}, {"value": "  File \"/home/leen2/Documents/BOBCAT/env/lib/python3.10/site-packages/torch/utils/data/dataloader.py\", line 734, in __next__\n    data = self._next_data()\n", "step": null, "ts": 1761008317.7189567}, {"value": "  File \"/home/leen2/Documents/BOBCAT/env/lib/python3.10/site-packages/torch/utils/data/dataloader.py\", line 1492, in _next_data\n    idx, data = self._get_data()\n", "step": null, "ts": 1761008317.7189567}, {"value": "  File \"/home/leen2/Documents/BOBCAT/env/lib/python3.10/site-packages/torch/utils/data/dataloader.py\", line 1454, in _get_data\n    success, data = self._try_get_data()\n", "step": null, "ts": 1761008317.7189567}, {"value": "  File \"/home/leen2/Documents/BOBCAT/env/lib/python3.10/site-packages/torch/utils/data/dataloader.py\", line 1285, in _try_get_data\n    data = self._data_queue.get(timeout=timeout)\n", "step": null, "ts": 1761008317.7189567}]}, "version": 739, "at": 1761008317.7189968}
{"obj": {"type": "LogStrings", "path": ["monitoring", "f8368471", "traceback"], "values": [{"value": "  File \"/usr/lib/python3.10/multiprocessing/queues.py\", line 113, in get\n    if not self._poll(timeout):\n", "step": null, "ts": 1761008317.7189567}, {"value": "  File \"/usr/lib/python3.10/multiprocessing/connection.py\", line 257, in poll\n    return self._poll(timeout)\n", "step": null, "ts": 1761008317.7189567}, {"value": "  File \"/usr/lib/python3.10/multiprocessing/connection.py\", line 424, in _poll\n    r = wait([self], timeout)\n", "step": null, "ts": 1761008317.7189567}, {"value": "  File \"/usr/lib/python3.10/multiprocessing/connection.py\", line 931, in wait\n    ready = selector.select(timeout)\n", "step": null, "ts": 1761008317.7189567}, {"value": "  File \"/usr/lib/python3.10/selectors.py\", line 416, in select\n    fd_event_list = self._selector.poll(timeout)\n", "step": null, "ts": 1761008317.7189567}, {"value": "", "step": null, "ts": 1761008317.7189567}]}, "version": 740, "at": 1761008317.7190566}
{"obj": {"type": "AssignBool", "path": ["sys", "failed"], "value": true}, "version": 741, "at": 1761008317.7191546}
{"obj": {"type": "LogStrings", "path": ["monitoring", "f8368471", "stderr"], "values": [{"value": "Traceback (most recent call last):\n  File \"/home/leen2/Documents/BOBCAT/train.py\", line 437, in <module>\n    train_model()\n  File \"/home/leen2/Documents/BOBCAT/train.py\", line 299, in train_model\n    _, auc, acc = test_model(id_=idx, split='val')\n  File \"/home/leen2/Documents/BOBCAT/train.py\", line 341, in test_model\n    for batch in loader:\n  File \"/home/leen2/Documents/BOBCAT/env/lib/python3.10/site-packages/torch/utils/data/dataloader.py\", line 734, in __next__\n    data = self._next_data()\n  File \"/home/leen2/Documents/BOBCAT/env/lib/python3.10/site-packages/torch/utils/data/dataloader.py\", line 1492, in _next_data\n    idx, data = self._get_data()\n  File \"/home/leen2/Documents/BOBCAT/env/lib/python3.10/site-packages/torch/utils/data/dataloader.py\", line 1454, in _get_data\n    success, data = self._try_get_data()\n  File \"/home/leen2/Documents/BOBCAT/env/lib/python3.10/site-packages/torch/utils/data/dataloader.py\", line 1285, in _try_get_data\n    data = self._data_queue.get(timeout=ti", "step": null, "ts": 1761008317.7199066}]}, "version": 742, "at": 1761008317.720195}
{"obj": {"type": "LogStrings", "path": ["monitoring", "f8368471", "stdout"], "values": [{"value": "[neptune] [warning] Warning: string series 'monitoring/f8368471/stderr' value was longer than 1000 characters and was truncated. This warning is printed only once per series.\n", "step": null, "ts": 1761008317.720384}]}, "version": 743, "at": 1761008317.7204082}
{"obj": {"type": "LogStrings", "path": ["monitoring", "f8368471", "stdout"], "values": [{"value": "[neptune] [info   ] Shutting down background jobs, please wait a moment...\n", "step": null, "ts": 1761008317.721062}]}, "version": 744, "at": 1761008317.7210796}
